Using cpu device
Logging to C:\Users\Haikal\Desktop\Tech Learning\so101-rl-poc\runs\ppo_v3\tb\PPO_1
---------------------------------
| rollout/           |          |
|    ep_len_mean     | 250      |
|    ep_rew_mean     | -62.4    |
|    success_rate    | 0        |
| time/              |          |
|    fps             | 7466     |
|    iterations      | 1        |
|    time_elapsed    | 1        |
|    total_timesteps | 8192     |
---------------------------------
-----------------------------------------
| rollout/                |             |
|    ep_len_mean          | 250         |
|    ep_rew_mean          | -60.3       |
|    success_rate         | 0           |
| time/                   |             |
|    fps                  | 5314        |
|    iterations           | 2           |
|    time_elapsed         | 3           |
|    total_timesteps      | 16384       |
| train/                  |             |
|    approx_kl            | 0.011270499 |
|    clip_fraction        | 0.153       |
|    clip_range           | 0.2         |
|    entropy_loss         | -8.54       |
|    explained_variance   | 0.0184      |
|    learning_rate        | 0.0003      |
|    loss                 | 0.398       |
|    n_updates            | 10          |
|    policy_gradient_loss | -0.013      |
|    std                  | 1.01        |
|    value_loss           | 1.54        |
-----------------------------------------
-----------------------------------------
| rollout/                |             |
|    ep_len_mean          | 250         |
|    ep_rew_mean          | -56.8       |
|    success_rate         | 0           |
| time/                   |             |
|    fps                  | 4864        |
|    iterations           | 3           |
|    time_elapsed         | 5           |
|    total_timesteps      | 24576       |
| train/                  |             |
|    approx_kl            | 0.012843023 |
|    clip_fraction        | 0.178       |
|    clip_range           | 0.2         |
|    entropy_loss         | -8.55       |
|    explained_variance   | 0.435       |
|    learning_rate        | 0.0003      |
|    loss                 | 0.435       |
|    n_updates            | 20          |
|    policy_gradient_loss | -0.0167     |
|    std                  | 1           |
|    value_loss           | 1.22        |
-----------------------------------------
Eval num_timesteps=25000, episode_reward=-31.23 +/- 0.57
Episode length: 250.00 +/- 0.00
Success rate: 0.00%
-----------------------------------------
| eval/                   |             |
|    mean_ep_length       | 250         |
|    mean_reward          | -31.2       |
|    success_rate         | 0           |
| time/                   |             |
|    total_timesteps      | 25000       |
| train/                  |             |
|    approx_kl            | 0.014656104 |
|    clip_fraction        | 0.207       |
|    clip_range           | 0.2         |
|    entropy_loss         | -8.52       |
|    explained_variance   | 0.453       |
|    learning_rate        | 0.0003      |
|    loss                 | 0.237       |
|    n_updates            | 30          |
|    policy_gradient_loss | -0.0214     |
|    std                  | 0.998       |
|    value_loss           | 1.04        |
-----------------------------------------
New best mean reward!
---------------------------------
| rollout/           |          |
|    ep_len_mean     | 250      |
|    ep_rew_mean     | -50.4    |
|    success_rate    | 0        |
| time/              |          |
|    fps             | 4382     |
|    iterations      | 4        |
|    time_elapsed    | 7        |
|    total_timesteps | 32768    |
---------------------------------
-----------------------------------------
| rollout/                |             |
|    ep_len_mean          | 250         |
|    ep_rew_mean          | -43.2       |
|    success_rate         | 0           |
| time/                   |             |
|    fps                  | 4358        |
|    iterations           | 5           |
|    time_elapsed         | 9           |
|    total_timesteps      | 40960       |
| train/                  |             |
|    approx_kl            | 0.016087461 |
|    clip_fraction        | 0.231       |
|    clip_range           | 0.2         |
|    entropy_loss         | -8.48       |
|    explained_variance   | 0.487       |
|    learning_rate        | 0.0003      |
|    loss                 | 0.139       |
|    n_updates            | 40          |
|    policy_gradient_loss | -0.023      |
|    std                  | 0.993       |
|    value_loss           | 0.572       |
-----------------------------------------
-----------------------------------------
| rollout/                |             |
|    ep_len_mean          | 250         |
|    ep_rew_mean          | -36.8       |
|    success_rate         | 0           |
| time/                   |             |
|    fps                  | 4345        |
|    iterations           | 6           |
|    time_elapsed         | 11          |
|    total_timesteps      | 49152       |
| train/                  |             |
|    approx_kl            | 0.018114628 |
|    clip_fraction        | 0.236       |
|    clip_range           | 0.2         |
|    entropy_loss         | -8.46       |
|    explained_variance   | 0.379       |
|    learning_rate        | 0.0003      |
|    loss                 | 0.109       |
|    n_updates            | 50          |
|    policy_gradient_loss | -0.0217     |
|    std                  | 0.991       |
|    value_loss           | 0.397       |
-----------------------------------------
Eval num_timesteps=50000, episode_reward=-20.12 +/- 0.91
Episode length: 250.00 +/- 0.00
Success rate: 0.00%
----------------------------------------
| eval/                   |            |
|    mean_ep_length       | 250        |
|    mean_reward          | -20.1      |
|    success_rate         | 0          |
| time/                   |            |
|    total_timesteps      | 50000      |
| train/                  |            |
|    approx_kl            | 0.01595411 |
|    clip_fraction        | 0.235      |
|    clip_range           | 0.2        |
|    entropy_loss         | -8.47      |
|    explained_variance   | 0.524      |
|    learning_rate        | 0.0003     |
|    loss                 | 0.142      |
|    n_updates            | 60         |
|    policy_gradient_loss | -0.0177    |
|    std                  | 0.993      |
|    value_loss           | 0.467      |
----------------------------------------
New best mean reward!
---------------------------------
| rollout/           |          |
|    ep_len_mean     | 250      |
|    ep_rew_mean     | -31.4    |
|    success_rate    | 0        |
| time/              |          |
|    fps             | 4157     |
|    iterations      | 7        |
|    time_elapsed    | 13       |
|    total_timesteps | 57344    |
---------------------------------
-----------------------------------------
| rollout/                |             |
|    ep_len_mean          | 250         |
|    ep_rew_mean          | -26.3       |
|    success_rate         | 0           |
| time/                   |             |
|    fps                  | 4164        |
|    iterations           | 8           |
|    time_elapsed         | 15          |
|    total_timesteps      | 65536       |
| train/                  |             |
|    approx_kl            | 0.014787351 |
|    clip_fraction        | 0.208       |
|    clip_range           | 0.2         |
|    entropy_loss         | -8.44       |
|    explained_variance   | 0.356       |
|    learning_rate        | 0.0003      |
|    loss                 | 0.159       |
|    n_updates            | 70          |
|    policy_gradient_loss | -0.0148     |
|    std                  | 0.986       |
|    value_loss           | 0.383       |
-----------------------------------------
-----------------------------------------
| rollout/                |             |
|    ep_len_mean          | 250         |
|    ep_rew_mean          | -23.8       |
|    success_rate         | 0           |
| time/                   |             |
|    fps                  | 4167        |
|    iterations           | 9           |
|    time_elapsed         | 17          |
|    total_timesteps      | 73728       |
| train/                  |             |
|    approx_kl            | 0.012937452 |
|    clip_fraction        | 0.167       |
|    clip_range           | 0.2         |
|    entropy_loss         | -8.41       |
|    explained_variance   | 0.45        |
|    learning_rate        | 0.0003      |
|    loss                 | 0.42        |
|    n_updates            | 80          |
|    policy_gradient_loss | -0.00838    |
|    std                  | 0.983       |
|    value_loss           | 0.874       |
-----------------------------------------
Eval num_timesteps=75000, episode_reward=-23.30 +/- 0.29
Episode length: 250.00 +/- 0.00
Success rate: 0.00%
------------------------------------------
| eval/                   |              |
|    mean_ep_length       | 250          |
|    mean_reward          | -23.3        |
|    success_rate         | 0            |
| time/                   |              |
|    total_timesteps      | 75000        |
| train/                  |              |
|    approx_kl            | 0.0116397245 |
|    clip_fraction        | 0.156        |
|    clip_range           | 0.2          |
|    entropy_loss         | -8.41        |
|    explained_variance   | 0.389        |
|    learning_rate        | 0.0003       |
|    loss                 | 0.41         |
|    n_updates            | 90           |
|    policy_gradient_loss | -0.00944     |
|    std                  | 0.982        |
|    value_loss           | 0.806        |
------------------------------------------
---------------------------------
| rollout/           |          |
|    ep_len_mean     | 250      |
|    ep_rew_mean     | -22      |
|    success_rate    | 0        |
| time/              |          |
|    fps             | 4063     |
|    iterations      | 10       |
|    time_elapsed    | 20       |
|    total_timesteps | 81920    |
---------------------------------
------------------------------------------
| rollout/                |              |
|    ep_len_mean          | 250          |
|    ep_rew_mean          | -11.2        |
|    success_rate         | 0.01         |
| time/                   |              |
|    fps                  | 4073         |
|    iterations           | 11           |
|    time_elapsed         | 22           |
|    total_timesteps      | 90112        |
| train/                  |              |
|    approx_kl            | 0.0113747185 |
|    clip_fraction        | 0.166        |
|    clip_range           | 0.2          |
|    entropy_loss         | -8.4         |
|    explained_variance   | 0.412        |
|    learning_rate        | 0.0003       |
|    loss                 | 0.148        |
|    n_updates            | 100          |
|    policy_gradient_loss | -0.00987     |
|    std                  | 0.982        |
|    value_loss           | 0.682        |
------------------------------------------
-----------------------------------------
| rollout/                |             |
|    ep_len_mean          | 250         |
|    ep_rew_mean          | -8.36       |
|    success_rate         | 0.01        |
| time/                   |             |
|    fps                  | 4080        |
|    iterations           | 12          |
|    time_elapsed         | 24          |
|    total_timesteps      | 98304       |
| train/                  |             |
|    approx_kl            | 0.007729062 |
|    clip_fraction        | 0.0949      |
|    clip_range           | 0.2         |
|    entropy_loss         | -8.4        |
|    explained_variance   | 0.00185     |
|    learning_rate        | 0.0003      |
|    loss                 | 1.28e+03    |
|    n_updates            | 110         |
|    policy_gradient_loss | -0.00403    |
|    std                  | 0.983       |
|    value_loss           | 921         |
-----------------------------------------
Eval num_timesteps=100000, episode_reward=-17.89 +/- 7.40
Episode length: 250.00 +/- 0.00
Success rate: 0.00%
-----------------------------------------
| eval/                   |             |
|    mean_ep_length       | 250         |
|    mean_reward          | -17.9       |
|    success_rate         | 0           |
| time/                   |             |
|    total_timesteps      | 100000      |
| train/                  |             |
|    approx_kl            | 0.012211339 |
|    clip_fraction        | 0.148       |
|    clip_range           | 0.2         |
|    entropy_loss         | -8.39       |
|    explained_variance   | 0.186       |
|    learning_rate        | 0.0003      |
|    loss                 | 1.51        |
|    n_updates            | 120         |
|    policy_gradient_loss | -0.0129     |
|    std                  | 0.98        |
|    value_loss           | 3.45        |
-----------------------------------------
New best mean reward!
---------------------------------
| rollout/           |          |
|    ep_len_mean     | 250      |
|    ep_rew_mean     | -7.43    |
|    success_rate    | 0.01     |
| time/              |          |
|    fps             | 3997     |
|    iterations      | 13       |
|    time_elapsed    | 26       |
|    total_timesteps | 106496   |
---------------------------------
-----------------------------------------
| rollout/                |             |
|    ep_len_mean          | 250         |
|    ep_rew_mean          | -17.3       |
|    success_rate         | 0           |
| time/                   |             |
|    fps                  | 4012        |
|    iterations           | 14          |
|    time_elapsed         | 28          |
|    total_timesteps      | 114688      |
| train/                  |             |
|    approx_kl            | 0.014168708 |
|    clip_fraction        | 0.18        |
|    clip_range           | 0.2         |
|    entropy_loss         | -8.39       |
|    explained_variance   | 0.16        |
|    learning_rate        | 0.0003      |
|    loss                 | 0.811       |
|    n_updates            | 130         |
|    policy_gradient_loss | -0.0141     |
|    std                  | 0.979       |
|    value_loss           | 2.26        |
-----------------------------------------
-----------------------------------------
| rollout/                |             |
|    ep_len_mean          | 250         |
|    ep_rew_mean          | -7.82       |
|    success_rate         | 0.01        |
| time/                   |             |
|    fps                  | 4022        |
|    iterations           | 15          |
|    time_elapsed         | 30          |
|    total_timesteps      | 122880      |
| train/                  |             |
|    approx_kl            | 0.014459452 |
|    clip_fraction        | 0.19        |
|    clip_range           | 0.2         |
|    entropy_loss         | -8.38       |
|    explained_variance   | 0.468       |
|    learning_rate        | 0.0003      |
|    loss                 | 0.432       |
|    n_updates            | 140         |
|    policy_gradient_loss | -0.0124     |
|    std                  | 0.978       |
|    value_loss           | 1.27        |
-----------------------------------------
Eval num_timesteps=125000, episode_reward=-12.47 +/- 15.88
Episode length: 250.00 +/- 0.00
Success rate: 0.00%
-----------------------------------------
| eval/                   |             |
|    mean_ep_length       | 250         |
|    mean_reward          | -12.5       |
|    success_rate         | 0           |
| time/                   |             |
|    total_timesteps      | 125000      |
| train/                  |             |
|    approx_kl            | 0.006678385 |
|    clip_fraction        | 0.0952      |
|    clip_range           | 0.2         |
|    entropy_loss         | -8.38       |
|    explained_variance   | 0.0109      |
|    learning_rate        | 0.0003      |
|    loss                 | 129         |
|    n_updates            | 150         |
|    policy_gradient_loss | -0.00221    |
|    std                  | 0.978       |
|    value_loss           | 952         |
-----------------------------------------
New best mean reward!
---------------------------------
| rollout/           |          |
|    ep_len_mean     | 250      |
|    ep_rew_mean     | -6.42    |
|    success_rate    | 0.01     |
| time/              |          |
|    fps             | 3961     |
|    iterations      | 16       |
|    time_elapsed    | 33       |
|    total_timesteps | 131072   |
---------------------------------
-----------------------------------------
| rollout/                |             |
|    ep_len_mean          | 250         |
|    ep_rew_mean          | -4.41       |
|    success_rate         | 0.01        |
| time/                   |             |
|    fps                  | 3971        |
|    iterations           | 17          |
|    time_elapsed         | 35          |
|    total_timesteps      | 139264      |
| train/                  |             |
|    approx_kl            | 0.012364052 |
|    clip_fraction        | 0.132       |
|    clip_range           | 0.2         |
|    entropy_loss         | -8.37       |
|    explained_variance   | 0.471       |
|    learning_rate        | 0.0003      |
|    loss                 | 1.29        |
|    n_updates            | 160         |
|    policy_gradient_loss | -0.00958    |
|    std                  | 0.976       |
|    value_loss           | 3.53        |
-----------------------------------------
-----------------------------------------
| rollout/                |             |
|    ep_len_mean          | 250         |
|    ep_rew_mean          | -12.6       |
|    success_rate         | 0           |
| time/                   |             |
|    fps                  | 3982        |
|    iterations           | 18          |
|    time_elapsed         | 37          |
|    total_timesteps      | 147456      |
| train/                  |             |
|    approx_kl            | 0.012434326 |
|    clip_fraction        | 0.159       |
|    clip_range           | 0.2         |
|    entropy_loss         | -8.36       |
|    explained_variance   | 0.614       |
|    learning_rate        | 0.0003      |
|    loss                 | 0.885       |
|    n_updates            | 170         |
|    policy_gradient_loss | -0.00839    |
|    std                  | 0.975       |
|    value_loss           | 2.03        |
-----------------------------------------
Eval num_timesteps=150000, episode_reward=-9.26 +/- 8.15
Episode length: 250.00 +/- 0.00
Success rate: 0.00%
----------------------------------------
| eval/                   |            |
|    mean_ep_length       | 250        |
|    mean_reward          | -9.26      |
|    success_rate         | 0          |
| time/                   |            |
|    total_timesteps      | 150000     |
| train/                  |            |
|    approx_kl            | 0.01313523 |
|    clip_fraction        | 0.157      |
|    clip_range           | 0.2        |
|    entropy_loss         | -8.35      |
|    explained_variance   | 0.391      |
|    learning_rate        | 0.0003     |
|    loss                 | 1.06       |
|    n_updates            | 180        |
|    policy_gradient_loss | -0.00677   |
|    std                  | 0.974      |
|    value_loss           | 2.55       |
----------------------------------------
New best mean reward!
---------------------------------
| rollout/           |          |
|    ep_len_mean     | 249      |
|    ep_rew_mean     | 5.1      |
|    success_rate    | 0.01     |
| time/              |          |
|    fps             | 3926     |
|    iterations      | 19       |
|    time_elapsed    | 39       |
|    total_timesteps | 155648   |
---------------------------------
-----------------------------------------
| rollout/                |             |
|    ep_len_mean          | 249         |
|    ep_rew_mean          | 6.53        |
|    success_rate         | 0.01        |
| time/                   |             |
|    fps                  | 3937        |
|    iterations           | 20          |
|    time_elapsed         | 41          |
|    total_timesteps      | 163840      |
| train/                  |             |
|    approx_kl            | 0.004417073 |
|    clip_fraction        | 0.0672      |
|    clip_range           | 0.2         |
|    entropy_loss         | -8.35       |
|    explained_variance   | -0.000377   |
|    learning_rate        | 0.0003      |
|    loss                 | 1.07e+03    |
|    n_updates            | 190         |
|    policy_gradient_loss | -0.00308    |
|    std                  | 0.974       |
|    value_loss           | 1.49e+03    |
-----------------------------------------
-----------------------------------------
| rollout/                |             |
|    ep_len_mean          | 247         |
|    ep_rew_mean          | 17.4        |
|    success_rate         | 0.02        |
| time/                   |             |
|    fps                  | 3945        |
|    iterations           | 21          |
|    time_elapsed         | 43          |
|    total_timesteps      | 172032      |
| train/                  |             |
|    approx_kl            | 0.012553139 |
|    clip_fraction        | 0.135       |
|    clip_range           | 0.2         |
|    entropy_loss         | -8.35       |
|    explained_variance   | -0.143      |
|    learning_rate        | 0.0003      |
|    loss                 | 1.57        |
|    n_updates            | 200         |
|    policy_gradient_loss | -0.00945    |
|    std                  | 0.975       |
|    value_loss           | 6.22        |
-----------------------------------------
Eval num_timesteps=175000, episode_reward=-11.96 +/- 17.80
Episode length: 250.00 +/- 0.00
Success rate: 0.00%
-----------------------------------------
| eval/                   |             |
|    mean_ep_length       | 250         |
|    mean_reward          | -12         |
|    success_rate         | 0           |
| time/                   |             |
|    total_timesteps      | 175000      |
| train/                  |             |
|    approx_kl            | 0.006612492 |
|    clip_fraction        | 0.072       |
|    clip_range           | 0.2         |
|    entropy_loss         | -8.35       |
|    explained_variance   | 0.0045      |
|    learning_rate        | 0.0003      |
|    loss                 | 5.28        |
|    n_updates            | 210         |
|    policy_gradient_loss | -0.00342    |
|    std                  | 0.974       |
|    value_loss           | 939         |
-----------------------------------------
---------------------------------
| rollout/           |          |
|    ep_len_mean     | 247      |
|    ep_rew_mean     | 20       |
|    success_rate    | 0.03     |
| time/              |          |
|    fps             | 3903     |
|    iterations      | 22       |
|    time_elapsed    | 46       |
|    total_timesteps | 180224   |
---------------------------------
-----------------------------------------
| rollout/                |             |
|    ep_len_mean          | 247         |
|    ep_rew_mean          | 21.3        |
|    success_rate         | 0.03        |
| time/                   |             |
|    fps                  | 3912        |
|    iterations           | 23          |
|    time_elapsed         | 48          |
|    total_timesteps      | 188416      |
| train/                  |             |
|    approx_kl            | 0.007607378 |
|    clip_fraction        | 0.0486      |
|    clip_range           | 0.2         |
|    entropy_loss         | -8.34       |
|    explained_variance   | 0.0092      |
|    learning_rate        | 0.0003      |
|    loss                 | 64.2        |
|    n_updates            | 220         |
|    policy_gradient_loss | -0.00352    |
|    std                  | 0.974       |
|    value_loss           | 1.84e+03    |
-----------------------------------------
-----------------------------------------
| rollout/                |             |
|    ep_len_mean          | 248         |
|    ep_rew_mean          | 11.5        |
|    success_rate         | 0.02        |
| time/                   |             |
|    fps                  | 3917        |
|    iterations           | 24          |
|    time_elapsed         | 50          |
|    total_timesteps      | 196608      |
| train/                  |             |
|    approx_kl            | 0.009331939 |
|    clip_fraction        | 0.103       |
|    clip_range           | 0.2         |
|    entropy_loss         | -8.34       |
|    explained_variance   | 0.491       |
|    learning_rate        | 0.0003      |
|    loss                 | 3.48        |
|    n_updates            | 230         |
|    policy_gradient_loss | -0.00822    |
|    std                  | 0.973       |
|    value_loss           | 9.53        |
-----------------------------------------
Eval num_timesteps=200000, episode_reward=16.55 +/- 50.24
Episode length: 250.00 +/- 0.00
Success rate: 0.00%
-----------------------------------------
| eval/                   |             |
|    mean_ep_length       | 250         |
|    mean_reward          | 16.6        |
|    success_rate         | 0           |
| time/                   |             |
|    total_timesteps      | 200000      |
| train/                  |             |
|    approx_kl            | 0.013413247 |
|    clip_fraction        | 0.173       |
|    clip_range           | 0.2         |
|    entropy_loss         | -8.33       |
|    explained_variance   | 0.627       |
|    learning_rate        | 0.0003      |
|    loss                 | 1.78        |
|    n_updates            | 240         |
|    policy_gradient_loss | -0.0119     |
|    std                  | 0.97        |
|    value_loss           | 4.65        |
-----------------------------------------
New best mean reward!
---------------------------------
| rollout/           |          |
|    ep_len_mean     | 250      |
|    ep_rew_mean     | -7.66    |
|    success_rate    | 0        |
| time/              |          |
|    fps             | 3856     |
|    iterations      | 25       |
|    time_elapsed    | 53       |
|    total_timesteps | 204800   |
---------------------------------
-----------------------------------------
| rollout/                |             |
|    ep_len_mean          | 250         |
|    ep_rew_mean          | -8.43       |
|    success_rate         | 0           |
| time/                   |             |
|    fps                  | 3849        |
|    iterations           | 26          |
|    time_elapsed         | 55          |
|    total_timesteps      | 212992      |
| train/                  |             |
|    approx_kl            | 0.012211923 |
|    clip_fraction        | 0.153       |
|    clip_range           | 0.2         |
|    entropy_loss         | -8.3        |
|    explained_variance   | 0.612       |
|    learning_rate        | 0.0003      |
|    loss                 | 2.91        |
|    n_updates            | 250         |
|    policy_gradient_loss | -0.0103     |
|    std                  | 0.965       |
|    value_loss           | 5.91        |
-----------------------------------------
-----------------------------------------
| rollout/                |             |
|    ep_len_mean          | 250         |
|    ep_rew_mean          | -4.86       |
|    success_rate         | 0           |
| time/                   |             |
|    fps                  | 3840        |
|    iterations           | 27          |
|    time_elapsed         | 57          |
|    total_timesteps      | 221184      |
| train/                  |             |
|    approx_kl            | 0.015991032 |
|    clip_fraction        | 0.192       |
|    clip_range           | 0.2         |
|    entropy_loss         | -8.28       |
|    explained_variance   | 0.672       |
|    learning_rate        | 0.0003      |
|    loss                 | 1.74        |
|    n_updates            | 260         |
|    policy_gradient_loss | -0.00958    |
|    std                  | 0.962       |
|    value_loss           | 3.84        |
-----------------------------------------
Eval num_timesteps=225000, episode_reward=5.79 +/- 38.84
Episode length: 250.00 +/- 0.00
Success rate: 0.00%
-----------------------------------------
| eval/                   |             |
|    mean_ep_length       | 250         |
|    mean_reward          | 5.79        |
|    success_rate         | 0           |
| time/                   |             |
|    total_timesteps      | 225000      |
| train/                  |             |
|    approx_kl            | 0.013107123 |
|    clip_fraction        | 0.164       |
|    clip_range           | 0.2         |
|    entropy_loss         | -8.27       |
|    explained_variance   | 0.659       |
|    learning_rate        | 0.0003      |
|    loss                 | 1.92        |
|    n_updates            | 270         |
|    policy_gradient_loss | -0.0082     |
|    std                  | 0.962       |
|    value_loss           | 4.82        |
-----------------------------------------
---------------------------------
| rollout/           |          |
|    ep_len_mean     | 250      |
|    ep_rew_mean     | -3.19    |
|    success_rate    | 0        |
| time/              |          |
|    fps             | 3792     |
|    iterations      | 28       |
|    time_elapsed    | 60       |
|    total_timesteps | 229376   |
---------------------------------
-----------------------------------------
| rollout/                |             |
|    ep_len_mean          | 249         |
|    ep_rew_mean          | 7.81        |
|    success_rate         | 0.01        |
| time/                   |             |
|    fps                  | 3784        |
|    iterations           | 29          |
|    time_elapsed         | 62          |
|    total_timesteps      | 237568      |
| train/                  |             |
|    approx_kl            | 0.015861487 |
|    clip_fraction        | 0.182       |
|    clip_range           | 0.2         |
|    entropy_loss         | -8.25       |
|    explained_variance   | 0.508       |
|    learning_rate        | 0.0003      |
|    loss                 | 1.31        |
|    n_updates            | 280         |
|    policy_gradient_loss | -0.0101     |
|    std                  | 0.957       |
|    value_loss           | 3.86        |
-----------------------------------------
------------------------------------------
| rollout/                |              |
|    ep_len_mean          | 247          |
|    ep_rew_mean          | 29.7         |
|    success_rate         | 0.03         |
| time/                   |              |
|    fps                  | 3783         |
|    iterations           | 30           |
|    time_elapsed         | 64           |
|    total_timesteps      | 245760       |
| train/                  |              |
|    approx_kl            | 0.0067713526 |
|    clip_fraction        | 0.0696       |
|    clip_range           | 0.2          |
|    entropy_loss         | -8.23        |
|    explained_variance   | 0.0329       |
|    learning_rate        | 0.0003       |
|    loss                 | 713          |
|    n_updates            | 290          |
|    policy_gradient_loss | -0.00405     |
|    std                  | 0.957        |
|    value_loss           | 875          |
------------------------------------------
Eval num_timesteps=250000, episode_reward=13.62 +/- 48.74
Episode length: 250.00 +/- 0.00
Success rate: 0.00%
-----------------------------------------
| eval/                   |             |
|    mean_ep_length       | 250         |
|    mean_reward          | 13.6        |
|    success_rate         | 0           |
| time/                   |             |
|    total_timesteps      | 250000      |
| train/                  |             |
|    approx_kl            | 0.006524019 |
|    clip_fraction        | 0.0382      |
|    clip_range           | 0.2         |
|    entropy_loss         | -8.24       |
|    explained_variance   | 0.0524      |
|    learning_rate        | 0.0003      |
|    loss                 | 1.55e+03    |
|    n_updates            | 300         |
|    policy_gradient_loss | -0.00366    |
|    std                  | 0.958       |
|    value_loss           | 1.76e+03    |
-----------------------------------------
---------------------------------
| rollout/           |          |
|    ep_len_mean     | 247      |
|    ep_rew_mean     | 41.7     |
|    success_rate    | 0.04     |
| time/              |          |
|    fps             | 3743     |
|    iterations      | 31       |
|    time_elapsed    | 67       |
|    total_timesteps | 253952   |
---------------------------------
----------------------------------------
| rollout/                |            |
|    ep_len_mean          | 247        |
|    ep_rew_mean          | 32.8       |
|    success_rate         | 0.03       |
| time/                   |            |
|    fps                  | 3743       |
|    iterations           | 32         |
|    time_elapsed         | 70         |
|    total_timesteps      | 262144     |
| train/                  |            |
|    approx_kl            | 0.00502673 |
|    clip_fraction        | 0.0235     |
|    clip_range           | 0.2        |
|    entropy_loss         | -8.24      |
|    explained_variance   | 0.0735     |
|    learning_rate        | 0.0003     |
|    loss                 | 569        |
|    n_updates            | 310        |
|    policy_gradient_loss | -0.00324   |
|    std                  | 0.958      |
|    value_loss           | 861        |
----------------------------------------
-----------------------------------------
| rollout/                |             |
|    ep_len_mean          | 248         |
|    ep_rew_mean          | 35.5        |
|    success_rate         | 0.03        |
| time/                   |             |
|    fps                  | 3741        |
|    iterations           | 33          |
|    time_elapsed         | 72          |
|    total_timesteps      | 270336      |
| train/                  |             |
|    approx_kl            | 0.011149401 |
|    clip_fraction        | 0.137       |
|    clip_range           | 0.2         |
|    entropy_loss         | -8.25       |
|    explained_variance   | 0.678       |
|    learning_rate        | 0.0003      |
|    loss                 | 3.81        |
|    n_updates            | 320         |
|    policy_gradient_loss | -0.00756    |
|    std                  | 0.959       |
|    value_loss           | 9.09        |
-----------------------------------------
Eval num_timesteps=275000, episode_reward=96.82 +/- 16.19
Episode length: 250.00 +/- 0.00
Success rate: 0.00%
-----------------------------------------
| eval/                   |             |
|    mean_ep_length       | 250         |
|    mean_reward          | 96.8        |
|    success_rate         | 0           |
| time/                   |             |
|    total_timesteps      | 275000      |
| train/                  |             |
|    approx_kl            | 0.007490515 |
|    clip_fraction        | 0.0758      |
|    clip_range           | 0.2         |
|    entropy_loss         | -8.25       |
|    explained_variance   | 0.0784      |
|    learning_rate        | 0.0003      |
|    loss                 | 1.19e+03    |
|    n_updates            | 330         |
|    policy_gradient_loss | -0.00332    |
|    std                  | 0.959       |
|    value_loss           | 1.74e+03    |
-----------------------------------------
New best mean reward!
---------------------------------
| rollout/           |          |
|    ep_len_mean     | 247      |
|    ep_rew_mean     | 35.5     |
|    success_rate    | 0.03     |
| time/              |          |
|    fps             | 3701     |
|    iterations      | 34       |
|    time_elapsed    | 75       |
|    total_timesteps | 278528   |
---------------------------------
-----------------------------------------
| rollout/                |             |
|    ep_len_mean          | 247         |
|    ep_rew_mean          | 38.1        |
|    success_rate         | 0.03        |
| time/                   |             |
|    fps                  | 3699        |
|    iterations           | 35          |
|    time_elapsed         | 77          |
|    total_timesteps      | 286720      |
| train/                  |             |
|    approx_kl            | 0.008343544 |
|    clip_fraction        | 0.073       |
|    clip_range           | 0.2         |
|    entropy_loss         | -8.25       |
|    explained_variance   | 0.185       |
|    learning_rate        | 0.0003      |
|    loss                 | 66.3        |
|    n_updates            | 340         |
|    policy_gradient_loss | -0.00562    |
|    std                  | 0.96        |
|    value_loss           | 819         |
-----------------------------------------
-----------------------------------------
| rollout/                |             |
|    ep_len_mean          | 249         |
|    ep_rew_mean          | 19.7        |
|    success_rate         | 0.01        |
| time/                   |             |
|    fps                  | 3699        |
|    iterations           | 36          |
|    time_elapsed         | 79          |
|    total_timesteps      | 294912      |
| train/                  |             |
|    approx_kl            | 0.011227968 |
|    clip_fraction        | 0.127       |
|    clip_range           | 0.2         |
|    entropy_loss         | -8.25       |
|    explained_variance   | 0.745       |
|    learning_rate        | 0.0003      |
|    loss                 | 4.84        |
|    n_updates            | 350         |
|    policy_gradient_loss | -0.00698    |
|    std                  | 0.959       |
|    value_loss           | 13.9        |
-----------------------------------------
Eval num_timesteps=300000, episode_reward=-2.70 +/- 5.79
Episode length: 250.00 +/- 0.00
Success rate: 0.00%
-----------------------------------------
| eval/                   |             |
|    mean_ep_length       | 250         |
|    mean_reward          | -2.7        |
|    success_rate         | 0           |
| time/                   |             |
|    total_timesteps      | 300000      |
| train/                  |             |
|    approx_kl            | 0.011148006 |
|    clip_fraction        | 0.147       |
|    clip_range           | 0.2         |
|    entropy_loss         | -8.24       |
|    explained_variance   | 0.792       |
|    learning_rate        | 0.0003      |
|    loss                 | 4.98        |
|    n_updates            | 360         |
|    policy_gradient_loss | -0.00771    |
|    std                  | 0.955       |
|    value_loss           | 11.7        |
-----------------------------------------
---------------------------------
| rollout/           |          |
|    ep_len_mean     | 250      |
|    ep_rew_mean     | 12.2     |
|    success_rate    | 0        |
| time/              |          |
|    fps             | 3672     |
|    iterations      | 37       |
|    time_elapsed    | 82       |
|    total_timesteps | 303104   |
---------------------------------
-----------------------------------------
| rollout/                |             |
|    ep_len_mean          | 250         |
|    ep_rew_mean          | 31.6        |
|    success_rate         | 0.01        |
| time/                   |             |
|    fps                  | 3672        |
|    iterations           | 38          |
|    time_elapsed         | 84          |
|    total_timesteps      | 311296      |
| train/                  |             |
|    approx_kl            | 0.014485947 |
|    clip_fraction        | 0.175       |
|    clip_range           | 0.2         |
|    entropy_loss         | -8.21       |
|    explained_variance   | 0.813       |
|    learning_rate        | 0.0003      |
|    loss                 | 3.52        |
|    n_updates            | 370         |
|    policy_gradient_loss | -0.00823    |
|    std                  | 0.951       |
|    value_loss           | 10.8        |
-----------------------------------------
------------------------------------------
| rollout/                |              |
|    ep_len_mean          | 250          |
|    ep_rew_mean          | 33           |
|    success_rate         | 0.01         |
| time/                   |              |
|    fps                  | 3672         |
|    iterations           | 39           |
|    time_elapsed         | 86           |
|    total_timesteps      | 319488       |
| train/                  |              |
|    approx_kl            | 0.0050228313 |
|    clip_fraction        | 0.0557       |
|    clip_range           | 0.2          |
|    entropy_loss         | -8.19        |
|    explained_variance   | 0.063        |
|    learning_rate        | 0.0003       |
|    loss                 | 17.4         |
|    n_updates            | 380          |
|    policy_gradient_loss | -0.00429     |
|    std                  | 0.95         |
|    value_loss           | 2e+03        |
------------------------------------------
Eval num_timesteps=325000, episode_reward=107.35 +/- 60.62
Episode length: 250.00 +/- 0.00
Success rate: 0.00%
-----------------------------------------
| eval/                   |             |
|    mean_ep_length       | 250         |
|    mean_reward          | 107         |
|    success_rate         | 0           |
| time/                   |             |
|    total_timesteps      | 325000      |
| train/                  |             |
|    approx_kl            | 0.011330659 |
|    clip_fraction        | 0.128       |
|    clip_range           | 0.2         |
|    entropy_loss         | -8.18       |
|    explained_variance   | 0.49        |
|    learning_rate        | 0.0003      |
|    loss                 | 47          |
|    n_updates            | 390         |
|    policy_gradient_loss | -0.00719    |
|    std                  | 0.946       |
|    value_loss           | 68.8        |
-----------------------------------------
New best mean reward!
---------------------------------
| rollout/           |          |
|    ep_len_mean     | 249      |
|    ep_rew_mean     | 44.6     |
|    success_rate    | 0.02     |
| time/              |          |
|    fps             | 3643     |
|    iterations      | 40       |
|    time_elapsed    | 89       |
|    total_timesteps | 327680   |
---------------------------------
-----------------------------------------
| rollout/                |             |
|    ep_len_mean          | 248         |
|    ep_rew_mean          | 38.9        |
|    success_rate         | 0.02        |
| time/                   |             |
|    fps                  | 3643        |
|    iterations           | 41          |
|    time_elapsed         | 92          |
|    total_timesteps      | 335872      |
| train/                  |             |
|    approx_kl            | 0.008471214 |
|    clip_fraction        | 0.101       |
|    clip_range           | 0.2         |
|    entropy_loss         | -8.16       |
|    explained_variance   | 0.221       |
|    learning_rate        | 0.0003      |
|    loss                 | 486         |
|    n_updates            | 400         |
|    policy_gradient_loss | -0.00445    |
|    std                  | 0.945       |
|    value_loss           | 748         |
-----------------------------------------
------------------------------------------
| rollout/                |              |
|    ep_len_mean          | 247          |
|    ep_rew_mean          | 45.2         |
|    success_rate         | 0.03         |
| time/                   |              |
|    fps                  | 3644         |
|    iterations           | 42           |
|    time_elapsed         | 94           |
|    total_timesteps      | 344064       |
| train/                  |              |
|    approx_kl            | 0.0058627985 |
|    clip_fraction        | 0.0442       |
|    clip_range           | 0.2          |
|    entropy_loss         | -8.16        |
|    explained_variance   | 0.0857       |
|    learning_rate        | 0.0003       |
|    loss                 | 1.1e+03      |
|    n_updates            | 410          |
|    policy_gradient_loss | -0.00256     |
|    std                  | 0.946        |
|    value_loss           | 819          |
------------------------------------------
Eval num_timesteps=350000, episode_reward=12.79 +/- 17.49
Episode length: 250.00 +/- 0.00
Success rate: 0.00%
------------------------------------------
| eval/                   |              |
|    mean_ep_length       | 250          |
|    mean_reward          | 12.8         |
|    success_rate         | 0            |
| time/                   |              |
|    total_timesteps      | 350000       |
| train/                  |              |
|    approx_kl            | 0.0068380698 |
|    clip_fraction        | 0.0701       |
|    clip_range           | 0.2          |
|    entropy_loss         | -8.17        |
|    explained_variance   | 0.373        |
|    learning_rate        | 0.0003       |
|    loss                 | 916          |
|    n_updates            | 420          |
|    policy_gradient_loss | -0.00444     |
|    std                  | 0.947        |
|    value_loss           | 747          |
------------------------------------------
---------------------------------
| rollout/           |          |
|    ep_len_mean     | 248      |
|    ep_rew_mean     | 32.7     |
|    success_rate    | 0.02     |
| time/              |          |
|    fps             | 3620     |
|    iterations      | 43       |
|    time_elapsed    | 97       |
|    total_timesteps | 352256   |
---------------------------------
-----------------------------------------
| rollout/                |             |
|    ep_len_mean          | 249         |
|    ep_rew_mean          | 20.9        |
|    success_rate         | 0.01        |
| time/                   |             |
|    fps                  | 3620        |
|    iterations           | 44          |
|    time_elapsed         | 99          |
|    total_timesteps      | 360448      |
| train/                  |             |
|    approx_kl            | 0.016086994 |
|    clip_fraction        | 0.177       |
|    clip_range           | 0.2         |
|    entropy_loss         | -8.17       |
|    explained_variance   | 0.734       |
|    learning_rate        | 0.0003      |
|    loss                 | 8.65        |
|    n_updates            | 430         |
|    policy_gradient_loss | -0.0056     |
|    std                  | 0.947       |
|    value_loss           | 21.4        |
-----------------------------------------
-----------------------------------------
| rollout/                |             |
|    ep_len_mean          | 250         |
|    ep_rew_mean          | 11.4        |
|    success_rate         | 0           |
| time/                   |             |
|    fps                  | 3623        |
|    iterations           | 45          |
|    time_elapsed         | 101         |
|    total_timesteps      | 368640      |
| train/                  |             |
|    approx_kl            | 0.012043609 |
|    clip_fraction        | 0.191       |
|    clip_range           | 0.2         |
|    entropy_loss         | -8.18       |
|    explained_variance   | 0.86        |
|    learning_rate        | 0.0003      |
|    loss                 | 3.52        |
|    n_updates            | 440         |
|    policy_gradient_loss | -0.00426    |
|    std                  | 0.948       |
|    value_loss           | 10.9        |
-----------------------------------------
Eval num_timesteps=375000, episode_reward=57.70 +/- 36.02
Episode length: 250.00 +/- 0.00
Success rate: 0.00%
-----------------------------------------
| eval/                   |             |
|    mean_ep_length       | 250         |
|    mean_reward          | 57.7        |
|    success_rate         | 0           |
| time/                   |             |
|    total_timesteps      | 375000      |
| train/                  |             |
|    approx_kl            | 0.019676387 |
|    clip_fraction        | 0.191       |
|    clip_range           | 0.2         |
|    entropy_loss         | -8.19       |
|    explained_variance   | 0.785       |
|    learning_rate        | 0.0003      |
|    loss                 | 3.79        |
|    n_updates            | 450         |
|    policy_gradient_loss | -0.00643    |
|    std                  | 0.95        |
|    value_loss           | 9.2         |
-----------------------------------------
---------------------------------
| rollout/           |          |
|    ep_len_mean     | 250      |
|    ep_rew_mean     | 13       |
|    success_rate    | 0        |
| time/              |          |
|    fps             | 3602     |
|    iterations      | 46       |
|    time_elapsed    | 104      |
|    total_timesteps | 376832   |
---------------------------------
-----------------------------------------
| rollout/                |             |
|    ep_len_mean          | 250         |
|    ep_rew_mean          | 28.2        |
|    success_rate         | 0.01        |
| time/                   |             |
|    fps                  | 3604        |
|    iterations           | 47          |
|    time_elapsed         | 106         |
|    total_timesteps      | 385024      |
| train/                  |             |
|    approx_kl            | 0.011213676 |
|    clip_fraction        | 0.127       |
|    clip_range           | 0.2         |
|    entropy_loss         | -8.2        |
|    explained_variance   | 0.346       |
|    learning_rate        | 0.0003      |
|    loss                 | 6.34        |
|    n_updates            | 460         |
|    policy_gradient_loss | -0.00409    |
|    std                  | 0.952       |
|    value_loss           | 145         |
-----------------------------------------
-----------------------------------------
| rollout/                |             |
|    ep_len_mean          | 249         |
|    ep_rew_mean          | 40.6        |
|    success_rate         | 0.02        |
| time/                   |             |
|    fps                  | 3605        |
|    iterations           | 48          |
|    time_elapsed         | 109         |
|    total_timesteps      | 393216      |
| train/                  |             |
|    approx_kl            | 0.008478909 |
|    clip_fraction        | 0.0813      |
|    clip_range           | 0.2         |
|    entropy_loss         | -8.2        |
|    explained_variance   | 0.11        |
|    learning_rate        | 0.0003      |
|    loss                 | 14.2        |
|    n_updates            | 470         |
|    policy_gradient_loss | -0.00293    |
|    std                  | 0.952       |
|    value_loss           | 984         |
-----------------------------------------
Eval num_timesteps=400000, episode_reward=-3.73 +/- 21.36
Episode length: 250.00 +/- 0.00
Success rate: 0.00%
-----------------------------------------
| eval/                   |             |
|    mean_ep_length       | 250         |
|    mean_reward          | -3.73       |
|    success_rate         | 0           |
| time/                   |             |
|    total_timesteps      | 400000      |
| train/                  |             |
|    approx_kl            | 0.009931781 |
|    clip_fraction        | 0.0941      |
|    clip_range           | 0.2         |
|    entropy_loss         | -8.19       |
|    explained_variance   | 0.266       |
|    learning_rate        | 0.0003      |
|    loss                 | 357         |
|    n_updates            | 480         |
|    policy_gradient_loss | -0.00365    |
|    std                  | 0.947       |
|    value_loss           | 650         |
-----------------------------------------
---------------------------------
| rollout/           |          |
|    ep_len_mean     | 247      |
|    ep_rew_mean     | 67.3     |
|    success_rate    | 0.04     |
| time/              |          |
|    fps             | 3586     |
|    iterations      | 49       |
|    time_elapsed    | 111      |
|    total_timesteps | 401408   |
---------------------------------
-----------------------------------------
| rollout/                |             |
|    ep_len_mean          | 247         |
|    ep_rew_mean          | 51.7        |
|    success_rate         | 0.03        |
| time/                   |             |
|    fps                  | 3588        |
|    iterations           | 50          |
|    time_elapsed         | 114         |
|    total_timesteps      | 409600      |
| train/                  |             |
|    approx_kl            | 0.006894638 |
|    clip_fraction        | 0.0519      |
|    clip_range           | 0.2         |
|    entropy_loss         | -8.18       |
|    explained_variance   | 0.231       |
|    learning_rate        | 0.0003      |
|    loss                 | 1.55e+03    |
|    n_updates            | 490         |
|    policy_gradient_loss | -0.0049     |
|    std                  | 0.947       |
|    value_loss           | 1.65e+03    |
-----------------------------------------
-----------------------------------------
| rollout/                |             |
|    ep_len_mean          | 244         |
|    ep_rew_mean          | 63.8        |
|    success_rate         | 0.04        |
| time/                   |             |
|    fps                  | 3589        |
|    iterations           | 51          |
|    time_elapsed         | 116         |
|    total_timesteps      | 417792      |
| train/                  |             |
|    approx_kl            | 0.010784323 |
|    clip_fraction        | 0.109       |
|    clip_range           | 0.2         |
|    entropy_loss         | -8.17       |
|    explained_variance   | 0.866       |
|    learning_rate        | 0.0003      |
|    loss                 | 23.7        |
|    n_updates            | 500         |
|    policy_gradient_loss | -0.00584    |
|    std                  | 0.943       |
|    value_loss           | 36.2        |
-----------------------------------------
Eval num_timesteps=425000, episode_reward=198.45 +/- 25.11
Episode length: 250.00 +/- 0.00
Success rate: 0.00%
-----------------------------------------
| eval/                   |             |
|    mean_ep_length       | 250         |
|    mean_reward          | 198         |
|    success_rate         | 0           |
| time/                   |             |
|    total_timesteps      | 425000      |
| train/                  |             |
|    approx_kl            | 0.007797133 |
|    clip_fraction        | 0.0757      |
|    clip_range           | 0.2         |
|    entropy_loss         | -8.15       |
|    explained_variance   | 0.231       |
|    learning_rate        | 0.0003      |
|    loss                 | 266         |
|    n_updates            | 510         |
|    policy_gradient_loss | -0.0037     |
|    std                  | 0.943       |
|    value_loss           | 1.46e+03    |
-----------------------------------------
New best mean reward!
---------------------------------
| rollout/           |          |
|    ep_len_mean     | 246      |
|    ep_rew_mean     | 59       |
|    success_rate    | 0.04     |
| time/              |          |
|    fps             | 3571     |
|    iterations      | 52       |
|    time_elapsed    | 119      |
|    total_timesteps | 425984   |
---------------------------------
------------------------------------------
| rollout/                |              |
|    ep_len_mean          | 244          |
|    ep_rew_mean          | 71.5         |
|    success_rate         | 0.05         |
| time/                   |              |
|    fps                  | 3573         |
|    iterations           | 53           |
|    time_elapsed         | 121          |
|    total_timesteps      | 434176       |
| train/                  |              |
|    approx_kl            | 0.0076843835 |
|    clip_fraction        | 0.0644       |
|    clip_range           | 0.2          |
|    entropy_loss         | -8.15        |
|    explained_variance   | 0.234        |
|    learning_rate        | 0.0003       |
|    loss                 | 372          |
|    n_updates            | 520          |
|    policy_gradient_loss | -0.00437     |
|    std                  | 0.942        |
|    value_loss           | 1.51e+03     |
------------------------------------------
-----------------------------------------
| rollout/                |             |
|    ep_len_mean          | 248         |
|    ep_rew_mean          | 46.5        |
|    success_rate         | 0.03        |
| time/                   |             |
|    fps                  | 3574        |
|    iterations           | 54          |
|    time_elapsed         | 123         |
|    total_timesteps      | 442368      |
| train/                  |             |
|    approx_kl            | 0.010530734 |
|    clip_fraction        | 0.123       |
|    clip_range           | 0.2         |
|    entropy_loss         | -8.14       |
|    explained_variance   | 0.216       |
|    learning_rate        | 0.0003      |
|    loss                 | 730         |
|    n_updates            | 530         |
|    policy_gradient_loss | -0.00602    |
|    std                  | 0.94        |
|    value_loss           | 814         |
-----------------------------------------
Eval num_timesteps=450000, episode_reward=64.46 +/- 94.13
Episode length: 250.00 +/- 0.00
Success rate: 0.00%
-----------------------------------------
| eval/                   |             |
|    mean_ep_length       | 250         |
|    mean_reward          | 64.5        |
|    success_rate         | 0           |
| time/                   |             |
|    total_timesteps      | 450000      |
| train/                  |             |
|    approx_kl            | 0.017274652 |
|    clip_fraction        | 0.193       |
|    clip_range           | 0.2         |
|    entropy_loss         | -8.15       |
|    explained_variance   | 0.698       |
|    learning_rate        | 0.0003      |
|    loss                 | 7.02        |
|    n_updates            | 540         |
|    policy_gradient_loss | -0.00612    |
|    std                  | 0.946       |
|    value_loss           | 29.4        |
-----------------------------------------
---------------------------------
| rollout/           |          |
|    ep_len_mean     | 248      |
|    ep_rew_mean     | 26.8     |
|    success_rate    | 0.01     |
| time/              |          |
|    fps             | 3558     |
|    iterations      | 55       |
|    time_elapsed    | 126      |
|    total_timesteps | 450560   |
---------------------------------
-----------------------------------------
| rollout/                |             |
|    ep_len_mean          | 250         |
|    ep_rew_mean          | 27.9        |
|    success_rate         | 0.01        |
| time/                   |             |
|    fps                  | 3559        |
|    iterations           | 56          |
|    time_elapsed         | 128         |
|    total_timesteps      | 458752      |
| train/                  |             |
|    approx_kl            | 0.016186014 |
|    clip_fraction        | 0.212       |
|    clip_range           | 0.2         |
|    entropy_loss         | -8.16       |
|    explained_variance   | 0.843       |
|    learning_rate        | 0.0003      |
|    loss                 | 6.61        |
|    n_updates            | 550         |
|    policy_gradient_loss | -0.00724    |
|    std                  | 0.943       |
|    value_loss           | 17.2        |
-----------------------------------------
------------------------------------------
| rollout/                |              |
|    ep_len_mean          | 247          |
|    ep_rew_mean          | 58.9         |
|    success_rate         | 0.03         |
| time/                   |              |
|    fps                  | 3559         |
|    iterations           | 57           |
|    time_elapsed         | 131          |
|    total_timesteps      | 466944       |
| train/                  |              |
|    approx_kl            | 0.0072513893 |
|    clip_fraction        | 0.0994       |
|    clip_range           | 0.2          |
|    entropy_loss         | -8.15        |
|    explained_variance   | 0.282        |
|    learning_rate        | 0.0003       |
|    loss                 | 500          |
|    n_updates            | 560          |
|    policy_gradient_loss | -0.00405     |
|    std                  | 0.943        |
|    value_loss           | 751          |
------------------------------------------
Eval num_timesteps=475000, episode_reward=211.62 +/- 0.55
Episode length: 250.00 +/- 0.00
Success rate: 0.00%
------------------------------------------
| eval/                   |              |
|    mean_ep_length       | 250          |
|    mean_reward          | 212          |
|    success_rate         | 0            |
| time/                   |              |
|    total_timesteps      | 475000       |
| train/                  |              |
|    approx_kl            | 0.0081815785 |
|    clip_fraction        | 0.0706       |
|    clip_range           | 0.2          |
|    entropy_loss         | -8.15        |
|    explained_variance   | 0.252        |
|    learning_rate        | 0.0003       |
|    loss                 | 370          |
|    n_updates            | 570          |
|    policy_gradient_loss | -0.0053      |
|    std                  | 0.942        |
|    value_loss           | 1.39e+03     |
------------------------------------------
New best mean reward!
---------------------------------
| rollout/           |          |
|    ep_len_mean     | 247      |
|    ep_rew_mean     | 63.2     |
|    success_rate    | 0.03     |
| time/              |          |
|    fps             | 3544     |
|    iterations      | 58       |
|    time_elapsed    | 134      |
|    total_timesteps | 475136   |
---------------------------------
-----------------------------------------
| rollout/                |             |
|    ep_len_mean          | 244         |
|    ep_rew_mean          | 81.3        |
|    success_rate         | 0.05        |
| time/                   |             |
|    fps                  | 3546        |
|    iterations           | 59          |
|    time_elapsed         | 136         |
|    total_timesteps      | 483328      |
| train/                  |             |
|    approx_kl            | 0.014573278 |
|    clip_fraction        | 0.155       |
|    clip_range           | 0.2         |
|    entropy_loss         | -8.13       |
|    explained_variance   | 0.856       |
|    learning_rate        | 0.0003      |
|    loss                 | 7.88        |
|    n_updates            | 580         |
|    policy_gradient_loss | -0.00552    |
|    std                  | 0.937       |
|    value_loss           | 29.4        |
-----------------------------------------
------------------------------------------
| rollout/                |              |
|    ep_len_mean          | 245          |
|    ep_rew_mean          | 66.9         |
|    success_rate         | 0.04         |
| time/                   |              |
|    fps                  | 3546         |
|    iterations           | 60           |
|    time_elapsed         | 138          |
|    total_timesteps      | 491520       |
| train/                  |              |
|    approx_kl            | 0.0057711685 |
|    clip_fraction        | 0.0786       |
|    clip_range           | 0.2          |
|    entropy_loss         | -8.12        |
|    explained_variance   | 0.232        |
|    learning_rate        | 0.0003       |
|    loss                 | 1.26e+03     |
|    n_updates            | 590          |
|    policy_gradient_loss | -0.00461     |
|    std                  | 0.937        |
|    value_loss           | 2.02e+03     |
------------------------------------------
---------------------------------------
| rollout/                |           |
|    ep_len_mean          | 244       |
|    ep_rew_mean          | 85.2      |
|    success_rate         | 0.06      |
| time/                   |           |
|    fps                  | 3548      |
|    iterations           | 61        |
|    time_elapsed         | 140       |
|    total_timesteps      | 499712    |
| train/                  |           |
|    approx_kl            | 0.0072662 |
|    clip_fraction        | 0.0546    |
|    clip_range           | 0.2       |
|    entropy_loss         | -8.12     |
|    explained_variance   | 0.561     |
|    learning_rate        | 0.0003    |
|    loss                 | 35.3      |
|    n_updates            | 600       |
|    policy_gradient_loss | -0.00377  |
|    std                  | 0.938     |
|    value_loss           | 710       |
---------------------------------------
Eval num_timesteps=500000, episode_reward=177.03 +/- 45.03
Episode length: 250.00 +/- 0.00
Success rate: 0.00%
-----------------------------------------
| eval/                   |             |
|    mean_ep_length       | 250         |
|    mean_reward          | 177         |
|    success_rate         | 0           |
| time/                   |             |
|    total_timesteps      | 500000      |
| train/                  |             |
|    approx_kl            | 0.008747144 |
|    clip_fraction        | 0.0818      |
|    clip_range           | 0.2         |
|    entropy_loss         | -8.12       |
|    explained_variance   | 0.551       |
|    learning_rate        | 0.0003      |
|    loss                 | 121         |
|    n_updates            | 610         |
|    policy_gradient_loss | -0.00469    |
|    std                  | 0.938       |
|    value_loss           | 1.17e+03    |
-----------------------------------------
---------------------------------
| rollout/           |          |
|    ep_len_mean     | 244      |
|    ep_rew_mean     | 88.9     |
|    success_rate    | 0.05     |
| time/              |          |
|    fps             | 3532     |
|    iterations      | 62       |
|    time_elapsed    | 143      |
|    total_timesteps | 507904   |
---------------------------------
-----------------------------------------
| rollout/                |             |
|    ep_len_mean          | 245         |
|    ep_rew_mean          | 76.4        |
|    success_rate         | 0.04        |
| time/                   |             |
|    fps                  | 3533        |
|    iterations           | 63          |
|    time_elapsed         | 146         |
|    total_timesteps      | 516096      |
| train/                  |             |
|    approx_kl            | 0.005506798 |
|    clip_fraction        | 0.0414      |
|    clip_range           | 0.2         |
|    entropy_loss         | -8.12       |
|    explained_variance   | 0.504       |
|    learning_rate        | 0.0003      |
|    loss                 | 947         |
|    n_updates            | 620         |
|    policy_gradient_loss | -0.0058     |
|    std                  | 0.938       |
|    value_loss           | 1.92e+03    |
-----------------------------------------
-----------------------------------------
| rollout/                |             |
|    ep_len_mean          | 243         |
|    ep_rew_mean          | 94.9        |
|    success_rate         | 0.05        |
| time/                   |             |
|    fps                  | 3535        |
|    iterations           | 64          |
|    time_elapsed         | 148         |
|    total_timesteps      | 524288      |
| train/                  |             |
|    approx_kl            | 0.014182996 |
|    clip_fraction        | 0.173       |
|    clip_range           | 0.2         |
|    entropy_loss         | -8.1        |
|    explained_variance   | 0.771       |
|    learning_rate        | 0.0003      |
|    loss                 | 14.8        |
|    n_updates            | 630         |
|    policy_gradient_loss | -0.00801    |
|    std                  | 0.934       |
|    value_loss           | 41.9        |
-----------------------------------------
Eval num_timesteps=525000, episode_reward=207.28 +/- 9.31
Episode length: 250.00 +/- 0.00
Success rate: 0.00%
------------------------------------------
| eval/                   |              |
|    mean_ep_length       | 250          |
|    mean_reward          | 207          |
|    success_rate         | 0            |
| time/                   |              |
|    total_timesteps      | 525000       |
| train/                  |              |
|    approx_kl            | 0.0070038536 |
|    clip_fraction        | 0.0709       |
|    clip_range           | 0.2          |
|    entropy_loss         | -8.09        |
|    explained_variance   | 0.49         |
|    learning_rate        | 0.0003       |
|    loss                 | 968          |
|    n_updates            | 640          |
|    policy_gradient_loss | -0.00447     |
|    std                  | 0.934        |
|    value_loss           | 2.07e+03     |
------------------------------------------
---------------------------------
| rollout/           |          |
|    ep_len_mean     | 244      |
|    ep_rew_mean     | 88.9     |
|    success_rate    | 0.05     |
| time/              |          |
|    fps             | 3519     |
|    iterations      | 65       |
|    time_elapsed    | 151      |
|    total_timesteps | 532480   |
---------------------------------
----------------------------------------
| rollout/                |            |
|    ep_len_mean          | 242        |
|    ep_rew_mean          | 107        |
|    success_rate         | 0.07       |
| time/                   |            |
|    fps                  | 3520       |
|    iterations           | 66         |
|    time_elapsed         | 153        |
|    total_timesteps      | 540672     |
| train/                  |            |
|    approx_kl            | 0.00623859 |
|    clip_fraction        | 0.0441     |
|    clip_range           | 0.2        |
|    entropy_loss         | -8.09      |
|    explained_variance   | 0.375      |
|    learning_rate        | 0.0003     |
|    loss                 | 431        |
|    n_updates            | 650        |
|    policy_gradient_loss | -0.00525   |
|    std                  | 0.933      |
|    value_loss           | 1.55e+03   |
----------------------------------------
----------------------------------------
| rollout/                |            |
|    ep_len_mean          | 244        |
|    ep_rew_mean          | 80.7       |
|    success_rate         | 0.05       |
| time/                   |            |
|    fps                  | 3520       |
|    iterations           | 67         |
|    time_elapsed         | 155        |
|    total_timesteps      | 548864     |
| train/                  |            |
|    approx_kl            | 0.00632231 |
|    clip_fraction        | 0.0516     |
|    clip_range           | 0.2        |
|    entropy_loss         | -8.08      |
|    explained_variance   | 0.318      |
|    learning_rate        | 0.0003     |
|    loss                 | 1.81e+03   |
|    n_updates            | 660        |
|    policy_gradient_loss | -0.00476   |
|    std                  | 0.932      |
|    value_loss           | 1.49e+03   |
----------------------------------------
Eval num_timesteps=550000, episode_reward=176.07 +/- 33.04
Episode length: 250.00 +/- 0.00
Success rate: 0.00%
-----------------------------------------
| eval/                   |             |
|    mean_ep_length       | 250         |
|    mean_reward          | 176         |
|    success_rate         | 0           |
| time/                   |             |
|    total_timesteps      | 550000      |
| train/                  |             |
|    approx_kl            | 0.012590841 |
|    clip_fraction        | 0.115       |
|    clip_range           | 0.2         |
|    entropy_loss         | -8.08       |
|    explained_variance   | 0.626       |
|    learning_rate        | 0.0003      |
|    loss                 | 227         |
|    n_updates            | 670         |
|    policy_gradient_loss | -0.005      |
|    std                  | 0.93        |
|    value_loss           | 674         |
-----------------------------------------
---------------------------------
| rollout/           |          |
|    ep_len_mean     | 239      |
|    ep_rew_mean     | 121      |
|    success_rate    | 0.1      |
| time/              |          |
|    fps             | 3507     |
|    iterations      | 68       |
|    time_elapsed    | 158      |
|    total_timesteps | 557056   |
---------------------------------
-----------------------------------------
| rollout/                |             |
|    ep_len_mean          | 234         |
|    ep_rew_mean          | 173         |
|    success_rate         | 0.15        |
| time/                   |             |
|    fps                  | 3508        |
|    iterations           | 69          |
|    time_elapsed         | 161         |
|    total_timesteps      | 565248      |
| train/                  |             |
|    approx_kl            | 0.005538208 |
|    clip_fraction        | 0.0395      |
|    clip_range           | 0.2         |
|    entropy_loss         | -8.07       |
|    explained_variance   | 0.201       |
|    learning_rate        | 0.0003      |
|    loss                 | 2.94e+03    |
|    n_updates            | 680         |
|    policy_gradient_loss | -0.00433    |
|    std                  | 0.929       |
|    value_loss           | 4.34e+03    |
-----------------------------------------
----------------------------------------
| rollout/                |            |
|    ep_len_mean          | 235        |
|    ep_rew_mean          | 171        |
|    success_rate         | 0.14       |
| time/                   |            |
|    fps                  | 3509       |
|    iterations           | 70         |
|    time_elapsed         | 163        |
|    total_timesteps      | 573440     |
| train/                  |            |
|    approx_kl            | 0.00678073 |
|    clip_fraction        | 0.0385     |
|    clip_range           | 0.2        |
|    entropy_loss         | -8.06      |
|    explained_variance   | 0.333      |
|    learning_rate        | 0.0003     |
|    loss                 | 3.78e+03   |
|    n_updates            | 690        |
|    policy_gradient_loss | -0.00541   |
|    std                  | 0.929      |
|    value_loss           | 4.68e+03   |
----------------------------------------
Eval num_timesteps=575000, episode_reward=177.39 +/- 35.88
Episode length: 250.00 +/- 0.00
Success rate: 0.00%
-----------------------------------------
| eval/                   |             |
|    mean_ep_length       | 250         |
|    mean_reward          | 177         |
|    success_rate         | 0           |
| time/                   |             |
|    total_timesteps      | 575000      |
| train/                  |             |
|    approx_kl            | 0.008793943 |
|    clip_fraction        | 0.101       |
|    clip_range           | 0.2         |
|    entropy_loss         | -8.06       |
|    explained_variance   | 0.681       |
|    learning_rate        | 0.0003      |
|    loss                 | 63.6        |
|    n_updates            | 700         |
|    policy_gradient_loss | -0.00526    |
|    std                  | 0.93        |
|    value_loss           | 710         |
-----------------------------------------
---------------------------------
| rollout/           |          |
|    ep_len_mean     | 241      |
|    ep_rew_mean     | 135      |
|    success_rate    | 0.09     |
| time/              |          |
|    fps             | 3496     |
|    iterations      | 71       |
|    time_elapsed    | 166      |
|    total_timesteps | 581632   |
---------------------------------
------------------------------------------
| rollout/                |              |
|    ep_len_mean          | 247          |
|    ep_rew_mean          | 80.4         |
|    success_rate         | 0.03         |
| time/                   |              |
|    fps                  | 3497         |
|    iterations           | 72           |
|    time_elapsed         | 168          |
|    total_timesteps      | 589824       |
| train/                  |              |
|    approx_kl            | 0.0080723865 |
|    clip_fraction        | 0.0822       |
|    clip_range           | 0.2          |
|    entropy_loss         | -8.07        |
|    explained_variance   | 0.574        |
|    learning_rate        | 0.0003       |
|    loss                 | 1.47e+03     |
|    n_updates            | 710          |
|    policy_gradient_loss | -0.0062      |
|    std                  | 0.932        |
|    value_loss           | 2e+03        |
------------------------------------------
----------------------------------------
| rollout/                |            |
|    ep_len_mean          | 244        |
|    ep_rew_mean          | 88.7       |
|    success_rate         | 0.05       |
| time/                   |            |
|    fps                  | 3498       |
|    iterations           | 73         |
|    time_elapsed         | 170        |
|    total_timesteps      | 598016     |
| train/                  |            |
|    approx_kl            | 0.01322023 |
|    clip_fraction        | 0.151      |
|    clip_range           | 0.2        |
|    entropy_loss         | -8.09      |
|    explained_variance   | 0.695      |
|    learning_rate        | 0.0003     |
|    loss                 | 35         |
|    n_updates            | 720        |
|    policy_gradient_loss | -0.00614   |
|    std                  | 0.933      |
|    value_loss           | 593        |
----------------------------------------
Eval num_timesteps=600000, episode_reward=146.59 +/- 84.92
Episode length: 250.00 +/- 0.00
Success rate: 0.00%
-----------------------------------------
| eval/                   |             |
|    mean_ep_length       | 250         |
|    mean_reward          | 147         |
|    success_rate         | 0           |
| time/                   |             |
|    total_timesteps      | 600000      |
| train/                  |             |
|    approx_kl            | 0.009387018 |
|    clip_fraction        | 0.107       |
|    clip_range           | 0.2         |
|    entropy_loss         | -8.09       |
|    explained_variance   | 0.374       |
|    learning_rate        | 0.0003      |
|    loss                 | 2.47e+03    |
|    n_updates            | 730         |
|    policy_gradient_loss | -0.0059     |
|    std                  | 0.933       |
|    value_loss           | 2.26e+03    |
-----------------------------------------
---------------------------------
| rollout/           |          |
|    ep_len_mean     | 235      |
|    ep_rew_mean     | 153      |
|    success_rate    | 0.11     |
| time/              |          |
|    fps             | 3485     |
|    iterations      | 74       |
|    time_elapsed    | 173      |
|    total_timesteps | 606208   |
---------------------------------
-----------------------------------------
| rollout/                |             |
|    ep_len_mean          | 231         |
|    ep_rew_mean          | 186         |
|    success_rate         | 0.14        |
| time/                   |             |
|    fps                  | 3487        |
|    iterations           | 75          |
|    time_elapsed         | 176         |
|    total_timesteps      | 614400      |
| train/                  |             |
|    approx_kl            | 0.006586371 |
|    clip_fraction        | 0.0672      |
|    clip_range           | 0.2         |
|    entropy_loss         | -8.08       |
|    explained_variance   | 0.429       |
|    learning_rate        | 0.0003      |
|    loss                 | 1.32e+03    |
|    n_updates            | 740         |
|    policy_gradient_loss | -0.00697    |
|    std                  | 0.932       |
|    value_loss           | 5.27e+03    |
-----------------------------------------
----------------------------------------
| rollout/                |            |
|    ep_len_mean          | 229        |
|    ep_rew_mean          | 199        |
|    success_rate         | 0.15       |
| time/                   |            |
|    fps                  | 3488       |
|    iterations           | 76         |
|    time_elapsed         | 178        |
|    total_timesteps      | 622592     |
| train/                  |            |
|    approx_kl            | 0.00893234 |
|    clip_fraction        | 0.0869     |
|    clip_range           | 0.2        |
|    entropy_loss         | -8.08      |
|    explained_variance   | 0.514      |
|    learning_rate        | 0.0003     |
|    loss                 | 1.52e+03   |
|    n_updates            | 750        |
|    policy_gradient_loss | -0.00692   |
|    std                  | 0.932      |
|    value_loss           | 2.4e+03    |
----------------------------------------
Eval num_timesteps=625000, episode_reward=109.45 +/- 56.34
Episode length: 250.00 +/- 0.00
Success rate: 0.00%
-----------------------------------------
| eval/                   |             |
|    mean_ep_length       | 250         |
|    mean_reward          | 109         |
|    success_rate         | 0           |
| time/                   |             |
|    total_timesteps      | 625000      |
| train/                  |             |
|    approx_kl            | 0.008062471 |
|    clip_fraction        | 0.0765      |
|    clip_range           | 0.2         |
|    entropy_loss         | -8.08       |
|    explained_variance   | 0.431       |
|    learning_rate        | 0.0003      |
|    loss                 | 682         |
|    n_updates            | 760         |
|    policy_gradient_loss | -0.00718    |
|    std                  | 0.932       |
|    value_loss           | 2.85e+03    |
-----------------------------------------
---------------------------------
| rollout/           |          |
|    ep_len_mean     | 230      |
|    ep_rew_mean     | 148      |
|    success_rate    | 0.12     |
| time/              |          |
|    fps             | 3476     |
|    iterations      | 77       |
|    time_elapsed    | 181      |
|    total_timesteps | 630784   |
---------------------------------
------------------------------------------
| rollout/                |              |
|    ep_len_mean          | 230          |
|    ep_rew_mean          | 178          |
|    success_rate         | 0.14         |
| time/                   |              |
|    fps                  | 3478         |
|    iterations           | 78           |
|    time_elapsed         | 183          |
|    total_timesteps      | 638976       |
| train/                  |              |
|    approx_kl            | 0.0062554395 |
|    clip_fraction        | 0.0669       |
|    clip_range           | 0.2          |
|    entropy_loss         | -8.08        |
|    explained_variance   | 0.447        |
|    learning_rate        | 0.0003       |
|    loss                 | 1.59e+03     |
|    n_updates            | 770          |
|    policy_gradient_loss | -0.00508     |
|    std                  | 0.931        |
|    value_loss           | 3.32e+03     |
------------------------------------------
------------------------------------------
| rollout/                |              |
|    ep_len_mean          | 232          |
|    ep_rew_mean          | 172          |
|    success_rate         | 0.13         |
| time/                   |              |
|    fps                  | 3481         |
|    iterations           | 79           |
|    time_elapsed         | 185          |
|    total_timesteps      | 647168       |
| train/                  |              |
|    approx_kl            | 0.0073545277 |
|    clip_fraction        | 0.0849       |
|    clip_range           | 0.2          |
|    entropy_loss         | -8.07        |
|    explained_variance   | 0.478        |
|    learning_rate        | 0.0003       |
|    loss                 | 2.05e+03     |
|    n_updates            | 780          |
|    policy_gradient_loss | -0.0059      |
|    std                  | 0.931        |
|    value_loss           | 3.45e+03     |
------------------------------------------
Eval num_timesteps=650000, episode_reward=535.47 +/- 409.80
Episode length: 196.20 +/- 74.07
Success rate: 40.00%
-----------------------------------------
| eval/                   |             |
|    mean_ep_length       | 196         |
|    mean_reward          | 535         |
|    success_rate         | 0.4         |
| time/                   |             |
|    total_timesteps      | 650000      |
| train/                  |             |
|    approx_kl            | 0.010006214 |
|    clip_fraction        | 0.091       |
|    clip_range           | 0.2         |
|    entropy_loss         | -8.08       |
|    explained_variance   | 0.568       |
|    learning_rate        | 0.0003      |
|    loss                 | 695         |
|    n_updates            | 790         |
|    policy_gradient_loss | -0.00568    |
|    std                  | 0.934       |
|    value_loss           | 2.47e+03    |
-----------------------------------------
New best mean reward!
---------------------------------
| rollout/           |          |
|    ep_len_mean     | 237      |
|    ep_rew_mean     | 148      |
|    success_rate    | 0.11     |
| time/              |          |
|    fps             | 3473     |
|    iterations      | 80       |
|    time_elapsed    | 188      |
|    total_timesteps | 655360   |
---------------------------------
-----------------------------------------
| rollout/                |             |
|    ep_len_mean          | 238         |
|    ep_rew_mean          | 135         |
|    success_rate         | 0.1         |
| time/                   |             |
|    fps                  | 3476        |
|    iterations           | 81          |
|    time_elapsed         | 190         |
|    total_timesteps      | 663552      |
| train/                  |             |
|    approx_kl            | 0.009651515 |
|    clip_fraction        | 0.104       |
|    clip_range           | 0.2         |
|    entropy_loss         | -8.09       |
|    explained_variance   | 0.558       |
|    learning_rate        | 0.0003      |
|    loss                 | 2.24e+03    |
|    n_updates            | 800         |
|    policy_gradient_loss | -0.00571    |
|    std                  | 0.934       |
|    value_loss           | 2.03e+03    |
-----------------------------------------
-----------------------------------------
| rollout/                |             |
|    ep_len_mean          | 234         |
|    ep_rew_mean          | 168         |
|    success_rate         | 0.14        |
| time/                   |             |
|    fps                  | 3478        |
|    iterations           | 82          |
|    time_elapsed         | 193         |
|    total_timesteps      | 671744      |
| train/                  |             |
|    approx_kl            | 0.008767927 |
|    clip_fraction        | 0.0829      |
|    clip_range           | 0.2         |
|    entropy_loss         | -8.08       |
|    explained_variance   | 0.449       |
|    learning_rate        | 0.0003      |
|    loss                 | 2.65e+03    |
|    n_updates            | 810         |
|    policy_gradient_loss | -0.00576    |
|    std                  | 0.931       |
|    value_loss           | 4.18e+03    |
-----------------------------------------
Eval num_timesteps=675000, episode_reward=55.02 +/- 76.32
Episode length: 250.00 +/- 0.00
Success rate: 0.00%
-----------------------------------------
| eval/                   |             |
|    mean_ep_length       | 250         |
|    mean_reward          | 55          |
|    success_rate         | 0           |
| time/                   |             |
|    total_timesteps      | 675000      |
| train/                  |             |
|    approx_kl            | 0.009011457 |
|    clip_fraction        | 0.0852      |
|    clip_range           | 0.2         |
|    entropy_loss         | -8.08       |
|    explained_variance   | 0.515       |
|    learning_rate        | 0.0003      |
|    loss                 | 908         |
|    n_updates            | 820         |
|    policy_gradient_loss | -0.00672    |
|    std                  | 0.933       |
|    value_loss           | 3.47e+03    |
-----------------------------------------
---------------------------------
| rollout/           |          |
|    ep_len_mean     | 226      |
|    ep_rew_mean     | 216      |
|    success_rate    | 0.2      |
| time/              |          |
|    fps             | 3468     |
|    iterations      | 83       |
|    time_elapsed    | 196      |
|    total_timesteps | 679936   |
---------------------------------
-----------------------------------------
| rollout/                |             |
|    ep_len_mean          | 221         |
|    ep_rew_mean          | 224         |
|    success_rate         | 0.21        |
| time/                   |             |
|    fps                  | 3471        |
|    iterations           | 84          |
|    time_elapsed         | 198         |
|    total_timesteps      | 688128      |
| train/                  |             |
|    approx_kl            | 0.006720529 |
|    clip_fraction        | 0.0577      |
|    clip_range           | 0.2         |
|    entropy_loss         | -8.07       |
|    explained_variance   | 0.389       |
|    learning_rate        | 0.0003      |
|    loss                 | 2.68e+03    |
|    n_updates            | 830         |
|    policy_gradient_loss | -0.00498    |
|    std                  | 0.929       |
|    value_loss           | 6.67e+03    |
-----------------------------------------
-----------------------------------------
| rollout/                |             |
|    ep_len_mean          | 212         |
|    ep_rew_mean          | 282         |
|    success_rate         | 0.27        |
| time/                   |             |
|    fps                  | 3473        |
|    iterations           | 85          |
|    time_elapsed         | 200         |
|    total_timesteps      | 696320      |
| train/                  |             |
|    approx_kl            | 0.008902267 |
|    clip_fraction        | 0.085       |
|    clip_range           | 0.2         |
|    entropy_loss         | -8.06       |
|    explained_variance   | 0.451       |
|    learning_rate        | 0.0003      |
|    loss                 | 2.64e+03    |
|    n_updates            | 840         |
|    policy_gradient_loss | -0.00687    |
|    std                  | 0.929       |
|    value_loss           | 4.26e+03    |
-----------------------------------------
Eval num_timesteps=700000, episode_reward=-14.63 +/- 19.21
Episode length: 250.00 +/- 0.00
Success rate: 0.00%
-----------------------------------------
| eval/                   |             |
|    mean_ep_length       | 250         |
|    mean_reward          | -14.6       |
|    success_rate         | 0           |
| time/                   |             |
|    total_timesteps      | 700000      |
| train/                  |             |
|    approx_kl            | 0.007921762 |
|    clip_fraction        | 0.0691      |
|    clip_range           | 0.2         |
|    entropy_loss         | -8.05       |
|    explained_variance   | 0.479       |
|    learning_rate        | 0.0003      |
|    loss                 | 1.68e+03    |
|    n_updates            | 850         |
|    policy_gradient_loss | -0.00568    |
|    std                  | 0.927       |
|    value_loss           | 6.89e+03    |
-----------------------------------------
---------------------------------
| rollout/           |          |
|    ep_len_mean     | 220      |
|    ep_rew_mean     | 235      |
|    success_rate    | 0.22     |
| time/              |          |
|    fps             | 3464     |
|    iterations      | 86       |
|    time_elapsed    | 203      |
|    total_timesteps | 704512   |
---------------------------------
---------------------------------------
| rollout/                |           |
|    ep_len_mean          | 213       |
|    ep_rew_mean          | 283       |
|    success_rate         | 0.27      |
| time/                   |           |
|    fps                  | 3467      |
|    iterations           | 87        |
|    time_elapsed         | 205       |
|    total_timesteps      | 712704    |
| train/                  |           |
|    approx_kl            | 0.0116826 |
|    clip_fraction        | 0.107     |
|    clip_range           | 0.2       |
|    entropy_loss         | -8.05     |
|    explained_variance   | 0.483     |
|    learning_rate        | 0.0003    |
|    loss                 | 1.72e+03  |
|    n_updates            | 860       |
|    policy_gradient_loss | -0.0075   |
|    std                  | 0.927     |
|    value_loss           | 3.07e+03  |
---------------------------------------
------------------------------------------
| rollout/                |              |
|    ep_len_mean          | 209          |
|    ep_rew_mean          | 315          |
|    success_rate         | 0.29         |
| time/                   |              |
|    fps                  | 3469         |
|    iterations           | 88           |
|    time_elapsed         | 207          |
|    total_timesteps      | 720896       |
| train/                  |              |
|    approx_kl            | 0.0064979307 |
|    clip_fraction        | 0.0609       |
|    clip_range           | 0.2          |
|    entropy_loss         | -8.04        |
|    explained_variance   | 0.29         |
|    learning_rate        | 0.0003       |
|    loss                 | 3.29e+03     |
|    n_updates            | 870          |
|    policy_gradient_loss | -0.00563     |
|    std                  | 0.924        |
|    value_loss           | 8.19e+03     |
------------------------------------------
Eval num_timesteps=725000, episode_reward=429.93 +/- 477.46
Episode length: 176.40 +/- 90.14
Success rate: 40.00%
-----------------------------------------
| eval/                   |             |
|    mean_ep_length       | 176         |
|    mean_reward          | 430         |
|    success_rate         | 0.4         |
| time/                   |             |
|    total_timesteps      | 725000      |
| train/                  |             |
|    approx_kl            | 0.008456535 |
|    clip_fraction        | 0.0666      |
|    clip_range           | 0.2         |
|    entropy_loss         | -8.02       |
|    explained_variance   | 0.474       |
|    learning_rate        | 0.0003      |
|    loss                 | 1.3e+03     |
|    n_updates            | 880         |
|    policy_gradient_loss | -0.00653    |
|    std                  | 0.923       |
|    value_loss           | 6.82e+03    |
-----------------------------------------
---------------------------------
| rollout/           |          |
|    ep_len_mean     | 210      |
|    ep_rew_mean     | 316      |
|    success_rate    | 0.29     |
| time/              |          |
|    fps             | 3464     |
|    iterations      | 89       |
|    time_elapsed    | 210      |
|    total_timesteps | 729088   |
---------------------------------
------------------------------------------
| rollout/                |              |
|    ep_len_mean          | 213          |
|    ep_rew_mean          | 310          |
|    success_rate         | 0.28         |
| time/                   |              |
|    fps                  | 3467         |
|    iterations           | 90           |
|    time_elapsed         | 212          |
|    total_timesteps      | 737280       |
| train/                  |              |
|    approx_kl            | 0.0071009705 |
|    clip_fraction        | 0.0558       |
|    clip_range           | 0.2          |
|    entropy_loss         | -8.01        |
|    explained_variance   | 0.497        |
|    learning_rate        | 0.0003       |
|    loss                 | 2.54e+03     |
|    n_updates            | 890          |
|    policy_gradient_loss | -0.00525     |
|    std                  | 0.922        |
|    value_loss           | 5.41e+03     |
------------------------------------------
-----------------------------------------
| rollout/                |             |
|    ep_len_mean          | 202         |
|    ep_rew_mean          | 358         |
|    success_rate         | 0.34        |
| time/                   |             |
|    fps                  | 3469        |
|    iterations           | 91          |
|    time_elapsed         | 214         |
|    total_timesteps      | 745472      |
| train/                  |             |
|    approx_kl            | 0.007481243 |
|    clip_fraction        | 0.0575      |
|    clip_range           | 0.2         |
|    entropy_loss         | -8.01       |
|    explained_variance   | 0.572       |
|    learning_rate        | 0.0003      |
|    loss                 | 1.46e+03    |
|    n_updates            | 900         |
|    policy_gradient_loss | -0.00453    |
|    std                  | 0.923       |
|    value_loss           | 6e+03       |
-----------------------------------------
Eval num_timesteps=750000, episode_reward=50.73 +/- 93.90
Episode length: 250.00 +/- 0.00
Success rate: 0.00%
----------------------------------------
| eval/                   |            |
|    mean_ep_length       | 250        |
|    mean_reward          | 50.7       |
|    success_rate         | 0          |
| time/                   |            |
|    total_timesteps      | 750000     |
| train/                  |            |
|    approx_kl            | 0.00669971 |
|    clip_fraction        | 0.0521     |
|    clip_range           | 0.2        |
|    entropy_loss         | -8         |
|    explained_variance   | 0.507      |
|    learning_rate        | 0.0003     |
|    loss                 | 3.84e+03   |
|    n_updates            | 910        |
|    policy_gradient_loss | -0.00534   |
|    std                  | 0.918      |
|    value_loss           | 9.6e+03    |
----------------------------------------
---------------------------------
| rollout/           |          |
|    ep_len_mean     | 187      |
|    ep_rew_mean     | 414      |
|    success_rate    | 0.41     |
| time/              |          |
|    fps             | 3462     |
|    iterations      | 92       |
|    time_elapsed    | 217      |
|    total_timesteps | 753664   |
---------------------------------
-----------------------------------------
| rollout/                |             |
|    ep_len_mean          | 183         |
|    ep_rew_mean          | 424         |
|    success_rate         | 0.4         |
| time/                   |             |
|    fps                  | 3465        |
|    iterations           | 93          |
|    time_elapsed         | 219         |
|    total_timesteps      | 761856      |
| train/                  |             |
|    approx_kl            | 0.005925047 |
|    clip_fraction        | 0.0439      |
|    clip_range           | 0.2         |
|    entropy_loss         | -7.98       |
|    explained_variance   | 0.468       |
|    learning_rate        | 0.0003      |
|    loss                 | 3.52e+03    |
|    n_updates            | 920         |
|    policy_gradient_loss | -0.00533    |
|    std                  | 0.916       |
|    value_loss           | 9e+03       |
-----------------------------------------
------------------------------------------
| rollout/                |              |
|    ep_len_mean          | 179          |
|    ep_rew_mean          | 473          |
|    success_rate         | 0.45         |
| time/                   |              |
|    fps                  | 3468         |
|    iterations           | 94           |
|    time_elapsed         | 222          |
|    total_timesteps      | 770048       |
| train/                  |              |
|    approx_kl            | 0.0070389425 |
|    clip_fraction        | 0.0598       |
|    clip_range           | 0.2          |
|    entropy_loss         | -7.96        |
|    explained_variance   | 0.531        |
|    learning_rate        | 0.0003       |
|    loss                 | 8.25e+03     |
|    n_updates            | 930          |
|    policy_gradient_loss | -0.00568     |
|    std                  | 0.913        |
|    value_loss           | 1.15e+04     |
------------------------------------------
Eval num_timesteps=775000, episode_reward=218.40 +/- 400.34
Episode length: 213.20 +/- 73.60
Success rate: 20.00%
------------------------------------------
| eval/                   |              |
|    mean_ep_length       | 213          |
|    mean_reward          | 218          |
|    success_rate         | 0.2          |
| time/                   |              |
|    total_timesteps      | 775000       |
| train/                  |              |
|    approx_kl            | 0.0052055544 |
|    clip_fraction        | 0.041        |
|    clip_range           | 0.2          |
|    entropy_loss         | -7.96        |
|    explained_variance   | 0.518        |
|    learning_rate        | 0.0003       |
|    loss                 | 5.5e+03      |
|    n_updates            | 940          |
|    policy_gradient_loss | -0.00568     |
|    std                  | 0.915        |
|    value_loss           | 1.09e+04     |
------------------------------------------
---------------------------------
| rollout/           |          |
|    ep_len_mean     | 188      |
|    ep_rew_mean     | 435      |
|    success_rate    | 0.41     |
| time/              |          |
|    fps             | 3462     |
|    iterations      | 95       |
|    time_elapsed    | 224      |
|    total_timesteps | 778240   |
---------------------------------
------------------------------------------
| rollout/                |              |
|    ep_len_mean          | 193          |
|    ep_rew_mean          | 385          |
|    success_rate         | 0.36         |
| time/                   |              |
|    fps                  | 3465         |
|    iterations           | 96           |
|    time_elapsed         | 226          |
|    total_timesteps      | 786432       |
| train/                  |              |
|    approx_kl            | 0.0048923325 |
|    clip_fraction        | 0.0399       |
|    clip_range           | 0.2          |
|    entropy_loss         | -7.96        |
|    explained_variance   | 0.506        |
|    learning_rate        | 0.0003       |
|    loss                 | 2.44e+03     |
|    n_updates            | 950          |
|    policy_gradient_loss | -0.00456     |
|    std                  | 0.913        |
|    value_loss           | 8.06e+03     |
------------------------------------------
----------------------------------------
| rollout/                |            |
|    ep_len_mean          | 197        |
|    ep_rew_mean          | 354        |
|    success_rate         | 0.33       |
| time/                   |            |
|    fps                  | 3468       |
|    iterations           | 97         |
|    time_elapsed         | 229        |
|    total_timesteps      | 794624     |
| train/                  |            |
|    approx_kl            | 0.00693448 |
|    clip_fraction        | 0.0567     |
|    clip_range           | 0.2        |
|    entropy_loss         | -7.95      |
|    explained_variance   | 0.55       |
|    learning_rate        | 0.0003     |
|    loss                 | 4.97e+03   |
|    n_updates            | 960        |
|    policy_gradient_loss | -0.00531   |
|    std                  | 0.912      |
|    value_loss           | 8.39e+03   |
----------------------------------------
Eval num_timesteps=800000, episode_reward=-25.02 +/- 11.21
Episode length: 250.00 +/- 0.00
Success rate: 0.00%
-----------------------------------------
| eval/                   |             |
|    mean_ep_length       | 250         |
|    mean_reward          | -25         |
|    success_rate         | 0           |
| time/                   |             |
|    total_timesteps      | 800000      |
| train/                  |             |
|    approx_kl            | 0.006559181 |
|    clip_fraction        | 0.0508      |
|    clip_range           | 0.2         |
|    entropy_loss         | -7.93       |
|    explained_variance   | 0.577       |
|    learning_rate        | 0.0003      |
|    loss                 | 1.83e+03    |
|    n_updates            | 970         |
|    policy_gradient_loss | -0.00505    |
|    std                  | 0.909       |
|    value_loss           | 7.22e+03    |
-----------------------------------------
---------------------------------
| rollout/           |          |
|    ep_len_mean     | 190      |
|    ep_rew_mean     | 385      |
|    success_rate    | 0.37     |
| time/              |          |
|    fps             | 3461     |
|    iterations      | 98       |
|    time_elapsed    | 231      |
|    total_timesteps | 802816   |
---------------------------------
------------------------------------------
| rollout/                |              |
|    ep_len_mean          | 183          |
|    ep_rew_mean          | 432          |
|    success_rate         | 0.42         |
| time/                   |              |
|    fps                  | 3464         |
|    iterations           | 99           |
|    time_elapsed         | 234          |
|    total_timesteps      | 811008       |
| train/                  |              |
|    approx_kl            | 0.0060477066 |
|    clip_fraction        | 0.0537       |
|    clip_range           | 0.2          |
|    entropy_loss         | -7.92        |
|    explained_variance   | 0.559        |
|    learning_rate        | 0.0003       |
|    loss                 | 4.39e+03     |
|    n_updates            | 980          |
|    policy_gradient_loss | -0.00505     |
|    std                  | 0.908        |
|    value_loss           | 8.69e+03     |
------------------------------------------
------------------------------------------
| rollout/                |              |
|    ep_len_mean          | 189          |
|    ep_rew_mean          | 407          |
|    success_rate         | 0.37         |
| time/                   |              |
|    fps                  | 3467         |
|    iterations           | 100          |
|    time_elapsed         | 236          |
|    total_timesteps      | 819200       |
| train/                  |              |
|    approx_kl            | 0.0059902747 |
|    clip_fraction        | 0.0502       |
|    clip_range           | 0.2          |
|    entropy_loss         | -7.91        |
|    explained_variance   | 0.563        |
|    learning_rate        | 0.0003       |
|    loss                 | 4.44e+03     |
|    n_updates            | 990          |
|    policy_gradient_loss | -0.00488     |
|    std                  | 0.907        |
|    value_loss           | 9.97e+03     |
------------------------------------------
Eval num_timesteps=825000, episode_reward=175.43 +/- 409.55
Episode length: 213.40 +/- 73.20
Success rate: 20.00%
------------------------------------------
| eval/                   |              |
|    mean_ep_length       | 213          |
|    mean_reward          | 175          |
|    success_rate         | 0.2          |
| time/                   |              |
|    total_timesteps      | 825000       |
| train/                  |              |
|    approx_kl            | 0.0057706484 |
|    clip_fraction        | 0.0465       |
|    clip_range           | 0.2          |
|    entropy_loss         | -7.9         |
|    explained_variance   | 0.588        |
|    learning_rate        | 0.0003       |
|    loss                 | 1.78e+03     |
|    n_updates            | 1000         |
|    policy_gradient_loss | -0.00484     |
|    std                  | 0.905        |
|    value_loss           | 6.86e+03     |
------------------------------------------
---------------------------------
| rollout/           |          |
|    ep_len_mean     | 182      |
|    ep_rew_mean     | 432      |
|    success_rate    | 0.41     |
| time/              |          |
|    fps             | 3461     |
|    iterations      | 101      |
|    time_elapsed    | 239      |
|    total_timesteps | 827392   |
---------------------------------
------------------------------------------
| rollout/                |              |
|    ep_len_mean          | 190          |
|    ep_rew_mean          | 413          |
|    success_rate         | 0.37         |
| time/                   |              |
|    fps                  | 3464         |
|    iterations           | 102          |
|    time_elapsed         | 241          |
|    total_timesteps      | 835584       |
| train/                  |              |
|    approx_kl            | 0.0057317074 |
|    clip_fraction        | 0.0536       |
|    clip_range           | 0.2          |
|    entropy_loss         | -7.88        |
|    explained_variance   | 0.563        |
|    learning_rate        | 0.0003       |
|    loss                 | 4.52e+03     |
|    n_updates            | 1010         |
|    policy_gradient_loss | -0.00531     |
|    std                  | 0.902        |
|    value_loss           | 8.36e+03     |
------------------------------------------
-----------------------------------------
| rollout/                |             |
|    ep_len_mean          | 188         |
|    ep_rew_mean          | 429         |
|    success_rate         | 0.38        |
| time/                   |             |
|    fps                  | 3467        |
|    iterations           | 103         |
|    time_elapsed         | 243         |
|    total_timesteps      | 843776      |
| train/                  |             |
|    approx_kl            | 0.006271017 |
|    clip_fraction        | 0.0529      |
|    clip_range           | 0.2         |
|    entropy_loss         | -7.87       |
|    explained_variance   | 0.589       |
|    learning_rate        | 0.0003      |
|    loss                 | 2.86e+03    |
|    n_updates            | 1020        |
|    policy_gradient_loss | -0.00591    |
|    std                  | 0.9         |
|    value_loss           | 9.4e+03     |
-----------------------------------------
Eval num_timesteps=850000, episode_reward=-22.78 +/- 17.65
Episode length: 250.00 +/- 0.00
Success rate: 0.00%
---------------------------------------
| eval/                   |           |
|    mean_ep_length       | 250       |
|    mean_reward          | -22.8     |
|    success_rate         | 0         |
| time/                   |           |
|    total_timesteps      | 850000    |
| train/                  |           |
|    approx_kl            | 0.0076553 |
|    clip_fraction        | 0.0705    |
|    clip_range           | 0.2       |
|    entropy_loss         | -7.85     |
|    explained_variance   | 0.626     |
|    learning_rate        | 0.0003    |
|    loss                 | 2.85e+03  |
|    n_updates            | 1030      |
|    policy_gradient_loss | -0.00728  |
|    std                  | 0.897     |
|    value_loss           | 7.02e+03  |
---------------------------------------
---------------------------------
| rollout/           |          |
|    ep_len_mean     | 191      |
|    ep_rew_mean     | 407      |
|    success_rate    | 0.37     |
| time/              |          |
|    fps             | 3461     |
|    iterations      | 104      |
|    time_elapsed    | 246      |
|    total_timesteps | 851968   |
---------------------------------
------------------------------------------
| rollout/                |              |
|    ep_len_mean          | 183          |
|    ep_rew_mean          | 490          |
|    success_rate         | 0.45         |
| time/                   |              |
|    fps                  | 3464         |
|    iterations           | 105          |
|    time_elapsed         | 248          |
|    total_timesteps      | 860160       |
| train/                  |              |
|    approx_kl            | 0.0077294055 |
|    clip_fraction        | 0.093        |
|    clip_range           | 0.2          |
|    entropy_loss         | -7.84        |
|    explained_variance   | 0.667        |
|    learning_rate        | 0.0003       |
|    loss                 | 3.85e+03     |
|    n_updates            | 1040         |
|    policy_gradient_loss | -0.00821     |
|    std                  | 0.896        |
|    value_loss           | 8.31e+03     |
------------------------------------------
------------------------------------------
| rollout/                |              |
|    ep_len_mean          | 168          |
|    ep_rew_mean          | 585          |
|    success_rate         | 0.54         |
| time/                   |              |
|    fps                  | 3467         |
|    iterations           | 106          |
|    time_elapsed         | 250          |
|    total_timesteps      | 868352       |
| train/                  |              |
|    approx_kl            | 0.0066298367 |
|    clip_fraction        | 0.0512       |
|    clip_range           | 0.2          |
|    entropy_loss         | -7.83        |
|    explained_variance   | 0.573        |
|    learning_rate        | 0.0003       |
|    loss                 | 5.81e+03     |
|    n_updates            | 1050         |
|    policy_gradient_loss | -0.00628     |
|    std                  | 0.896        |
|    value_loss           | 1.19e+04     |
------------------------------------------
Eval num_timesteps=875000, episode_reward=289.09 +/- 416.48
Episode length: 226.60 +/- 46.80
Success rate: 20.00%
------------------------------------------
| eval/                   |              |
|    mean_ep_length       | 227          |
|    mean_reward          | 289          |
|    success_rate         | 0.2          |
| time/                   |              |
|    total_timesteps      | 875000       |
| train/                  |              |
|    approx_kl            | 0.0055185547 |
|    clip_fraction        | 0.0447       |
|    clip_range           | 0.2          |
|    entropy_loss         | -7.83        |
|    explained_variance   | 0.66         |
|    learning_rate        | 0.0003       |
|    loss                 | 5.15e+03     |
|    n_updates            | 1060         |
|    policy_gradient_loss | -0.0057      |
|    std                  | 0.896        |
|    value_loss           | 1.1e+04      |
------------------------------------------
---------------------------------
| rollout/           |          |
|    ep_len_mean     | 167      |
|    ep_rew_mean     | 518      |
|    success_rate    | 0.5      |
| time/              |          |
|    fps             | 3462     |
|    iterations      | 107      |
|    time_elapsed    | 253      |
|    total_timesteps | 876544   |
---------------------------------
-----------------------------------------
| rollout/                |             |
|    ep_len_mean          | 180         |
|    ep_rew_mean          | 481         |
|    success_rate         | 0.46        |
| time/                   |             |
|    fps                  | 3465        |
|    iterations           | 108         |
|    time_elapsed         | 255         |
|    total_timesteps      | 884736      |
| train/                  |             |
|    approx_kl            | 0.007237605 |
|    clip_fraction        | 0.0608      |
|    clip_range           | 0.2         |
|    entropy_loss         | -7.83       |
|    explained_variance   | 0.649       |
|    learning_rate        | 0.0003      |
|    loss                 | 3.21e+03    |
|    n_updates            | 1070        |
|    policy_gradient_loss | -0.00709    |
|    std                  | 0.895       |
|    value_loss           | 8.27e+03    |
-----------------------------------------
------------------------------------------
| rollout/                |              |
|    ep_len_mean          | 190          |
|    ep_rew_mean          | 447          |
|    success_rate         | 0.41         |
| time/                   |              |
|    fps                  | 3468         |
|    iterations           | 109          |
|    time_elapsed         | 257          |
|    total_timesteps      | 892928       |
| train/                  |              |
|    approx_kl            | 0.0070099346 |
|    clip_fraction        | 0.0572       |
|    clip_range           | 0.2          |
|    entropy_loss         | -7.82        |
|    explained_variance   | 0.601        |
|    learning_rate        | 0.0003       |
|    loss                 | 4.36e+03     |
|    n_updates            | 1080         |
|    policy_gradient_loss | -0.00701     |
|    std                  | 0.894        |
|    value_loss           | 9.85e+03     |
------------------------------------------
Eval num_timesteps=900000, episode_reward=376.29 +/- 507.45
Episode length: 162.40 +/- 107.29
Success rate: 40.00%
------------------------------------------
| eval/                   |              |
|    mean_ep_length       | 162          |
|    mean_reward          | 376          |
|    success_rate         | 0.4          |
| time/                   |              |
|    total_timesteps      | 900000       |
| train/                  |              |
|    approx_kl            | 0.0069364375 |
|    clip_fraction        | 0.0622       |
|    clip_range           | 0.2          |
|    entropy_loss         | -7.81        |
|    explained_variance   | 0.7          |
|    learning_rate        | 0.0003       |
|    loss                 | 2.75e+03     |
|    n_updates            | 1090         |
|    policy_gradient_loss | -0.00775     |
|    std                  | 0.893        |
|    value_loss           | 5.61e+03     |
------------------------------------------
---------------------------------
| rollout/           |          |
|    ep_len_mean     | 184      |
|    ep_rew_mean     | 444      |
|    success_rate    | 0.4      |
| time/              |          |
|    fps             | 3465     |
|    iterations      | 110      |
|    time_elapsed    | 260      |
|    total_timesteps | 901120   |
---------------------------------
-----------------------------------------
| rollout/                |             |
|    ep_len_mean          | 174         |
|    ep_rew_mean          | 448         |
|    success_rate         | 0.42        |
| time/                   |             |
|    fps                  | 3467        |
|    iterations           | 111         |
|    time_elapsed         | 262         |
|    total_timesteps      | 909312      |
| train/                  |             |
|    approx_kl            | 0.006539161 |
|    clip_fraction        | 0.0569      |
|    clip_range           | 0.2         |
|    entropy_loss         | -7.8        |
|    explained_variance   | 0.636       |
|    learning_rate        | 0.0003      |
|    loss                 | 3.29e+03    |
|    n_updates            | 1100        |
|    policy_gradient_loss | -0.00578    |
|    std                  | 0.89        |
|    value_loss           | 9.23e+03    |
-----------------------------------------
------------------------------------------
| rollout/                |              |
|    ep_len_mean          | 158          |
|    ep_rew_mean          | 535          |
|    success_rate         | 0.52         |
| time/                   |              |
|    fps                  | 3468         |
|    iterations           | 112          |
|    time_elapsed         | 264          |
|    total_timesteps      | 917504       |
| train/                  |              |
|    approx_kl            | 0.0051918896 |
|    clip_fraction        | 0.0425       |
|    clip_range           | 0.2          |
|    entropy_loss         | -7.79        |
|    explained_variance   | 0.688        |
|    learning_rate        | 0.0003       |
|    loss                 | 4.72e+03     |
|    n_updates            | 1110         |
|    policy_gradient_loss | -0.00512     |
|    std                  | 0.889        |
|    value_loss           | 8.24e+03     |
------------------------------------------
Eval num_timesteps=925000, episode_reward=704.31 +/- 642.12
Episode length: 119.20 +/- 106.83
Success rate: 60.00%
------------------------------------------
| eval/                   |              |
|    mean_ep_length       | 119          |
|    mean_reward          | 704          |
|    success_rate         | 0.6          |
| time/                   |              |
|    total_timesteps      | 925000       |
| train/                  |              |
|    approx_kl            | 0.0053004893 |
|    clip_fraction        | 0.0367       |
|    clip_range           | 0.2          |
|    entropy_loss         | -7.78        |
|    explained_variance   | 0.645        |
|    learning_rate        | 0.0003       |
|    loss                 | 5.67e+03     |
|    n_updates            | 1120         |
|    policy_gradient_loss | -0.00508     |
|    std                  | 0.889        |
|    value_loss           | 1.12e+04     |
------------------------------------------
New best mean reward!
---------------------------------
| rollout/           |          |
|    ep_len_mean     | 154      |
|    ep_rew_mean     | 568      |
|    success_rate    | 0.55     |
| time/              |          |
|    fps             | 3466     |
|    iterations      | 113      |
|    time_elapsed    | 267      |
|    total_timesteps | 925696   |
---------------------------------
------------------------------------------
| rollout/                |              |
|    ep_len_mean          | 166          |
|    ep_rew_mean          | 573          |
|    success_rate         | 0.52         |
| time/                   |              |
|    fps                  | 3467         |
|    iterations           | 114          |
|    time_elapsed         | 269          |
|    total_timesteps      | 933888       |
| train/                  |              |
|    approx_kl            | 0.0062609883 |
|    clip_fraction        | 0.0405       |
|    clip_range           | 0.2          |
|    entropy_loss         | -7.77        |
|    explained_variance   | 0.657        |
|    learning_rate        | 0.0003       |
|    loss                 | 4.57e+03     |
|    n_updates            | 1130         |
|    policy_gradient_loss | -0.00534     |
|    std                  | 0.886        |
|    value_loss           | 1.21e+04     |
------------------------------------------
-----------------------------------------
| rollout/                |             |
|    ep_len_mean          | 178         |
|    ep_rew_mean          | 540         |
|    success_rate         | 0.47        |
| time/                   |             |
|    fps                  | 3469        |
|    iterations           | 115         |
|    time_elapsed         | 271         |
|    total_timesteps      | 942080      |
| train/                  |             |
|    approx_kl            | 0.006320954 |
|    clip_fraction        | 0.0508      |
|    clip_range           | 0.2         |
|    entropy_loss         | -7.77       |
|    explained_variance   | 0.689       |
|    learning_rate        | 0.0003      |
|    loss                 | 4.8e+03     |
|    n_updates            | 1140        |
|    policy_gradient_loss | -0.0057     |
|    std                  | 0.887       |
|    value_loss           | 1.02e+04    |
-----------------------------------------
Eval num_timesteps=950000, episode_reward=705.43 +/- 405.53
Episode length: 118.00 +/- 107.78
Success rate: 60.00%
------------------------------------------
| eval/                   |              |
|    mean_ep_length       | 118          |
|    mean_reward          | 705          |
|    success_rate         | 0.6          |
| time/                   |              |
|    total_timesteps      | 950000       |
| train/                  |              |
|    approx_kl            | 0.0075398046 |
|    clip_fraction        | 0.0587       |
|    clip_range           | 0.2          |
|    entropy_loss         | -7.77        |
|    explained_variance   | 0.715        |
|    learning_rate        | 0.0003       |
|    loss                 | 5.17e+03     |
|    n_updates            | 1150         |
|    policy_gradient_loss | -0.00533     |
|    std                  | 0.888        |
|    value_loss           | 9.76e+03     |
------------------------------------------
New best mean reward!
---------------------------------
| rollout/           |          |
|    ep_len_mean     | 168      |
|    ep_rew_mean     | 538      |
|    success_rate    | 0.47     |
| time/              |          |
|    fps             | 3467     |
|    iterations      | 116      |
|    time_elapsed    | 274      |
|    total_timesteps | 950272   |
---------------------------------
------------------------------------------
| rollout/                |              |
|    ep_len_mean          | 162          |
|    ep_rew_mean          | 578          |
|    success_rate         | 0.52         |
| time/                   |              |
|    fps                  | 3470         |
|    iterations           | 117          |
|    time_elapsed         | 276          |
|    total_timesteps      | 958464       |
| train/                  |              |
|    approx_kl            | 0.0058018845 |
|    clip_fraction        | 0.0405       |
|    clip_range           | 0.2          |
|    entropy_loss         | -7.78        |
|    explained_variance   | 0.687        |
|    learning_rate        | 0.0003       |
|    loss                 | 6.13e+03     |
|    n_updates            | 1160         |
|    policy_gradient_loss | -0.00502     |
|    std                  | 0.89         |
|    value_loss           | 1.09e+04     |
------------------------------------------
------------------------------------------
| rollout/                |              |
|    ep_len_mean          | 168          |
|    ep_rew_mean          | 595          |
|    success_rate         | 0.53         |
| time/                   |              |
|    fps                  | 3472         |
|    iterations           | 118          |
|    time_elapsed         | 278          |
|    total_timesteps      | 966656       |
| train/                  |              |
|    approx_kl            | 0.0042201784 |
|    clip_fraction        | 0.0271       |
|    clip_range           | 0.2          |
|    entropy_loss         | -7.79        |
|    explained_variance   | 0.629        |
|    learning_rate        | 0.0003       |
|    loss                 | 4.28e+03     |
|    n_updates            | 1170         |
|    policy_gradient_loss | -0.00368     |
|    std                  | 0.89         |
|    value_loss           | 1.24e+04     |
------------------------------------------
------------------------------------------
| rollout/                |              |
|    ep_len_mean          | 165          |
|    ep_rew_mean          | 622          |
|    success_rate         | 0.54         |
| time/                   |              |
|    fps                  | 3474         |
|    iterations           | 119          |
|    time_elapsed         | 280          |
|    total_timesteps      | 974848       |
| train/                  |              |
|    approx_kl            | 0.0053030024 |
|    clip_fraction        | 0.0357       |
|    clip_range           | 0.2          |
|    entropy_loss         | -7.79        |
|    explained_variance   | 0.694        |
|    learning_rate        | 0.0003       |
|    loss                 | 3.02e+03     |
|    n_updates            | 1180         |
|    policy_gradient_loss | -0.00498     |
|    std                  | 0.892        |
|    value_loss           | 1.02e+04     |
------------------------------------------
Eval num_timesteps=975000, episode_reward=788.36 +/- 411.12
Episode length: 101.40 +/- 80.37
Success rate: 80.00%
------------------------------------------
| eval/                   |              |
|    mean_ep_length       | 101          |
|    mean_reward          | 788          |
|    success_rate         | 0.8          |
| time/                   |              |
|    total_timesteps      | 975000       |
| train/                  |              |
|    approx_kl            | 0.0053126775 |
|    clip_fraction        | 0.0325       |
|    clip_range           | 0.2          |
|    entropy_loss         | -7.8         |
|    explained_variance   | 0.701        |
|    learning_rate        | 0.0003       |
|    loss                 | 4.93e+03     |
|    n_updates            | 1190         |
|    policy_gradient_loss | -0.00402     |
|    std                  | 0.891        |
|    value_loss           | 1.14e+04     |
------------------------------------------
New best mean reward!
---------------------------------
| rollout/           |          |
|    ep_len_mean     | 166      |
|    ep_rew_mean     | 586      |
|    success_rate    | 0.52     |
| time/              |          |
|    fps             | 3474     |
|    iterations      | 120      |
|    time_elapsed    | 282      |
|    total_timesteps | 983040   |
---------------------------------
------------------------------------------
| rollout/                |              |
|    ep_len_mean          | 175          |
|    ep_rew_mean          | 520          |
|    success_rate         | 0.44         |
| time/                   |              |
|    fps                  | 3476         |
|    iterations           | 121          |
|    time_elapsed         | 285          |
|    total_timesteps      | 991232       |
| train/                  |              |
|    approx_kl            | 0.0056783743 |
|    clip_fraction        | 0.0453       |
|    clip_range           | 0.2          |
|    entropy_loss         | -7.8         |
|    explained_variance   | 0.713        |
|    learning_rate        | 0.0003       |
|    loss                 | 3.74e+03     |
|    n_updates            | 1200         |
|    policy_gradient_loss | -0.00534     |
|    std                  | 0.893        |
|    value_loss           | 9.96e+03     |
------------------------------------------
------------------------------------------
| rollout/                |              |
|    ep_len_mean          | 157          |
|    ep_rew_mean          | 605          |
|    success_rate         | 0.54         |
| time/                   |              |
|    fps                  | 3478         |
|    iterations           | 122          |
|    time_elapsed         | 287          |
|    total_timesteps      | 999424       |
| train/                  |              |
|    approx_kl            | 0.0058140177 |
|    clip_fraction        | 0.0409       |
|    clip_range           | 0.2          |
|    entropy_loss         | -7.79        |
|    explained_variance   | 0.727        |
|    learning_rate        | 0.0003       |
|    loss                 | 3e+03        |
|    n_updates            | 1210         |
|    policy_gradient_loss | -0.00563     |
|    std                  | 0.889        |
|    value_loss           | 9.04e+03     |
------------------------------------------
Eval num_timesteps=1000000, episode_reward=789.53 +/- 416.99
Episode length: 73.60 +/- 88.20
Success rate: 80.00%
-----------------------------------------
| eval/                   |             |
|    mean_ep_length       | 73.6        |
|    mean_reward          | 790         |
|    success_rate         | 0.8         |
| time/                   |             |
|    total_timesteps      | 1000000     |
| train/                  |             |
|    approx_kl            | 0.005709165 |
|    clip_fraction        | 0.0408      |
|    clip_range           | 0.2         |
|    entropy_loss         | -7.77       |
|    explained_variance   | 0.67        |
|    learning_rate        | 0.0003      |
|    loss                 | 4.76e+03    |
|    n_updates            | 1220        |
|    policy_gradient_loss | -0.00492    |
|    std                  | 0.888       |
|    value_loss           | 1.28e+04    |
-----------------------------------------
New best mean reward!
---------------------------------
| rollout/           |          |
|    ep_len_mean     | 154      |
|    ep_rew_mean     | 665      |
|    success_rate    | 0.61     |
| time/              |          |
|    fps             | 3478     |
|    iterations      | 123      |
|    time_elapsed    | 289      |
|    total_timesteps | 1007616  |
---------------------------------
------------------------------------------
| rollout/                |              |
|    ep_len_mean          | 180          |
|    ep_rew_mean          | 514          |
|    success_rate         | 0.47         |
| time/                   |              |
|    fps                  | 3480         |
|    iterations           | 124          |
|    time_elapsed         | 291          |
|    total_timesteps      | 1015808      |
| train/                  |              |
|    approx_kl            | 0.0059160935 |
|    clip_fraction        | 0.0401       |
|    clip_range           | 0.2          |
|    entropy_loss         | -7.77        |
|    explained_variance   | 0.69         |
|    learning_rate        | 0.0003       |
|    loss                 | 4.27e+03     |
|    n_updates            | 1230         |
|    policy_gradient_loss | -0.00442     |
|    std                  | 0.887        |
|    value_loss           | 1.09e+04     |
------------------------------------------
------------------------------------------
| rollout/                |              |
|    ep_len_mean          | 190          |
|    ep_rew_mean          | 448          |
|    success_rate         | 0.4          |
| time/                   |              |
|    fps                  | 3483         |
|    iterations           | 125          |
|    time_elapsed         | 293          |
|    total_timesteps      | 1024000      |
| train/                  |              |
|    approx_kl            | 0.0074879997 |
|    clip_fraction        | 0.0768       |
|    clip_range           | 0.2          |
|    entropy_loss         | -7.76        |
|    explained_variance   | 0.718        |
|    learning_rate        | 0.0003       |
|    loss                 | 2.35e+03     |
|    n_updates            | 1240         |
|    policy_gradient_loss | -0.00656     |
|    std                  | 0.887        |
|    value_loss           | 5.89e+03     |
------------------------------------------
Eval num_timesteps=1025000, episode_reward=499.76 +/- 425.65
Episode length: 162.80 +/- 106.80
Success rate: 40.00%
-----------------------------------------
| eval/                   |             |
|    mean_ep_length       | 163         |
|    mean_reward          | 500         |
|    success_rate         | 0.4         |
| time/                   |             |
|    total_timesteps      | 1025000     |
| train/                  |             |
|    approx_kl            | 0.005341801 |
|    clip_fraction        | 0.033       |
|    clip_range           | 0.2         |
|    entropy_loss         | -7.77       |
|    explained_variance   | 0.688       |
|    learning_rate        | 0.0003      |
|    loss                 | 3.94e+03    |
|    n_updates            | 1250        |
|    policy_gradient_loss | -0.00456    |
|    std                  | 0.887       |
|    value_loss           | 9.36e+03    |
-----------------------------------------
---------------------------------
| rollout/           |          |
|    ep_len_mean     | 158      |
|    ep_rew_mean     | 585      |
|    success_rate    | 0.53     |
| time/              |          |
|    fps             | 3480     |
|    iterations      | 126      |
|    time_elapsed    | 296      |
|    total_timesteps | 1032192  |
---------------------------------
-----------------------------------------
| rollout/                |             |
|    ep_len_mean          | 144         |
|    ep_rew_mean          | 693         |
|    success_rate         | 0.64        |
| time/                   |             |
|    fps                  | 3482        |
|    iterations           | 127         |
|    time_elapsed         | 298         |
|    total_timesteps      | 1040384     |
| train/                  |             |
|    approx_kl            | 0.005864417 |
|    clip_fraction        | 0.0348      |
|    clip_range           | 0.2         |
|    entropy_loss         | -7.76       |
|    explained_variance   | 0.701       |
|    learning_rate        | 0.0003      |
|    loss                 | 5.04e+03    |
|    n_updates            | 1260        |
|    policy_gradient_loss | -0.00442    |
|    std                  | 0.886       |
|    value_loss           | 1.15e+04    |
-----------------------------------------
------------------------------------------
| rollout/                |              |
|    ep_len_mean          | 150          |
|    ep_rew_mean          | 661          |
|    success_rate         | 0.6          |
| time/                   |              |
|    fps                  | 3484         |
|    iterations           | 128          |
|    time_elapsed         | 300          |
|    total_timesteps      | 1048576      |
| train/                  |              |
|    approx_kl            | 0.0069845906 |
|    clip_fraction        | 0.045        |
|    clip_range           | 0.2          |
|    entropy_loss         | -7.75        |
|    explained_variance   | 0.691        |
|    learning_rate        | 0.0003       |
|    loss                 | 5.8e+03      |
|    n_updates            | 1270         |
|    policy_gradient_loss | -0.00515     |
|    std                  | 0.885        |
|    value_loss           | 1.2e+04      |
------------------------------------------
Eval num_timesteps=1050000, episode_reward=380.68 +/- 501.56
Episode length: 169.20 +/- 99.54
Success rate: 40.00%
------------------------------------------
| eval/                   |              |
|    mean_ep_length       | 169          |
|    mean_reward          | 381          |
|    success_rate         | 0.4          |
| time/                   |              |
|    total_timesteps      | 1050000      |
| train/                  |              |
|    approx_kl            | 0.0055842116 |
|    clip_fraction        | 0.0406       |
|    clip_range           | 0.2          |
|    entropy_loss         | -7.75        |
|    explained_variance   | 0.716        |
|    learning_rate        | 0.0003       |
|    loss                 | 4.87e+03     |
|    n_updates            | 1280         |
|    policy_gradient_loss | -0.00461     |
|    std                  | 0.884        |
|    value_loss           | 1.19e+04     |
------------------------------------------
---------------------------------
| rollout/           |          |
|    ep_len_mean     | 161      |
|    ep_rew_mean     | 584      |
|    success_rate    | 0.51     |
| time/              |          |
|    fps             | 3481     |
|    iterations      | 129      |
|    time_elapsed    | 303      |
|    total_timesteps | 1056768  |
---------------------------------
------------------------------------------
| rollout/                |              |
|    ep_len_mean          | 154          |
|    ep_rew_mean          | 617          |
|    success_rate         | 0.54         |
| time/                   |              |
|    fps                  | 3483         |
|    iterations           | 130          |
|    time_elapsed         | 305          |
|    total_timesteps      | 1064960      |
| train/                  |              |
|    approx_kl            | 0.0051502683 |
|    clip_fraction        | 0.0462       |
|    clip_range           | 0.2          |
|    entropy_loss         | -7.74        |
|    explained_variance   | 0.749        |
|    learning_rate        | 0.0003       |
|    loss                 | 5.46e+03     |
|    n_updates            | 1290         |
|    policy_gradient_loss | -0.00561     |
|    std                  | 0.883        |
|    value_loss           | 9.86e+03     |
------------------------------------------
-----------------------------------------
| rollout/                |             |
|    ep_len_mean          | 150         |
|    ep_rew_mean          | 614         |
|    success_rate         | 0.56        |
| time/                   |             |
|    fps                  | 3485        |
|    iterations           | 131         |
|    time_elapsed         | 307         |
|    total_timesteps      | 1073152     |
| train/                  |             |
|    approx_kl            | 0.006211017 |
|    clip_fraction        | 0.0503      |
|    clip_range           | 0.2         |
|    entropy_loss         | -7.73       |
|    explained_variance   | 0.733       |
|    learning_rate        | 0.0003      |
|    loss                 | 4.31e+03    |
|    n_updates            | 1300        |
|    policy_gradient_loss | -0.00575    |
|    std                  | 0.882       |
|    value_loss           | 1.05e+04    |
-----------------------------------------
Eval num_timesteps=1075000, episode_reward=378.39 +/- 622.28
Episode length: 225.60 +/- 48.80
Success rate: 20.00%
----------------------------------------
| eval/                   |            |
|    mean_ep_length       | 226        |
|    mean_reward          | 378        |
|    success_rate         | 0.2        |
| time/                   |            |
|    total_timesteps      | 1075000    |
| train/                  |            |
|    approx_kl            | 0.00577366 |
|    clip_fraction        | 0.0348     |
|    clip_range           | 0.2        |
|    entropy_loss         | -7.74      |
|    explained_variance   | 0.768      |
|    learning_rate        | 0.0003     |
|    loss                 | 3.5e+03    |
|    n_updates            | 1310       |
|    policy_gradient_loss | -0.00491   |
|    std                  | 0.884      |
|    value_loss           | 9.57e+03   |
----------------------------------------
---------------------------------
| rollout/           |          |
|    ep_len_mean     | 153      |
|    ep_rew_mean     | 579      |
|    success_rate    | 0.54     |
| time/              |          |
|    fps             | 3480     |
|    iterations      | 132      |
|    time_elapsed    | 310      |
|    total_timesteps | 1081344  |
---------------------------------
-----------------------------------------
| rollout/                |             |
|    ep_len_mean          | 156         |
|    ep_rew_mean          | 564         |
|    success_rate         | 0.53        |
| time/                   |             |
|    fps                  | 3483        |
|    iterations           | 133         |
|    time_elapsed         | 312         |
|    total_timesteps      | 1089536     |
| train/                  |             |
|    approx_kl            | 0.005800221 |
|    clip_fraction        | 0.0383      |
|    clip_range           | 0.2         |
|    entropy_loss         | -7.74       |
|    explained_variance   | 0.722       |
|    learning_rate        | 0.0003      |
|    loss                 | 3.82e+03    |
|    n_updates            | 1320        |
|    policy_gradient_loss | -0.00459    |
|    std                  | 0.884       |
|    value_loss           | 1.08e+04    |
-----------------------------------------
------------------------------------------
| rollout/                |              |
|    ep_len_mean          | 160          |
|    ep_rew_mean          | 561          |
|    success_rate         | 0.51         |
| time/                   |              |
|    fps                  | 3484         |
|    iterations           | 134          |
|    time_elapsed         | 315          |
|    total_timesteps      | 1097728      |
| train/                  |              |
|    approx_kl            | 0.0052178786 |
|    clip_fraction        | 0.0271       |
|    clip_range           | 0.2          |
|    entropy_loss         | -7.74        |
|    explained_variance   | 0.738        |
|    learning_rate        | 0.0003       |
|    loss                 | 4.69e+03     |
|    n_updates            | 1330         |
|    policy_gradient_loss | -0.00354     |
|    std                  | 0.885        |
|    value_loss           | 8.97e+03     |
------------------------------------------
Eval num_timesteps=1100000, episode_reward=790.46 +/- 413.05
Episode length: 75.20 +/- 87.41
Success rate: 80.00%
------------------------------------------
| eval/                   |              |
|    mean_ep_length       | 75.2         |
|    mean_reward          | 790          |
|    success_rate         | 0.8          |
| time/                   |              |
|    total_timesteps      | 1100000      |
| train/                  |              |
|    approx_kl            | 0.0047904016 |
|    clip_fraction        | 0.0226       |
|    clip_range           | 0.2          |
|    entropy_loss         | -7.75        |
|    explained_variance   | 0.728        |
|    learning_rate        | 0.0003       |
|    loss                 | 5.72e+03     |
|    n_updates            | 1340         |
|    policy_gradient_loss | -0.00383     |
|    std                  | 0.884        |
|    value_loss           | 1.01e+04     |
------------------------------------------
New best mean reward!
---------------------------------
| rollout/           |          |
|    ep_len_mean     | 153      |
|    ep_rew_mean     | 699      |
|    success_rate    | 0.59     |
| time/              |          |
|    fps             | 3484     |
|    iterations      | 135      |
|    time_elapsed    | 317      |
|    total_timesteps | 1105920  |
---------------------------------
------------------------------------------
| rollout/                |              |
|    ep_len_mean          | 152          |
|    ep_rew_mean          | 653          |
|    success_rate         | 0.58         |
| time/                   |              |
|    fps                  | 3486         |
|    iterations           | 136          |
|    time_elapsed         | 319          |
|    total_timesteps      | 1114112      |
| train/                  |              |
|    approx_kl            | 0.0044444324 |
|    clip_fraction        | 0.0216       |
|    clip_range           | 0.2          |
|    entropy_loss         | -7.74        |
|    explained_variance   | 0.747        |
|    learning_rate        | 0.0003       |
|    loss                 | 4.02e+03     |
|    n_updates            | 1350         |
|    policy_gradient_loss | -0.00382     |
|    std                  | 0.884        |
|    value_loss           | 1.2e+04      |
------------------------------------------
------------------------------------------
| rollout/                |              |
|    ep_len_mean          | 158          |
|    ep_rew_mean          | 549          |
|    success_rate         | 0.5          |
| time/                   |              |
|    fps                  | 3487         |
|    iterations           | 137          |
|    time_elapsed         | 321          |
|    total_timesteps      | 1122304      |
| train/                  |              |
|    approx_kl            | 0.0042395266 |
|    clip_fraction        | 0.0354       |
|    clip_range           | 0.2          |
|    entropy_loss         | -7.73        |
|    explained_variance   | 0.757        |
|    learning_rate        | 0.0003       |
|    loss                 | 5.06e+03     |
|    n_updates            | 1360         |
|    policy_gradient_loss | -0.00515     |
|    std                  | 0.88         |
|    value_loss           | 8.6e+03      |
------------------------------------------
Eval num_timesteps=1125000, episode_reward=735.19 +/- 248.40
Episode length: 161.80 +/- 108.02
Success rate: 40.00%
-----------------------------------------
| eval/                   |             |
|    mean_ep_length       | 162         |
|    mean_reward          | 735         |
|    success_rate         | 0.4         |
| time/                   |             |
|    total_timesteps      | 1125000     |
| train/                  |             |
|    approx_kl            | 0.005549424 |
|    clip_fraction        | 0.0329      |
|    clip_range           | 0.2         |
|    entropy_loss         | -7.7        |
|    explained_variance   | 0.756       |
|    learning_rate        | 0.0003      |
|    loss                 | 4.55e+03    |
|    n_updates            | 1370        |
|    policy_gradient_loss | -0.00443    |
|    std                  | 0.877       |
|    value_loss           | 9.4e+03     |
-----------------------------------------
---------------------------------
| rollout/           |          |
|    ep_len_mean     | 140      |
|    ep_rew_mean     | 670      |
|    success_rate    | 0.6      |
| time/              |          |
|    fps             | 3485     |
|    iterations      | 138      |
|    time_elapsed    | 324      |
|    total_timesteps | 1130496  |
---------------------------------
----------------------------------------
| rollout/                |            |
|    ep_len_mean          | 141        |
|    ep_rew_mean          | 641        |
|    success_rate         | 0.6        |
| time/                   |            |
|    fps                  | 3486       |
|    iterations           | 139        |
|    time_elapsed         | 326        |
|    total_timesteps      | 1138688    |
| train/                  |            |
|    approx_kl            | 0.00499082 |
|    clip_fraction        | 0.0345     |
|    clip_range           | 0.2        |
|    entropy_loss         | -7.69      |
|    explained_variance   | 0.753      |
|    learning_rate        | 0.0003     |
|    loss                 | 4.35e+03   |
|    n_updates            | 1380       |
|    policy_gradient_loss | -0.00446   |
|    std                  | 0.876      |
|    value_loss           | 1.3e+04    |
----------------------------------------
-----------------------------------------
| rollout/                |             |
|    ep_len_mean          | 153         |
|    ep_rew_mean          | 622         |
|    success_rate         | 0.52        |
| time/                   |             |
|    fps                  | 3488        |
|    iterations           | 140         |
|    time_elapsed         | 328         |
|    total_timesteps      | 1146880     |
| train/                  |             |
|    approx_kl            | 0.004103902 |
|    clip_fraction        | 0.024       |
|    clip_range           | 0.2         |
|    entropy_loss         | -7.69       |
|    explained_variance   | 0.758       |
|    learning_rate        | 0.0003      |
|    loss                 | 4.89e+03    |
|    n_updates            | 1390        |
|    policy_gradient_loss | -0.0032     |
|    std                  | 0.875       |
|    value_loss           | 1.14e+04    |
-----------------------------------------
Eval num_timesteps=1150000, episode_reward=583.77 +/- 507.29
Episode length: 117.40 +/- 108.27
Success rate: 60.00%
------------------------------------------
| eval/                   |              |
|    mean_ep_length       | 117          |
|    mean_reward          | 584          |
|    success_rate         | 0.6          |
| time/                   |              |
|    total_timesteps      | 1150000      |
| train/                  |              |
|    approx_kl            | 0.0048649907 |
|    clip_fraction        | 0.0359       |
|    clip_range           | 0.2          |
|    entropy_loss         | -7.68        |
|    explained_variance   | 0.748        |
|    learning_rate        | 0.0003       |
|    loss                 | 3.86e+03     |
|    n_updates            | 1400         |
|    policy_gradient_loss | -0.00472     |
|    std                  | 0.875        |
|    value_loss           | 9.55e+03     |
------------------------------------------
---------------------------------
| rollout/           |          |
|    ep_len_mean     | 159      |
|    ep_rew_mean     | 675      |
|    success_rate    | 0.52     |
| time/              |          |
|    fps             | 3486     |
|    iterations      | 141      |
|    time_elapsed    | 331      |
|    total_timesteps | 1155072  |
---------------------------------
------------------------------------------
| rollout/                |              |
|    ep_len_mean          | 154          |
|    ep_rew_mean          | 653          |
|    success_rate         | 0.54         |
| time/                   |              |
|    fps                  | 3488         |
|    iterations           | 142          |
|    time_elapsed         | 333          |
|    total_timesteps      | 1163264      |
| train/                  |              |
|    approx_kl            | 0.0064067296 |
|    clip_fraction        | 0.042        |
|    clip_range           | 0.2          |
|    entropy_loss         | -7.68        |
|    explained_variance   | 0.78         |
|    learning_rate        | 0.0003       |
|    loss                 | 3.95e+03     |
|    n_updates            | 1410         |
|    policy_gradient_loss | -0.00545     |
|    std                  | 0.874        |
|    value_loss           | 1.11e+04     |
------------------------------------------
------------------------------------------
| rollout/                |              |
|    ep_len_mean          | 152          |
|    ep_rew_mean          | 601          |
|    success_rate         | 0.55         |
| time/                   |              |
|    fps                  | 3490         |
|    iterations           | 143          |
|    time_elapsed         | 335          |
|    total_timesteps      | 1171456      |
| train/                  |              |
|    approx_kl            | 0.0059062513 |
|    clip_fraction        | 0.0393       |
|    clip_range           | 0.2          |
|    entropy_loss         | -7.68        |
|    explained_variance   | 0.768        |
|    learning_rate        | 0.0003       |
|    loss                 | 5.13e+03     |
|    n_updates            | 1420         |
|    policy_gradient_loss | -0.00459     |
|    std                  | 0.874        |
|    value_loss           | 1.1e+04      |
------------------------------------------
Eval num_timesteps=1175000, episode_reward=537.48 +/- 420.63
Episode length: 161.60 +/- 108.27
Success rate: 40.00%
------------------------------------------
| eval/                   |              |
|    mean_ep_length       | 162          |
|    mean_reward          | 537          |
|    success_rate         | 0.4          |
| time/                   |              |
|    total_timesteps      | 1175000      |
| train/                  |              |
|    approx_kl            | 0.0064021847 |
|    clip_fraction        | 0.0417       |
|    clip_range           | 0.2          |
|    entropy_loss         | -7.68        |
|    explained_variance   | 0.741        |
|    learning_rate        | 0.0003       |
|    loss                 | 7.72e+03     |
|    n_updates            | 1430         |
|    policy_gradient_loss | -0.00519     |
|    std                  | 0.874        |
|    value_loss           | 1.33e+04     |
------------------------------------------
---------------------------------
| rollout/           |          |
|    ep_len_mean     | 154      |
|    ep_rew_mean     | 595      |
|    success_rate    | 0.54     |
| time/              |          |
|    fps             | 3488     |
|    iterations      | 144      |
|    time_elapsed    | 338      |
|    total_timesteps | 1179648  |
---------------------------------
-----------------------------------------
| rollout/                |             |
|    ep_len_mean          | 160         |
|    ep_rew_mean          | 563         |
|    success_rate         | 0.48        |
| time/                   |             |
|    fps                  | 3490        |
|    iterations           | 145         |
|    time_elapsed         | 340         |
|    total_timesteps      | 1187840     |
| train/                  |             |
|    approx_kl            | 0.006164044 |
|    clip_fraction        | 0.0485      |
|    clip_range           | 0.2         |
|    entropy_loss         | -7.68       |
|    explained_variance   | 0.731       |
|    learning_rate        | 0.0003      |
|    loss                 | 4.81e+03    |
|    n_updates            | 1440        |
|    policy_gradient_loss | -0.00542    |
|    std                  | 0.874       |
|    value_loss           | 9.72e+03    |
-----------------------------------------
------------------------------------------
| rollout/                |              |
|    ep_len_mean          | 154          |
|    ep_rew_mean          | 576          |
|    success_rate         | 0.51         |
| time/                   |              |
|    fps                  | 3492         |
|    iterations           | 146          |
|    time_elapsed         | 342          |
|    total_timesteps      | 1196032      |
| train/                  |              |
|    approx_kl            | 0.0056578782 |
|    clip_fraction        | 0.0391       |
|    clip_range           | 0.2          |
|    entropy_loss         | -7.68        |
|    explained_variance   | 0.746        |
|    learning_rate        | 0.0003       |
|    loss                 | 4.39e+03     |
|    n_updates            | 1450         |
|    policy_gradient_loss | -0.00454     |
|    std                  | 0.875        |
|    value_loss           | 9.99e+03     |
------------------------------------------
Eval num_timesteps=1200000, episode_reward=385.57 +/- 496.43
Episode length: 176.00 +/- 90.63
Success rate: 40.00%
------------------------------------------
| eval/                   |              |
|    mean_ep_length       | 176          |
|    mean_reward          | 386          |
|    success_rate         | 0.4          |
| time/                   |              |
|    total_timesteps      | 1200000      |
| train/                  |              |
|    approx_kl            | 0.0055611045 |
|    clip_fraction        | 0.0419       |
|    clip_range           | 0.2          |
|    entropy_loss         | -7.69        |
|    explained_variance   | 0.791        |
|    learning_rate        | 0.0003       |
|    loss                 | 5.06e+03     |
|    n_updates            | 1460         |
|    policy_gradient_loss | -0.00515     |
|    std                  | 0.876        |
|    value_loss           | 1.03e+04     |
------------------------------------------
---------------------------------
| rollout/           |          |
|    ep_len_mean     | 148      |
|    ep_rew_mean     | 680      |
|    success_rate    | 0.54     |
| time/              |          |
|    fps             | 3489     |
|    iterations      | 147      |
|    time_elapsed    | 345      |
|    total_timesteps | 1204224  |
---------------------------------
-----------------------------------------
| rollout/                |             |
|    ep_len_mean          | 152         |
|    ep_rew_mean          | 701         |
|    success_rate         | 0.54        |
| time/                   |             |
|    fps                  | 3491        |
|    iterations           | 148         |
|    time_elapsed         | 347         |
|    total_timesteps      | 1212416     |
| train/                  |             |
|    approx_kl            | 0.005303948 |
|    clip_fraction        | 0.0407      |
|    clip_range           | 0.2         |
|    entropy_loss         | -7.69       |
|    explained_variance   | 0.773       |
|    learning_rate        | 0.0003      |
|    loss                 | 3.14e+03    |
|    n_updates            | 1470        |
|    policy_gradient_loss | -0.00498    |
|    std                  | 0.875       |
|    value_loss           | 1.1e+04     |
-----------------------------------------
------------------------------------------
| rollout/                |              |
|    ep_len_mean          | 143          |
|    ep_rew_mean          | 666          |
|    success_rate         | 0.58         |
| time/                   |              |
|    fps                  | 3493         |
|    iterations           | 149          |
|    time_elapsed         | 349          |
|    total_timesteps      | 1220608      |
| train/                  |              |
|    approx_kl            | 0.0061142957 |
|    clip_fraction        | 0.034        |
|    clip_range           | 0.2          |
|    entropy_loss         | -7.67        |
|    explained_variance   | 0.714        |
|    learning_rate        | 0.0003       |
|    loss                 | 7.71e+03     |
|    n_updates            | 1480         |
|    policy_gradient_loss | -0.00445     |
|    std                  | 0.873        |
|    value_loss           | 1.51e+04     |
------------------------------------------
Eval num_timesteps=1225000, episode_reward=784.02 +/- 319.51
Episode length: 117.60 +/- 108.10
Success rate: 60.00%
-----------------------------------------
| eval/                   |             |
|    mean_ep_length       | 118         |
|    mean_reward          | 784         |
|    success_rate         | 0.6         |
| time/                   |             |
|    total_timesteps      | 1225000     |
| train/                  |             |
|    approx_kl            | 0.004584632 |
|    clip_fraction        | 0.0291      |
|    clip_range           | 0.2         |
|    entropy_loss         | -7.67       |
|    explained_variance   | 0.811       |
|    learning_rate        | 0.0003      |
|    loss                 | 5.12e+03    |
|    n_updates            | 1490        |
|    policy_gradient_loss | -0.00511    |
|    std                  | 0.872       |
|    value_loss           | 1.05e+04    |
-----------------------------------------
---------------------------------
| rollout/           |          |
|    ep_len_mean     | 138      |
|    ep_rew_mean     | 650      |
|    success_rate    | 0.58     |
| time/              |          |
|    fps             | 3492     |
|    iterations      | 150      |
|    time_elapsed    | 351      |
|    total_timesteps | 1228800  |
---------------------------------
------------------------------------------
| rollout/                |              |
|    ep_len_mean          | 142          |
|    ep_rew_mean          | 624          |
|    success_rate         | 0.56         |
| time/                   |              |
|    fps                  | 3494         |
|    iterations           | 151          |
|    time_elapsed         | 354          |
|    total_timesteps      | 1236992      |
| train/                  |              |
|    approx_kl            | 0.0052290335 |
|    clip_fraction        | 0.0336       |
|    clip_range           | 0.2          |
|    entropy_loss         | -7.66        |
|    explained_variance   | 0.786        |
|    learning_rate        | 0.0003       |
|    loss                 | 4.78e+03     |
|    n_updates            | 1500         |
|    policy_gradient_loss | -0.00453     |
|    std                  | 0.871        |
|    value_loss           | 1.12e+04     |
------------------------------------------
------------------------------------------
| rollout/                |              |
|    ep_len_mean          | 123          |
|    ep_rew_mean          | 744          |
|    success_rate         | 0.64         |
| time/                   |              |
|    fps                  | 3496         |
|    iterations           | 152          |
|    time_elapsed         | 356          |
|    total_timesteps      | 1245184      |
| train/                  |              |
|    approx_kl            | 0.0050322134 |
|    clip_fraction        | 0.0374       |
|    clip_range           | 0.2          |
|    entropy_loss         | -7.65        |
|    explained_variance   | 0.798        |
|    learning_rate        | 0.0003       |
|    loss                 | 7.79e+03     |
|    n_updates            | 1510         |
|    policy_gradient_loss | -0.00619     |
|    std                  | 0.87         |
|    value_loss           | 1.25e+04     |
------------------------------------------
Eval num_timesteps=1250000, episode_reward=950.57 +/- 94.07
Episode length: 73.00 +/- 88.50
Success rate: 80.00%
------------------------------------------
| eval/                   |              |
|    mean_ep_length       | 73           |
|    mean_reward          | 951          |
|    success_rate         | 0.8          |
| time/                   |              |
|    total_timesteps      | 1250000      |
| train/                  |              |
|    approx_kl            | 0.0050991653 |
|    clip_fraction        | 0.0351       |
|    clip_range           | 0.2          |
|    entropy_loss         | -7.64        |
|    explained_variance   | 0.822        |
|    learning_rate        | 0.0003       |
|    loss                 | 4.76e+03     |
|    n_updates            | 1520         |
|    policy_gradient_loss | -0.00483     |
|    std                  | 0.867        |
|    value_loss           | 1.12e+04     |
------------------------------------------
New best mean reward!
---------------------------------
| rollout/           |          |
|    ep_len_mean     | 137      |
|    ep_rew_mean     | 711      |
|    success_rate    | 0.6      |
| time/              |          |
|    fps             | 3496     |
|    iterations      | 153      |
|    time_elapsed    | 358      |
|    total_timesteps | 1253376  |
---------------------------------
-----------------------------------------
| rollout/                |             |
|    ep_len_mean          | 151         |
|    ep_rew_mean          | 644         |
|    success_rate         | 0.53        |
| time/                   |             |
|    fps                  | 3498        |
|    iterations           | 154         |
|    time_elapsed         | 360         |
|    total_timesteps      | 1261568     |
| train/                  |             |
|    approx_kl            | 0.005203262 |
|    clip_fraction        | 0.0354      |
|    clip_range           | 0.2         |
|    entropy_loss         | -7.62       |
|    explained_variance   | 0.837       |
|    learning_rate        | 0.0003      |
|    loss                 | 4.8e+03     |
|    n_updates            | 1530        |
|    policy_gradient_loss | -0.00464    |
|    std                  | 0.866       |
|    value_loss           | 8.82e+03    |
-----------------------------------------
-----------------------------------------
| rollout/                |             |
|    ep_len_mean          | 142         |
|    ep_rew_mean          | 676         |
|    success_rate         | 0.56        |
| time/                   |             |
|    fps                  | 3499        |
|    iterations           | 155         |
|    time_elapsed         | 362         |
|    total_timesteps      | 1269760     |
| train/                  |             |
|    approx_kl            | 0.005521835 |
|    clip_fraction        | 0.0521      |
|    clip_range           | 0.2         |
|    entropy_loss         | -7.62       |
|    explained_variance   | 0.847       |
|    learning_rate        | 0.0003      |
|    loss                 | 3.88e+03    |
|    n_updates            | 1540        |
|    policy_gradient_loss | -0.00596    |
|    std                  | 0.866       |
|    value_loss           | 8.34e+03    |
-----------------------------------------
Eval num_timesteps=1275000, episode_reward=750.74 +/- 389.37
Episode length: 117.40 +/- 108.27
Success rate: 60.00%
------------------------------------------
| eval/                   |              |
|    mean_ep_length       | 117          |
|    mean_reward          | 751          |
|    success_rate         | 0.6          |
| time/                   |              |
|    total_timesteps      | 1275000      |
| train/                  |              |
|    approx_kl            | 0.0046877596 |
|    clip_fraction        | 0.0319       |
|    clip_range           | 0.2          |
|    entropy_loss         | -7.62        |
|    explained_variance   | 0.832        |
|    learning_rate        | 0.0003       |
|    loss                 | 4.47e+03     |
|    n_updates            | 1550         |
|    policy_gradient_loss | -0.0044      |
|    std                  | 0.866        |
|    value_loss           | 9.25e+03     |
------------------------------------------
---------------------------------
| rollout/           |          |
|    ep_len_mean     | 142      |
|    ep_rew_mean     | 689      |
|    success_rate    | 0.58     |
| time/              |          |
|    fps             | 3498     |
|    iterations      | 156      |
|    time_elapsed    | 365      |
|    total_timesteps | 1277952  |
---------------------------------
-----------------------------------------
| rollout/                |             |
|    ep_len_mean          | 144         |
|    ep_rew_mean          | 644         |
|    success_rate         | 0.57        |
| time/                   |             |
|    fps                  | 3500        |
|    iterations           | 157         |
|    time_elapsed         | 367         |
|    total_timesteps      | 1286144     |
| train/                  |             |
|    approx_kl            | 0.006167668 |
|    clip_fraction        | 0.0468      |
|    clip_range           | 0.2         |
|    entropy_loss         | -7.61       |
|    explained_variance   | 0.819       |
|    learning_rate        | 0.0003      |
|    loss                 | 6.27e+03    |
|    n_updates            | 1560        |
|    policy_gradient_loss | -0.00597    |
|    std                  | 0.865       |
|    value_loss           | 1e+04       |
-----------------------------------------
------------------------------------------
| rollout/                |              |
|    ep_len_mean          | 135          |
|    ep_rew_mean          | 672          |
|    success_rate         | 0.61         |
| time/                   |              |
|    fps                  | 3502         |
|    iterations           | 158          |
|    time_elapsed         | 369          |
|    total_timesteps      | 1294336      |
| train/                  |              |
|    approx_kl            | 0.0059868516 |
|    clip_fraction        | 0.0352       |
|    clip_range           | 0.2          |
|    entropy_loss         | -7.61        |
|    explained_variance   | 0.765        |
|    learning_rate        | 0.0003       |
|    loss                 | 6.19e+03     |
|    n_updates            | 1570         |
|    policy_gradient_loss | -0.00477     |
|    std                  | 0.865        |
|    value_loss           | 1.26e+04     |
------------------------------------------
Eval num_timesteps=1300000, episode_reward=953.87 +/- 89.85
Episode length: 74.00 +/- 88.01
Success rate: 80.00%
------------------------------------------
| eval/                   |              |
|    mean_ep_length       | 74           |
|    mean_reward          | 954          |
|    success_rate         | 0.8          |
| time/                   |              |
|    total_timesteps      | 1300000      |
| train/                  |              |
|    approx_kl            | 0.0044268114 |
|    clip_fraction        | 0.032        |
|    clip_range           | 0.2          |
|    entropy_loss         | -7.61        |
|    explained_variance   | 0.846        |
|    learning_rate        | 0.0003       |
|    loss                 | 4.23e+03     |
|    n_updates            | 1580         |
|    policy_gradient_loss | -0.0039      |
|    std                  | 0.865        |
|    value_loss           | 8.88e+03     |
------------------------------------------
New best mean reward!
---------------------------------
| rollout/           |          |
|    ep_len_mean     | 141      |
|    ep_rew_mean     | 659      |
|    success_rate    | 0.59     |
| time/              |          |
|    fps             | 3502     |
|    iterations      | 159      |
|    time_elapsed    | 371      |
|    total_timesteps | 1302528  |
---------------------------------
-----------------------------------------
| rollout/                |             |
|    ep_len_mean          | 147         |
|    ep_rew_mean          | 637         |
|    success_rate         | 0.55        |
| time/                   |             |
|    fps                  | 3503        |
|    iterations           | 160         |
|    time_elapsed         | 374         |
|    total_timesteps      | 1310720     |
| train/                  |             |
|    approx_kl            | 0.005348839 |
|    clip_fraction        | 0.0413      |
|    clip_range           | 0.2         |
|    entropy_loss         | -7.61       |
|    explained_variance   | 0.837       |
|    learning_rate        | 0.0003      |
|    loss                 | 5.04e+03    |
|    n_updates            | 1590        |
|    policy_gradient_loss | -0.0056     |
|    std                  | 0.864       |
|    value_loss           | 9.05e+03    |
-----------------------------------------
-----------------------------------------
| rollout/                |             |
|    ep_len_mean          | 147         |
|    ep_rew_mean          | 641         |
|    success_rate         | 0.56        |
| time/                   |             |
|    fps                  | 3505        |
|    iterations           | 161         |
|    time_elapsed         | 376         |
|    total_timesteps      | 1318912     |
| train/                  |             |
|    approx_kl            | 0.005359248 |
|    clip_fraction        | 0.0255      |
|    clip_range           | 0.2         |
|    entropy_loss         | -7.6        |
|    explained_variance   | 0.806       |
|    learning_rate        | 0.0003      |
|    loss                 | 4.96e+03    |
|    n_updates            | 1600        |
|    policy_gradient_loss | -0.00377    |
|    std                  | 0.864       |
|    value_loss           | 1.06e+04    |
-----------------------------------------
Eval num_timesteps=1325000, episode_reward=614.73 +/- 403.85
Episode length: 161.60 +/- 108.27
Success rate: 40.00%
------------------------------------------
| eval/                   |              |
|    mean_ep_length       | 162          |
|    mean_reward          | 615          |
|    success_rate         | 0.4          |
| time/                   |              |
|    total_timesteps      | 1325000      |
| train/                  |              |
|    approx_kl            | 0.0062568225 |
|    clip_fraction        | 0.049        |
|    clip_range           | 0.2          |
|    entropy_loss         | -7.59        |
|    explained_variance   | 0.818        |
|    learning_rate        | 0.0003       |
|    loss                 | 3.87e+03     |
|    n_updates            | 1610         |
|    policy_gradient_loss | -0.00486     |
|    std                  | 0.862        |
|    value_loss           | 8.89e+03     |
------------------------------------------
---------------------------------
| rollout/           |          |
|    ep_len_mean     | 131      |
|    ep_rew_mean     | 682      |
|    success_rate    | 0.62     |
| time/              |          |
|    fps             | 3502     |
|    iterations      | 162      |
|    time_elapsed    | 378      |
|    total_timesteps | 1327104  |
---------------------------------
-----------------------------------------
| rollout/                |             |
|    ep_len_mean          | 136         |
|    ep_rew_mean          | 701         |
|    success_rate         | 0.61        |
| time/                   |             |
|    fps                  | 3504        |
|    iterations           | 163         |
|    time_elapsed         | 381         |
|    total_timesteps      | 1335296     |
| train/                  |             |
|    approx_kl            | 0.005008077 |
|    clip_fraction        | 0.0384      |
|    clip_range           | 0.2         |
|    entropy_loss         | -7.59       |
|    explained_variance   | 0.81        |
|    learning_rate        | 0.0003      |
|    loss                 | 5.47e+03    |
|    n_updates            | 1620        |
|    policy_gradient_loss | -0.00492    |
|    std                  | 0.863       |
|    value_loss           | 1.14e+04    |
-----------------------------------------
-----------------------------------------
| rollout/                |             |
|    ep_len_mean          | 128         |
|    ep_rew_mean          | 732         |
|    success_rate         | 0.65        |
| time/                   |             |
|    fps                  | 3506        |
|    iterations           | 164         |
|    time_elapsed         | 383         |
|    total_timesteps      | 1343488     |
| train/                  |             |
|    approx_kl            | 0.006605617 |
|    clip_fraction        | 0.0415      |
|    clip_range           | 0.2         |
|    entropy_loss         | -7.59       |
|    explained_variance   | 0.838       |
|    learning_rate        | 0.0003      |
|    loss                 | 2.99e+03    |
|    n_updates            | 1630        |
|    policy_gradient_loss | -0.00504    |
|    std                  | 0.862       |
|    value_loss           | 8.84e+03    |
-----------------------------------------
Eval num_timesteps=1350000, episode_reward=873.31 +/- 479.90
Episode length: 77.00 +/- 86.57
Success rate: 80.00%
-----------------------------------------
| eval/                   |             |
|    mean_ep_length       | 77          |
|    mean_reward          | 873         |
|    success_rate         | 0.8         |
| time/                   |             |
|    total_timesteps      | 1350000     |
| train/                  |             |
|    approx_kl            | 0.005857205 |
|    clip_fraction        | 0.0477      |
|    clip_range           | 0.2         |
|    entropy_loss         | -7.58       |
|    explained_variance   | 0.809       |
|    learning_rate        | 0.0003      |
|    loss                 | 8.17e+03    |
|    n_updates            | 1640        |
|    policy_gradient_loss | -0.00528    |
|    std                  | 0.861       |
|    value_loss           | 1.22e+04    |
-----------------------------------------
---------------------------------
| rollout/           |          |
|    ep_len_mean     | 119      |
|    ep_rew_mean     | 779      |
|    success_rate    | 0.66     |
| time/              |          |
|    fps             | 3505     |
|    iterations      | 165      |
|    time_elapsed    | 385      |
|    total_timesteps | 1351680  |
---------------------------------
-----------------------------------------
| rollout/                |             |
|    ep_len_mean          | 120         |
|    ep_rew_mean          | 747         |
|    success_rate         | 0.67        |
| time/                   |             |
|    fps                  | 3507        |
|    iterations           | 166         |
|    time_elapsed         | 387         |
|    total_timesteps      | 1359872     |
| train/                  |             |
|    approx_kl            | 0.005310316 |
|    clip_fraction        | 0.0282      |
|    clip_range           | 0.2         |
|    entropy_loss         | -7.58       |
|    explained_variance   | 0.808       |
|    learning_rate        | 0.0003      |
|    loss                 | 6.44e+03    |
|    n_updates            | 1650        |
|    policy_gradient_loss | -0.00377    |
|    std                  | 0.861       |
|    value_loss           | 1.26e+04    |
-----------------------------------------
------------------------------------------
| rollout/                |              |
|    ep_len_mean          | 114          |
|    ep_rew_mean          | 713          |
|    success_rate         | 0.67         |
| time/                   |              |
|    fps                  | 3508         |
|    iterations           | 167          |
|    time_elapsed         | 389          |
|    total_timesteps      | 1368064      |
| train/                  |              |
|    approx_kl            | 0.0049993386 |
|    clip_fraction        | 0.0435       |
|    clip_range           | 0.2          |
|    entropy_loss         | -7.58        |
|    explained_variance   | 0.817        |
|    learning_rate        | 0.0003       |
|    loss                 | 5.79e+03     |
|    n_updates            | 1660         |
|    policy_gradient_loss | -0.00521     |
|    std                  | 0.861        |
|    value_loss           | 1.11e+04     |
------------------------------------------
Eval num_timesteps=1375000, episode_reward=702.76 +/- 409.05
Episode length: 118.40 +/- 107.45
Success rate: 60.00%
-----------------------------------------
| eval/                   |             |
|    mean_ep_length       | 118         |
|    mean_reward          | 703         |
|    success_rate         | 0.6         |
| time/                   |             |
|    total_timesteps      | 1375000     |
| train/                  |             |
|    approx_kl            | 0.005787843 |
|    clip_fraction        | 0.0556      |
|    clip_range           | 0.2         |
|    entropy_loss         | -7.57       |
|    explained_variance   | 0.849       |
|    learning_rate        | 0.0003      |
|    loss                 | 4.76e+03    |
|    n_updates            | 1670        |
|    policy_gradient_loss | -0.00599    |
|    std                  | 0.86        |
|    value_loss           | 9.45e+03    |
-----------------------------------------
---------------------------------
| rollout/           |          |
|    ep_len_mean     | 111      |
|    ep_rew_mean     | 756      |
|    success_rate    | 0.71     |
| time/              |          |
|    fps             | 3507     |
|    iterations      | 168      |
|    time_elapsed    | 392      |
|    total_timesteps | 1376256  |
---------------------------------
-----------------------------------------
| rollout/                |             |
|    ep_len_mean          | 117         |
|    ep_rew_mean          | 796         |
|    success_rate         | 0.71        |
| time/                   |             |
|    fps                  | 3507        |
|    iterations           | 169         |
|    time_elapsed         | 394         |
|    total_timesteps      | 1384448     |
| train/                  |             |
|    approx_kl            | 0.004701252 |
|    clip_fraction        | 0.0295      |
|    clip_range           | 0.2         |
|    entropy_loss         | -7.57       |
|    explained_variance   | 0.79        |
|    learning_rate        | 0.0003      |
|    loss                 | 6.71e+03    |
|    n_updates            | 1680        |
|    policy_gradient_loss | -0.00458    |
|    std                  | 0.86        |
|    value_loss           | 1.65e+04    |
-----------------------------------------
-----------------------------------------
| rollout/                |             |
|    ep_len_mean          | 128         |
|    ep_rew_mean          | 742         |
|    success_rate         | 0.65        |
| time/                   |             |
|    fps                  | 3509        |
|    iterations           | 170         |
|    time_elapsed         | 396         |
|    total_timesteps      | 1392640     |
| train/                  |             |
|    approx_kl            | 0.004953557 |
|    clip_fraction        | 0.0438      |
|    clip_range           | 0.2         |
|    entropy_loss         | -7.57       |
|    explained_variance   | 0.837       |
|    learning_rate        | 0.0003      |
|    loss                 | 6.52e+03    |
|    n_updates            | 1690        |
|    policy_gradient_loss | -0.00602    |
|    std                  | 0.86        |
|    value_loss           | 1.16e+04    |
-----------------------------------------
Eval num_timesteps=1400000, episode_reward=540.43 +/- 474.56
Episode length: 162.60 +/- 107.05
Success rate: 40.00%
------------------------------------------
| eval/                   |              |
|    mean_ep_length       | 163          |
|    mean_reward          | 540          |
|    success_rate         | 0.4          |
| time/                   |              |
|    total_timesteps      | 1400000      |
| train/                  |              |
|    approx_kl            | 0.0056138597 |
|    clip_fraction        | 0.0347       |
|    clip_range           | 0.2          |
|    entropy_loss         | -7.57        |
|    explained_variance   | 0.84         |
|    learning_rate        | 0.0003       |
|    loss                 | 4.18e+03     |
|    n_updates            | 1700         |
|    policy_gradient_loss | -0.00493     |
|    std                  | 0.859        |
|    value_loss           | 1.15e+04     |
------------------------------------------
---------------------------------
| rollout/           |          |
|    ep_len_mean     | 132      |
|    ep_rew_mean     | 664      |
|    success_rate    | 0.6      |
| time/              |          |
|    fps             | 3507     |
|    iterations      | 171      |
|    time_elapsed    | 399      |
|    total_timesteps | 1400832  |
---------------------------------
-----------------------------------------
| rollout/                |             |
|    ep_len_mean          | 114         |
|    ep_rew_mean          | 754         |
|    success_rate         | 0.72        |
| time/                   |             |
|    fps                  | 3508        |
|    iterations           | 172         |
|    time_elapsed         | 401         |
|    total_timesteps      | 1409024     |
| train/                  |             |
|    approx_kl            | 0.005566975 |
|    clip_fraction        | 0.0419      |
|    clip_range           | 0.2         |
|    entropy_loss         | -7.56       |
|    explained_variance   | 0.829       |
|    learning_rate        | 0.0003      |
|    loss                 | 4.31e+03    |
|    n_updates            | 1710        |
|    policy_gradient_loss | -0.00547    |
|    std                  | 0.858       |
|    value_loss           | 1.17e+04    |
-----------------------------------------
------------------------------------------
| rollout/                |              |
|    ep_len_mean          | 105          |
|    ep_rew_mean          | 820          |
|    success_rate         | 0.77         |
| time/                   |              |
|    fps                  | 3510         |
|    iterations           | 173          |
|    time_elapsed         | 403          |
|    total_timesteps      | 1417216      |
| train/                  |              |
|    approx_kl            | 0.0043667923 |
|    clip_fraction        | 0.0258       |
|    clip_range           | 0.2          |
|    entropy_loss         | -7.56        |
|    explained_variance   | 0.806        |
|    learning_rate        | 0.0003       |
|    loss                 | 7.5e+03      |
|    n_updates            | 1720         |
|    policy_gradient_loss | -0.00391     |
|    std                  | 0.86         |
|    value_loss           | 1.37e+04     |
------------------------------------------
Eval num_timesteps=1425000, episode_reward=630.44 +/- 457.57
Episode length: 118.00 +/- 107.78
Success rate: 60.00%
-----------------------------------------
| eval/                   |             |
|    mean_ep_length       | 118         |
|    mean_reward          | 630         |
|    success_rate         | 0.6         |
| time/                   |             |
|    total_timesteps      | 1425000     |
| train/                  |             |
|    approx_kl            | 0.004045069 |
|    clip_fraction        | 0.0286      |
|    clip_range           | 0.2         |
|    entropy_loss         | -7.57       |
|    explained_variance   | 0.82        |
|    learning_rate        | 0.0003      |
|    loss                 | 5.44e+03    |
|    n_updates            | 1730        |
|    policy_gradient_loss | -0.00414    |
|    std                  | 0.86        |
|    value_loss           | 1.26e+04    |
-----------------------------------------
---------------------------------
| rollout/           |          |
|    ep_len_mean     | 106      |
|    ep_rew_mean     | 811      |
|    success_rate    | 0.75     |
| time/              |          |
|    fps             | 3508     |
|    iterations      | 174      |
|    time_elapsed    | 406      |
|    total_timesteps | 1425408  |
---------------------------------
----------------------------------------
| rollout/                |            |
|    ep_len_mean          | 112        |
|    ep_rew_mean          | 749        |
|    success_rate         | 0.71       |
| time/                   |            |
|    fps                  | 3510       |
|    iterations           | 175        |
|    time_elapsed         | 408        |
|    total_timesteps      | 1433600    |
| train/                  |            |
|    approx_kl            | 0.00609505 |
|    clip_fraction        | 0.0417     |
|    clip_range           | 0.2        |
|    entropy_loss         | -7.56      |
|    explained_variance   | 0.845      |
|    learning_rate        | 0.0003     |
|    loss                 | 4.73e+03   |
|    n_updates            | 1740       |
|    policy_gradient_loss | -0.00603   |
|    std                  | 0.859      |
|    value_loss           | 1.09e+04   |
----------------------------------------
------------------------------------------
| rollout/                |              |
|    ep_len_mean          | 114          |
|    ep_rew_mean          | 761          |
|    success_rate         | 0.69         |
| time/                   |              |
|    fps                  | 3511         |
|    iterations           | 176          |
|    time_elapsed         | 410          |
|    total_timesteps      | 1441792      |
| train/                  |              |
|    approx_kl            | 0.0053494144 |
|    clip_fraction        | 0.0542       |
|    clip_range           | 0.2          |
|    entropy_loss         | -7.56        |
|    explained_variance   | 0.844        |
|    learning_rate        | 0.0003       |
|    loss                 | 5.27e+03     |
|    n_updates            | 1750         |
|    policy_gradient_loss | -0.006       |
|    std                  | 0.859        |
|    value_loss           | 1.1e+04      |
------------------------------------------
-----------------------------------------
| rollout/                |             |
|    ep_len_mean          | 108         |
|    ep_rew_mean          | 799         |
|    success_rate         | 0.71        |
| time/                   |             |
|    fps                  | 3513        |
|    iterations           | 177         |
|    time_elapsed         | 412         |
|    total_timesteps      | 1449984     |
| train/                  |             |
|    approx_kl            | 0.006333713 |
|    clip_fraction        | 0.0476      |
|    clip_range           | 0.2         |
|    entropy_loss         | -7.56       |
|    explained_variance   | 0.844       |
|    learning_rate        | 0.0003      |
|    loss                 | 2.93e+03    |
|    n_updates            | 1760        |
|    policy_gradient_loss | -0.00549    |
|    std                  | 0.859       |
|    value_loss           | 1.01e+04    |
-----------------------------------------
Eval num_timesteps=1450000, episode_reward=587.61 +/- 502.96
Episode length: 118.20 +/- 107.61
Success rate: 60.00%
-----------------------------------------
| eval/                   |             |
|    mean_ep_length       | 118         |
|    mean_reward          | 588         |
|    success_rate         | 0.6         |
| time/                   |             |
|    total_timesteps      | 1450000     |
| train/                  |             |
|    approx_kl            | 0.005788749 |
|    clip_fraction        | 0.0435      |
|    clip_range           | 0.2         |
|    entropy_loss         | -7.56       |
|    explained_variance   | 0.819       |
|    learning_rate        | 0.0003      |
|    loss                 | 5.84e+03    |
|    n_updates            | 1770        |
|    policy_gradient_loss | -0.00521    |
|    std                  | 0.858       |
|    value_loss           | 1.32e+04    |
-----------------------------------------
---------------------------------
| rollout/           |          |
|    ep_len_mean     | 118      |
|    ep_rew_mean     | 758      |
|    success_rate    | 0.66     |
| time/              |          |
|    fps             | 3512     |
|    iterations      | 178      |
|    time_elapsed    | 415      |
|    total_timesteps | 1458176  |
---------------------------------
------------------------------------------
| rollout/                |              |
|    ep_len_mean          | 112          |
|    ep_rew_mean          | 811          |
|    success_rate         | 0.72         |
| time/                   |              |
|    fps                  | 3513         |
|    iterations           | 179          |
|    time_elapsed         | 417          |
|    total_timesteps      | 1466368      |
| train/                  |              |
|    approx_kl            | 0.0055457223 |
|    clip_fraction        | 0.0347       |
|    clip_range           | 0.2          |
|    entropy_loss         | -7.55        |
|    explained_variance   | 0.832        |
|    learning_rate        | 0.0003       |
|    loss                 | 4e+03        |
|    n_updates            | 1780         |
|    policy_gradient_loss | -0.00374     |
|    std                  | 0.857        |
|    value_loss           | 9.72e+03     |
------------------------------------------
-----------------------------------------
| rollout/                |             |
|    ep_len_mean          | 108         |
|    ep_rew_mean          | 802         |
|    success_rate         | 0.74        |
| time/                   |             |
|    fps                  | 3514        |
|    iterations           | 180         |
|    time_elapsed         | 419         |
|    total_timesteps      | 1474560     |
| train/                  |             |
|    approx_kl            | 0.005313403 |
|    clip_fraction        | 0.0274      |
|    clip_range           | 0.2         |
|    entropy_loss         | -7.55       |
|    explained_variance   | 0.765       |
|    learning_rate        | 0.0003      |
|    loss                 | 6.79e+03    |
|    n_updates            | 1790        |
|    policy_gradient_loss | -0.0034     |
|    std                  | 0.858       |
|    value_loss           | 1.66e+04    |
-----------------------------------------
Eval num_timesteps=1475000, episode_reward=586.83 +/- 505.04
Episode length: 119.00 +/- 106.96
Success rate: 60.00%
------------------------------------------
| eval/                   |              |
|    mean_ep_length       | 119          |
|    mean_reward          | 587          |
|    success_rate         | 0.6          |
| time/                   |              |
|    total_timesteps      | 1475000      |
| train/                  |              |
|    approx_kl            | 0.0049901693 |
|    clip_fraction        | 0.0368       |
|    clip_range           | 0.2          |
|    entropy_loss         | -7.55        |
|    explained_variance   | 0.849        |
|    learning_rate        | 0.0003       |
|    loss                 | 4.15e+03     |
|    n_updates            | 1800         |
|    policy_gradient_loss | -0.00454     |
|    std                  | 0.857        |
|    value_loss           | 1e+04        |
------------------------------------------
---------------------------------
| rollout/           |          |
|    ep_len_mean     | 117      |
|    ep_rew_mean     | 744      |
|    success_rate    | 0.69     |
| time/              |          |
|    fps             | 3513     |
|    iterations      | 181      |
|    time_elapsed    | 422      |
|    total_timesteps | 1482752  |
---------------------------------
----------------------------------------
| rollout/                |            |
|    ep_len_mean          | 99.2       |
|    ep_rew_mean          | 822        |
|    success_rate         | 0.76       |
| time/                   |            |
|    fps                  | 3515       |
|    iterations           | 182        |
|    time_elapsed         | 424        |
|    total_timesteps      | 1490944    |
| train/                  |            |
|    approx_kl            | 0.00523661 |
|    clip_fraction        | 0.0317     |
|    clip_range           | 0.2        |
|    entropy_loss         | -7.54      |
|    explained_variance   | 0.817      |
|    learning_rate        | 0.0003     |
|    loss                 | 6.54e+03   |
|    n_updates            | 1810       |
|    policy_gradient_loss | -0.00452   |
|    std                  | 0.857      |
|    value_loss           | 1.33e+04   |
----------------------------------------
------------------------------------------
| rollout/                |              |
|    ep_len_mean          | 98.2         |
|    ep_rew_mean          | 815          |
|    success_rate         | 0.77         |
| time/                   |              |
|    fps                  | 3516         |
|    iterations           | 183          |
|    time_elapsed         | 426          |
|    total_timesteps      | 1499136      |
| train/                  |              |
|    approx_kl            | 0.0054009277 |
|    clip_fraction        | 0.0331       |
|    clip_range           | 0.2          |
|    entropy_loss         | -7.54        |
|    explained_variance   | 0.82         |
|    learning_rate        | 0.0003       |
|    loss                 | 5.82e+03     |
|    n_updates            | 1820         |
|    policy_gradient_loss | -0.00417     |
|    std                  | 0.856        |
|    value_loss           | 1.32e+04     |
------------------------------------------
Eval num_timesteps=1500000, episode_reward=585.14 +/- 504.27
Episode length: 123.40 +/- 103.95
Success rate: 60.00%
-----------------------------------------
| eval/                   |             |
|    mean_ep_length       | 123         |
|    mean_reward          | 585         |
|    success_rate         | 0.6         |
| time/                   |             |
|    total_timesteps      | 1500000     |
| train/                  |             |
|    approx_kl            | 0.005300696 |
|    clip_fraction        | 0.0416      |
|    clip_range           | 0.2         |
|    entropy_loss         | -7.54       |
|    explained_variance   | 0.83        |
|    learning_rate        | 0.0003      |
|    loss                 | 5.55e+03    |
|    n_updates            | 1830        |
|    policy_gradient_loss | -0.00561    |
|    std                  | 0.857       |
|    value_loss           | 1.07e+04    |
-----------------------------------------
---------------------------------
| rollout/           |          |
|    ep_len_mean     | 121      |
|    ep_rew_mean     | 724      |
|    success_rate    | 0.68     |
| time/              |          |
|    fps             | 3515     |
|    iterations      | 184      |
|    time_elapsed    | 428      |
|    total_timesteps | 1507328  |
---------------------------------
------------------------------------------
| rollout/                |              |
|    ep_len_mean          | 113          |
|    ep_rew_mean          | 797          |
|    success_rate         | 0.74         |
| time/                   |              |
|    fps                  | 3516         |
|    iterations           | 185          |
|    time_elapsed         | 430          |
|    total_timesteps      | 1515520      |
| train/                  |              |
|    approx_kl            | 0.0046927193 |
|    clip_fraction        | 0.0373       |
|    clip_range           | 0.2          |
|    entropy_loss         | -7.54        |
|    explained_variance   | 0.829        |
|    learning_rate        | 0.0003       |
|    loss                 | 4.98e+03     |
|    n_updates            | 1840         |
|    policy_gradient_loss | -0.00427     |
|    std                  | 0.858        |
|    value_loss           | 1.15e+04     |
------------------------------------------
-----------------------------------------
| rollout/                |             |
|    ep_len_mean          | 107         |
|    ep_rew_mean          | 846         |
|    success_rate         | 0.76        |
| time/                   |             |
|    fps                  | 3518        |
|    iterations           | 186         |
|    time_elapsed         | 433         |
|    total_timesteps      | 1523712     |
| train/                  |             |
|    approx_kl            | 0.005236947 |
|    clip_fraction        | 0.0403      |
|    clip_range           | 0.2         |
|    entropy_loss         | -7.54       |
|    explained_variance   | 0.84        |
|    learning_rate        | 0.0003      |
|    loss                 | 4.54e+03    |
|    n_updates            | 1850        |
|    policy_gradient_loss | -0.00428    |
|    std                  | 0.857       |
|    value_loss           | 1.19e+04    |
-----------------------------------------
Eval num_timesteps=1525000, episode_reward=826.96 +/- 439.15
Episode length: 107.20 +/- 85.04
Success rate: 80.00%
------------------------------------------
| eval/                   |              |
|    mean_ep_length       | 107          |
|    mean_reward          | 827          |
|    success_rate         | 0.8          |
| time/                   |              |
|    total_timesteps      | 1525000      |
| train/                  |              |
|    approx_kl            | 0.0051138494 |
|    clip_fraction        | 0.0387       |
|    clip_range           | 0.2          |
|    entropy_loss         | -7.54        |
|    explained_variance   | 0.828        |
|    learning_rate        | 0.0003       |
|    loss                 | 5.03e+03     |
|    n_updates            | 1860         |
|    policy_gradient_loss | -0.00466     |
|    std                  | 0.856        |
|    value_loss           | 9.96e+03     |
------------------------------------------
---------------------------------
| rollout/           |          |
|    ep_len_mean     | 124      |
|    ep_rew_mean     | 803      |
|    success_rate    | 0.67     |
| time/              |          |
|    fps             | 3517     |
|    iterations      | 187      |
|    time_elapsed    | 435      |
|    total_timesteps | 1531904  |
---------------------------------
-----------------------------------------
| rollout/                |             |
|    ep_len_mean          | 132         |
|    ep_rew_mean          | 768         |
|    success_rate         | 0.62        |
| time/                   |             |
|    fps                  | 3518        |
|    iterations           | 188         |
|    time_elapsed         | 437         |
|    total_timesteps      | 1540096     |
| train/                  |             |
|    approx_kl            | 0.007018921 |
|    clip_fraction        | 0.0569      |
|    clip_range           | 0.2         |
|    entropy_loss         | -7.53       |
|    explained_variance   | 0.859       |
|    learning_rate        | 0.0003      |
|    loss                 | 3.06e+03    |
|    n_updates            | 1870        |
|    policy_gradient_loss | -0.00539    |
|    std                  | 0.857       |
|    value_loss           | 9.64e+03    |
-----------------------------------------
-----------------------------------------
| rollout/                |             |
|    ep_len_mean          | 108         |
|    ep_rew_mean          | 851         |
|    success_rate         | 0.75        |
| time/                   |             |
|    fps                  | 3519        |
|    iterations           | 189         |
|    time_elapsed         | 439         |
|    total_timesteps      | 1548288     |
| train/                  |             |
|    approx_kl            | 0.005554864 |
|    clip_fraction        | 0.0386      |
|    clip_range           | 0.2         |
|    entropy_loss         | -7.53       |
|    explained_variance   | 0.814       |
|    learning_rate        | 0.0003      |
|    loss                 | 6.9e+03     |
|    n_updates            | 1880        |
|    policy_gradient_loss | -0.004      |
|    std                  | 0.854       |
|    value_loss           | 1.37e+04    |
-----------------------------------------
Eval num_timesteps=1550000, episode_reward=791.26 +/- 414.58
Episode length: 80.20 +/- 85.90
Success rate: 80.00%
-----------------------------------------
| eval/                   |             |
|    mean_ep_length       | 80.2        |
|    mean_reward          | 791         |
|    success_rate         | 0.8         |
| time/                   |             |
|    total_timesteps      | 1550000     |
| train/                  |             |
|    approx_kl            | 0.005495509 |
|    clip_fraction        | 0.039       |
|    clip_range           | 0.2         |
|    entropy_loss         | -7.52       |
|    explained_variance   | 0.82        |
|    learning_rate        | 0.0003      |
|    loss                 | 6.65e+03    |
|    n_updates            | 1890        |
|    policy_gradient_loss | -0.00475    |
|    std                  | 0.856       |
|    value_loss           | 1.31e+04    |
-----------------------------------------
---------------------------------
| rollout/           |          |
|    ep_len_mean     | 110      |
|    ep_rew_mean     | 780      |
|    success_rate    | 0.72     |
| time/              |          |
|    fps             | 3519     |
|    iterations      | 190      |
|    time_elapsed    | 442      |
|    total_timesteps | 1556480  |
---------------------------------
-----------------------------------------
| rollout/                |             |
|    ep_len_mean          | 97.3        |
|    ep_rew_mean          | 800         |
|    success_rate         | 0.76        |
| time/                   |             |
|    fps                  | 3520        |
|    iterations           | 191         |
|    time_elapsed         | 444         |
|    total_timesteps      | 1564672     |
| train/                  |             |
|    approx_kl            | 0.004306578 |
|    clip_fraction        | 0.0284      |
|    clip_range           | 0.2         |
|    entropy_loss         | -7.53       |
|    explained_variance   | 0.825       |
|    learning_rate        | 0.0003      |
|    loss                 | 5.74e+03    |
|    n_updates            | 1900        |
|    policy_gradient_loss | -0.00373    |
|    std                  | 0.855       |
|    value_loss           | 1.25e+04    |
-----------------------------------------
-----------------------------------------
| rollout/                |             |
|    ep_len_mean          | 111         |
|    ep_rew_mean          | 763         |
|    success_rate         | 0.69        |
| time/                   |             |
|    fps                  | 3521        |
|    iterations           | 192         |
|    time_elapsed         | 446         |
|    total_timesteps      | 1572864     |
| train/                  |             |
|    approx_kl            | 0.004275528 |
|    clip_fraction        | 0.0296      |
|    clip_range           | 0.2         |
|    entropy_loss         | -7.53       |
|    explained_variance   | 0.84        |
|    learning_rate        | 0.0003      |
|    loss                 | 5.94e+03    |
|    n_updates            | 1910        |
|    policy_gradient_loss | -0.00475    |
|    std                  | 0.856       |
|    value_loss           | 1.25e+04    |
-----------------------------------------
Eval num_timesteps=1575000, episode_reward=793.45 +/- 411.71
Episode length: 75.00 +/- 87.50
Success rate: 80.00%
------------------------------------------
| eval/                   |              |
|    mean_ep_length       | 75           |
|    mean_reward          | 793          |
|    success_rate         | 0.8          |
| time/                   |              |
|    total_timesteps      | 1575000      |
| train/                  |              |
|    approx_kl            | 0.0063004326 |
|    clip_fraction        | 0.0375       |
|    clip_range           | 0.2          |
|    entropy_loss         | -7.52        |
|    explained_variance   | 0.85         |
|    learning_rate        | 0.0003       |
|    loss                 | 4.45e+03     |
|    n_updates            | 1920         |
|    policy_gradient_loss | -0.00409     |
|    std                  | 0.854        |
|    value_loss           | 1.08e+04     |
------------------------------------------
---------------------------------
| rollout/           |          |
|    ep_len_mean     | 127      |
|    ep_rew_mean     | 807      |
|    success_rate    | 0.68     |
| time/              |          |
|    fps             | 3521     |
|    iterations      | 193      |
|    time_elapsed    | 448      |
|    total_timesteps | 1581056  |
---------------------------------
-----------------------------------------
| rollout/                |             |
|    ep_len_mean          | 121         |
|    ep_rew_mean          | 818         |
|    success_rate         | 0.67        |
| time/                   |             |
|    fps                  | 3522        |
|    iterations           | 194         |
|    time_elapsed         | 451         |
|    total_timesteps      | 1589248     |
| train/                  |             |
|    approx_kl            | 0.006536211 |
|    clip_fraction        | 0.0588      |
|    clip_range           | 0.2         |
|    entropy_loss         | -7.52       |
|    explained_variance   | 0.855       |
|    learning_rate        | 0.0003      |
|    loss                 | 3.99e+03    |
|    n_updates            | 1930        |
|    policy_gradient_loss | -0.00655    |
|    std                  | 0.855       |
|    value_loss           | 1.02e+04    |
-----------------------------------------
---------------------------------------
| rollout/                |           |
|    ep_len_mean          | 102       |
|    ep_rew_mean          | 798       |
|    success_rate         | 0.75      |
| time/                   |           |
|    fps                  | 3524      |
|    iterations           | 195       |
|    time_elapsed         | 453       |
|    total_timesteps      | 1597440   |
| train/                  |           |
|    approx_kl            | 0.0059919 |
|    clip_fraction        | 0.0432    |
|    clip_range           | 0.2       |
|    entropy_loss         | -7.51     |
|    explained_variance   | 0.821     |
|    learning_rate        | 0.0003    |
|    loss                 | 4.88e+03  |
|    n_updates            | 1940      |
|    policy_gradient_loss | -0.00453  |
|    std                  | 0.853     |
|    value_loss           | 1.32e+04  |
---------------------------------------
Eval num_timesteps=1600000, episode_reward=578.60 +/- 432.26
Episode length: 162.40 +/- 107.29
Success rate: 40.00%
------------------------------------------
| eval/                   |              |
|    mean_ep_length       | 162          |
|    mean_reward          | 579          |
|    success_rate         | 0.4          |
| time/                   |              |
|    total_timesteps      | 1600000      |
| train/                  |              |
|    approx_kl            | 0.0043554874 |
|    clip_fraction        | 0.0402       |
|    clip_range           | 0.2          |
|    entropy_loss         | -7.49        |
|    explained_variance   | 0.827        |
|    learning_rate        | 0.0003       |
|    loss                 | 4.96e+03     |
|    n_updates            | 1950         |
|    policy_gradient_loss | -0.00517     |
|    std                  | 0.851        |
|    value_loss           | 1.15e+04     |
------------------------------------------
---------------------------------
| rollout/           |          |
|    ep_len_mean     | 111      |
|    ep_rew_mean     | 801      |
|    success_rate    | 0.72     |
| time/              |          |
|    fps             | 3522     |
|    iterations      | 196      |
|    time_elapsed    | 455      |
|    total_timesteps | 1605632  |
---------------------------------
-----------------------------------------
| rollout/                |             |
|    ep_len_mean          | 105         |
|    ep_rew_mean          | 833         |
|    success_rate         | 0.76        |
| time/                   |             |
|    fps                  | 3523        |
|    iterations           | 197         |
|    time_elapsed         | 458         |
|    total_timesteps      | 1613824     |
| train/                  |             |
|    approx_kl            | 0.005493573 |
|    clip_fraction        | 0.0335      |
|    clip_range           | 0.2         |
|    entropy_loss         | -7.49       |
|    explained_variance   | 0.83        |
|    learning_rate        | 0.0003      |
|    loss                 | 5.31e+03    |
|    n_updates            | 1960        |
|    policy_gradient_loss | -0.00447    |
|    std                  | 0.85        |
|    value_loss           | 1.32e+04    |
-----------------------------------------
------------------------------------------
| rollout/                |              |
|    ep_len_mean          | 98.1         |
|    ep_rew_mean          | 841          |
|    success_rate         | 0.76         |
| time/                   |              |
|    fps                  | 3524         |
|    iterations           | 198          |
|    time_elapsed         | 460          |
|    total_timesteps      | 1622016      |
| train/                  |              |
|    approx_kl            | 0.0041702325 |
|    clip_fraction        | 0.0293       |
|    clip_range           | 0.2          |
|    entropy_loss         | -7.48        |
|    explained_variance   | 0.794        |
|    learning_rate        | 0.0003       |
|    loss                 | 9.9e+03      |
|    n_updates            | 1970         |
|    policy_gradient_loss | -0.00428     |
|    std                  | 0.849        |
|    value_loss           | 1.45e+04     |
------------------------------------------
Eval num_timesteps=1625000, episode_reward=952.17 +/- 96.44
Episode length: 74.40 +/- 87.81
Success rate: 80.00%
-----------------------------------------
| eval/                   |             |
|    mean_ep_length       | 74.4        |
|    mean_reward          | 952         |
|    success_rate         | 0.8         |
| time/                   |             |
|    total_timesteps      | 1625000     |
| train/                  |             |
|    approx_kl            | 0.004862405 |
|    clip_fraction        | 0.0316      |
|    clip_range           | 0.2         |
|    entropy_loss         | -7.48       |
|    explained_variance   | 0.832       |
|    learning_rate        | 0.0003      |
|    loss                 | 5.25e+03    |
|    n_updates            | 1980        |
|    policy_gradient_loss | -0.0042     |
|    std                  | 0.849       |
|    value_loss           | 1.32e+04    |
-----------------------------------------
---------------------------------
| rollout/           |          |
|    ep_len_mean     | 99.9     |
|    ep_rew_mean     | 844      |
|    success_rate    | 0.77     |
| time/              |          |
|    fps             | 3524     |
|    iterations      | 199      |
|    time_elapsed    | 462      |
|    total_timesteps | 1630208  |
---------------------------------
------------------------------------------
| rollout/                |              |
|    ep_len_mean          | 107          |
|    ep_rew_mean          | 760          |
|    success_rate         | 0.71         |
| time/                   |              |
|    fps                  | 3525         |
|    iterations           | 200          |
|    time_elapsed         | 464          |
|    total_timesteps      | 1638400      |
| train/                  |              |
|    approx_kl            | 0.0052794795 |
|    clip_fraction        | 0.0336       |
|    clip_range           | 0.2          |
|    entropy_loss         | -7.47        |
|    explained_variance   | 0.801        |
|    learning_rate        | 0.0003       |
|    loss                 | 6.18e+03     |
|    n_updates            | 1990         |
|    policy_gradient_loss | -0.00352     |
|    std                  | 0.848        |
|    value_loss           | 1.34e+04     |
------------------------------------------
-----------------------------------------
| rollout/                |             |
|    ep_len_mean          | 110         |
|    ep_rew_mean          | 810         |
|    success_rate         | 0.73        |
| time/                   |             |
|    fps                  | 3526        |
|    iterations           | 201         |
|    time_elapsed         | 466         |
|    total_timesteps      | 1646592     |
| train/                  |             |
|    approx_kl            | 0.005898567 |
|    clip_fraction        | 0.0468      |
|    clip_range           | 0.2         |
|    entropy_loss         | -7.46       |
|    explained_variance   | 0.84        |
|    learning_rate        | 0.0003      |
|    loss                 | 5.44e+03    |
|    n_updates            | 2000        |
|    policy_gradient_loss | -0.00521    |
|    std                  | 0.846       |
|    value_loss           | 1.18e+04    |
-----------------------------------------
Eval num_timesteps=1650000, episode_reward=793.16 +/- 407.70
Episode length: 74.60 +/- 87.71
Success rate: 80.00%
-----------------------------------------
| eval/                   |             |
|    mean_ep_length       | 74.6        |
|    mean_reward          | 793         |
|    success_rate         | 0.8         |
| time/                   |             |
|    total_timesteps      | 1650000     |
| train/                  |             |
|    approx_kl            | 0.005474179 |
|    clip_fraction        | 0.0453      |
|    clip_range           | 0.2         |
|    entropy_loss         | -7.46       |
|    explained_variance   | 0.816       |
|    learning_rate        | 0.0003      |
|    loss                 | 7.84e+03    |
|    n_updates            | 2010        |
|    policy_gradient_loss | -0.00584    |
|    std                  | 0.846       |
|    value_loss           | 1.33e+04    |
-----------------------------------------
---------------------------------
| rollout/           |          |
|    ep_len_mean     | 101      |
|    ep_rew_mean     | 801      |
|    success_rate    | 0.73     |
| time/              |          |
|    fps             | 3526     |
|    iterations      | 202      |
|    time_elapsed    | 469      |
|    total_timesteps | 1654784  |
---------------------------------
-----------------------------------------
| rollout/                |             |
|    ep_len_mean          | 122         |
|    ep_rew_mean          | 717         |
|    success_rate         | 0.67        |
| time/                   |             |
|    fps                  | 3527        |
|    iterations           | 203         |
|    time_elapsed         | 471         |
|    total_timesteps      | 1662976     |
| train/                  |             |
|    approx_kl            | 0.005132625 |
|    clip_fraction        | 0.0391      |
|    clip_range           | 0.2         |
|    entropy_loss         | -7.45       |
|    explained_variance   | 0.861       |
|    learning_rate        | 0.0003      |
|    loss                 | 4.5e+03     |
|    n_updates            | 2020        |
|    policy_gradient_loss | -0.00453    |
|    std                  | 0.845       |
|    value_loss           | 1.09e+04    |
-----------------------------------------
-----------------------------------------
| rollout/                |             |
|    ep_len_mean          | 110         |
|    ep_rew_mean          | 757         |
|    success_rate         | 0.71        |
| time/                   |             |
|    fps                  | 3529        |
|    iterations           | 204         |
|    time_elapsed         | 473         |
|    total_timesteps      | 1671168     |
| train/                  |             |
|    approx_kl            | 0.005362302 |
|    clip_fraction        | 0.0357      |
|    clip_range           | 0.2         |
|    entropy_loss         | -7.45       |
|    explained_variance   | 0.835       |
|    learning_rate        | 0.0003      |
|    loss                 | 5.3e+03     |
|    n_updates            | 2030        |
|    policy_gradient_loss | -0.00421    |
|    std                  | 0.845       |
|    value_loss           | 1.13e+04    |
-----------------------------------------
Eval num_timesteps=1675000, episode_reward=654.34 +/- 339.24
Episode length: 162.80 +/- 106.80
Success rate: 40.00%
----------------------------------------
| eval/                   |            |
|    mean_ep_length       | 163        |
|    mean_reward          | 654        |
|    success_rate         | 0.4        |
| time/                   |            |
|    total_timesteps      | 1675000    |
| train/                  |            |
|    approx_kl            | 0.00622375 |
|    clip_fraction        | 0.0548     |
|    clip_range           | 0.2        |
|    entropy_loss         | -7.44      |
|    explained_variance   | 0.835      |
|    learning_rate        | 0.0003     |
|    loss                 | 6.13e+03   |
|    n_updates            | 2040       |
|    policy_gradient_loss | -0.0061    |
|    std                  | 0.844      |
|    value_loss           | 1.16e+04   |
----------------------------------------
---------------------------------
| rollout/           |          |
|    ep_len_mean     | 121      |
|    ep_rew_mean     | 764      |
|    success_rate    | 0.67     |
| time/              |          |
|    fps             | 3527     |
|    iterations      | 205      |
|    time_elapsed    | 476      |
|    total_timesteps | 1679360  |
---------------------------------
-----------------------------------------
| rollout/                |             |
|    ep_len_mean          | 108         |
|    ep_rew_mean          | 787         |
|    success_rate         | 0.73        |
| time/                   |             |
|    fps                  | 3528        |
|    iterations           | 206         |
|    time_elapsed         | 478         |
|    total_timesteps      | 1687552     |
| train/                  |             |
|    approx_kl            | 0.006158211 |
|    clip_fraction        | 0.0438      |
|    clip_range           | 0.2         |
|    entropy_loss         | -7.45       |
|    explained_variance   | 0.834       |
|    learning_rate        | 0.0003      |
|    loss                 | 6.94e+03    |
|    n_updates            | 2050        |
|    policy_gradient_loss | -0.00609    |
|    std                  | 0.846       |
|    value_loss           | 1.27e+04    |
-----------------------------------------
------------------------------------------
| rollout/                |              |
|    ep_len_mean          | 101          |
|    ep_rew_mean          | 822          |
|    success_rate         | 0.78         |
| time/                   |              |
|    fps                  | 3530         |
|    iterations           | 207          |
|    time_elapsed         | 480          |
|    total_timesteps      | 1695744      |
| train/                  |              |
|    approx_kl            | 0.0071122237 |
|    clip_fraction        | 0.0596       |
|    clip_range           | 0.2          |
|    entropy_loss         | -7.46        |
|    explained_variance   | 0.823        |
|    learning_rate        | 0.0003       |
|    loss                 | 7.09e+03     |
|    n_updates            | 2060         |
|    policy_gradient_loss | -0.00639     |
|    std                  | 0.847        |
|    value_loss           | 1.16e+04     |
------------------------------------------
Eval num_timesteps=1700000, episode_reward=996.92 +/- 0.62
Episode length: 31.60 +/- 1.50
Success rate: 100.00%
-----------------------------------------
| eval/                   |             |
|    mean_ep_length       | 31.6        |
|    mean_reward          | 997         |
|    success_rate         | 1           |
| time/                   |             |
|    total_timesteps      | 1700000     |
| train/                  |             |
|    approx_kl            | 0.005166023 |
|    clip_fraction        | 0.0309      |
|    clip_range           | 0.2         |
|    entropy_loss         | -7.45       |
|    explained_variance   | 0.836       |
|    learning_rate        | 0.0003      |
|    loss                 | 6.91e+03    |
|    n_updates            | 2070        |
|    policy_gradient_loss | -0.00383    |
|    std                  | 0.845       |
|    value_loss           | 1.33e+04    |
-----------------------------------------
New best mean reward!
---------------------------------
| rollout/           |          |
|    ep_len_mean     | 108      |
|    ep_rew_mean     | 824      |
|    success_rate    | 0.73     |
| time/              |          |
|    fps             | 3530     |
|    iterations      | 208      |
|    time_elapsed    | 482      |
|    total_timesteps | 1703936  |
---------------------------------
-----------------------------------------
| rollout/                |             |
|    ep_len_mean          | 93.1        |
|    ep_rew_mean          | 831         |
|    success_rate         | 0.79        |
| time/                   |             |
|    fps                  | 3532        |
|    iterations           | 209         |
|    time_elapsed         | 484         |
|    total_timesteps      | 1712128     |
| train/                  |             |
|    approx_kl            | 0.005648826 |
|    clip_fraction        | 0.0336      |
|    clip_range           | 0.2         |
|    entropy_loss         | -7.44       |
|    explained_variance   | 0.843       |
|    learning_rate        | 0.0003      |
|    loss                 | 6.29e+03    |
|    n_updates            | 2080        |
|    policy_gradient_loss | -0.00424    |
|    std                  | 0.845       |
|    value_loss           | 1.15e+04    |
-----------------------------------------
-----------------------------------------
| rollout/                |             |
|    ep_len_mean          | 104         |
|    ep_rew_mean          | 836         |
|    success_rate         | 0.76        |
| time/                   |             |
|    fps                  | 3532        |
|    iterations           | 210         |
|    time_elapsed         | 486         |
|    total_timesteps      | 1720320     |
| train/                  |             |
|    approx_kl            | 0.006877413 |
|    clip_fraction        | 0.051       |
|    clip_range           | 0.2         |
|    entropy_loss         | -7.44       |
|    explained_variance   | 0.834       |
|    learning_rate        | 0.0003      |
|    loss                 | 5.33e+03    |
|    n_updates            | 2090        |
|    policy_gradient_loss | -0.00529    |
|    std                  | 0.846       |
|    value_loss           | 1.24e+04    |
-----------------------------------------
Eval num_timesteps=1725000, episode_reward=1036.74 +/- 78.08
Episode length: 37.40 +/- 12.82
Success rate: 100.00%
-----------------------------------------
| eval/                   |             |
|    mean_ep_length       | 37.4        |
|    mean_reward          | 1.04e+03    |
|    success_rate         | 1           |
| time/                   |             |
|    total_timesteps      | 1725000     |
| train/                  |             |
|    approx_kl            | 0.006200337 |
|    clip_fraction        | 0.0485      |
|    clip_range           | 0.2         |
|    entropy_loss         | -7.45       |
|    explained_variance   | 0.844       |
|    learning_rate        | 0.0003      |
|    loss                 | 5.77e+03    |
|    n_updates            | 2100        |
|    policy_gradient_loss | -0.0054     |
|    std                  | 0.848       |
|    value_loss           | 1.3e+04     |
-----------------------------------------
New best mean reward!
---------------------------------
| rollout/           |          |
|    ep_len_mean     | 84.8     |
|    ep_rew_mean     | 880      |
|    success_rate    | 0.8      |
| time/              |          |
|    fps             | 3533     |
|    iterations      | 211      |
|    time_elapsed    | 489      |
|    total_timesteps | 1728512  |
---------------------------------
-----------------------------------------
| rollout/                |             |
|    ep_len_mean          | 97.7        |
|    ep_rew_mean          | 836         |
|    success_rate         | 0.77        |
| time/                   |             |
|    fps                  | 3534        |
|    iterations           | 212         |
|    time_elapsed         | 491         |
|    total_timesteps      | 1736704     |
| train/                  |             |
|    approx_kl            | 0.004371401 |
|    clip_fraction        | 0.0222      |
|    clip_range           | 0.2         |
|    entropy_loss         | -7.45       |
|    explained_variance   | 0.852       |
|    learning_rate        | 0.0003      |
|    loss                 | 7.39e+03    |
|    n_updates            | 2110        |
|    policy_gradient_loss | -0.00278    |
|    std                  | 0.846       |
|    value_loss           | 1.48e+04    |
-----------------------------------------
------------------------------------------
| rollout/                |              |
|    ep_len_mean          | 93.2         |
|    ep_rew_mean          | 808          |
|    success_rate         | 0.78         |
| time/                   |              |
|    fps                  | 3535         |
|    iterations           | 213          |
|    time_elapsed         | 493          |
|    total_timesteps      | 1744896      |
| train/                  |              |
|    approx_kl            | 0.0063219974 |
|    clip_fraction        | 0.0573       |
|    clip_range           | 0.2          |
|    entropy_loss         | -7.46        |
|    explained_variance   | 0.846        |
|    learning_rate        | 0.0003       |
|    loss                 | 5.88e+03     |
|    n_updates            | 2120         |
|    policy_gradient_loss | -0.00542     |
|    std                  | 0.849        |
|    value_loss           | 1.27e+04     |
------------------------------------------
Eval num_timesteps=1750000, episode_reward=595.20 +/- 495.33
Episode length: 118.60 +/- 107.30
Success rate: 60.00%
-----------------------------------------
| eval/                   |             |
|    mean_ep_length       | 119         |
|    mean_reward          | 595         |
|    success_rate         | 0.6         |
| time/                   |             |
|    total_timesteps      | 1750000     |
| train/                  |             |
|    approx_kl            | 0.005674221 |
|    clip_fraction        | 0.0397      |
|    clip_range           | 0.2         |
|    entropy_loss         | -7.47       |
|    explained_variance   | 0.828       |
|    learning_rate        | 0.0003      |
|    loss                 | 4.93e+03    |
|    n_updates            | 2130        |
|    policy_gradient_loss | -0.005      |
|    std                  | 0.849       |
|    value_loss           | 1.37e+04    |
-----------------------------------------
---------------------------------
| rollout/           |          |
|    ep_len_mean     | 92.7     |
|    ep_rew_mean     | 895      |
|    success_rate    | 0.81     |
| time/              |          |
|    fps             | 3534     |
|    iterations      | 214      |
|    time_elapsed    | 495      |
|    total_timesteps | 1753088  |
---------------------------------
------------------------------------------
| rollout/                |              |
|    ep_len_mean          | 90.2         |
|    ep_rew_mean          | 866          |
|    success_rate         | 0.8          |
| time/                   |              |
|    fps                  | 3535         |
|    iterations           | 215          |
|    time_elapsed         | 498          |
|    total_timesteps      | 1761280      |
| train/                  |              |
|    approx_kl            | 0.0058607724 |
|    clip_fraction        | 0.0373       |
|    clip_range           | 0.2          |
|    entropy_loss         | -7.47        |
|    explained_variance   | 0.834        |
|    learning_rate        | 0.0003       |
|    loss                 | 4.92e+03     |
|    n_updates            | 2140         |
|    policy_gradient_loss | -0.00484     |
|    std                  | 0.849        |
|    value_loss           | 1.24e+04     |
------------------------------------------
------------------------------------------
| rollout/                |              |
|    ep_len_mean          | 106          |
|    ep_rew_mean          | 775          |
|    success_rate         | 0.72         |
| time/                   |              |
|    fps                  | 3536         |
|    iterations           | 216          |
|    time_elapsed         | 500          |
|    total_timesteps      | 1769472      |
| train/                  |              |
|    approx_kl            | 0.0061049946 |
|    clip_fraction        | 0.0431       |
|    clip_range           | 0.2          |
|    entropy_loss         | -7.46        |
|    explained_variance   | 0.827        |
|    learning_rate        | 0.0003       |
|    loss                 | 6.2e+03      |
|    n_updates            | 2150         |
|    policy_gradient_loss | -0.00555     |
|    std                  | 0.848        |
|    value_loss           | 1.41e+04     |
------------------------------------------
Eval num_timesteps=1775000, episode_reward=997.67 +/- 0.56
Episode length: 31.00 +/- 1.10
Success rate: 100.00%
------------------------------------------
| eval/                   |              |
|    mean_ep_length       | 31           |
|    mean_reward          | 998          |
|    success_rate         | 1            |
| time/                   |              |
|    total_timesteps      | 1775000      |
| train/                  |              |
|    approx_kl            | 0.0056510656 |
|    clip_fraction        | 0.0414       |
|    clip_range           | 0.2          |
|    entropy_loss         | -7.46        |
|    explained_variance   | 0.864        |
|    learning_rate        | 0.0003       |
|    loss                 | 4.19e+03     |
|    n_updates            | 2160         |
|    policy_gradient_loss | -0.00524     |
|    std                  | 0.85         |
|    value_loss           | 9.79e+03     |
------------------------------------------
---------------------------------
| rollout/           |          |
|    ep_len_mean     | 86.3     |
|    ep_rew_mean     | 840      |
|    success_rate    | 0.81     |
| time/              |          |
|    fps             | 3536     |
|    iterations      | 217      |
|    time_elapsed    | 502      |
|    total_timesteps | 1777664  |
---------------------------------
------------------------------------------
| rollout/                |              |
|    ep_len_mean          | 85.4         |
|    ep_rew_mean          | 864          |
|    success_rate         | 0.83         |
| time/                   |              |
|    fps                  | 3537         |
|    iterations           | 218          |
|    time_elapsed         | 504          |
|    total_timesteps      | 1785856      |
| train/                  |              |
|    approx_kl            | 0.0050436556 |
|    clip_fraction        | 0.0322       |
|    clip_range           | 0.2          |
|    entropy_loss         | -7.47        |
|    explained_variance   | 0.864        |
|    learning_rate        | 0.0003       |
|    loss                 | 5.01e+03     |
|    n_updates            | 2170         |
|    policy_gradient_loss | -0.00437     |
|    std                  | 0.85         |
|    value_loss           | 1.09e+04     |
------------------------------------------
------------------------------------------
| rollout/                |              |
|    ep_len_mean          | 107          |
|    ep_rew_mean          | 749          |
|    success_rate         | 0.7          |
| time/                   |              |
|    fps                  | 3538         |
|    iterations           | 219          |
|    time_elapsed         | 506          |
|    total_timesteps      | 1794048      |
| train/                  |              |
|    approx_kl            | 0.0050709825 |
|    clip_fraction        | 0.0357       |
|    clip_range           | 0.2          |
|    entropy_loss         | -7.47        |
|    explained_variance   | 0.831        |
|    learning_rate        | 0.0003       |
|    loss                 | 7.54e+03     |
|    n_updates            | 2180         |
|    policy_gradient_loss | -0.00476     |
|    std                  | 0.849        |
|    value_loss           | 1.35e+04     |
------------------------------------------
Eval num_timesteps=1800000, episode_reward=997.81 +/- 0.85
Episode length: 33.00 +/- 1.10
Success rate: 100.00%
-----------------------------------------
| eval/                   |             |
|    mean_ep_length       | 33          |
|    mean_reward          | 998         |
|    success_rate         | 1           |
| time/                   |             |
|    total_timesteps      | 1800000     |
| train/                  |             |
|    approx_kl            | 0.005750269 |
|    clip_fraction        | 0.0485      |
|    clip_range           | 0.2         |
|    entropy_loss         | -7.46       |
|    explained_variance   | 0.853       |
|    learning_rate        | 0.0003      |
|    loss                 | 4.98e+03    |
|    n_updates            | 2190        |
|    policy_gradient_loss | -0.00559    |
|    std                  | 0.849       |
|    value_loss           | 1.09e+04    |
-----------------------------------------
---------------------------------
| rollout/           |          |
|    ep_len_mean     | 108      |
|    ep_rew_mean     | 786      |
|    success_rate    | 0.73     |
| time/              |          |
|    fps             | 3539     |
|    iterations      | 220      |
|    time_elapsed    | 509      |
|    total_timesteps | 1802240  |
---------------------------------
------------------------------------------
| rollout/                |              |
|    ep_len_mean          | 107          |
|    ep_rew_mean          | 793          |
|    success_rate         | 0.74         |
| time/                   |              |
|    fps                  | 3540         |
|    iterations           | 221          |
|    time_elapsed         | 511          |
|    total_timesteps      | 1810432      |
| train/                  |              |
|    approx_kl            | 0.0053152516 |
|    clip_fraction        | 0.0307       |
|    clip_range           | 0.2          |
|    entropy_loss         | -7.46        |
|    explained_variance   | 0.808        |
|    learning_rate        | 0.0003       |
|    loss                 | 7.29e+03     |
|    n_updates            | 2200         |
|    policy_gradient_loss | -0.00322     |
|    std                  | 0.848        |
|    value_loss           | 1.28e+04     |
------------------------------------------
-----------------------------------------
| rollout/                |             |
|    ep_len_mean          | 85.6        |
|    ep_rew_mean          | 870         |
|    success_rate         | 0.81        |
| time/                   |             |
|    fps                  | 3541        |
|    iterations           | 222         |
|    time_elapsed         | 513         |
|    total_timesteps      | 1818624     |
| train/                  |             |
|    approx_kl            | 0.005896693 |
|    clip_fraction        | 0.0462      |
|    clip_range           | 0.2         |
|    entropy_loss         | -7.45       |
|    explained_variance   | 0.82        |
|    learning_rate        | 0.0003      |
|    loss                 | 6.56e+03    |
|    n_updates            | 2210        |
|    policy_gradient_loss | -0.00525    |
|    std                  | 0.848       |
|    value_loss           | 1.22e+04    |
-----------------------------------------
Eval num_timesteps=1825000, episode_reward=595.45 +/- 495.95
Episode length: 119.20 +/- 106.80
Success rate: 60.00%
------------------------------------------
| eval/                   |              |
|    mean_ep_length       | 119          |
|    mean_reward          | 595          |
|    success_rate         | 0.6          |
| time/                   |              |
|    total_timesteps      | 1825000      |
| train/                  |              |
|    approx_kl            | 0.0058002155 |
|    clip_fraction        | 0.0362       |
|    clip_range           | 0.2          |
|    entropy_loss         | -7.45        |
|    explained_variance   | 0.843        |
|    learning_rate        | 0.0003       |
|    loss                 | 4.56e+03     |
|    n_updates            | 2220         |
|    policy_gradient_loss | -0.00494     |
|    std                  | 0.847        |
|    value_loss           | 1.19e+04     |
------------------------------------------
---------------------------------
| rollout/           |          |
|    ep_len_mean     | 92.4     |
|    ep_rew_mean     | 867      |
|    success_rate    | 0.81     |
| time/              |          |
|    fps             | 3540     |
|    iterations      | 223      |
|    time_elapsed    | 516      |
|    total_timesteps | 1826816  |
---------------------------------
------------------------------------------
| rollout/                |              |
|    ep_len_mean          | 96.5         |
|    ep_rew_mean          | 836          |
|    success_rate         | 0.77         |
| time/                   |              |
|    fps                  | 3541         |
|    iterations           | 224          |
|    time_elapsed         | 518          |
|    total_timesteps      | 1835008      |
| train/                  |              |
|    approx_kl            | 0.0047473093 |
|    clip_fraction        | 0.028        |
|    clip_range           | 0.2          |
|    entropy_loss         | -7.45        |
|    explained_variance   | 0.831        |
|    learning_rate        | 0.0003       |
|    loss                 | 6.43e+03     |
|    n_updates            | 2230         |
|    policy_gradient_loss | -0.00377     |
|    std                  | 0.846        |
|    value_loss           | 1.45e+04     |
------------------------------------------
------------------------------------------
| rollout/                |              |
|    ep_len_mean          | 81.3         |
|    ep_rew_mean          | 884          |
|    success_rate         | 0.85         |
| time/                   |              |
|    fps                  | 3542         |
|    iterations           | 225          |
|    time_elapsed         | 520          |
|    total_timesteps      | 1843200      |
| train/                  |              |
|    approx_kl            | 0.0053658285 |
|    clip_fraction        | 0.0275       |
|    clip_range           | 0.2          |
|    entropy_loss         | -7.44        |
|    explained_variance   | 0.856        |
|    learning_rate        | 0.0003       |
|    loss                 | 3.38e+03     |
|    n_updates            | 2240         |
|    policy_gradient_loss | -0.0033      |
|    std                  | 0.846        |
|    value_loss           | 1.15e+04     |
------------------------------------------
Eval num_timesteps=1850000, episode_reward=830.18 +/- 335.08
Episode length: 74.80 +/- 87.61
Success rate: 80.00%
-----------------------------------------
| eval/                   |             |
|    mean_ep_length       | 74.8        |
|    mean_reward          | 830         |
|    success_rate         | 0.8         |
| time/                   |             |
|    total_timesteps      | 1850000     |
| train/                  |             |
|    approx_kl            | 0.006169576 |
|    clip_fraction        | 0.0402      |
|    clip_range           | 0.2         |
|    entropy_loss         | -7.44       |
|    explained_variance   | 0.855       |
|    learning_rate        | 0.0003      |
|    loss                 | 5.87e+03    |
|    n_updates            | 2250        |
|    policy_gradient_loss | -0.00486    |
|    std                  | 0.846       |
|    value_loss           | 1.29e+04    |
-----------------------------------------
---------------------------------
| rollout/           |          |
|    ep_len_mean     | 92.6     |
|    ep_rew_mean     | 841      |
|    success_rate    | 0.79     |
| time/              |          |
|    fps             | 3542     |
|    iterations      | 226      |
|    time_elapsed    | 522      |
|    total_timesteps | 1851392  |
---------------------------------
------------------------------------------
| rollout/                |              |
|    ep_len_mean          | 95.6         |
|    ep_rew_mean          | 857          |
|    success_rate         | 0.75         |
| time/                   |              |
|    fps                  | 3543         |
|    iterations           | 227          |
|    time_elapsed         | 524          |
|    total_timesteps      | 1859584      |
| train/                  |              |
|    approx_kl            | 0.0044615446 |
|    clip_fraction        | 0.0285       |
|    clip_range           | 0.2          |
|    entropy_loss         | -7.44        |
|    explained_variance   | 0.868        |
|    learning_rate        | 0.0003       |
|    loss                 | 3.81e+03     |
|    n_updates            | 2260         |
|    policy_gradient_loss | -0.00389     |
|    std                  | 0.845        |
|    value_loss           | 1.03e+04     |
------------------------------------------
------------------------------------------
| rollout/                |              |
|    ep_len_mean          | 100          |
|    ep_rew_mean          | 856          |
|    success_rate         | 0.76         |
| time/                   |              |
|    fps                  | 3544         |
|    iterations           | 228          |
|    time_elapsed         | 527          |
|    total_timesteps      | 1867776      |
| train/                  |              |
|    approx_kl            | 0.0055082757 |
|    clip_fraction        | 0.0448       |
|    clip_range           | 0.2          |
|    entropy_loss         | -7.43        |
|    explained_variance   | 0.85         |
|    learning_rate        | 0.0003       |
|    loss                 | 6.77e+03     |
|    n_updates            | 2270         |
|    policy_gradient_loss | -0.00483     |
|    std                  | 0.843        |
|    value_loss           | 1.36e+04     |
------------------------------------------
Eval num_timesteps=1875000, episode_reward=950.89 +/- 92.73
Episode length: 74.40 +/- 87.80
Success rate: 80.00%
-----------------------------------------
| eval/                   |             |
|    mean_ep_length       | 74.4        |
|    mean_reward          | 951         |
|    success_rate         | 0.8         |
| time/                   |             |
|    total_timesteps      | 1875000     |
| train/                  |             |
|    approx_kl            | 0.004368494 |
|    clip_fraction        | 0.0225      |
|    clip_range           | 0.2         |
|    entropy_loss         | -7.43       |
|    explained_variance   | 0.881       |
|    learning_rate        | 0.0003      |
|    loss                 | 5.09e+03    |
|    n_updates            | 2280        |
|    policy_gradient_loss | -0.00313    |
|    std                  | 0.844       |
|    value_loss           | 1.12e+04    |
-----------------------------------------
---------------------------------
| rollout/           |          |
|    ep_len_mean     | 93.1     |
|    ep_rew_mean     | 833      |
|    success_rate    | 0.77     |
| time/              |          |
|    fps             | 3543     |
|    iterations      | 229      |
|    time_elapsed    | 529      |
|    total_timesteps | 1875968  |
---------------------------------
-----------------------------------------
| rollout/                |             |
|    ep_len_mean          | 86.4        |
|    ep_rew_mean          | 839         |
|    success_rate         | 0.8         |
| time/                   |             |
|    fps                  | 3544        |
|    iterations           | 230         |
|    time_elapsed         | 531         |
|    total_timesteps      | 1884160     |
| train/                  |             |
|    approx_kl            | 0.005249611 |
|    clip_fraction        | 0.037       |
|    clip_range           | 0.2         |
|    entropy_loss         | -7.43       |
|    explained_variance   | 0.898       |
|    learning_rate        | 0.0003      |
|    loss                 | 4.86e+03    |
|    n_updates            | 2290        |
|    policy_gradient_loss | -0.00458    |
|    std                  | 0.844       |
|    value_loss           | 9.62e+03    |
-----------------------------------------
------------------------------------------
| rollout/                |              |
|    ep_len_mean          | 87.4         |
|    ep_rew_mean          | 898          |
|    success_rate         | 0.82         |
| time/                   |              |
|    fps                  | 3545         |
|    iterations           | 231          |
|    time_elapsed         | 533          |
|    total_timesteps      | 1892352      |
| train/                  |              |
|    approx_kl            | 0.0054899985 |
|    clip_fraction        | 0.0439       |
|    clip_range           | 0.2          |
|    entropy_loss         | -7.43        |
|    explained_variance   | 0.86         |
|    learning_rate        | 0.0003       |
|    loss                 | 5.8e+03      |
|    n_updates            | 2300         |
|    policy_gradient_loss | -0.00529     |
|    std                  | 0.845        |
|    value_loss           | 1.21e+04     |
------------------------------------------
Eval num_timesteps=1900000, episode_reward=999.93 +/- 4.86
Episode length: 31.20 +/- 1.72
Success rate: 100.00%
------------------------------------------
| eval/                   |              |
|    mean_ep_length       | 31.2         |
|    mean_reward          | 1e+03        |
|    success_rate         | 1            |
| time/                   |              |
|    total_timesteps      | 1900000      |
| train/                  |              |
|    approx_kl            | 0.0051663215 |
|    clip_fraction        | 0.0318       |
|    clip_range           | 0.2          |
|    entropy_loss         | -7.43        |
|    explained_variance   | 0.862        |
|    learning_rate        | 0.0003       |
|    loss                 | 5.22e+03     |
|    n_updates            | 2310         |
|    policy_gradient_loss | -0.0037      |
|    std                  | 0.845        |
|    value_loss           | 1.2e+04      |
------------------------------------------
---------------------------------
| rollout/           |          |
|    ep_len_mean     | 84.3     |
|    ep_rew_mean     | 904      |
|    success_rate    | 0.82     |
| time/              |          |
|    fps             | 3546     |
|    iterations      | 232      |
|    time_elapsed    | 535      |
|    total_timesteps | 1900544  |
---------------------------------
-----------------------------------------
| rollout/                |             |
|    ep_len_mean          | 95.5        |
|    ep_rew_mean          | 845         |
|    success_rate         | 0.75        |
| time/                   |             |
|    fps                  | 3547        |
|    iterations           | 233         |
|    time_elapsed         | 538         |
|    total_timesteps      | 1908736     |
| train/                  |             |
|    approx_kl            | 0.005612139 |
|    clip_fraction        | 0.0422      |
|    clip_range           | 0.2         |
|    entropy_loss         | -7.44       |
|    explained_variance   | 0.844       |
|    learning_rate        | 0.0003      |
|    loss                 | 4.11e+03    |
|    n_updates            | 2320        |
|    policy_gradient_loss | -0.0041     |
|    std                  | 0.846       |
|    value_loss           | 1.27e+04    |
-----------------------------------------
------------------------------------------
| rollout/                |              |
|    ep_len_mean          | 91.9         |
|    ep_rew_mean          | 872          |
|    success_rate         | 0.82         |
| time/                   |              |
|    fps                  | 3548         |
|    iterations           | 234          |
|    time_elapsed         | 540          |
|    total_timesteps      | 1916928      |
| train/                  |              |
|    approx_kl            | 0.0056226677 |
|    clip_fraction        | 0.0438       |
|    clip_range           | 0.2          |
|    entropy_loss         | -7.44        |
|    explained_variance   | 0.88         |
|    learning_rate        | 0.0003       |
|    loss                 | 5.43e+03     |
|    n_updates            | 2330         |
|    policy_gradient_loss | -0.00517     |
|    std                  | 0.846        |
|    value_loss           | 1.1e+04      |
------------------------------------------
Eval num_timesteps=1925000, episode_reward=998.02 +/- 0.74
Episode length: 30.80 +/- 0.75
Success rate: 100.00%
------------------------------------------
| eval/                   |              |
|    mean_ep_length       | 30.8         |
|    mean_reward          | 998          |
|    success_rate         | 1            |
| time/                   |              |
|    total_timesteps      | 1925000      |
| train/                  |              |
|    approx_kl            | 0.0055153957 |
|    clip_fraction        | 0.0364       |
|    clip_range           | 0.2          |
|    entropy_loss         | -7.44        |
|    explained_variance   | 0.837        |
|    learning_rate        | 0.0003       |
|    loss                 | 6.13e+03     |
|    n_updates            | 2340         |
|    policy_gradient_loss | -0.00416     |
|    std                  | 0.845        |
|    value_loss           | 1.22e+04     |
------------------------------------------
---------------------------------
| rollout/           |          |
|    ep_len_mean     | 79.2     |
|    ep_rew_mean     | 910      |
|    success_rate    | 0.84     |
| time/              |          |
|    fps             | 3549     |
|    iterations      | 235      |
|    time_elapsed    | 542      |
|    total_timesteps | 1925120  |
---------------------------------
-----------------------------------------
| rollout/                |             |
|    ep_len_mean          | 92.8        |
|    ep_rew_mean          | 841         |
|    success_rate         | 0.77        |
| time/                   |             |
|    fps                  | 3550        |
|    iterations           | 236         |
|    time_elapsed         | 544         |
|    total_timesteps      | 1933312     |
| train/                  |             |
|    approx_kl            | 0.006039454 |
|    clip_fraction        | 0.0525      |
|    clip_range           | 0.2         |
|    entropy_loss         | -7.43       |
|    explained_variance   | 0.884       |
|    learning_rate        | 0.0003      |
|    loss                 | 6.34e+03    |
|    n_updates            | 2350        |
|    policy_gradient_loss | -0.00573    |
|    std                  | 0.843       |
|    value_loss           | 9.69e+03    |
-----------------------------------------
-----------------------------------------
| rollout/                |             |
|    ep_len_mean          | 84.7        |
|    ep_rew_mean          | 860         |
|    success_rate         | 0.8         |
| time/                   |             |
|    fps                  | 3551        |
|    iterations           | 237         |
|    time_elapsed         | 546         |
|    total_timesteps      | 1941504     |
| train/                  |             |
|    approx_kl            | 0.007141307 |
|    clip_fraction        | 0.0611      |
|    clip_range           | 0.2         |
|    entropy_loss         | -7.42       |
|    explained_variance   | 0.888       |
|    learning_rate        | 0.0003      |
|    loss                 | 5.15e+03    |
|    n_updates            | 2360        |
|    policy_gradient_loss | -0.00656    |
|    std                  | 0.843       |
|    value_loss           | 9.84e+03    |
-----------------------------------------
-----------------------------------------
| rollout/                |             |
|    ep_len_mean          | 99.5        |
|    ep_rew_mean          | 822         |
|    success_rate         | 0.76        |
| time/                   |             |
|    fps                  | 3552        |
|    iterations           | 238         |
|    time_elapsed         | 548         |
|    total_timesteps      | 1949696     |
| train/                  |             |
|    approx_kl            | 0.006986797 |
|    clip_fraction        | 0.0575      |
|    clip_range           | 0.2         |
|    entropy_loss         | -7.43       |
|    explained_variance   | 0.845       |
|    learning_rate        | 0.0003      |
|    loss                 | 6.12e+03    |
|    n_updates            | 2370        |
|    policy_gradient_loss | -0.0059     |
|    std                  | 0.845       |
|    value_loss           | 1.42e+04    |
-----------------------------------------
Eval num_timesteps=1950000, episode_reward=982.70 +/- 131.01
Episode length: 117.80 +/- 107.94
Success rate: 60.00%
-----------------------------------------
| eval/                   |             |
|    mean_ep_length       | 118         |
|    mean_reward          | 983         |
|    success_rate         | 0.6         |
| time/                   |             |
|    total_timesteps      | 1950000     |
| train/                  |             |
|    approx_kl            | 0.005196415 |
|    clip_fraction        | 0.0351      |
|    clip_range           | 0.2         |
|    entropy_loss         | -7.43       |
|    explained_variance   | 0.822       |
|    learning_rate        | 0.0003      |
|    loss                 | 6.21e+03    |
|    n_updates            | 2380        |
|    policy_gradient_loss | -0.00359    |
|    std                  | 0.843       |
|    value_loss           | 1.4e+04     |
-----------------------------------------
---------------------------------
| rollout/           |          |
|    ep_len_mean     | 84.6     |
|    ep_rew_mean     | 883      |
|    success_rate    | 0.82     |
| time/              |          |
|    fps             | 3551     |
|    iterations      | 239      |
|    time_elapsed    | 551      |
|    total_timesteps | 1957888  |
---------------------------------
-----------------------------------------
| rollout/                |             |
|    ep_len_mean          | 82.8        |
|    ep_rew_mean          | 881         |
|    success_rate         | 0.82        |
| time/                   |             |
|    fps                  | 3552        |
|    iterations           | 240         |
|    time_elapsed         | 553         |
|    total_timesteps      | 1966080     |
| train/                  |             |
|    approx_kl            | 0.005908352 |
|    clip_fraction        | 0.0386      |
|    clip_range           | 0.2         |
|    entropy_loss         | -7.42       |
|    explained_variance   | 0.873       |
|    learning_rate        | 0.0003      |
|    loss                 | 5.49e+03    |
|    n_updates            | 2390        |
|    policy_gradient_loss | -0.00436    |
|    std                  | 0.844       |
|    value_loss           | 1.17e+04    |
-----------------------------------------
------------------------------------------
| rollout/                |              |
|    ep_len_mean          | 87.6         |
|    ep_rew_mean          | 893          |
|    success_rate         | 0.83         |
| time/                   |              |
|    fps                  | 3553         |
|    iterations           | 241          |
|    time_elapsed         | 555          |
|    total_timesteps      | 1974272      |
| train/                  |              |
|    approx_kl            | 0.0057895742 |
|    clip_fraction        | 0.0478       |
|    clip_range           | 0.2          |
|    entropy_loss         | -7.43        |
|    explained_variance   | 0.868        |
|    learning_rate        | 0.0003       |
|    loss                 | 3.75e+03     |
|    n_updates            | 2400         |
|    policy_gradient_loss | -0.00431     |
|    std                  | 0.845        |
|    value_loss           | 1.11e+04     |
------------------------------------------
Eval num_timesteps=1975000, episode_reward=1151.16 +/- 545.80
Episode length: 89.00 +/- 82.24
Success rate: 80.00%
-----------------------------------------
| eval/                   |             |
|    mean_ep_length       | 89          |
|    mean_reward          | 1.15e+03    |
|    success_rate         | 0.8         |
| time/                   |             |
|    total_timesteps      | 1975000     |
| train/                  |             |
|    approx_kl            | 0.006339198 |
|    clip_fraction        | 0.0462      |
|    clip_range           | 0.2         |
|    entropy_loss         | -7.43       |
|    explained_variance   | 0.882       |
|    learning_rate        | 0.0003      |
|    loss                 | 4.25e+03    |
|    n_updates            | 2410        |
|    policy_gradient_loss | -0.00491    |
|    std                  | 0.845       |
|    value_loss           | 1.13e+04    |
-----------------------------------------
New best mean reward!
---------------------------------
| rollout/           |          |
|    ep_len_mean     | 89.9     |
|    ep_rew_mean     | 891      |
|    success_rate    | 0.82     |
| time/              |          |
|    fps             | 3553     |
|    iterations      | 242      |
|    time_elapsed    | 557      |
|    total_timesteps | 1982464  |
---------------------------------
-----------------------------------------
| rollout/                |             |
|    ep_len_mean          | 72.8        |
|    ep_rew_mean          | 897         |
|    success_rate         | 0.85        |
| time/                   |             |
|    fps                  | 3554        |
|    iterations           | 243         |
|    time_elapsed         | 560         |
|    total_timesteps      | 1990656     |
| train/                  |             |
|    approx_kl            | 0.006030785 |
|    clip_fraction        | 0.0402      |
|    clip_range           | 0.2         |
|    entropy_loss         | -7.43       |
|    explained_variance   | 0.847       |
|    learning_rate        | 0.0003      |
|    loss                 | 7.35e+03    |
|    n_updates            | 2420        |
|    policy_gradient_loss | -0.00477    |
|    std                  | 0.844       |
|    value_loss           | 1.28e+04    |
-----------------------------------------
-----------------------------------------
| rollout/                |             |
|    ep_len_mean          | 77.1        |
|    ep_rew_mean          | 898         |
|    success_rate         | 0.85        |
| time/                   |             |
|    fps                  | 3555        |
|    iterations           | 244         |
|    time_elapsed         | 562         |
|    total_timesteps      | 1998848     |
| train/                  |             |
|    approx_kl            | 0.006750305 |
|    clip_fraction        | 0.0514      |
|    clip_range           | 0.2         |
|    entropy_loss         | -7.42       |
|    explained_variance   | 0.859       |
|    learning_rate        | 0.0003      |
|    loss                 | 6.22e+03    |
|    n_updates            | 2430        |
|    policy_gradient_loss | -0.00479    |
|    std                  | 0.843       |
|    value_loss           | 1.22e+04    |
-----------------------------------------
Eval num_timesteps=2000000, episode_reward=997.87 +/- 0.77
Episode length: 30.20 +/- 0.40
Success rate: 100.00%
-----------------------------------------
| eval/                   |             |
|    mean_ep_length       | 30.2        |
|    mean_reward          | 998         |
|    success_rate         | 1           |
| time/                   |             |
|    total_timesteps      | 2000000     |
| train/                  |             |
|    approx_kl            | 0.006983251 |
|    clip_fraction        | 0.0542      |
|    clip_range           | 0.2         |
|    entropy_loss         | -7.42       |
|    explained_variance   | 0.868       |
|    learning_rate        | 0.0003      |
|    loss                 | 4.99e+03    |
|    n_updates            | 2440        |
|    policy_gradient_loss | -0.00525    |
|    std                  | 0.843       |
|    value_loss           | 1.17e+04    |
-----------------------------------------
---------------------------------
| rollout/           |          |
|    ep_len_mean     | 81.2     |
|    ep_rew_mean     | 880      |
|    success_rate    | 0.82     |
| time/              |          |
|    fps             | 3555     |
|    iterations      | 245      |
|    time_elapsed    | 564      |
|    total_timesteps | 2007040  |
---------------------------------
------------------------------------------
| rollout/                |              |
|    ep_len_mean          | 73.7         |
|    ep_rew_mean          | 908          |
|    success_rate         | 0.87         |
| time/                   |              |
|    fps                  | 3556         |
|    iterations           | 246          |
|    time_elapsed         | 566          |
|    total_timesteps      | 2015232      |
| train/                  |              |
|    approx_kl            | 0.0051015764 |
|    clip_fraction        | 0.0325       |
|    clip_range           | 0.2          |
|    entropy_loss         | -7.41        |
|    explained_variance   | 0.879        |
|    learning_rate        | 0.0003       |
|    loss                 | 6.59e+03     |
|    n_updates            | 2450         |
|    policy_gradient_loss | -0.00342     |
|    std                  | 0.842        |
|    value_loss           | 1.14e+04     |
------------------------------------------
-----------------------------------------
| rollout/                |             |
|    ep_len_mean          | 78.4        |
|    ep_rew_mean          | 901         |
|    success_rate         | 0.85        |
| time/                   |             |
|    fps                  | 3557        |
|    iterations           | 247         |
|    time_elapsed         | 568         |
|    total_timesteps      | 2023424     |
| train/                  |             |
|    approx_kl            | 0.005167854 |
|    clip_fraction        | 0.048       |
|    clip_range           | 0.2         |
|    entropy_loss         | -7.41       |
|    explained_variance   | 0.878       |
|    learning_rate        | 0.0003      |
|    loss                 | 3.61e+03    |
|    n_updates            | 2460        |
|    policy_gradient_loss | -0.00532    |
|    std                  | 0.842       |
|    value_loss           | 1.01e+04    |
-----------------------------------------
Eval num_timesteps=2025000, episode_reward=997.48 +/- 0.71
Episode length: 30.20 +/- 0.98
Success rate: 100.00%
-----------------------------------------
| eval/                   |             |
|    mean_ep_length       | 30.2        |
|    mean_reward          | 997         |
|    success_rate         | 1           |
| time/                   |             |
|    total_timesteps      | 2025000     |
| train/                  |             |
|    approx_kl            | 0.005539343 |
|    clip_fraction        | 0.0416      |
|    clip_range           | 0.2         |
|    entropy_loss         | -7.41       |
|    explained_variance   | 0.881       |
|    learning_rate        | 0.0003      |
|    loss                 | 6.17e+03    |
|    n_updates            | 2470        |
|    policy_gradient_loss | -0.00425    |
|    std                  | 0.842       |
|    value_loss           | 1.14e+04    |
-----------------------------------------
---------------------------------
| rollout/           |          |
|    ep_len_mean     | 83       |
|    ep_rew_mean     | 878      |
|    success_rate    | 0.84     |
| time/              |          |
|    fps             | 3557     |
|    iterations      | 248      |
|    time_elapsed    | 571      |
|    total_timesteps | 2031616  |
---------------------------------
------------------------------------------
| rollout/                |              |
|    ep_len_mean          | 82.4         |
|    ep_rew_mean          | 888          |
|    success_rate         | 0.85         |
| time/                   |              |
|    fps                  | 3558         |
|    iterations           | 249          |
|    time_elapsed         | 573          |
|    total_timesteps      | 2039808      |
| train/                  |              |
|    approx_kl            | 0.0062381746 |
|    clip_fraction        | 0.0514       |
|    clip_range           | 0.2          |
|    entropy_loss         | -7.4         |
|    explained_variance   | 0.879        |
|    learning_rate        | 0.0003       |
|    loss                 | 4.66e+03     |
|    n_updates            | 2480         |
|    policy_gradient_loss | -0.00538     |
|    std                  | 0.842        |
|    value_loss           | 1.1e+04      |
------------------------------------------
-----------------------------------------
| rollout/                |             |
|    ep_len_mean          | 76.3        |
|    ep_rew_mean          | 879         |
|    success_rate         | 0.85        |
| time/                   |             |
|    fps                  | 3559        |
|    iterations           | 250         |
|    time_elapsed         | 575         |
|    total_timesteps      | 2048000     |
| train/                  |             |
|    approx_kl            | 0.006499146 |
|    clip_fraction        | 0.0586      |
|    clip_range           | 0.2         |
|    entropy_loss         | -7.4        |
|    explained_variance   | 0.875       |
|    learning_rate        | 0.0003      |
|    loss                 | 4.25e+03    |
|    n_updates            | 2490        |
|    policy_gradient_loss | -0.00497    |
|    std                  | 0.841       |
|    value_loss           | 1.01e+04    |
-----------------------------------------
Eval num_timesteps=2050000, episode_reward=950.42 +/- 97.07
Episode length: 74.80 +/- 87.61
Success rate: 80.00%
-----------------------------------------
| eval/                   |             |
|    mean_ep_length       | 74.8        |
|    mean_reward          | 950         |
|    success_rate         | 0.8         |
| time/                   |             |
|    total_timesteps      | 2050000     |
| train/                  |             |
|    approx_kl            | 0.006159477 |
|    clip_fraction        | 0.047       |
|    clip_range           | 0.2         |
|    entropy_loss         | -7.4        |
|    explained_variance   | 0.839       |
|    learning_rate        | 0.0003      |
|    loss                 | 6.79e+03    |
|    n_updates            | 2500        |
|    policy_gradient_loss | -0.00526    |
|    std                  | 0.841       |
|    value_loss           | 1.27e+04    |
-----------------------------------------
---------------------------------
| rollout/           |          |
|    ep_len_mean     | 75.7     |
|    ep_rew_mean     | 947      |
|    success_rate    | 0.87     |
| time/              |          |
|    fps             | 3559     |
|    iterations      | 251      |
|    time_elapsed    | 577      |
|    total_timesteps | 2056192  |
---------------------------------
-----------------------------------------
| rollout/                |             |
|    ep_len_mean          | 70.2        |
|    ep_rew_mean          | 927         |
|    success_rate         | 0.88        |
| time/                   |             |
|    fps                  | 3560        |
|    iterations           | 252         |
|    time_elapsed         | 579         |
|    total_timesteps      | 2064384     |
| train/                  |             |
|    approx_kl            | 0.005713125 |
|    clip_fraction        | 0.0388      |
|    clip_range           | 0.2         |
|    entropy_loss         | -7.39       |
|    explained_variance   | 0.824       |
|    learning_rate        | 0.0003      |
|    loss                 | 5.43e+03    |
|    n_updates            | 2510        |
|    policy_gradient_loss | -0.00398    |
|    std                  | 0.841       |
|    value_loss           | 1.49e+04    |
-----------------------------------------
-----------------------------------------
| rollout/                |             |
|    ep_len_mean          | 91.7        |
|    ep_rew_mean          | 870         |
|    success_rate         | 0.79        |
| time/                   |             |
|    fps                  | 3561        |
|    iterations           | 253         |
|    time_elapsed         | 581         |
|    total_timesteps      | 2072576     |
| train/                  |             |
|    approx_kl            | 0.005580031 |
|    clip_fraction        | 0.0537      |
|    clip_range           | 0.2         |
|    entropy_loss         | -7.39       |
|    explained_variance   | 0.847       |
|    learning_rate        | 0.0003      |
|    loss                 | 7.01e+03    |
|    n_updates            | 2520        |
|    policy_gradient_loss | -0.00595    |
|    std                  | 0.84        |
|    value_loss           | 1.37e+04    |
-----------------------------------------
Eval num_timesteps=2075000, episode_reward=740.33 +/- 405.96
Episode length: 119.40 +/- 106.64
Success rate: 60.00%
------------------------------------------
| eval/                   |              |
|    mean_ep_length       | 119          |
|    mean_reward          | 740          |
|    success_rate         | 0.6          |
| time/                   |              |
|    total_timesteps      | 2075000      |
| train/                  |              |
|    approx_kl            | 0.0048256456 |
|    clip_fraction        | 0.0357       |
|    clip_range           | 0.2          |
|    entropy_loss         | -7.39        |
|    explained_variance   | 0.893        |
|    learning_rate        | 0.0003       |
|    loss                 | 5.24e+03     |
|    n_updates            | 2530         |
|    policy_gradient_loss | -0.00425     |
|    std                  | 0.838        |
|    value_loss           | 9.63e+03     |
------------------------------------------
---------------------------------
| rollout/           |          |
|    ep_len_mean     | 77.5     |
|    ep_rew_mean     | 883      |
|    success_rate    | 0.82     |
| time/              |          |
|    fps             | 3560     |
|    iterations      | 254      |
|    time_elapsed    | 584      |
|    total_timesteps | 2080768  |
---------------------------------
-----------------------------------------
| rollout/                |             |
|    ep_len_mean          | 72.4        |
|    ep_rew_mean          | 917         |
|    success_rate         | 0.85        |
| time/                   |             |
|    fps                  | 3561        |
|    iterations           | 255         |
|    time_elapsed         | 586         |
|    total_timesteps      | 2088960     |
| train/                  |             |
|    approx_kl            | 0.004713987 |
|    clip_fraction        | 0.0371      |
|    clip_range           | 0.2         |
|    entropy_loss         | -7.38       |
|    explained_variance   | 0.868       |
|    learning_rate        | 0.0003      |
|    loss                 | 7.01e+03    |
|    n_updates            | 2540        |
|    policy_gradient_loss | -0.00321    |
|    std                  | 0.84        |
|    value_loss           | 1.27e+04    |
-----------------------------------------
------------------------------------------
| rollout/                |              |
|    ep_len_mean          | 73.2         |
|    ep_rew_mean          | 949          |
|    success_rate         | 0.86         |
| time/                   |              |
|    fps                  | 3562         |
|    iterations           | 256          |
|    time_elapsed         | 588          |
|    total_timesteps      | 2097152      |
| train/                  |              |
|    approx_kl            | 0.0066258735 |
|    clip_fraction        | 0.05         |
|    clip_range           | 0.2          |
|    entropy_loss         | -7.38        |
|    explained_variance   | 0.859        |
|    learning_rate        | 0.0003       |
|    loss                 | 7.33e+03     |
|    n_updates            | 2550         |
|    policy_gradient_loss | -0.00507     |
|    std                  | 0.838        |
|    value_loss           | 1.32e+04     |
------------------------------------------
Eval num_timesteps=2100000, episode_reward=993.70 +/- 511.86
Episode length: 77.80 +/- 86.16
Success rate: 80.00%
-----------------------------------------
| eval/                   |             |
|    mean_ep_length       | 77.8        |
|    mean_reward          | 994         |
|    success_rate         | 0.8         |
| time/                   |             |
|    total_timesteps      | 2100000     |
| train/                  |             |
|    approx_kl            | 0.007886538 |
|    clip_fraction        | 0.0573      |
|    clip_range           | 0.2         |
|    entropy_loss         | -7.37       |
|    explained_variance   | 0.868       |
|    learning_rate        | 0.0003      |
|    loss                 | 3.97e+03    |
|    n_updates            | 2560        |
|    policy_gradient_loss | -0.00571    |
|    std                  | 0.837       |
|    value_loss           | 1.25e+04    |
-----------------------------------------
---------------------------------
| rollout/           |          |
|    ep_len_mean     | 73.9     |
|    ep_rew_mean     | 902      |
|    success_rate    | 0.84     |
| time/              |          |
|    fps             | 3561     |
|    iterations      | 257      |
|    time_elapsed    | 591      |
|    total_timesteps | 2105344  |
---------------------------------
-----------------------------------------
| rollout/                |             |
|    ep_len_mean          | 72.7        |
|    ep_rew_mean          | 938         |
|    success_rate         | 0.86        |
| time/                   |             |
|    fps                  | 3562        |
|    iterations           | 258         |
|    time_elapsed         | 593         |
|    total_timesteps      | 2113536     |
| train/                  |             |
|    approx_kl            | 0.006345194 |
|    clip_fraction        | 0.0518      |
|    clip_range           | 0.2         |
|    entropy_loss         | -7.37       |
|    explained_variance   | 0.905       |
|    learning_rate        | 0.0003      |
|    loss                 | 3.91e+03    |
|    n_updates            | 2570        |
|    policy_gradient_loss | -0.00474    |
|    std                  | 0.838       |
|    value_loss           | 9.74e+03    |
-----------------------------------------
------------------------------------------
| rollout/                |              |
|    ep_len_mean          | 83.2         |
|    ep_rew_mean          | 905          |
|    success_rate         | 0.81         |
| time/                   |              |
|    fps                  | 3563         |
|    iterations           | 259          |
|    time_elapsed         | 595          |
|    total_timesteps      | 2121728      |
| train/                  |              |
|    approx_kl            | 0.0057051564 |
|    clip_fraction        | 0.051        |
|    clip_range           | 0.2          |
|    entropy_loss         | -7.37        |
|    explained_variance   | 0.887        |
|    learning_rate        | 0.0003       |
|    loss                 | 4.64e+03     |
|    n_updates            | 2580         |
|    policy_gradient_loss | -0.00389     |
|    std                  | 0.837        |
|    value_loss           | 1.1e+04      |
------------------------------------------
Eval num_timesteps=2125000, episode_reward=1072.47 +/- 278.24
Episode length: 78.60 +/- 85.76
Success rate: 80.00%
------------------------------------------
| eval/                   |              |
|    mean_ep_length       | 78.6         |
|    mean_reward          | 1.07e+03     |
|    success_rate         | 0.8          |
| time/                   |              |
|    total_timesteps      | 2125000      |
| train/                  |              |
|    approx_kl            | 0.0064219492 |
|    clip_fraction        | 0.0581       |
|    clip_range           | 0.2          |
|    entropy_loss         | -7.37        |
|    explained_variance   | 0.893        |
|    learning_rate        | 0.0003       |
|    loss                 | 3.4e+03      |
|    n_updates            | 2590         |
|    policy_gradient_loss | -0.00616     |
|    std                  | 0.838        |
|    value_loss           | 1e+04        |
------------------------------------------
---------------------------------
| rollout/           |          |
|    ep_len_mean     | 80.2     |
|    ep_rew_mean     | 890      |
|    success_rate    | 0.83     |
| time/              |          |
|    fps             | 3563     |
|    iterations      | 260      |
|    time_elapsed    | 597      |
|    total_timesteps | 2129920  |
---------------------------------
------------------------------------------
| rollout/                |              |
|    ep_len_mean          | 66.3         |
|    ep_rew_mean          | 932          |
|    success_rate         | 0.87         |
| time/                   |              |
|    fps                  | 3564         |
|    iterations           | 261          |
|    time_elapsed         | 599          |
|    total_timesteps      | 2138112      |
| train/                  |              |
|    approx_kl            | 0.0045131296 |
|    clip_fraction        | 0.0367       |
|    clip_range           | 0.2          |
|    entropy_loss         | -7.37        |
|    explained_variance   | 0.895        |
|    learning_rate        | 0.0003       |
|    loss                 | 5.33e+03     |
|    n_updates            | 2600         |
|    policy_gradient_loss | -0.00455     |
|    std                  | 0.837        |
|    value_loss           | 1.02e+04     |
------------------------------------------
------------------------------------------
| rollout/                |              |
|    ep_len_mean          | 64.8         |
|    ep_rew_mean          | 944          |
|    success_rate         | 0.89         |
| time/                   |              |
|    fps                  | 3565         |
|    iterations           | 262          |
|    time_elapsed         | 602          |
|    total_timesteps      | 2146304      |
| train/                  |              |
|    approx_kl            | 0.0068489984 |
|    clip_fraction        | 0.0519       |
|    clip_range           | 0.2          |
|    entropy_loss         | -7.37        |
|    explained_variance   | 0.903        |
|    learning_rate        | 0.0003       |
|    loss                 | 4.19e+03     |
|    n_updates            | 2610         |
|    policy_gradient_loss | -0.00436     |
|    std                  | 0.837        |
|    value_loss           | 1.03e+04     |
------------------------------------------
Eval num_timesteps=2150000, episode_reward=1033.46 +/- 326.27
Episode length: 78.00 +/- 86.03
Success rate: 80.00%
-----------------------------------------
| eval/                   |             |
|    mean_ep_length       | 78          |
|    mean_reward          | 1.03e+03    |
|    success_rate         | 0.8         |
| time/                   |             |
|    total_timesteps      | 2150000     |
| train/                  |             |
|    approx_kl            | 0.006436549 |
|    clip_fraction        | 0.0586      |
|    clip_range           | 0.2         |
|    entropy_loss         | -7.36       |
|    explained_variance   | 0.891       |
|    learning_rate        | 0.0003      |
|    loss                 | 7.38e+03    |
|    n_updates            | 2620        |
|    policy_gradient_loss | -0.0043     |
|    std                  | 0.836       |
|    value_loss           | 1.22e+04    |
-----------------------------------------
---------------------------------
| rollout/           |          |
|    ep_len_mean     | 84.2     |
|    ep_rew_mean     | 897      |
|    success_rate    | 0.8      |
| time/              |          |
|    fps             | 3564     |
|    iterations      | 263      |
|    time_elapsed    | 604      |
|    total_timesteps | 2154496  |
---------------------------------
----------------------------------------
| rollout/                |            |
|    ep_len_mean          | 74.6       |
|    ep_rew_mean          | 893        |
|    success_rate         | 0.83       |
| time/                   |            |
|    fps                  | 3565       |
|    iterations           | 264        |
|    time_elapsed         | 606        |
|    total_timesteps      | 2162688    |
| train/                  |            |
|    approx_kl            | 0.00544437 |
|    clip_fraction        | 0.0448     |
|    clip_range           | 0.2        |
|    entropy_loss         | -7.35      |
|    explained_variance   | 0.904      |
|    learning_rate        | 0.0003     |
|    loss                 | 3.32e+03   |
|    n_updates            | 2630       |
|    policy_gradient_loss | -0.00433   |
|    std                  | 0.833      |
|    value_loss           | 1.04e+04   |
----------------------------------------
-----------------------------------------
| rollout/                |             |
|    ep_len_mean          | 80.1        |
|    ep_rew_mean          | 874         |
|    success_rate         | 0.81        |
| time/                   |             |
|    fps                  | 3565        |
|    iterations           | 265         |
|    time_elapsed         | 608         |
|    total_timesteps      | 2170880     |
| train/                  |             |
|    approx_kl            | 0.007491148 |
|    clip_fraction        | 0.0684      |
|    clip_range           | 0.2         |
|    entropy_loss         | -7.34       |
|    explained_variance   | 0.914       |
|    learning_rate        | 0.0003      |
|    loss                 | 3.38e+03    |
|    n_updates            | 2640        |
|    policy_gradient_loss | -0.00647    |
|    std                  | 0.833       |
|    value_loss           | 8.74e+03    |
-----------------------------------------
Eval num_timesteps=2175000, episode_reward=998.84 +/- 1.15
Episode length: 32.60 +/- 0.80
Success rate: 100.00%
------------------------------------------
| eval/                   |              |
|    mean_ep_length       | 32.6         |
|    mean_reward          | 999          |
|    success_rate         | 1            |
| time/                   |              |
|    total_timesteps      | 2175000      |
| train/                  |              |
|    approx_kl            | 0.0055845873 |
|    clip_fraction        | 0.042        |
|    clip_range           | 0.2          |
|    entropy_loss         | -7.34        |
|    explained_variance   | 0.903        |
|    learning_rate        | 0.0003       |
|    loss                 | 5.3e+03      |
|    n_updates            | 2650         |
|    policy_gradient_loss | -0.00317     |
|    std                  | 0.832        |
|    value_loss           | 1.13e+04     |
------------------------------------------
---------------------------------
| rollout/           |          |
|    ep_len_mean     | 67.5     |
|    ep_rew_mean     | 954      |
|    success_rate    | 0.89     |
| time/              |          |
|    fps             | 3566     |
|    iterations      | 266      |
|    time_elapsed    | 611      |
|    total_timesteps | 2179072  |
---------------------------------
------------------------------------------
| rollout/                |              |
|    ep_len_mean          | 88           |
|    ep_rew_mean          | 861          |
|    success_rate         | 0.8          |
| time/                   |              |
|    fps                  | 3566         |
|    iterations           | 267          |
|    time_elapsed         | 613          |
|    total_timesteps      | 2187264      |
| train/                  |              |
|    approx_kl            | 0.0051137777 |
|    clip_fraction        | 0.0369       |
|    clip_range           | 0.2          |
|    entropy_loss         | -7.33        |
|    explained_variance   | 0.895        |
|    learning_rate        | 0.0003       |
|    loss                 | 4.5e+03      |
|    n_updates            | 2660         |
|    policy_gradient_loss | -0.00433     |
|    std                  | 0.832        |
|    value_loss           | 1.09e+04     |
------------------------------------------
-----------------------------------------
| rollout/                |             |
|    ep_len_mean          | 69.6        |
|    ep_rew_mean          | 944         |
|    success_rate         | 0.87        |
| time/                   |             |
|    fps                  | 3567        |
|    iterations           | 268         |
|    time_elapsed         | 615         |
|    total_timesteps      | 2195456     |
| train/                  |             |
|    approx_kl            | 0.007117412 |
|    clip_fraction        | 0.0674      |
|    clip_range           | 0.2         |
|    entropy_loss         | -7.33       |
|    explained_variance   | 0.885       |
|    learning_rate        | 0.0003      |
|    loss                 | 7.07e+03    |
|    n_updates            | 2670        |
|    policy_gradient_loss | -0.00502    |
|    std                  | 0.831       |
|    value_loss           | 1.13e+04    |
-----------------------------------------
Eval num_timesteps=2200000, episode_reward=1149.30 +/- 323.90
Episode length: 76.20 +/- 86.94
Success rate: 80.00%
--------------------------------------
| eval/                   |          |
|    mean_ep_length       | 76.2     |
|    mean_reward          | 1.15e+03 |
|    success_rate         | 0.8      |
| time/                   |          |
|    total_timesteps      | 2200000  |
| train/                  |          |
|    approx_kl            | 0.00533  |
|    clip_fraction        | 0.0391   |
|    clip_range           | 0.2      |
|    entropy_loss         | -7.32    |
|    explained_variance   | 0.922    |
|    learning_rate        | 0.0003   |
|    loss                 | 3.67e+03 |
|    n_updates            | 2680     |
|    policy_gradient_loss | -0.00324 |
|    std                  | 0.832    |
|    value_loss           | 8.49e+03 |
--------------------------------------
---------------------------------
| rollout/           |          |
|    ep_len_mean     | 77       |
|    ep_rew_mean     | 942      |
|    success_rate    | 0.85     |
| time/              |          |
|    fps             | 3567     |
|    iterations      | 269      |
|    time_elapsed    | 617      |
|    total_timesteps | 2203648  |
---------------------------------
------------------------------------------
| rollout/                |              |
|    ep_len_mean          | 73           |
|    ep_rew_mean          | 951          |
|    success_rate         | 0.88         |
| time/                   |              |
|    fps                  | 3568         |
|    iterations           | 270          |
|    time_elapsed         | 619          |
|    total_timesteps      | 2211840      |
| train/                  |              |
|    approx_kl            | 0.0052042697 |
|    clip_fraction        | 0.0385       |
|    clip_range           | 0.2          |
|    entropy_loss         | -7.32        |
|    explained_variance   | 0.889        |
|    learning_rate        | 0.0003       |
|    loss                 | 7.03e+03     |
|    n_updates            | 2690         |
|    policy_gradient_loss | -0.00356     |
|    std                  | 0.83         |
|    value_loss           | 1.17e+04     |
------------------------------------------
-----------------------------------------
| rollout/                |             |
|    ep_len_mean          | 85.6        |
|    ep_rew_mean          | 872         |
|    success_rate         | 0.79        |
| time/                   |             |
|    fps                  | 3569        |
|    iterations           | 271         |
|    time_elapsed         | 621         |
|    total_timesteps      | 2220032     |
| train/                  |             |
|    approx_kl            | 0.006623595 |
|    clip_fraction        | 0.0576      |
|    clip_range           | 0.2         |
|    entropy_loss         | -7.31       |
|    explained_variance   | 0.885       |
|    learning_rate        | 0.0003      |
|    loss                 | 4.39e+03    |
|    n_updates            | 2700        |
|    policy_gradient_loss | -0.00496    |
|    std                  | 0.829       |
|    value_loss           | 1.02e+04    |
-----------------------------------------
Eval num_timesteps=2225000, episode_reward=1030.61 +/- 455.18
Episode length: 77.00 +/- 86.54
Success rate: 80.00%
------------------------------------------
| eval/                   |              |
|    mean_ep_length       | 77           |
|    mean_reward          | 1.03e+03     |
|    success_rate         | 0.8          |
| time/                   |              |
|    total_timesteps      | 2225000      |
| train/                  |              |
|    approx_kl            | 0.0069950223 |
|    clip_fraction        | 0.0548       |
|    clip_range           | 0.2          |
|    entropy_loss         | -7.31        |
|    explained_variance   | 0.909        |
|    learning_rate        | 0.0003       |
|    loss                 | 4.22e+03     |
|    n_updates            | 2710         |
|    policy_gradient_loss | -0.00475     |
|    std                  | 0.83         |
|    value_loss           | 9.59e+03     |
------------------------------------------
---------------------------------
| rollout/           |          |
|    ep_len_mean     | 65.6     |
|    ep_rew_mean     | 943      |
|    success_rate    | 0.88     |
| time/              |          |
|    fps             | 3568     |
|    iterations      | 272      |
|    time_elapsed    | 624      |
|    total_timesteps | 2228224  |
---------------------------------
-----------------------------------------
| rollout/                |             |
|    ep_len_mean          | 70.6        |
|    ep_rew_mean          | 939         |
|    success_rate         | 0.86        |
| time/                   |             |
|    fps                  | 3569        |
|    iterations           | 273         |
|    time_elapsed         | 626         |
|    total_timesteps      | 2236416     |
| train/                  |             |
|    approx_kl            | 0.005843604 |
|    clip_fraction        | 0.0439      |
|    clip_range           | 0.2         |
|    entropy_loss         | -7.31       |
|    explained_variance   | 0.866       |
|    learning_rate        | 0.0003      |
|    loss                 | 4.8e+03     |
|    n_updates            | 2720        |
|    policy_gradient_loss | -0.00447    |
|    std                  | 0.829       |
|    value_loss           | 1.21e+04    |
-----------------------------------------
------------------------------------------
| rollout/                |              |
|    ep_len_mean          | 72.7         |
|    ep_rew_mean          | 941          |
|    success_rate         | 0.87         |
| time/                   |              |
|    fps                  | 3570         |
|    iterations           | 274          |
|    time_elapsed         | 628          |
|    total_timesteps      | 2244608      |
| train/                  |              |
|    approx_kl            | 0.0054274625 |
|    clip_fraction        | 0.0478       |
|    clip_range           | 0.2          |
|    entropy_loss         | -7.31        |
|    explained_variance   | 0.912        |
|    learning_rate        | 0.0003       |
|    loss                 | 4.95e+03     |
|    n_updates            | 2730         |
|    policy_gradient_loss | -0.00483     |
|    std                  | 0.828        |
|    value_loss           | 9.15e+03     |
------------------------------------------
Eval num_timesteps=2250000, episode_reward=1117.75 +/- 239.96
Episode length: 33.40 +/- 1.36
Success rate: 100.00%
------------------------------------------
| eval/                   |              |
|    mean_ep_length       | 33.4         |
|    mean_reward          | 1.12e+03     |
|    success_rate         | 1            |
| time/                   |              |
|    total_timesteps      | 2250000      |
| train/                  |              |
|    approx_kl            | 0.0061503933 |
|    clip_fraction        | 0.0422       |
|    clip_range           | 0.2          |
|    entropy_loss         | -7.3         |
|    explained_variance   | 0.88         |
|    learning_rate        | 0.0003       |
|    loss                 | 7.04e+03     |
|    n_updates            | 2740         |
|    policy_gradient_loss | -0.00356     |
|    std                  | 0.827        |
|    value_loss           | 1.26e+04     |
------------------------------------------
---------------------------------
| rollout/           |          |
|    ep_len_mean     | 68.5     |
|    ep_rew_mean     | 884      |
|    success_rate    | 0.86     |
| time/              |          |
|    fps             | 3570     |
|    iterations      | 275      |
|    time_elapsed    | 630      |
|    total_timesteps | 2252800  |
---------------------------------
------------------------------------------
| rollout/                |              |
|    ep_len_mean          | 59.9         |
|    ep_rew_mean          | 974          |
|    success_rate         | 0.92         |
| time/                   |              |
|    fps                  | 3571         |
|    iterations           | 276          |
|    time_elapsed         | 633          |
|    total_timesteps      | 2260992      |
| train/                  |              |
|    approx_kl            | 0.0058274735 |
|    clip_fraction        | 0.0428       |
|    clip_range           | 0.2          |
|    entropy_loss         | -7.29        |
|    explained_variance   | 0.907        |
|    learning_rate        | 0.0003       |
|    loss                 | 4.07e+03     |
|    n_updates            | 2750         |
|    policy_gradient_loss | -0.00496     |
|    std                  | 0.825        |
|    value_loss           | 1.09e+04     |
------------------------------------------
-----------------------------------------
| rollout/                |             |
|    ep_len_mean          | 67.3        |
|    ep_rew_mean          | 897         |
|    success_rate         | 0.87        |
| time/                   |             |
|    fps                  | 3571        |
|    iterations           | 277         |
|    time_elapsed         | 635         |
|    total_timesteps      | 2269184     |
| train/                  |             |
|    approx_kl            | 0.006630012 |
|    clip_fraction        | 0.0441      |
|    clip_range           | 0.2         |
|    entropy_loss         | -7.29       |
|    explained_variance   | 0.885       |
|    learning_rate        | 0.0003      |
|    loss                 | 5.99e+03    |
|    n_updates            | 2760        |
|    policy_gradient_loss | -0.00409    |
|    std                  | 0.826       |
|    value_loss           | 1.19e+04    |
-----------------------------------------
Eval num_timesteps=2275000, episode_reward=832.94 +/- 330.86
Episode length: 77.60 +/- 86.20
Success rate: 80.00%
------------------------------------------
| eval/                   |              |
|    mean_ep_length       | 77.6         |
|    mean_reward          | 833          |
|    success_rate         | 0.8          |
| time/                   |              |
|    total_timesteps      | 2275000      |
| train/                  |              |
|    approx_kl            | 0.0059804437 |
|    clip_fraction        | 0.049        |
|    clip_range           | 0.2          |
|    entropy_loss         | -7.29        |
|    explained_variance   | 0.914        |
|    learning_rate        | 0.0003       |
|    loss                 | 4.46e+03     |
|    n_updates            | 2770         |
|    policy_gradient_loss | -0.00395     |
|    std                  | 0.826        |
|    value_loss           | 1.05e+04     |
------------------------------------------
---------------------------------
| rollout/           |          |
|    ep_len_mean     | 68.9     |
|    ep_rew_mean     | 903      |
|    success_rate    | 0.86     |
| time/              |          |
|    fps             | 3571     |
|    iterations      | 278      |
|    time_elapsed    | 637      |
|    total_timesteps | 2277376  |
---------------------------------
-----------------------------------------
| rollout/                |             |
|    ep_len_mean          | 67.2        |
|    ep_rew_mean          | 911         |
|    success_rate         | 0.87        |
| time/                   |             |
|    fps                  | 3572        |
|    iterations           | 279         |
|    time_elapsed         | 639         |
|    total_timesteps      | 2285568     |
| train/                  |             |
|    approx_kl            | 0.006273045 |
|    clip_fraction        | 0.0536      |
|    clip_range           | 0.2         |
|    entropy_loss         | -7.29       |
|    explained_variance   | 0.908       |
|    learning_rate        | 0.0003      |
|    loss                 | 6.84e+03    |
|    n_updates            | 2780        |
|    policy_gradient_loss | -0.00432    |
|    std                  | 0.827       |
|    value_loss           | 1.03e+04    |
-----------------------------------------
------------------------------------------
| rollout/                |              |
|    ep_len_mean          | 83.9         |
|    ep_rew_mean          | 847          |
|    success_rate         | 0.79         |
| time/                   |              |
|    fps                  | 3572         |
|    iterations           | 280          |
|    time_elapsed         | 641          |
|    total_timesteps      | 2293760      |
| train/                  |              |
|    approx_kl            | 0.0076748077 |
|    clip_fraction        | 0.0635       |
|    clip_range           | 0.2          |
|    entropy_loss         | -7.3         |
|    explained_variance   | 0.896        |
|    learning_rate        | 0.0003       |
|    loss                 | 6.18e+03     |
|    n_updates            | 2790         |
|    policy_gradient_loss | -0.00571     |
|    std                  | 0.827        |
|    value_loss           | 1.1e+04      |
------------------------------------------
Eval num_timesteps=2300000, episode_reward=997.96 +/- 0.39
Episode length: 31.80 +/- 0.75
Success rate: 100.00%
-----------------------------------------
| eval/                   |             |
|    mean_ep_length       | 31.8        |
|    mean_reward          | 998         |
|    success_rate         | 1           |
| time/                   |             |
|    total_timesteps      | 2300000     |
| train/                  |             |
|    approx_kl            | 0.007287885 |
|    clip_fraction        | 0.07        |
|    clip_range           | 0.2         |
|    entropy_loss         | -7.29       |
|    explained_variance   | 0.921       |
|    learning_rate        | 0.0003      |
|    loss                 | 3.83e+03    |
|    n_updates            | 2800        |
|    policy_gradient_loss | -0.00504    |
|    std                  | 0.826       |
|    value_loss           | 8e+03       |
-----------------------------------------
---------------------------------
| rollout/           |          |
|    ep_len_mean     | 59.7     |
|    ep_rew_mean     | 965      |
|    success_rate    | 0.91     |
| time/              |          |
|    fps             | 3573     |
|    iterations      | 281      |
|    time_elapsed    | 644      |
|    total_timesteps | 2301952  |
---------------------------------
------------------------------------------
| rollout/                |              |
|    ep_len_mean          | 73.1         |
|    ep_rew_mean          | 932          |
|    success_rate         | 0.84         |
| time/                   |              |
|    fps                  | 3573         |
|    iterations           | 282          |
|    time_elapsed         | 646          |
|    total_timesteps      | 2310144      |
| train/                  |              |
|    approx_kl            | 0.0055505726 |
|    clip_fraction        | 0.0503       |
|    clip_range           | 0.2          |
|    entropy_loss         | -7.29        |
|    explained_variance   | 0.879        |
|    learning_rate        | 0.0003       |
|    loss                 | 5.26e+03     |
|    n_updates            | 2810         |
|    policy_gradient_loss | -0.0051      |
|    std                  | 0.827        |
|    value_loss           | 1.32e+04     |
------------------------------------------
------------------------------------------
| rollout/                |              |
|    ep_len_mean          | 62.5         |
|    ep_rew_mean          | 956          |
|    success_rate         | 0.89         |
| time/                   |              |
|    fps                  | 3574         |
|    iterations           | 283          |
|    time_elapsed         | 648          |
|    total_timesteps      | 2318336      |
| train/                  |              |
|    approx_kl            | 0.0062709884 |
|    clip_fraction        | 0.0533       |
|    clip_range           | 0.2          |
|    entropy_loss         | -7.29        |
|    explained_variance   | 0.928        |
|    learning_rate        | 0.0003       |
|    loss                 | 3.52e+03     |
|    n_updates            | 2820         |
|    policy_gradient_loss | -0.00498     |
|    std                  | 0.827        |
|    value_loss           | 7.64e+03     |
------------------------------------------
Eval num_timesteps=2325000, episode_reward=951.09 +/- 93.71
Episode length: 75.00 +/- 87.50
Success rate: 80.00%
------------------------------------------
| eval/                   |              |
|    mean_ep_length       | 75           |
|    mean_reward          | 951          |
|    success_rate         | 0.8          |
| time/                   |              |
|    total_timesteps      | 2325000      |
| train/                  |              |
|    approx_kl            | 0.0065688184 |
|    clip_fraction        | 0.0469       |
|    clip_range           | 0.2          |
|    entropy_loss         | -7.28        |
|    explained_variance   | 0.916        |
|    learning_rate        | 0.0003       |
|    loss                 | 2.44e+03     |
|    n_updates            | 2830         |
|    policy_gradient_loss | -0.00384     |
|    std                  | 0.825        |
|    value_loss           | 9.3e+03      |
------------------------------------------
---------------------------------
| rollout/           |          |
|    ep_len_mean     | 76.8     |
|    ep_rew_mean     | 898      |
|    success_rate    | 0.82     |
| time/              |          |
|    fps             | 3573     |
|    iterations      | 284      |
|    time_elapsed    | 650      |
|    total_timesteps | 2326528  |
---------------------------------
-----------------------------------------
| rollout/                |             |
|    ep_len_mean          | 67.8        |
|    ep_rew_mean          | 919         |
|    success_rate         | 0.86        |
| time/                   |             |
|    fps                  | 3574        |
|    iterations           | 285         |
|    time_elapsed         | 653         |
|    total_timesteps      | 2334720     |
| train/                  |             |
|    approx_kl            | 0.006878779 |
|    clip_fraction        | 0.0549      |
|    clip_range           | 0.2         |
|    entropy_loss         | -7.27       |
|    explained_variance   | 0.913       |
|    learning_rate        | 0.0003      |
|    loss                 | 3.62e+03    |
|    n_updates            | 2840        |
|    policy_gradient_loss | -0.0041     |
|    std                  | 0.823       |
|    value_loss           | 1.01e+04    |
-----------------------------------------
------------------------------------------
| rollout/                |              |
|    ep_len_mean          | 70.1         |
|    ep_rew_mean          | 957          |
|    success_rate         | 0.87         |
| time/                   |              |
|    fps                  | 3575         |
|    iterations           | 286          |
|    time_elapsed         | 655          |
|    total_timesteps      | 2342912      |
| train/                  |              |
|    approx_kl            | 0.0059284028 |
|    clip_fraction        | 0.0605       |
|    clip_range           | 0.2          |
|    entropy_loss         | -7.26        |
|    explained_variance   | 0.922        |
|    learning_rate        | 0.0003       |
|    loss                 | 3.47e+03     |
|    n_updates            | 2850         |
|    policy_gradient_loss | -0.00566     |
|    std                  | 0.822        |
|    value_loss           | 8.6e+03      |
------------------------------------------
Eval num_timesteps=2350000, episode_reward=951.31 +/- 207.32
Episode length: 75.60 +/- 87.20
Success rate: 80.00%
-----------------------------------------
| eval/                   |             |
|    mean_ep_length       | 75.6        |
|    mean_reward          | 951         |
|    success_rate         | 0.8         |
| time/                   |             |
|    total_timesteps      | 2350000     |
| train/                  |             |
|    approx_kl            | 0.006945337 |
|    clip_fraction        | 0.0635      |
|    clip_range           | 0.2         |
|    entropy_loss         | -7.25       |
|    explained_variance   | 0.874       |
|    learning_rate        | 0.0003      |
|    loss                 | 5.95e+03    |
|    n_updates            | 2860        |
|    policy_gradient_loss | -0.00522    |
|    std                  | 0.822       |
|    value_loss           | 1.25e+04    |
-----------------------------------------
---------------------------------
| rollout/           |          |
|    ep_len_mean     | 71.6     |
|    ep_rew_mean     | 912      |
|    success_rate    | 0.86     |
| time/              |          |
|    fps             | 3575     |
|    iterations      | 287      |
|    time_elapsed    | 657      |
|    total_timesteps | 2351104  |
---------------------------------
------------------------------------------
| rollout/                |              |
|    ep_len_mean          | 72.8         |
|    ep_rew_mean          | 904          |
|    success_rate         | 0.85         |
| time/                   |              |
|    fps                  | 3575         |
|    iterations           | 288          |
|    time_elapsed         | 659          |
|    total_timesteps      | 2359296      |
| train/                  |              |
|    approx_kl            | 0.0062806485 |
|    clip_fraction        | 0.056        |
|    clip_range           | 0.2          |
|    entropy_loss         | -7.26        |
|    explained_variance   | 0.901        |
|    learning_rate        | 0.0003       |
|    loss                 | 3.96e+03     |
|    n_updates            | 2870         |
|    policy_gradient_loss | -0.00536     |
|    std                  | 0.822        |
|    value_loss           | 1.12e+04     |
------------------------------------------
-----------------------------------------
| rollout/                |             |
|    ep_len_mean          | 60.1        |
|    ep_rew_mean          | 953         |
|    success_rate         | 0.9         |
| time/                   |             |
|    fps                  | 3576        |
|    iterations           | 289         |
|    time_elapsed         | 661         |
|    total_timesteps      | 2367488     |
| train/                  |             |
|    approx_kl            | 0.006593366 |
|    clip_fraction        | 0.0537      |
|    clip_range           | 0.2         |
|    entropy_loss         | -7.26       |
|    explained_variance   | 0.895       |
|    learning_rate        | 0.0003      |
|    loss                 | 5.25e+03    |
|    n_updates            | 2880        |
|    policy_gradient_loss | -0.00479    |
|    std                  | 0.823       |
|    value_loss           | 1.1e+04     |
-----------------------------------------
Eval num_timesteps=2375000, episode_reward=999.80 +/- 1.19
Episode length: 31.60 +/- 0.49
Success rate: 100.00%
-----------------------------------------
| eval/                   |             |
|    mean_ep_length       | 31.6        |
|    mean_reward          | 1e+03       |
|    success_rate         | 1           |
| time/                   |             |
|    total_timesteps      | 2375000     |
| train/                  |             |
|    approx_kl            | 0.004950787 |
|    clip_fraction        | 0.0427      |
|    clip_range           | 0.2         |
|    entropy_loss         | -7.27       |
|    explained_variance   | 0.903       |
|    learning_rate        | 0.0003      |
|    loss                 | 9.63e+03    |
|    n_updates            | 2890        |
|    policy_gradient_loss | -0.003      |
|    std                  | 0.824       |
|    value_loss           | 1.18e+04    |
-----------------------------------------
---------------------------------
| rollout/           |          |
|    ep_len_mean     | 64.6     |
|    ep_rew_mean     | 970      |
|    success_rate    | 0.9      |
| time/              |          |
|    fps             | 3576     |
|    iterations      | 290      |
|    time_elapsed    | 664      |
|    total_timesteps | 2375680  |
---------------------------------
------------------------------------------
| rollout/                |              |
|    ep_len_mean          | 73           |
|    ep_rew_mean          | 922          |
|    success_rate         | 0.84         |
| time/                   |              |
|    fps                  | 3577         |
|    iterations           | 291          |
|    time_elapsed         | 666          |
|    total_timesteps      | 2383872      |
| train/                  |              |
|    approx_kl            | 0.0049045216 |
|    clip_fraction        | 0.0423       |
|    clip_range           | 0.2          |
|    entropy_loss         | -7.28        |
|    explained_variance   | 0.892        |
|    learning_rate        | 0.0003       |
|    loss                 | 4.45e+03     |
|    n_updates            | 2900         |
|    policy_gradient_loss | -0.00513     |
|    std                  | 0.827        |
|    value_loss           | 1.17e+04     |
------------------------------------------
-----------------------------------------
| rollout/                |             |
|    ep_len_mean          | 60.8        |
|    ep_rew_mean          | 939         |
|    success_rate         | 0.9         |
| time/                   |             |
|    fps                  | 3578        |
|    iterations           | 292         |
|    time_elapsed         | 668         |
|    total_timesteps      | 2392064     |
| train/                  |             |
|    approx_kl            | 0.006588091 |
|    clip_fraction        | 0.057       |
|    clip_range           | 0.2         |
|    entropy_loss         | -7.29       |
|    explained_variance   | 0.908       |
|    learning_rate        | 0.0003      |
|    loss                 | 5.49e+03    |
|    n_updates            | 2910        |
|    policy_gradient_loss | -0.00557    |
|    std                  | 0.827       |
|    value_loss           | 9.55e+03    |
-----------------------------------------
Eval num_timesteps=2400000, episode_reward=1037.72 +/- 80.06
Episode length: 32.00 +/- 1.67
Success rate: 100.00%
------------------------------------------
| eval/                   |              |
|    mean_ep_length       | 32           |
|    mean_reward          | 1.04e+03     |
|    success_rate         | 1            |
| time/                   |              |
|    total_timesteps      | 2400000      |
| train/                  |              |
|    approx_kl            | 0.0064626676 |
|    clip_fraction        | 0.0634       |
|    clip_range           | 0.2          |
|    entropy_loss         | -7.29        |
|    explained_variance   | 0.921        |
|    learning_rate        | 0.0003       |
|    loss                 | 2.81e+03     |
|    n_updates            | 2920         |
|    policy_gradient_loss | -0.00549     |
|    std                  | 0.827        |
|    value_loss           | 8.05e+03     |
------------------------------------------
---------------------------------
| rollout/           |          |
|    ep_len_mean     | 55.5     |
|    ep_rew_mean     | 956      |
|    success_rate    | 0.94     |
| time/              |          |
|    fps             | 3578     |
|    iterations      | 293      |
|    time_elapsed    | 670      |
|    total_timesteps | 2400256  |
---------------------------------
------------------------------------------
| rollout/                |              |
|    ep_len_mean          | 78.5         |
|    ep_rew_mean          | 888          |
|    success_rate         | 0.82         |
| time/                   |              |
|    fps                  | 3579         |
|    iterations           | 294          |
|    time_elapsed         | 672          |
|    total_timesteps      | 2408448      |
| train/                  |              |
|    approx_kl            | 0.0069278004 |
|    clip_fraction        | 0.0647       |
|    clip_range           | 0.2          |
|    entropy_loss         | -7.29        |
|    explained_variance   | 0.909        |
|    learning_rate        | 0.0003       |
|    loss                 | 4.88e+03     |
|    n_updates            | 2930         |
|    policy_gradient_loss | -0.00425     |
|    std                  | 0.826        |
|    value_loss           | 9.9e+03      |
------------------------------------------
------------------------------------------
| rollout/                |              |
|    ep_len_mean          | 67.6         |
|    ep_rew_mean          | 939          |
|    success_rate         | 0.86         |
| time/                   |              |
|    fps                  | 3579         |
|    iterations           | 295          |
|    time_elapsed         | 675          |
|    total_timesteps      | 2416640      |
| train/                  |              |
|    approx_kl            | 0.0050812922 |
|    clip_fraction        | 0.039        |
|    clip_range           | 0.2          |
|    entropy_loss         | -7.28        |
|    explained_variance   | 0.877        |
|    learning_rate        | 0.0003       |
|    loss                 | 8.58e+03     |
|    n_updates            | 2940         |
|    policy_gradient_loss | -0.00385     |
|    std                  | 0.825        |
|    value_loss           | 1.36e+04     |
------------------------------------------
------------------------------------------
| rollout/                |              |
|    ep_len_mean          | 74.1         |
|    ep_rew_mean          | 944          |
|    success_rate         | 0.85         |
| time/                   |              |
|    fps                  | 3580         |
|    iterations           | 296          |
|    time_elapsed         | 677          |
|    total_timesteps      | 2424832      |
| train/                  |              |
|    approx_kl            | 0.0059086843 |
|    clip_fraction        | 0.0426       |
|    clip_range           | 0.2          |
|    entropy_loss         | -7.28        |
|    explained_variance   | 0.904        |
|    learning_rate        | 0.0003       |
|    loss                 | 5.36e+03     |
|    n_updates            | 2950         |
|    policy_gradient_loss | -0.00338     |
|    std                  | 0.826        |
|    value_loss           | 1.14e+04     |
------------------------------------------
Eval num_timesteps=2425000, episode_reward=1199.72 +/- 310.18
Episode length: 36.60 +/- 3.61
Success rate: 100.00%
-----------------------------------------
| eval/                   |             |
|    mean_ep_length       | 36.6        |
|    mean_reward          | 1.2e+03     |
|    success_rate         | 1           |
| time/                   |             |
|    total_timesteps      | 2425000     |
| train/                  |             |
|    approx_kl            | 0.007110071 |
|    clip_fraction        | 0.071       |
|    clip_range           | 0.2         |
|    entropy_loss         | -7.28       |
|    explained_variance   | 0.905       |
|    learning_rate        | 0.0003      |
|    loss                 | 3.63e+03    |
|    n_updates            | 2960        |
|    policy_gradient_loss | -0.00618    |
|    std                  | 0.826       |
|    value_loss           | 1.05e+04    |
-----------------------------------------
New best mean reward!
---------------------------------
| rollout/           |          |
|    ep_len_mean     | 82.1     |
|    ep_rew_mean     | 883      |
|    success_rate    | 0.79     |
| time/              |          |
|    fps             | 3580     |
|    iterations      | 297      |
|    time_elapsed    | 679      |
|    total_timesteps | 2433024  |
---------------------------------
------------------------------------------
| rollout/                |              |
|    ep_len_mean          | 72.9         |
|    ep_rew_mean          | 950          |
|    success_rate         | 0.85         |
| time/                   |              |
|    fps                  | 3581         |
|    iterations           | 298          |
|    time_elapsed         | 681          |
|    total_timesteps      | 2441216      |
| train/                  |              |
|    approx_kl            | 0.0069940602 |
|    clip_fraction        | 0.0592       |
|    clip_range           | 0.2          |
|    entropy_loss         | -7.28        |
|    explained_variance   | 0.912        |
|    learning_rate        | 0.0003       |
|    loss                 | 4.64e+03     |
|    n_updates            | 2970         |
|    policy_gradient_loss | -0.00415     |
|    std                  | 0.827        |
|    value_loss           | 9.27e+03     |
------------------------------------------
------------------------------------------
| rollout/                |              |
|    ep_len_mean          | 81.1         |
|    ep_rew_mean          | 892          |
|    success_rate         | 0.82         |
| time/                   |              |
|    fps                  | 3582         |
|    iterations           | 299          |
|    time_elapsed         | 683          |
|    total_timesteps      | 2449408      |
| train/                  |              |
|    approx_kl            | 0.0066152685 |
|    clip_fraction        | 0.0587       |
|    clip_range           | 0.2          |
|    entropy_loss         | -7.28        |
|    explained_variance   | 0.931        |
|    learning_rate        | 0.0003       |
|    loss                 | 2.29e+03     |
|    n_updates            | 2980         |
|    policy_gradient_loss | -0.00512     |
|    std                  | 0.825        |
|    value_loss           | 7.95e+03     |
------------------------------------------
Eval num_timesteps=2450000, episode_reward=1079.22 +/- 160.51
Episode length: 51.20 +/- 39.41
Success rate: 100.00%
-----------------------------------------
| eval/                   |             |
|    mean_ep_length       | 51.2        |
|    mean_reward          | 1.08e+03    |
|    success_rate         | 1           |
| time/                   |             |
|    total_timesteps      | 2450000     |
| train/                  |             |
|    approx_kl            | 0.006235501 |
|    clip_fraction        | 0.0508      |
|    clip_range           | 0.2         |
|    entropy_loss         | -7.27       |
|    explained_variance   | 0.901       |
|    learning_rate        | 0.0003      |
|    loss                 | 3.87e+03    |
|    n_updates            | 2990        |
|    policy_gradient_loss | -0.00479    |
|    std                  | 0.825       |
|    value_loss           | 1.09e+04    |
-----------------------------------------
---------------------------------
| rollout/           |          |
|    ep_len_mean     | 65.5     |
|    ep_rew_mean     | 971      |
|    success_rate    | 0.89     |
| time/              |          |
|    fps             | 3581     |
|    iterations      | 300      |
|    time_elapsed    | 686      |
|    total_timesteps | 2457600  |
---------------------------------
------------------------------------------
| rollout/                |              |
|    ep_len_mean          | 58.5         |
|    ep_rew_mean          | 976          |
|    success_rate         | 0.91         |
| time/                   |              |
|    fps                  | 3582         |
|    iterations           | 301          |
|    time_elapsed         | 688          |
|    total_timesteps      | 2465792      |
| train/                  |              |
|    approx_kl            | 0.0051264665 |
|    clip_fraction        | 0.0415       |
|    clip_range           | 0.2          |
|    entropy_loss         | -7.27        |
|    explained_variance   | 0.876        |
|    learning_rate        | 0.0003       |
|    loss                 | 5.83e+03     |
|    n_updates            | 3000         |
|    policy_gradient_loss | -0.00427     |
|    std                  | 0.824        |
|    value_loss           | 1.19e+04     |
------------------------------------------
------------------------------------------
| rollout/                |              |
|    ep_len_mean          | 54.6         |
|    ep_rew_mean          | 969          |
|    success_rate         | 0.92         |
| time/                   |              |
|    fps                  | 3582         |
|    iterations           | 302          |
|    time_elapsed         | 690          |
|    total_timesteps      | 2473984      |
| train/                  |              |
|    approx_kl            | 0.0062220185 |
|    clip_fraction        | 0.0506       |
|    clip_range           | 0.2          |
|    entropy_loss         | -7.26        |
|    explained_variance   | 0.918        |
|    learning_rate        | 0.0003       |
|    loss                 | 2.66e+03     |
|    n_updates            | 3010         |
|    policy_gradient_loss | -0.00442     |
|    std                  | 0.822        |
|    value_loss           | 8.19e+03     |
------------------------------------------
Eval num_timesteps=2475000, episode_reward=997.54 +/- 0.79
Episode length: 32.20 +/- 0.75
Success rate: 100.00%
-----------------------------------------
| eval/                   |             |
|    mean_ep_length       | 32.2        |
|    mean_reward          | 998         |
|    success_rate         | 1           |
| time/                   |             |
|    total_timesteps      | 2475000     |
| train/                  |             |
|    approx_kl            | 0.007857984 |
|    clip_fraction        | 0.0708      |
|    clip_range           | 0.2         |
|    entropy_loss         | -7.24       |
|    explained_variance   | 0.919       |
|    learning_rate        | 0.0003      |
|    loss                 | 3.65e+03    |
|    n_updates            | 3020        |
|    policy_gradient_loss | -0.00469    |
|    std                  | 0.821       |
|    value_loss           | 9.31e+03    |
-----------------------------------------
---------------------------------
| rollout/           |          |
|    ep_len_mean     | 59.1     |
|    ep_rew_mean     | 961      |
|    success_rate    | 0.92     |
| time/              |          |
|    fps             | 3583     |
|    iterations      | 303      |
|    time_elapsed    | 692      |
|    total_timesteps | 2482176  |
---------------------------------
------------------------------------------
| rollout/                |              |
|    ep_len_mean          | 64.7         |
|    ep_rew_mean          | 909          |
|    success_rate         | 0.88         |
| time/                   |              |
|    fps                  | 3583         |
|    iterations           | 304          |
|    time_elapsed         | 694          |
|    total_timesteps      | 2490368      |
| train/                  |              |
|    approx_kl            | 0.0061906846 |
|    clip_fraction        | 0.0549       |
|    clip_range           | 0.2          |
|    entropy_loss         | -7.24        |
|    explained_variance   | 0.895        |
|    learning_rate        | 0.0003       |
|    loss                 | 5.53e+03     |
|    n_updates            | 3030         |
|    policy_gradient_loss | -0.00375     |
|    std                  | 0.821        |
|    value_loss           | 1.2e+04      |
------------------------------------------
-----------------------------------------
| rollout/                |             |
|    ep_len_mean          | 65.1        |
|    ep_rew_mean          | 922         |
|    success_rate         | 0.88        |
| time/                   |             |
|    fps                  | 3584        |
|    iterations           | 305         |
|    time_elapsed         | 697         |
|    total_timesteps      | 2498560     |
| train/                  |             |
|    approx_kl            | 0.008047633 |
|    clip_fraction        | 0.0837      |
|    clip_range           | 0.2         |
|    entropy_loss         | -7.23       |
|    explained_variance   | 0.91        |
|    learning_rate        | 0.0003      |
|    loss                 | 2.25e+03    |
|    n_updates            | 3040        |
|    policy_gradient_loss | -0.00672    |
|    std                  | 0.818       |
|    value_loss           | 1.04e+04    |
-----------------------------------------
Eval num_timesteps=2500000, episode_reward=997.97 +/- 0.82
Episode length: 30.20 +/- 1.17
Success rate: 100.00%
-----------------------------------------
| eval/                   |             |
|    mean_ep_length       | 30.2        |
|    mean_reward          | 998         |
|    success_rate         | 1           |
| time/                   |             |
|    total_timesteps      | 2500000     |
| train/                  |             |
|    approx_kl            | 0.007015181 |
|    clip_fraction        | 0.0597      |
|    clip_range           | 0.2         |
|    entropy_loss         | -7.21       |
|    explained_variance   | 0.899       |
|    learning_rate        | 0.0003      |
|    loss                 | 4.4e+03     |
|    n_updates            | 3050        |
|    policy_gradient_loss | -0.00633    |
|    std                  | 0.815       |
|    value_loss           | 9.55e+03    |
-----------------------------------------
---------------------------------
| rollout/           |          |
|    ep_len_mean     | 60.2     |
|    ep_rew_mean     | 980      |
|    success_rate    | 0.9      |
| time/              |          |
|    fps             | 3584     |
|    iterations      | 306      |
|    time_elapsed    | 699      |
|    total_timesteps | 2506752  |
---------------------------------
------------------------------------------
| rollout/                |              |
|    ep_len_mean          | 82.9         |
|    ep_rew_mean          | 862          |
|    success_rate         | 0.8          |
| time/                   |              |
|    fps                  | 3585         |
|    iterations           | 307          |
|    time_elapsed         | 701          |
|    total_timesteps      | 2514944      |
| train/                  |              |
|    approx_kl            | 0.0060231257 |
|    clip_fraction        | 0.0609       |
|    clip_range           | 0.2          |
|    entropy_loss         | -7.2         |
|    explained_variance   | 0.904        |
|    learning_rate        | 0.0003       |
|    loss                 | 3.33e+03     |
|    n_updates            | 3060         |
|    policy_gradient_loss | -0.00559     |
|    std                  | 0.816        |
|    value_loss           | 1.01e+04     |
------------------------------------------
------------------------------------------
| rollout/                |              |
|    ep_len_mean          | 63.6         |
|    ep_rew_mean          | 980          |
|    success_rate         | 0.89         |
| time/                   |              |
|    fps                  | 3586         |
|    iterations           | 308          |
|    time_elapsed         | 703          |
|    total_timesteps      | 2523136      |
| train/                  |              |
|    approx_kl            | 0.0069837123 |
|    clip_fraction        | 0.0629       |
|    clip_range           | 0.2          |
|    entropy_loss         | -7.2         |
|    explained_variance   | 0.91         |
|    learning_rate        | 0.0003       |
|    loss                 | 5.92e+03     |
|    n_updates            | 3070         |
|    policy_gradient_loss | -0.00451     |
|    std                  | 0.814        |
|    value_loss           | 1.04e+04     |
------------------------------------------
Eval num_timesteps=2525000, episode_reward=997.61 +/- 0.99
Episode length: 31.40 +/- 1.36
Success rate: 100.00%
-----------------------------------------
| eval/                   |             |
|    mean_ep_length       | 31.4        |
|    mean_reward          | 998         |
|    success_rate         | 1           |
| time/                   |             |
|    total_timesteps      | 2525000     |
| train/                  |             |
|    approx_kl            | 0.006685609 |
|    clip_fraction        | 0.0544      |
|    clip_range           | 0.2         |
|    entropy_loss         | -7.19       |
|    explained_variance   | 0.889       |
|    learning_rate        | 0.0003      |
|    loss                 | 4.03e+03    |
|    n_updates            | 3080        |
|    policy_gradient_loss | -0.00495    |
|    std                  | 0.815       |
|    value_loss           | 1.02e+04    |
-----------------------------------------
---------------------------------
| rollout/           |          |
|    ep_len_mean     | 58.1     |
|    ep_rew_mean     | 1e+03    |
|    success_rate    | 0.92     |
| time/              |          |
|    fps             | 3586     |
|    iterations      | 309      |
|    time_elapsed    | 705      |
|    total_timesteps | 2531328  |
---------------------------------
-----------------------------------------
| rollout/                |             |
|    ep_len_mean          | 66.1        |
|    ep_rew_mean          | 944         |
|    success_rate         | 0.88        |
| time/                   |             |
|    fps                  | 3587        |
|    iterations           | 310         |
|    time_elapsed         | 707         |
|    total_timesteps      | 2539520     |
| train/                  |             |
|    approx_kl            | 0.007889498 |
|    clip_fraction        | 0.0638      |
|    clip_range           | 0.2         |
|    entropy_loss         | -7.2        |
|    explained_variance   | 0.913       |
|    learning_rate        | 0.0003      |
|    loss                 | 3.87e+03    |
|    n_updates            | 3090        |
|    policy_gradient_loss | -0.00456    |
|    std                  | 0.816       |
|    value_loss           | 8.22e+03    |
-----------------------------------------
-----------------------------------------
| rollout/                |             |
|    ep_len_mean          | 60.6        |
|    ep_rew_mean          | 951         |
|    success_rate         | 0.89        |
| time/                   |             |
|    fps                  | 3587        |
|    iterations           | 311         |
|    time_elapsed         | 710         |
|    total_timesteps      | 2547712     |
| train/                  |             |
|    approx_kl            | 0.006585181 |
|    clip_fraction        | 0.0519      |
|    clip_range           | 0.2         |
|    entropy_loss         | -7.2        |
|    explained_variance   | 0.91        |
|    learning_rate        | 0.0003      |
|    loss                 | 5.22e+03    |
|    n_updates            | 3100        |
|    policy_gradient_loss | -0.00384    |
|    std                  | 0.816       |
|    value_loss           | 9.28e+03    |
-----------------------------------------
Eval num_timesteps=2550000, episode_reward=913.33 +/- 173.13
Episode length: 73.20 +/- 88.40
Success rate: 80.00%
------------------------------------------
| eval/                   |              |
|    mean_ep_length       | 73.2         |
|    mean_reward          | 913          |
|    success_rate         | 0.8          |
| time/                   |              |
|    total_timesteps      | 2550000      |
| train/                  |              |
|    approx_kl            | 0.0067326184 |
|    clip_fraction        | 0.0693       |
|    clip_range           | 0.2          |
|    entropy_loss         | -7.19        |
|    explained_variance   | 0.943        |
|    learning_rate        | 0.0003       |
|    loss                 | 2.94e+03     |
|    n_updates            | 3110         |
|    policy_gradient_loss | -0.00564     |
|    std                  | 0.814        |
|    value_loss           | 6.16e+03     |
------------------------------------------
---------------------------------
| rollout/           |          |
|    ep_len_mean     | 66.2     |
|    ep_rew_mean     | 936      |
|    success_rate    | 0.87     |
| time/              |          |
|    fps             | 3587     |
|    iterations      | 312      |
|    time_elapsed    | 712      |
|    total_timesteps | 2555904  |
---------------------------------
-----------------------------------------
| rollout/                |             |
|    ep_len_mean          | 55.7        |
|    ep_rew_mean          | 985         |
|    success_rate         | 0.92        |
| time/                   |             |
|    fps                  | 3588        |
|    iterations           | 313         |
|    time_elapsed         | 714         |
|    total_timesteps      | 2564096     |
| train/                  |             |
|    approx_kl            | 0.008004093 |
|    clip_fraction        | 0.0732      |
|    clip_range           | 0.2         |
|    entropy_loss         | -7.18       |
|    explained_variance   | 0.926       |
|    learning_rate        | 0.0003      |
|    loss                 | 4.39e+03    |
|    n_updates            | 3120        |
|    policy_gradient_loss | -0.00506    |
|    std                  | 0.813       |
|    value_loss           | 7.51e+03    |
-----------------------------------------
-----------------------------------------
| rollout/                |             |
|    ep_len_mean          | 56.6        |
|    ep_rew_mean          | 960         |
|    success_rate         | 0.93        |
| time/                   |             |
|    fps                  | 3588        |
|    iterations           | 314         |
|    time_elapsed         | 716         |
|    total_timesteps      | 2572288     |
| train/                  |             |
|    approx_kl            | 0.006358925 |
|    clip_fraction        | 0.0542      |
|    clip_range           | 0.2         |
|    entropy_loss         | -7.17       |
|    explained_variance   | 0.922       |
|    learning_rate        | 0.0003      |
|    loss                 | 4.05e+03    |
|    n_updates            | 3130        |
|    policy_gradient_loss | -0.00434    |
|    std                  | 0.813       |
|    value_loss           | 9.62e+03    |
-----------------------------------------
Eval num_timesteps=2575000, episode_reward=1037.31 +/- 79.55
Episode length: 32.20 +/- 2.64
Success rate: 100.00%
-----------------------------------------
| eval/                   |             |
|    mean_ep_length       | 32.2        |
|    mean_reward          | 1.04e+03    |
|    success_rate         | 1           |
| time/                   |             |
|    total_timesteps      | 2575000     |
| train/                  |             |
|    approx_kl            | 0.005783402 |
|    clip_fraction        | 0.0583      |
|    clip_range           | 0.2         |
|    entropy_loss         | -7.18       |
|    explained_variance   | 0.893       |
|    learning_rate        | 0.0003      |
|    loss                 | 4.87e+03    |
|    n_updates            | 3140        |
|    policy_gradient_loss | -0.00433    |
|    std                  | 0.815       |
|    value_loss           | 1.05e+04    |
-----------------------------------------
---------------------------------
| rollout/           |          |
|    ep_len_mean     | 64.5     |
|    ep_rew_mean     | 943      |
|    success_rate    | 0.88     |
| time/              |          |
|    fps             | 3589     |
|    iterations      | 315      |
|    time_elapsed    | 718      |
|    total_timesteps | 2580480  |
---------------------------------
-----------------------------------------
| rollout/                |             |
|    ep_len_mean          | 51.7        |
|    ep_rew_mean          | 975         |
|    success_rate         | 0.94        |
| time/                   |             |
|    fps                  | 3589        |
|    iterations           | 316         |
|    time_elapsed         | 721         |
|    total_timesteps      | 2588672     |
| train/                  |             |
|    approx_kl            | 0.005190819 |
|    clip_fraction        | 0.0462      |
|    clip_range           | 0.2         |
|    entropy_loss         | -7.18       |
|    explained_variance   | 0.922       |
|    learning_rate        | 0.0003      |
|    loss                 | 4.93e+03    |
|    n_updates            | 3150        |
|    policy_gradient_loss | -0.0025     |
|    std                  | 0.813       |
|    value_loss           | 1.02e+04    |
-----------------------------------------
-----------------------------------------
| rollout/                |             |
|    ep_len_mean          | 57.8        |
|    ep_rew_mean          | 981         |
|    success_rate         | 0.91        |
| time/                   |             |
|    fps                  | 3590        |
|    iterations           | 317         |
|    time_elapsed         | 723         |
|    total_timesteps      | 2596864     |
| train/                  |             |
|    approx_kl            | 0.007857557 |
|    clip_fraction        | 0.0731      |
|    clip_range           | 0.2         |
|    entropy_loss         | -7.17       |
|    explained_variance   | 0.917       |
|    learning_rate        | 0.0003      |
|    loss                 | 3.64e+03    |
|    n_updates            | 3160        |
|    policy_gradient_loss | -0.00504    |
|    std                  | 0.812       |
|    value_loss           | 7.92e+03    |
-----------------------------------------
Eval num_timesteps=2600000, episode_reward=997.89 +/- 0.44
Episode length: 30.40 +/- 1.85
Success rate: 100.00%
------------------------------------------
| eval/                   |              |
|    mean_ep_length       | 30.4         |
|    mean_reward          | 998          |
|    success_rate         | 1            |
| time/                   |              |
|    total_timesteps      | 2600000      |
| train/                  |              |
|    approx_kl            | 0.0058346954 |
|    clip_fraction        | 0.0541       |
|    clip_range           | 0.2          |
|    entropy_loss         | -7.15        |
|    explained_variance   | 0.92         |
|    learning_rate        | 0.0003       |
|    loss                 | 4.58e+03     |
|    n_updates            | 3170         |
|    policy_gradient_loss | -0.00413     |
|    std                  | 0.809        |
|    value_loss           | 8.94e+03     |
------------------------------------------
---------------------------------
| rollout/           |          |
|    ep_len_mean     | 60.3     |
|    ep_rew_mean     | 920      |
|    success_rate    | 0.9      |
| time/              |          |
|    fps             | 3590     |
|    iterations      | 318      |
|    time_elapsed    | 725      |
|    total_timesteps | 2605056  |
---------------------------------
-----------------------------------------
| rollout/                |             |
|    ep_len_mean          | 61.6        |
|    ep_rew_mean          | 958         |
|    success_rate         | 0.89        |
| time/                   |             |
|    fps                  | 3591        |
|    iterations           | 319         |
|    time_elapsed         | 727         |
|    total_timesteps      | 2613248     |
| train/                  |             |
|    approx_kl            | 0.006395063 |
|    clip_fraction        | 0.0552      |
|    clip_range           | 0.2         |
|    entropy_loss         | -7.15       |
|    explained_variance   | 0.887       |
|    learning_rate        | 0.0003      |
|    loss                 | 3.51e+03    |
|    n_updates            | 3180        |
|    policy_gradient_loss | -0.0045     |
|    std                  | 0.81        |
|    value_loss           | 1.11e+04    |
-----------------------------------------
-----------------------------------------
| rollout/                |             |
|    ep_len_mean          | 62.7        |
|    ep_rew_mean          | 932         |
|    success_rate         | 0.89        |
| time/                   |             |
|    fps                  | 3592        |
|    iterations           | 320         |
|    time_elapsed         | 729         |
|    total_timesteps      | 2621440     |
| train/                  |             |
|    approx_kl            | 0.007320756 |
|    clip_fraction        | 0.0807      |
|    clip_range           | 0.2         |
|    entropy_loss         | -7.14       |
|    explained_variance   | 0.923       |
|    learning_rate        | 0.0003      |
|    loss                 | 4.78e+03    |
|    n_updates            | 3190        |
|    policy_gradient_loss | -0.00482    |
|    std                  | 0.807       |
|    value_loss           | 8.86e+03    |
-----------------------------------------
Eval num_timesteps=2625000, episode_reward=997.75 +/- 0.83
Episode length: 32.20 +/- 0.40
Success rate: 100.00%
-----------------------------------------
| eval/                   |             |
|    mean_ep_length       | 32.2        |
|    mean_reward          | 998         |
|    success_rate         | 1           |
| time/                   |             |
|    total_timesteps      | 2625000     |
| train/                  |             |
|    approx_kl            | 0.006475107 |
|    clip_fraction        | 0.0525      |
|    clip_range           | 0.2         |
|    entropy_loss         | -7.13       |
|    explained_variance   | 0.901       |
|    learning_rate        | 0.0003      |
|    loss                 | 3.52e+03    |
|    n_updates            | 3200        |
|    policy_gradient_loss | -0.00411    |
|    std                  | 0.808       |
|    value_loss           | 1.11e+04    |
-----------------------------------------
---------------------------------
| rollout/           |          |
|    ep_len_mean     | 71       |
|    ep_rew_mean     | 940      |
|    success_rate    | 0.85     |
| time/              |          |
|    fps             | 3592     |
|    iterations      | 321      |
|    time_elapsed    | 732      |
|    total_timesteps | 2629632  |
---------------------------------
------------------------------------------
| rollout/                |              |
|    ep_len_mean          | 65.4         |
|    ep_rew_mean          | 962          |
|    success_rate         | 0.89         |
| time/                   |              |
|    fps                  | 3592         |
|    iterations           | 322          |
|    time_elapsed         | 734          |
|    total_timesteps      | 2637824      |
| train/                  |              |
|    approx_kl            | 0.0065692253 |
|    clip_fraction        | 0.0615       |
|    clip_range           | 0.2          |
|    entropy_loss         | -7.14        |
|    explained_variance   | 0.893        |
|    learning_rate        | 0.0003       |
|    loss                 | 4.51e+03     |
|    n_updates            | 3210         |
|    policy_gradient_loss | -0.00435     |
|    std                  | 0.809        |
|    value_loss           | 1.03e+04     |
------------------------------------------
----------------------------------------
| rollout/                |            |
|    ep_len_mean          | 57.2       |
|    ep_rew_mean          | 968        |
|    success_rate         | 0.91       |
| time/                   |            |
|    fps                  | 3593       |
|    iterations           | 323        |
|    time_elapsed         | 736        |
|    total_timesteps      | 2646016    |
| train/                  |            |
|    approx_kl            | 0.00712779 |
|    clip_fraction        | 0.0695     |
|    clip_range           | 0.2        |
|    entropy_loss         | -7.14      |
|    explained_variance   | 0.924      |
|    learning_rate        | 0.0003     |
|    loss                 | 2.59e+03   |
|    n_updates            | 3220       |
|    policy_gradient_loss | -0.00519   |
|    std                  | 0.807      |
|    value_loss           | 8.12e+03   |
----------------------------------------
Eval num_timesteps=2650000, episode_reward=998.52 +/- 0.73
Episode length: 32.80 +/- 1.33
Success rate: 100.00%
-----------------------------------------
| eval/                   |             |
|    mean_ep_length       | 32.8        |
|    mean_reward          | 999         |
|    success_rate         | 1           |
| time/                   |             |
|    total_timesteps      | 2650000     |
| train/                  |             |
|    approx_kl            | 0.006195617 |
|    clip_fraction        | 0.053       |
|    clip_range           | 0.2         |
|    entropy_loss         | -7.13       |
|    explained_variance   | 0.897       |
|    learning_rate        | 0.0003      |
|    loss                 | 5.49e+03    |
|    n_updates            | 3230        |
|    policy_gradient_loss | -0.00438    |
|    std                  | 0.806       |
|    value_loss           | 1.07e+04    |
-----------------------------------------
---------------------------------
| rollout/           |          |
|    ep_len_mean     | 62       |
|    ep_rew_mean     | 969      |
|    success_rate    | 0.9      |
| time/              |          |
|    fps             | 3593     |
|    iterations      | 324      |
|    time_elapsed    | 738      |
|    total_timesteps | 2654208  |
---------------------------------
------------------------------------------
| rollout/                |              |
|    ep_len_mean          | 63.4         |
|    ep_rew_mean          | 952          |
|    success_rate         | 0.87         |
| time/                   |              |
|    fps                  | 3593         |
|    iterations           | 325          |
|    time_elapsed         | 740          |
|    total_timesteps      | 2662400      |
| train/                  |              |
|    approx_kl            | 0.0056931553 |
|    clip_fraction        | 0.0467       |
|    clip_range           | 0.2          |
|    entropy_loss         | -7.12        |
|    explained_variance   | 0.896        |
|    learning_rate        | 0.0003       |
|    loss                 | 5.59e+03     |
|    n_updates            | 3240         |
|    policy_gradient_loss | -0.00396     |
|    std                  | 0.805        |
|    value_loss           | 1.08e+04     |
------------------------------------------
-----------------------------------------
| rollout/                |             |
|    ep_len_mean          | 52          |
|    ep_rew_mean          | 1.01e+03    |
|    success_rate         | 0.94        |
| time/                   |             |
|    fps                  | 3594        |
|    iterations           | 326         |
|    time_elapsed         | 743         |
|    total_timesteps      | 2670592     |
| train/                  |             |
|    approx_kl            | 0.008453399 |
|    clip_fraction        | 0.0698      |
|    clip_range           | 0.2         |
|    entropy_loss         | -7.12       |
|    explained_variance   | 0.922       |
|    learning_rate        | 0.0003      |
|    loss                 | 7.09e+03    |
|    n_updates            | 3250        |
|    policy_gradient_loss | -0.00417    |
|    std                  | 0.805       |
|    value_loss           | 1.07e+04    |
-----------------------------------------
Eval num_timesteps=2675000, episode_reward=796.94 +/- 405.07
Episode length: 75.20 +/- 87.41
Success rate: 80.00%
------------------------------------------
| eval/                   |              |
|    mean_ep_length       | 75.2         |
|    mean_reward          | 797          |
|    success_rate         | 0.8          |
| time/                   |              |
|    total_timesteps      | 2675000      |
| train/                  |              |
|    approx_kl            | 0.0065719024 |
|    clip_fraction        | 0.0631       |
|    clip_range           | 0.2          |
|    entropy_loss         | -7.11        |
|    explained_variance   | 0.915        |
|    learning_rate        | 0.0003       |
|    loss                 | 3.94e+03     |
|    n_updates            | 3260         |
|    policy_gradient_loss | -0.00461     |
|    std                  | 0.804        |
|    value_loss           | 9.28e+03     |
------------------------------------------
---------------------------------
| rollout/           |          |
|    ep_len_mean     | 60.7     |
|    ep_rew_mean     | 953      |
|    success_rate    | 0.89     |
| time/              |          |
|    fps             | 3593     |
|    iterations      | 327      |
|    time_elapsed    | 745      |
|    total_timesteps | 2678784  |
---------------------------------
-----------------------------------------
| rollout/                |             |
|    ep_len_mean          | 69.5        |
|    ep_rew_mean          | 945         |
|    success_rate         | 0.85        |
| time/                   |             |
|    fps                  | 3594        |
|    iterations           | 328         |
|    time_elapsed         | 747         |
|    total_timesteps      | 2686976     |
| train/                  |             |
|    approx_kl            | 0.007112574 |
|    clip_fraction        | 0.0703      |
|    clip_range           | 0.2         |
|    entropy_loss         | -7.1        |
|    explained_variance   | 0.929       |
|    learning_rate        | 0.0003      |
|    loss                 | 3.9e+03     |
|    n_updates            | 3270        |
|    policy_gradient_loss | -0.00631    |
|    std                  | 0.803       |
|    value_loss           | 7.84e+03    |
-----------------------------------------
-----------------------------------------
| rollout/                |             |
|    ep_len_mean          | 63.9        |
|    ep_rew_mean          | 1.01e+03    |
|    success_rate         | 0.89        |
| time/                   |             |
|    fps                  | 3595        |
|    iterations           | 329         |
|    time_elapsed         | 749         |
|    total_timesteps      | 2695168     |
| train/                  |             |
|    approx_kl            | 0.008866522 |
|    clip_fraction        | 0.0699      |
|    clip_range           | 0.2         |
|    entropy_loss         | -7.1        |
|    explained_variance   | 0.918       |
|    learning_rate        | 0.0003      |
|    loss                 | 3.52e+03    |
|    n_updates            | 3280        |
|    policy_gradient_loss | -0.00447    |
|    std                  | 0.804       |
|    value_loss           | 9.72e+03    |
-----------------------------------------
Eval num_timesteps=2700000, episode_reward=1078.19 +/- 158.80
Episode length: 31.80 +/- 1.72
Success rate: 100.00%
-----------------------------------------
| eval/                   |             |
|    mean_ep_length       | 31.8        |
|    mean_reward          | 1.08e+03    |
|    success_rate         | 1           |
| time/                   |             |
|    total_timesteps      | 2700000     |
| train/                  |             |
|    approx_kl            | 0.007097497 |
|    clip_fraction        | 0.063       |
|    clip_range           | 0.2         |
|    entropy_loss         | -7.11       |
|    explained_variance   | 0.921       |
|    learning_rate        | 0.0003      |
|    loss                 | 3.22e+03    |
|    n_updates            | 3290        |
|    policy_gradient_loss | -0.00435    |
|    std                  | 0.805       |
|    value_loss           | 9.26e+03    |
-----------------------------------------
---------------------------------
| rollout/           |          |
|    ep_len_mean     | 57.1     |
|    ep_rew_mean     | 963      |
|    success_rate    | 0.91     |
| time/              |          |
|    fps             | 3595     |
|    iterations      | 330      |
|    time_elapsed    | 751      |
|    total_timesteps | 2703360  |
---------------------------------
-----------------------------------------
| rollout/                |             |
|    ep_len_mean          | 66.3        |
|    ep_rew_mean          | 915         |
|    success_rate         | 0.86        |
| time/                   |             |
|    fps                  | 3595        |
|    iterations           | 331         |
|    time_elapsed         | 754         |
|    total_timesteps      | 2711552     |
| train/                  |             |
|    approx_kl            | 0.007052328 |
|    clip_fraction        | 0.0686      |
|    clip_range           | 0.2         |
|    entropy_loss         | -7.11       |
|    explained_variance   | 0.91        |
|    learning_rate        | 0.0003      |
|    loss                 | 3.31e+03    |
|    n_updates            | 3300        |
|    policy_gradient_loss | -0.00481    |
|    std                  | 0.805       |
|    value_loss           | 9.91e+03    |
-----------------------------------------
-----------------------------------------
| rollout/                |             |
|    ep_len_mean          | 58.2        |
|    ep_rew_mean          | 967         |
|    success_rate         | 0.92        |
| time/                   |             |
|    fps                  | 3596        |
|    iterations           | 332         |
|    time_elapsed         | 756         |
|    total_timesteps      | 2719744     |
| train/                  |             |
|    approx_kl            | 0.006612359 |
|    clip_fraction        | 0.0621      |
|    clip_range           | 0.2         |
|    entropy_loss         | -7.11       |
|    explained_variance   | 0.927       |
|    learning_rate        | 0.0003      |
|    loss                 | 2.2e+03     |
|    n_updates            | 3310        |
|    policy_gradient_loss | -0.00435    |
|    std                  | 0.805       |
|    value_loss           | 8.63e+03    |
-----------------------------------------
Eval num_timesteps=2725000, episode_reward=998.65 +/- 1.29
Episode length: 31.60 +/- 0.80
Success rate: 100.00%
-----------------------------------------
| eval/                   |             |
|    mean_ep_length       | 31.6        |
|    mean_reward          | 999         |
|    success_rate         | 1           |
| time/                   |             |
|    total_timesteps      | 2725000     |
| train/                  |             |
|    approx_kl            | 0.007678016 |
|    clip_fraction        | 0.0783      |
|    clip_range           | 0.2         |
|    entropy_loss         | -7.11       |
|    explained_variance   | 0.923       |
|    learning_rate        | 0.0003      |
|    loss                 | 3.59e+03    |
|    n_updates            | 3320        |
|    policy_gradient_loss | -0.00572    |
|    std                  | 0.805       |
|    value_loss           | 8.53e+03    |
-----------------------------------------
---------------------------------
| rollout/           |          |
|    ep_len_mean     | 55.8     |
|    ep_rew_mean     | 945      |
|    success_rate    | 0.91     |
| time/              |          |
|    fps             | 3596     |
|    iterations      | 333      |
|    time_elapsed    | 758      |
|    total_timesteps | 2727936  |
---------------------------------
------------------------------------------
| rollout/                |              |
|    ep_len_mean          | 61.2         |
|    ep_rew_mean          | 943          |
|    success_rate         | 0.9          |
| time/                   |              |
|    fps                  | 3597         |
|    iterations           | 334          |
|    time_elapsed         | 760          |
|    total_timesteps      | 2736128      |
| train/                  |              |
|    approx_kl            | 0.0066768816 |
|    clip_fraction        | 0.0558       |
|    clip_range           | 0.2          |
|    entropy_loss         | -7.11        |
|    explained_variance   | 0.92         |
|    learning_rate        | 0.0003       |
|    loss                 | 5.47e+03     |
|    n_updates            | 3330         |
|    policy_gradient_loss | -0.00484     |
|    std                  | 0.806        |
|    value_loss           | 9.23e+03     |
------------------------------------------
-----------------------------------------
| rollout/                |             |
|    ep_len_mean          | 65.7        |
|    ep_rew_mean          | 935         |
|    success_rate         | 0.88        |
| time/                   |             |
|    fps                  | 3597        |
|    iterations           | 335         |
|    time_elapsed         | 762         |
|    total_timesteps      | 2744320     |
| train/                  |             |
|    approx_kl            | 0.005966075 |
|    clip_fraction        | 0.0436      |
|    clip_range           | 0.2         |
|    entropy_loss         | -7.11       |
|    explained_variance   | 0.896       |
|    learning_rate        | 0.0003      |
|    loss                 | 6.54e+03    |
|    n_updates            | 3340        |
|    policy_gradient_loss | -0.00379    |
|    std                  | 0.804       |
|    value_loss           | 1.11e+04    |
-----------------------------------------
Eval num_timesteps=2750000, episode_reward=998.21 +/- 1.31
Episode length: 30.20 +/- 0.75
Success rate: 100.00%
------------------------------------------
| eval/                   |              |
|    mean_ep_length       | 30.2         |
|    mean_reward          | 998          |
|    success_rate         | 1            |
| time/                   |              |
|    total_timesteps      | 2750000      |
| train/                  |              |
|    approx_kl            | 0.0073337285 |
|    clip_fraction        | 0.0711       |
|    clip_range           | 0.2          |
|    entropy_loss         | -7.1         |
|    explained_variance   | 0.904        |
|    learning_rate        | 0.0003       |
|    loss                 | 5.06e+03     |
|    n_updates            | 3350         |
|    policy_gradient_loss | -0.0039      |
|    std                  | 0.804        |
|    value_loss           | 1.1e+04      |
------------------------------------------
---------------------------------
| rollout/           |          |
|    ep_len_mean     | 56.2     |
|    ep_rew_mean     | 957      |
|    success_rate    | 0.91     |
| time/              |          |
|    fps             | 3597     |
|    iterations      | 336      |
|    time_elapsed    | 765      |
|    total_timesteps | 2752512  |
---------------------------------
------------------------------------------
| rollout/                |              |
|    ep_len_mean          | 71.4         |
|    ep_rew_mean          | 895          |
|    success_rate         | 0.84         |
| time/                   |              |
|    fps                  | 3598         |
|    iterations           | 337          |
|    time_elapsed         | 767          |
|    total_timesteps      | 2760704      |
| train/                  |              |
|    approx_kl            | 0.0066133393 |
|    clip_fraction        | 0.0688       |
|    clip_range           | 0.2          |
|    entropy_loss         | -7.1         |
|    explained_variance   | 0.93         |
|    learning_rate        | 0.0003       |
|    loss                 | 2.41e+03     |
|    n_updates            | 3360         |
|    policy_gradient_loss | -0.00512     |
|    std                  | 0.803        |
|    value_loss           | 7.05e+03     |
------------------------------------------
-----------------------------------------
| rollout/                |             |
|    ep_len_mean          | 56.9        |
|    ep_rew_mean          | 953         |
|    success_rate         | 0.92        |
| time/                   |             |
|    fps                  | 3598        |
|    iterations           | 338         |
|    time_elapsed         | 769         |
|    total_timesteps      | 2768896     |
| train/                  |             |
|    approx_kl            | 0.007241051 |
|    clip_fraction        | 0.0711      |
|    clip_range           | 0.2         |
|    entropy_loss         | -7.1        |
|    explained_variance   | 0.912       |
|    learning_rate        | 0.0003      |
|    loss                 | 4.97e+03    |
|    n_updates            | 3370        |
|    policy_gradient_loss | -0.00432    |
|    std                  | 0.804       |
|    value_loss           | 9.45e+03    |
-----------------------------------------
Eval num_timesteps=2775000, episode_reward=998.93 +/- 0.83
Episode length: 32.00 +/- 1.10
Success rate: 100.00%
-----------------------------------------
| eval/                   |             |
|    mean_ep_length       | 32          |
|    mean_reward          | 999         |
|    success_rate         | 1           |
| time/                   |             |
|    total_timesteps      | 2775000     |
| train/                  |             |
|    approx_kl            | 0.007753995 |
|    clip_fraction        | 0.0822      |
|    clip_range           | 0.2         |
|    entropy_loss         | -7.11       |
|    explained_variance   | 0.919       |
|    learning_rate        | 0.0003      |
|    loss                 | 3.92e+03    |
|    n_updates            | 3380        |
|    policy_gradient_loss | -0.00623    |
|    std                  | 0.806       |
|    value_loss           | 8.59e+03    |
-----------------------------------------
---------------------------------
| rollout/           |          |
|    ep_len_mean     | 52.1     |
|    ep_rew_mean     | 986      |
|    success_rate    | 0.94     |
| time/              |          |
|    fps             | 3598     |
|    iterations      | 339      |
|    time_elapsed    | 771      |
|    total_timesteps | 2777088  |
---------------------------------
------------------------------------------
| rollout/                |              |
|    ep_len_mean          | 62.6         |
|    ep_rew_mean          | 948          |
|    success_rate         | 0.88         |
| time/                   |              |
|    fps                  | 3599         |
|    iterations           | 340          |
|    time_elapsed         | 773          |
|    total_timesteps      | 2785280      |
| train/                  |              |
|    approx_kl            | 0.0067071877 |
|    clip_fraction        | 0.0675       |
|    clip_range           | 0.2          |
|    entropy_loss         | -7.13        |
|    explained_variance   | 0.912        |
|    learning_rate        | 0.0003       |
|    loss                 | 2.96e+03     |
|    n_updates            | 3390         |
|    policy_gradient_loss | -0.00429     |
|    std                  | 0.808        |
|    value_loss           | 1.06e+04     |
------------------------------------------
-----------------------------------------
| rollout/                |             |
|    ep_len_mean          | 51.6        |
|    ep_rew_mean          | 958         |
|    success_rate         | 0.93        |
| time/                   |             |
|    fps                  | 3599        |
|    iterations           | 341         |
|    time_elapsed         | 775         |
|    total_timesteps      | 2793472     |
| train/                  |             |
|    approx_kl            | 0.007817422 |
|    clip_fraction        | 0.0614      |
|    clip_range           | 0.2         |
|    entropy_loss         | -7.13       |
|    explained_variance   | 0.924       |
|    learning_rate        | 0.0003      |
|    loss                 | 3.23e+03    |
|    n_updates            | 3400        |
|    policy_gradient_loss | -0.00359    |
|    std                  | 0.808       |
|    value_loss           | 9.39e+03    |
-----------------------------------------
Eval num_timesteps=2800000, episode_reward=999.03 +/- 1.16
Episode length: 32.80 +/- 1.94
Success rate: 100.00%
------------------------------------------
| eval/                   |              |
|    mean_ep_length       | 32.8         |
|    mean_reward          | 999          |
|    success_rate         | 1            |
| time/                   |              |
|    total_timesteps      | 2800000      |
| train/                  |              |
|    approx_kl            | 0.0061612595 |
|    clip_fraction        | 0.0484       |
|    clip_range           | 0.2          |
|    entropy_loss         | -7.13        |
|    explained_variance   | 0.923        |
|    learning_rate        | 0.0003       |
|    loss                 | 4.52e+03     |
|    n_updates            | 3410         |
|    policy_gradient_loss | -0.0035      |
|    std                  | 0.807        |
|    value_loss           | 8.93e+03     |
------------------------------------------
---------------------------------
| rollout/           |          |
|    ep_len_mean     | 53.1     |
|    ep_rew_mean     | 980      |
|    success_rate    | 0.93     |
| time/              |          |
|    fps             | 3600     |
|    iterations      | 342      |
|    time_elapsed    | 778      |
|    total_timesteps | 2801664  |
---------------------------------
------------------------------------------
| rollout/                |              |
|    ep_len_mean          | 47.7         |
|    ep_rew_mean          | 984          |
|    success_rate         | 0.95         |
| time/                   |              |
|    fps                  | 3600         |
|    iterations           | 343          |
|    time_elapsed         | 780          |
|    total_timesteps      | 2809856      |
| train/                  |              |
|    approx_kl            | 0.0065949196 |
|    clip_fraction        | 0.0716       |
|    clip_range           | 0.2          |
|    entropy_loss         | -7.12        |
|    explained_variance   | 0.889        |
|    learning_rate        | 0.0003       |
|    loss                 | 5.1e+03      |
|    n_updates            | 3420         |
|    policy_gradient_loss | -0.0041      |
|    std                  | 0.808        |
|    value_loss           | 1.14e+04     |
------------------------------------------
-----------------------------------------
| rollout/                |             |
|    ep_len_mean          | 60.9        |
|    ep_rew_mean          | 953         |
|    success_rate         | 0.91        |
| time/                   |             |
|    fps                  | 3601        |
|    iterations           | 344         |
|    time_elapsed         | 782         |
|    total_timesteps      | 2818048     |
| train/                  |             |
|    approx_kl            | 0.007490699 |
|    clip_fraction        | 0.0622      |
|    clip_range           | 0.2         |
|    entropy_loss         | -7.14       |
|    explained_variance   | 0.907       |
|    learning_rate        | 0.0003      |
|    loss                 | 3.99e+03    |
|    n_updates            | 3430        |
|    policy_gradient_loss | -0.00365    |
|    std                  | 0.81        |
|    value_loss           | 9.12e+03    |
-----------------------------------------
Eval num_timesteps=2825000, episode_reward=997.88 +/- 0.79
Episode length: 30.80 +/- 0.75
Success rate: 100.00%
------------------------------------------
| eval/                   |              |
|    mean_ep_length       | 30.8         |
|    mean_reward          | 998          |
|    success_rate         | 1            |
| time/                   |              |
|    total_timesteps      | 2825000      |
| train/                  |              |
|    approx_kl            | 0.0076656262 |
|    clip_fraction        | 0.068        |
|    clip_range           | 0.2          |
|    entropy_loss         | -7.15        |
|    explained_variance   | 0.926        |
|    learning_rate        | 0.0003       |
|    loss                 | 3.52e+03     |
|    n_updates            | 3440         |
|    policy_gradient_loss | -0.00503     |
|    std                  | 0.812        |
|    value_loss           | 8.02e+03     |
------------------------------------------
---------------------------------
| rollout/           |          |
|    ep_len_mean     | 60       |
|    ep_rew_mean     | 956      |
|    success_rate    | 0.9      |
| time/              |          |
|    fps             | 3601     |
|    iterations      | 345      |
|    time_elapsed    | 784      |
|    total_timesteps | 2826240  |
---------------------------------
------------------------------------------
| rollout/                |              |
|    ep_len_mean          | 49.4         |
|    ep_rew_mean          | 1e+03        |
|    success_rate         | 0.94         |
| time/                   |              |
|    fps                  | 3601         |
|    iterations           | 346          |
|    time_elapsed         | 786          |
|    total_timesteps      | 2834432      |
| train/                  |              |
|    approx_kl            | 0.0072254203 |
|    clip_fraction        | 0.0686       |
|    clip_range           | 0.2          |
|    entropy_loss         | -7.15        |
|    explained_variance   | 0.912        |
|    learning_rate        | 0.0003       |
|    loss                 | 6.4e+03      |
|    n_updates            | 3450         |
|    policy_gradient_loss | -0.00342     |
|    std                  | 0.811        |
|    value_loss           | 9.9e+03      |
------------------------------------------
----------------------------------------
| rollout/                |            |
|    ep_len_mean          | 55.1       |
|    ep_rew_mean          | 965        |
|    success_rate         | 0.92       |
| time/                   |            |
|    fps                  | 3602       |
|    iterations           | 347        |
|    time_elapsed         | 789        |
|    total_timesteps      | 2842624    |
| train/                  |            |
|    approx_kl            | 0.00640623 |
|    clip_fraction        | 0.0776     |
|    clip_range           | 0.2        |
|    entropy_loss         | -7.15      |
|    explained_variance   | 0.92       |
|    learning_rate        | 0.0003     |
|    loss                 | 3.02e+03   |
|    n_updates            | 3460       |
|    policy_gradient_loss | -0.00516   |
|    std                  | 0.811      |
|    value_loss           | 8.2e+03    |
----------------------------------------
Eval num_timesteps=2850000, episode_reward=905.18 +/- 489.63
Episode length: 120.20 +/- 106.04
Success rate: 60.00%
------------------------------------------
| eval/                   |              |
|    mean_ep_length       | 120          |
|    mean_reward          | 905          |
|    success_rate         | 0.6          |
| time/                   |              |
|    total_timesteps      | 2850000      |
| train/                  |              |
|    approx_kl            | 0.0077287485 |
|    clip_fraction        | 0.0696       |
|    clip_range           | 0.2          |
|    entropy_loss         | -7.14        |
|    explained_variance   | 0.913        |
|    learning_rate        | 0.0003       |
|    loss                 | 4.84e+03     |
|    n_updates            | 3470         |
|    policy_gradient_loss | -0.00364     |
|    std                  | 0.809        |
|    value_loss           | 9.77e+03     |
------------------------------------------
---------------------------------
| rollout/           |          |
|    ep_len_mean     | 58.9     |
|    ep_rew_mean     | 933      |
|    success_rate    | 0.89     |
| time/              |          |
|    fps             | 3601     |
|    iterations      | 348      |
|    time_elapsed    | 791      |
|    total_timesteps | 2850816  |
---------------------------------
------------------------------------------
| rollout/                |              |
|    ep_len_mean          | 49.7         |
|    ep_rew_mean          | 1.01e+03     |
|    success_rate         | 0.95         |
| time/                   |              |
|    fps                  | 3601         |
|    iterations           | 349          |
|    time_elapsed         | 793          |
|    total_timesteps      | 2859008      |
| train/                  |              |
|    approx_kl            | 0.0073376065 |
|    clip_fraction        | 0.0651       |
|    clip_range           | 0.2          |
|    entropy_loss         | -7.13        |
|    explained_variance   | 0.923        |
|    learning_rate        | 0.0003       |
|    loss                 | 4.66e+03     |
|    n_updates            | 3480         |
|    policy_gradient_loss | -0.00469     |
|    std                  | 0.808        |
|    value_loss           | 8.76e+03     |
------------------------------------------
-----------------------------------------
| rollout/                |             |
|    ep_len_mean          | 55.6        |
|    ep_rew_mean          | 977         |
|    success_rate         | 0.92        |
| time/                   |             |
|    fps                  | 3602        |
|    iterations           | 350         |
|    time_elapsed         | 795         |
|    total_timesteps      | 2867200     |
| train/                  |             |
|    approx_kl            | 0.008157302 |
|    clip_fraction        | 0.0665      |
|    clip_range           | 0.2         |
|    entropy_loss         | -7.12       |
|    explained_variance   | 0.9         |
|    learning_rate        | 0.0003      |
|    loss                 | 3.35e+03    |
|    n_updates            | 3490        |
|    policy_gradient_loss | -0.0042     |
|    std                  | 0.808       |
|    value_loss           | 9.78e+03    |
-----------------------------------------
Eval num_timesteps=2875000, episode_reward=991.06 +/- 590.55
Episode length: 81.60 +/- 84.99
Success rate: 80.00%
-----------------------------------------
| eval/                   |             |
|    mean_ep_length       | 81.6        |
|    mean_reward          | 991         |
|    success_rate         | 0.8         |
| time/                   |             |
|    total_timesteps      | 2875000     |
| train/                  |             |
|    approx_kl            | 0.008203165 |
|    clip_fraction        | 0.0775      |
|    clip_range           | 0.2         |
|    entropy_loss         | -7.13       |
|    explained_variance   | 0.92        |
|    learning_rate        | 0.0003      |
|    loss                 | 5.46e+03    |
|    n_updates            | 3500        |
|    policy_gradient_loss | -0.00548    |
|    std                  | 0.809       |
|    value_loss           | 8.33e+03    |
-----------------------------------------
---------------------------------
| rollout/           |          |
|    ep_len_mean     | 63.8     |
|    ep_rew_mean     | 954      |
|    success_rate    | 0.89     |
| time/              |          |
|    fps             | 3601     |
|    iterations      | 351      |
|    time_elapsed    | 798      |
|    total_timesteps | 2875392  |
---------------------------------
-----------------------------------------
| rollout/                |             |
|    ep_len_mean          | 40.9        |
|    ep_rew_mean          | 1e+03       |
|    success_rate         | 0.97        |
| time/                   |             |
|    fps                  | 3602        |
|    iterations           | 352         |
|    time_elapsed         | 800         |
|    total_timesteps      | 2883584     |
| train/                  |             |
|    approx_kl            | 0.008729921 |
|    clip_fraction        | 0.0923      |
|    clip_range           | 0.2         |
|    entropy_loss         | -7.13       |
|    explained_variance   | 0.924       |
|    learning_rate        | 0.0003      |
|    loss                 | 3.49e+03    |
|    n_updates            | 3510        |
|    policy_gradient_loss | -0.00584    |
|    std                  | 0.81        |
|    value_loss           | 9.49e+03    |
-----------------------------------------
-----------------------------------------
| rollout/                |             |
|    ep_len_mean          | 58.2        |
|    ep_rew_mean          | 965         |
|    success_rate         | 0.91        |
| time/                   |             |
|    fps                  | 3602        |
|    iterations           | 353         |
|    time_elapsed         | 802         |
|    total_timesteps      | 2891776     |
| train/                  |             |
|    approx_kl            | 0.006832627 |
|    clip_fraction        | 0.0667      |
|    clip_range           | 0.2         |
|    entropy_loss         | -7.13       |
|    explained_variance   | 0.919       |
|    learning_rate        | 0.0003      |
|    loss                 | 3.2e+03     |
|    n_updates            | 3520        |
|    policy_gradient_loss | -0.00389    |
|    std                  | 0.808       |
|    value_loss           | 6.92e+03    |
-----------------------------------------
------------------------------------------
| rollout/                |              |
|    ep_len_mean          | 55.2         |
|    ep_rew_mean          | 962          |
|    success_rate         | 0.92         |
| time/                   |              |
|    fps                  | 3603         |
|    iterations           | 354          |
|    time_elapsed         | 804          |
|    total_timesteps      | 2899968      |
| train/                  |              |
|    approx_kl            | 0.0072616753 |
|    clip_fraction        | 0.0748       |
|    clip_range           | 0.2          |
|    entropy_loss         | -7.13        |
|    explained_variance   | 0.905        |
|    learning_rate        | 0.0003       |
|    loss                 | 4.55e+03     |
|    n_updates            | 3530         |
|    policy_gradient_loss | -0.00456     |
|    std                  | 0.809        |
|    value_loss           | 9.81e+03     |
------------------------------------------
Eval num_timesteps=2900000, episode_reward=1038.59 +/- 79.69
Episode length: 31.40 +/- 1.50
Success rate: 100.00%
-----------------------------------------
| eval/                   |             |
|    mean_ep_length       | 31.4        |
|    mean_reward          | 1.04e+03    |
|    success_rate         | 1           |
| time/                   |             |
|    total_timesteps      | 2900000     |
| train/                  |             |
|    approx_kl            | 0.005966536 |
|    clip_fraction        | 0.0526      |
|    clip_range           | 0.2         |
|    entropy_loss         | -7.13       |
|    explained_variance   | 0.903       |
|    learning_rate        | 0.0003      |
|    loss                 | 3.94e+03    |
|    n_updates            | 3540        |
|    policy_gradient_loss | -0.00368    |
|    std                  | 0.809       |
|    value_loss           | 8.87e+03    |
-----------------------------------------
---------------------------------
| rollout/           |          |
|    ep_len_mean     | 43.8     |
|    ep_rew_mean     | 975      |
|    success_rate    | 0.97     |
| time/              |          |
|    fps             | 3603     |
|    iterations      | 355      |
|    time_elapsed    | 807      |
|    total_timesteps | 2908160  |
---------------------------------
-----------------------------------------
| rollout/                |             |
|    ep_len_mean          | 46.2        |
|    ep_rew_mean          | 983         |
|    success_rate         | 0.95        |
| time/                   |             |
|    fps                  | 3603        |
|    iterations           | 356         |
|    time_elapsed         | 809         |
|    total_timesteps      | 2916352     |
| train/                  |             |
|    approx_kl            | 0.006191604 |
|    clip_fraction        | 0.0653      |
|    clip_range           | 0.2         |
|    entropy_loss         | -7.13       |
|    explained_variance   | 0.888       |
|    learning_rate        | 0.0003      |
|    loss                 | 4.74e+03    |
|    n_updates            | 3550        |
|    policy_gradient_loss | -0.00477    |
|    std                  | 0.81        |
|    value_loss           | 8.96e+03    |
-----------------------------------------
-----------------------------------------
| rollout/                |             |
|    ep_len_mean          | 59          |
|    ep_rew_mean          | 917         |
|    success_rate         | 0.89        |
| time/                   |             |
|    fps                  | 3604        |
|    iterations           | 357         |
|    time_elapsed         | 811         |
|    total_timesteps      | 2924544     |
| train/                  |             |
|    approx_kl            | 0.006308543 |
|    clip_fraction        | 0.0754      |
|    clip_range           | 0.2         |
|    entropy_loss         | -7.13       |
|    explained_variance   | 0.929       |
|    learning_rate        | 0.0003      |
|    loss                 | 3.98e+03    |
|    n_updates            | 3560        |
|    policy_gradient_loss | -0.00497    |
|    std                  | 0.809       |
|    value_loss           | 8.24e+03    |
-----------------------------------------
Eval num_timesteps=2925000, episode_reward=998.82 +/- 0.55
Episode length: 31.80 +/- 0.75
Success rate: 100.00%
-----------------------------------------
| eval/                   |             |
|    mean_ep_length       | 31.8        |
|    mean_reward          | 999         |
|    success_rate         | 1           |
| time/                   |             |
|    total_timesteps      | 2925000     |
| train/                  |             |
|    approx_kl            | 0.006504698 |
|    clip_fraction        | 0.0557      |
|    clip_range           | 0.2         |
|    entropy_loss         | -7.13       |
|    explained_variance   | 0.893       |
|    learning_rate        | 0.0003      |
|    loss                 | 4.61e+03    |
|    n_updates            | 3570        |
|    policy_gradient_loss | -0.00457    |
|    std                  | 0.81        |
|    value_loss           | 1.2e+04     |
-----------------------------------------
---------------------------------
| rollout/           |          |
|    ep_len_mean     | 56.6     |
|    ep_rew_mean     | 993      |
|    success_rate    | 0.92     |
| time/              |          |
|    fps             | 3604     |
|    iterations      | 358      |
|    time_elapsed    | 813      |
|    total_timesteps | 2932736  |
---------------------------------
------------------------------------------
| rollout/                |              |
|    ep_len_mean          | 46.1         |
|    ep_rew_mean          | 1.02e+03     |
|    success_rate         | 0.97         |
| time/                   |              |
|    fps                  | 3604         |
|    iterations           | 359          |
|    time_elapsed         | 815          |
|    total_timesteps      | 2940928      |
| train/                  |              |
|    approx_kl            | 0.0060398923 |
|    clip_fraction        | 0.0575       |
|    clip_range           | 0.2          |
|    entropy_loss         | -7.13        |
|    explained_variance   | 0.91         |
|    learning_rate        | 0.0003       |
|    loss                 | 4.69e+03     |
|    n_updates            | 3580         |
|    policy_gradient_loss | -0.00378     |
|    std                  | 0.81         |
|    value_loss           | 8.96e+03     |
------------------------------------------
-----------------------------------------
| rollout/                |             |
|    ep_len_mean          | 47.3        |
|    ep_rew_mean          | 1e+03       |
|    success_rate         | 0.95        |
| time/                   |             |
|    fps                  | 3605        |
|    iterations           | 360         |
|    time_elapsed         | 817         |
|    total_timesteps      | 2949120     |
| train/                  |             |
|    approx_kl            | 0.006706055 |
|    clip_fraction        | 0.0594      |
|    clip_range           | 0.2         |
|    entropy_loss         | -7.14       |
|    explained_variance   | 0.908       |
|    learning_rate        | 0.0003      |
|    loss                 | 4.31e+03    |
|    n_updates            | 3590        |
|    policy_gradient_loss | -0.00343    |
|    std                  | 0.811       |
|    value_loss           | 1.04e+04    |
-----------------------------------------
Eval num_timesteps=2950000, episode_reward=1273.99 +/- 512.91
Episode length: 79.00 +/- 85.63
Success rate: 80.00%
------------------------------------------
| eval/                   |              |
|    mean_ep_length       | 79           |
|    mean_reward          | 1.27e+03     |
|    success_rate         | 0.8          |
| time/                   |              |
|    total_timesteps      | 2950000      |
| train/                  |              |
|    approx_kl            | 0.0060949423 |
|    clip_fraction        | 0.061        |
|    clip_range           | 0.2          |
|    entropy_loss         | -7.14        |
|    explained_variance   | 0.927        |
|    learning_rate        | 0.0003       |
|    loss                 | 4.03e+03     |
|    n_updates            | 3600         |
|    policy_gradient_loss | -0.00453     |
|    std                  | 0.811        |
|    value_loss           | 8.61e+03     |
------------------------------------------
New best mean reward!
---------------------------------
| rollout/           |          |
|    ep_len_mean     | 53.8     |
|    ep_rew_mean     | 978      |
|    success_rate    | 0.93     |
| time/              |          |
|    fps             | 3604     |
|    iterations      | 361      |
|    time_elapsed    | 820      |
|    total_timesteps | 2957312  |
---------------------------------
-----------------------------------------
| rollout/                |             |
|    ep_len_mean          | 56.7        |
|    ep_rew_mean          | 950         |
|    success_rate         | 0.91        |
| time/                   |             |
|    fps                  | 3605        |
|    iterations           | 362         |
|    time_elapsed         | 822         |
|    total_timesteps      | 2965504     |
| train/                  |             |
|    approx_kl            | 0.008183799 |
|    clip_fraction        | 0.0806      |
|    clip_range           | 0.2         |
|    entropy_loss         | -7.14       |
|    explained_variance   | 0.927       |
|    learning_rate        | 0.0003      |
|    loss                 | 3.38e+03    |
|    n_updates            | 3610        |
|    policy_gradient_loss | -0.00524    |
|    std                  | 0.811       |
|    value_loss           | 7.92e+03    |
-----------------------------------------
-----------------------------------------
| rollout/                |             |
|    ep_len_mean          | 67.3        |
|    ep_rew_mean          | 956         |
|    success_rate         | 0.86        |
| time/                   |             |
|    fps                  | 3606        |
|    iterations           | 363         |
|    time_elapsed         | 824         |
|    total_timesteps      | 2973696     |
| train/                  |             |
|    approx_kl            | 0.007787388 |
|    clip_fraction        | 0.0778      |
|    clip_range           | 0.2         |
|    entropy_loss         | -7.14       |
|    explained_variance   | 0.928       |
|    learning_rate        | 0.0003      |
|    loss                 | 3.8e+03     |
|    n_updates            | 3620        |
|    policy_gradient_loss | -0.0037     |
|    std                  | 0.811       |
|    value_loss           | 9.31e+03    |
-----------------------------------------
Eval num_timesteps=2975000, episode_reward=997.49 +/- 1.00
Episode length: 31.00 +/- 0.63
Success rate: 100.00%
------------------------------------------
| eval/                   |              |
|    mean_ep_length       | 31           |
|    mean_reward          | 997          |
|    success_rate         | 1            |
| time/                   |              |
|    total_timesteps      | 2975000      |
| train/                  |              |
|    approx_kl            | 0.0059592044 |
|    clip_fraction        | 0.06         |
|    clip_range           | 0.2          |
|    entropy_loss         | -7.15        |
|    explained_variance   | 0.926        |
|    learning_rate        | 0.0003       |
|    loss                 | 3.7e+03      |
|    n_updates            | 3630         |
|    policy_gradient_loss | -0.00264     |
|    std                  | 0.813        |
|    value_loss           | 9.83e+03     |
------------------------------------------
---------------------------------
| rollout/           |          |
|    ep_len_mean     | 53.5     |
|    ep_rew_mean     | 970      |
|    success_rate    | 0.93     |
| time/              |          |
|    fps             | 3606     |
|    iterations      | 364      |
|    time_elapsed    | 826      |
|    total_timesteps | 2981888  |
---------------------------------
------------------------------------------
| rollout/                |              |
|    ep_len_mean          | 52.1         |
|    ep_rew_mean          | 966          |
|    success_rate         | 0.92         |
| time/                   |              |
|    fps                  | 3606         |
|    iterations           | 365          |
|    time_elapsed         | 829          |
|    total_timesteps      | 2990080      |
| train/                  |              |
|    approx_kl            | 0.0056494996 |
|    clip_fraction        | 0.0577       |
|    clip_range           | 0.2          |
|    entropy_loss         | -7.15        |
|    explained_variance   | 0.893        |
|    learning_rate        | 0.0003       |
|    loss                 | 3.62e+03     |
|    n_updates            | 3640         |
|    policy_gradient_loss | -0.00344     |
|    std                  | 0.812        |
|    value_loss           | 1.05e+04     |
------------------------------------------
-----------------------------------------
| rollout/                |             |
|    ep_len_mean          | 47.1        |
|    ep_rew_mean          | 982         |
|    success_rate         | 0.95        |
| time/                   |             |
|    fps                  | 3606        |
|    iterations           | 366         |
|    time_elapsed         | 831         |
|    total_timesteps      | 2998272     |
| train/                  |             |
|    approx_kl            | 0.008102431 |
|    clip_fraction        | 0.0869      |
|    clip_range           | 0.2         |
|    entropy_loss         | -7.14       |
|    explained_variance   | 0.92        |
|    learning_rate        | 0.0003      |
|    loss                 | 4e+03       |
|    n_updates            | 3650        |
|    policy_gradient_loss | -0.00468    |
|    std                  | 0.812       |
|    value_loss           | 8.4e+03     |
-----------------------------------------
Eval num_timesteps=3000000, episode_reward=1038.22 +/- 79.82
Episode length: 31.40 +/- 1.36
Success rate: 100.00%
------------------------------------------
| eval/                   |              |
|    mean_ep_length       | 31.4         |
|    mean_reward          | 1.04e+03     |
|    success_rate         | 1            |
| time/                   |              |
|    total_timesteps      | 3000000      |
| train/                  |              |
|    approx_kl            | 0.0073592933 |
|    clip_fraction        | 0.0614       |
|    clip_range           | 0.2          |
|    entropy_loss         | -7.15        |
|    explained_variance   | 0.908        |
|    learning_rate        | 0.0003       |
|    loss                 | 4.22e+03     |
|    n_updates            | 3660         |
|    policy_gradient_loss | -0.00292     |
|    std                  | 0.812        |
|    value_loss           | 1e+04        |
------------------------------------------
---------------------------------
| rollout/           |          |
|    ep_len_mean     | 47.3     |
|    ep_rew_mean     | 978      |
|    success_rate    | 0.95     |
| time/              |          |
|    fps             | 3607     |
|    iterations      | 367      |
|    time_elapsed    | 833      |
|    total_timesteps | 3006464  |
---------------------------------
 100% ------------------ 3,006,464/3,000,000 [ 0:13:52 < 0:00:00 , 3,737 it/s ]
Saved final model to C:\Users\Haikal\Desktop\Tech Learning\so101-rl-poc\runs\ppo_v3\final.zip
C:\Users\Haikal\miniforge3\envs\so101-rl\Lib\site-packages\stable_baselines3\common\callbacks.py:419: UserWarning: Training and eval env are not of the same type<stable_baselines3.common.vec_env.subproc_vec_env.SubprocVecEnv object at 0x000002B847E9C150> != <stable_baselines3.common.vec_env.dummy_vec_env.DummyVecEnv object at 0x000002B81AB6B290>
  warnings.warn("Training and eval env are not of the same type" f"{self.training_env} != {self.eval_env}")
