Using cpu device
Logging to C:\Users\Haikal\Desktop\Tech Learning\so101-rl-poc\runs\ppo_v1\tb\PPO_1
---------------------------------
| rollout/           |          |
|    ep_len_mean     | 200      |
|    ep_rew_mean     | -43.8    |
|    success_rate    | 0        |
| time/              |          |
|    fps             | 8836     |
|    iterations      | 1        |
|    time_elapsed    | 0        |
|    total_timesteps | 8192     |
---------------------------------
-----------------------------------------
| rollout/                |             |
|    ep_len_mean          | 200         |
|    ep_rew_mean          | -42.8       |
|    success_rate         | 0           |
| time/                   |             |
|    fps                  | 5992        |
|    iterations           | 2           |
|    time_elapsed         | 2           |
|    total_timesteps      | 16384       |
| train/                  |             |
|    approx_kl            | 0.008018592 |
|    clip_fraction        | 0.107       |
|    clip_range           | 0.2         |
|    entropy_loss         | -8.53       |
|    explained_variance   | -0.0421     |
|    learning_rate        | 0.0003      |
|    loss                 | 0.201       |
|    n_updates            | 10          |
|    policy_gradient_loss | -0.0069     |
|    std                  | 1.01        |
|    value_loss           | 0.939       |
-----------------------------------------
------------------------------------------
| rollout/                |              |
|    ep_len_mean          | 200          |
|    ep_rew_mean          | -40.4        |
|    success_rate         | 0            |
| time/                   |              |
|    fps                  | 5471         |
|    iterations           | 3            |
|    time_elapsed         | 4            |
|    total_timesteps      | 24576        |
| train/                  |              |
|    approx_kl            | 0.0109512275 |
|    clip_fraction        | 0.139        |
|    clip_range           | 0.2          |
|    entropy_loss         | -8.53        |
|    explained_variance   | 0.536        |
|    learning_rate        | 0.0003       |
|    loss                 | 0.21         |
|    n_updates            | 20           |
|    policy_gradient_loss | -0.0129      |
|    std                  | 1            |
|    value_loss           | 0.8          |
------------------------------------------
Eval num_timesteps=25000, episode_reward=-31.66 +/- 0.41
Episode length: 200.00 +/- 0.00
Success rate: 0.00%
-----------------------------------------
| eval/                   |             |
|    mean_ep_length       | 200         |
|    mean_reward          | -31.7       |
|    success_rate         | 0           |
| time/                   |             |
|    total_timesteps      | 25000       |
| train/                  |             |
|    approx_kl            | 0.013242912 |
|    clip_fraction        | 0.204       |
|    clip_range           | 0.2         |
|    entropy_loss         | -8.52       |
|    explained_variance   | 0.678       |
|    learning_rate        | 0.0003      |
|    loss                 | 0.144       |
|    n_updates            | 30          |
|    policy_gradient_loss | -0.0216     |
|    std                  | 1           |
|    value_loss           | 0.644       |
-----------------------------------------
New best mean reward!
---------------------------------
| rollout/           |          |
|    ep_len_mean     | 200      |
|    ep_rew_mean     | -36      |
|    success_rate    | 0        |
| time/              |          |
|    fps             | 4964     |
|    iterations      | 4        |
|    time_elapsed    | 6        |
|    total_timesteps | 32768    |
---------------------------------
-----------------------------------------
| rollout/                |             |
|    ep_len_mean          | 200         |
|    ep_rew_mean          | -31.2       |
|    success_rate         | 0           |
| time/                   |             |
|    fps                  | 4905        |
|    iterations           | 5           |
|    time_elapsed         | 8           |
|    total_timesteps      | 40960       |
| train/                  |             |
|    approx_kl            | 0.015956635 |
|    clip_fraction        | 0.223       |
|    clip_range           | 0.2         |
|    entropy_loss         | -8.51       |
|    explained_variance   | 0.643       |
|    learning_rate        | 0.0003      |
|    loss                 | 0.0963      |
|    n_updates            | 40          |
|    policy_gradient_loss | -0.0229     |
|    std                  | 0.997       |
|    value_loss           | 0.397       |
-----------------------------------------
----------------------------------------
| rollout/                |            |
|    ep_len_mean          | 200        |
|    ep_rew_mean          | -27.1      |
|    success_rate         | 0          |
| time/                   |            |
|    fps                  | 4887       |
|    iterations           | 6          |
|    time_elapsed         | 10         |
|    total_timesteps      | 49152      |
| train/                  |            |
|    approx_kl            | 0.01553201 |
|    clip_fraction        | 0.213      |
|    clip_range           | 0.2        |
|    entropy_loss         | -8.5       |
|    explained_variance   | 0.666      |
|    learning_rate        | 0.0003     |
|    loss                 | 0.0615     |
|    n_updates            | 50         |
|    policy_gradient_loss | -0.0205    |
|    std                  | 0.998      |
|    value_loss           | 0.257      |
----------------------------------------
Eval num_timesteps=50000, episode_reward=-20.53 +/- 1.77
Episode length: 200.00 +/- 0.00
Success rate: 0.00%
----------------------------------------
| eval/                   |            |
|    mean_ep_length       | 200        |
|    mean_reward          | -20.5      |
|    success_rate         | 0          |
| time/                   |            |
|    total_timesteps      | 50000      |
| train/                  |            |
|    approx_kl            | 0.01556968 |
|    clip_fraction        | 0.212      |
|    clip_range           | 0.2        |
|    entropy_loss         | -8.49      |
|    explained_variance   | 0.775      |
|    learning_rate        | 0.0003     |
|    loss                 | 0.0176     |
|    n_updates            | 60         |
|    policy_gradient_loss | -0.018     |
|    std                  | 0.996      |
|    value_loss           | 0.162      |
----------------------------------------
New best mean reward!
---------------------------------
| rollout/           |          |
|    ep_len_mean     | 200      |
|    ep_rew_mean     | -23.7    |
|    success_rate    | 0        |
| time/              |          |
|    fps             | 4723     |
|    iterations      | 7        |
|    time_elapsed    | 12       |
|    total_timesteps | 57344    |
---------------------------------
-----------------------------------------
| rollout/                |             |
|    ep_len_mean          | 200         |
|    ep_rew_mean          | -21.6       |
|    success_rate         | 0           |
| time/                   |             |
|    fps                  | 4715        |
|    iterations           | 8           |
|    time_elapsed         | 13          |
|    total_timesteps      | 65536       |
| train/                  |             |
|    approx_kl            | 0.014076995 |
|    clip_fraction        | 0.192       |
|    clip_range           | 0.2         |
|    entropy_loss         | -8.47       |
|    explained_variance   | 0.831       |
|    learning_rate        | 0.0003      |
|    loss                 | -0.00886    |
|    n_updates            | 70          |
|    policy_gradient_loss | -0.0148     |
|    std                  | 0.993       |
|    value_loss           | 0.113       |
-----------------------------------------
-----------------------------------------
| rollout/                |             |
|    ep_len_mean          | 200         |
|    ep_rew_mean          | -20.3       |
|    success_rate         | 0           |
| time/                   |             |
|    fps                  | 4702        |
|    iterations           | 9           |
|    time_elapsed         | 15          |
|    total_timesteps      | 73728       |
| train/                  |             |
|    approx_kl            | 0.014167525 |
|    clip_fraction        | 0.17        |
|    clip_range           | 0.2         |
|    entropy_loss         | -8.46       |
|    explained_variance   | 0.765       |
|    learning_rate        | 0.0003      |
|    loss                 | -0.0182     |
|    n_updates            | 80          |
|    policy_gradient_loss | -0.0109     |
|    std                  | 0.991       |
|    value_loss           | 0.104       |
-----------------------------------------
Eval num_timesteps=75000, episode_reward=-18.89 +/- 1.36
Episode length: 200.00 +/- 0.00
Success rate: 0.00%
-----------------------------------------
| eval/                   |             |
|    mean_ep_length       | 200         |
|    mean_reward          | -18.9       |
|    success_rate         | 0           |
| time/                   |             |
|    total_timesteps      | 75000       |
| train/                  |             |
|    approx_kl            | 0.013603661 |
|    clip_fraction        | 0.179       |
|    clip_range           | 0.2         |
|    entropy_loss         | -8.43       |
|    explained_variance   | 0.857       |
|    learning_rate        | 0.0003      |
|    loss                 | -0.044      |
|    n_updates            | 90          |
|    policy_gradient_loss | -0.0153     |
|    std                  | 0.986       |
|    value_loss           | 0.0624      |
-----------------------------------------
New best mean reward!
---------------------------------
| rollout/           |          |
|    ep_len_mean     | 200      |
|    ep_rew_mean     | -19.8    |
|    success_rate    | 0        |
| time/              |          |
|    fps             | 4604     |
|    iterations      | 10       |
|    time_elapsed    | 17       |
|    total_timesteps | 81920    |
---------------------------------
-----------------------------------------
| rollout/                |             |
|    ep_len_mean          | 200         |
|    ep_rew_mean          | -19.6       |
|    success_rate         | 0           |
| time/                   |             |
|    fps                  | 4604        |
|    iterations           | 11          |
|    time_elapsed         | 19          |
|    total_timesteps      | 90112       |
| train/                  |             |
|    approx_kl            | 0.015592178 |
|    clip_fraction        | 0.2         |
|    clip_range           | 0.2         |
|    entropy_loss         | -8.41       |
|    explained_variance   | 0.845       |
|    learning_rate        | 0.0003      |
|    loss                 | -0.0328     |
|    n_updates            | 100         |
|    policy_gradient_loss | -0.0153     |
|    std                  | 0.981       |
|    value_loss           | 0.0673      |
-----------------------------------------
-----------------------------------------
| rollout/                |             |
|    ep_len_mean          | 200         |
|    ep_rew_mean          | -19.3       |
|    success_rate         | 0           |
| time/                   |             |
|    fps                  | 4604        |
|    iterations           | 12          |
|    time_elapsed         | 21          |
|    total_timesteps      | 98304       |
| train/                  |             |
|    approx_kl            | 0.012345264 |
|    clip_fraction        | 0.167       |
|    clip_range           | 0.2         |
|    entropy_loss         | -8.4        |
|    explained_variance   | 0.794       |
|    learning_rate        | 0.0003      |
|    loss                 | -0.0266     |
|    n_updates            | 110         |
|    policy_gradient_loss | -0.00989    |
|    std                  | 0.982       |
|    value_loss           | 0.061       |
-----------------------------------------
Eval num_timesteps=100000, episode_reward=-17.90 +/- 2.55
Episode length: 200.00 +/- 0.00
Success rate: 0.00%
-----------------------------------------
| eval/                   |             |
|    mean_ep_length       | 200         |
|    mean_reward          | -17.9       |
|    success_rate         | 0           |
| time/                   |             |
|    total_timesteps      | 100000      |
| train/                  |             |
|    approx_kl            | 0.013438384 |
|    clip_fraction        | 0.164       |
|    clip_range           | 0.2         |
|    entropy_loss         | -8.42       |
|    explained_variance   | 0.742       |
|    learning_rate        | 0.0003      |
|    loss                 | -0.0267     |
|    n_updates            | 120         |
|    policy_gradient_loss | -0.0121     |
|    std                  | 0.987       |
|    value_loss           | 0.0652      |
-----------------------------------------
New best mean reward!
---------------------------------
| rollout/           |          |
|    ep_len_mean     | 200      |
|    ep_rew_mean     | -18.7    |
|    success_rate    | 0        |
| time/              |          |
|    fps             | 4532     |
|    iterations      | 13       |
|    time_elapsed    | 23       |
|    total_timesteps | 106496   |
---------------------------------
-----------------------------------------
| rollout/                |             |
|    ep_len_mean          | 200         |
|    ep_rew_mean          | -18.2       |
|    success_rate         | 0           |
| time/                   |             |
|    fps                  | 4537        |
|    iterations           | 14          |
|    time_elapsed         | 25          |
|    total_timesteps      | 114688      |
| train/                  |             |
|    approx_kl            | 0.013780239 |
|    clip_fraction        | 0.171       |
|    clip_range           | 0.2         |
|    entropy_loss         | -8.42       |
|    explained_variance   | 0.798       |
|    learning_rate        | 0.0003      |
|    loss                 | -0.0492     |
|    n_updates            | 130         |
|    policy_gradient_loss | -0.0131     |
|    std                  | 0.984       |
|    value_loss           | 0.0465      |
-----------------------------------------
-----------------------------------------
| rollout/                |             |
|    ep_len_mean          | 200         |
|    ep_rew_mean          | -17.7       |
|    success_rate         | 0           |
| time/                   |             |
|    fps                  | 4541        |
|    iterations           | 15          |
|    time_elapsed         | 27          |
|    total_timesteps      | 122880      |
| train/                  |             |
|    approx_kl            | 0.013705295 |
|    clip_fraction        | 0.168       |
|    clip_range           | 0.2         |
|    entropy_loss         | -8.43       |
|    explained_variance   | 0.821       |
|    learning_rate        | 0.0003      |
|    loss                 | -0.0494     |
|    n_updates            | 140         |
|    policy_gradient_loss | -0.0123     |
|    std                  | 0.988       |
|    value_loss           | 0.0408      |
-----------------------------------------
Eval num_timesteps=125000, episode_reward=-18.29 +/- 2.33
Episode length: 200.00 +/- 0.00
Success rate: 0.00%
-----------------------------------------
| eval/                   |             |
|    mean_ep_length       | 200         |
|    mean_reward          | -18.3       |
|    success_rate         | 0           |
| time/                   |             |
|    total_timesteps      | 125000      |
| train/                  |             |
|    approx_kl            | 0.015183337 |
|    clip_fraction        | 0.187       |
|    clip_range           | 0.2         |
|    entropy_loss         | -8.43       |
|    explained_variance   | 0.83        |
|    learning_rate        | 0.0003      |
|    loss                 | -0.0471     |
|    n_updates            | 150         |
|    policy_gradient_loss | -0.0133     |
|    std                  | 0.986       |
|    value_loss           | 0.0377      |
-----------------------------------------
---------------------------------
| rollout/           |          |
|    ep_len_mean     | 200      |
|    ep_rew_mean     | -17.4    |
|    success_rate    | 0        |
| time/              |          |
|    fps             | 4493     |
|    iterations      | 16       |
|    time_elapsed    | 29       |
|    total_timesteps | 131072   |
---------------------------------
-----------------------------------------
| rollout/                |             |
|    ep_len_mean          | 200         |
|    ep_rew_mean          | -16.9       |
|    success_rate         | 0           |
| time/                   |             |
|    fps                  | 4505        |
|    iterations           | 17          |
|    time_elapsed         | 30          |
|    total_timesteps      | 139264      |
| train/                  |             |
|    approx_kl            | 0.014073777 |
|    clip_fraction        | 0.195       |
|    clip_range           | 0.2         |
|    entropy_loss         | -8.41       |
|    explained_variance   | 0.843       |
|    learning_rate        | 0.0003      |
|    loss                 | -0.0549     |
|    n_updates            | 160         |
|    policy_gradient_loss | -0.016      |
|    std                  | 0.983       |
|    value_loss           | 0.0284      |
-----------------------------------------
-----------------------------------------
| rollout/                |             |
|    ep_len_mean          | 200         |
|    ep_rew_mean          | -16.5       |
|    success_rate         | 0           |
| time/                   |             |
|    fps                  | 4515        |
|    iterations           | 18          |
|    time_elapsed         | 32          |
|    total_timesteps      | 147456      |
| train/                  |             |
|    approx_kl            | 0.012597827 |
|    clip_fraction        | 0.177       |
|    clip_range           | 0.2         |
|    entropy_loss         | -8.38       |
|    explained_variance   | 0.763       |
|    learning_rate        | 0.0003      |
|    loss                 | -0.0473     |
|    n_updates            | 170         |
|    policy_gradient_loss | -0.0108     |
|    std                  | 0.977       |
|    value_loss           | 0.0246      |
-----------------------------------------
Eval num_timesteps=150000, episode_reward=-16.40 +/- 1.07
Episode length: 200.00 +/- 0.00
Success rate: 0.00%
-----------------------------------------
| eval/                   |             |
|    mean_ep_length       | 200         |
|    mean_reward          | -16.4       |
|    success_rate         | 0           |
| time/                   |             |
|    total_timesteps      | 150000      |
| train/                  |             |
|    approx_kl            | 0.012886392 |
|    clip_fraction        | 0.172       |
|    clip_range           | 0.2         |
|    entropy_loss         | -8.36       |
|    explained_variance   | 0.87        |
|    learning_rate        | 0.0003      |
|    loss                 | -0.074      |
|    n_updates            | 180         |
|    policy_gradient_loss | -0.0105     |
|    std                  | 0.975       |
|    value_loss           | 0.0166      |
-----------------------------------------
New best mean reward!
---------------------------------
| rollout/           |          |
|    ep_len_mean     | 200      |
|    ep_rew_mean     | -16.3    |
|    success_rate    | 0        |
| time/              |          |
|    fps             | 4474     |
|    iterations      | 19       |
|    time_elapsed    | 34       |
|    total_timesteps | 155648   |
---------------------------------
-----------------------------------------
| rollout/                |             |
|    ep_len_mean          | 200         |
|    ep_rew_mean          | -16.1       |
|    success_rate         | 0           |
| time/                   |             |
|    fps                  | 4481        |
|    iterations           | 20          |
|    time_elapsed         | 36          |
|    total_timesteps      | 163840      |
| train/                  |             |
|    approx_kl            | 0.013553441 |
|    clip_fraction        | 0.182       |
|    clip_range           | 0.2         |
|    entropy_loss         | -8.33       |
|    explained_variance   | 0.897       |
|    learning_rate        | 0.0003      |
|    loss                 | -0.0468     |
|    n_updates            | 190         |
|    policy_gradient_loss | -0.0123     |
|    std                  | 0.971       |
|    value_loss           | 0.0178      |
-----------------------------------------
-----------------------------------------
| rollout/                |             |
|    ep_len_mean          | 200         |
|    ep_rew_mean          | -15.8       |
|    success_rate         | 0           |
| time/                   |             |
|    fps                  | 4487        |
|    iterations           | 21          |
|    time_elapsed         | 38          |
|    total_timesteps      | 172032      |
| train/                  |             |
|    approx_kl            | 0.013120145 |
|    clip_fraction        | 0.169       |
|    clip_range           | 0.2         |
|    entropy_loss         | -8.3        |
|    explained_variance   | 0.923       |
|    learning_rate        | 0.0003      |
|    loss                 | -0.049      |
|    n_updates            | 200         |
|    policy_gradient_loss | -0.0101     |
|    std                  | 0.964       |
|    value_loss           | 0.0113      |
-----------------------------------------
Eval num_timesteps=175000, episode_reward=-14.71 +/- 1.69
Episode length: 200.00 +/- 0.00
Success rate: 0.00%
-----------------------------------------
| eval/                   |             |
|    mean_ep_length       | 200         |
|    mean_reward          | -14.7       |
|    success_rate         | 0           |
| time/                   |             |
|    total_timesteps      | 175000      |
| train/                  |             |
|    approx_kl            | 0.013414655 |
|    clip_fraction        | 0.174       |
|    clip_range           | 0.2         |
|    entropy_loss         | -8.27       |
|    explained_variance   | 0.914       |
|    learning_rate        | 0.0003      |
|    loss                 | -0.0641     |
|    n_updates            | 210         |
|    policy_gradient_loss | -0.0148     |
|    std                  | 0.961       |
|    value_loss           | 0.013       |
-----------------------------------------
New best mean reward!
---------------------------------
| rollout/           |          |
|    ep_len_mean     | 200      |
|    ep_rew_mean     | -15.6    |
|    success_rate    | 0        |
| time/              |          |
|    fps             | 4451     |
|    iterations      | 22       |
|    time_elapsed    | 40       |
|    total_timesteps | 180224   |
---------------------------------
-----------------------------------------
| rollout/                |             |
|    ep_len_mean          | 200         |
|    ep_rew_mean          | -15.4       |
|    success_rate         | 0           |
| time/                   |             |
|    fps                  | 4460        |
|    iterations           | 23          |
|    time_elapsed         | 42          |
|    total_timesteps      | 188416      |
| train/                  |             |
|    approx_kl            | 0.014707256 |
|    clip_fraction        | 0.173       |
|    clip_range           | 0.2         |
|    entropy_loss         | -8.25       |
|    explained_variance   | 0.928       |
|    learning_rate        | 0.0003      |
|    loss                 | -0.0594     |
|    n_updates            | 220         |
|    policy_gradient_loss | -0.0116     |
|    std                  | 0.958       |
|    value_loss           | 0.0118      |
-----------------------------------------
-----------------------------------------
| rollout/                |             |
|    ep_len_mean          | 200         |
|    ep_rew_mean          | -15.2       |
|    success_rate         | 0           |
| time/                   |             |
|    fps                  | 4468        |
|    iterations           | 24          |
|    time_elapsed         | 43          |
|    total_timesteps      | 196608      |
| train/                  |             |
|    approx_kl            | 0.013595782 |
|    clip_fraction        | 0.184       |
|    clip_range           | 0.2         |
|    entropy_loss         | -8.23       |
|    explained_variance   | 0.935       |
|    learning_rate        | 0.0003      |
|    loss                 | -0.0447     |
|    n_updates            | 230         |
|    policy_gradient_loss | -0.0129     |
|    std                  | 0.954       |
|    value_loss           | 0.0128      |
-----------------------------------------
Eval num_timesteps=200000, episode_reward=-14.34 +/- 0.72
Episode length: 200.00 +/- 0.00
Success rate: 0.00%
-----------------------------------------
| eval/                   |             |
|    mean_ep_length       | 200         |
|    mean_reward          | -14.3       |
|    success_rate         | 0           |
| time/                   |             |
|    total_timesteps      | 200000      |
| train/                  |             |
|    approx_kl            | 0.012173546 |
|    clip_fraction        | 0.178       |
|    clip_range           | 0.2         |
|    entropy_loss         | -8.2        |
|    explained_variance   | 0.937       |
|    learning_rate        | 0.0003      |
|    loss                 | -0.0581     |
|    n_updates            | 240         |
|    policy_gradient_loss | -0.0118     |
|    std                  | 0.95        |
|    value_loss           | 0.0132      |
-----------------------------------------
New best mean reward!
---------------------------------
| rollout/           |          |
|    ep_len_mean     | 200      |
|    ep_rew_mean     | -14.9    |
|    success_rate    | 0        |
| time/              |          |
|    fps             | 4438     |
|    iterations      | 25       |
|    time_elapsed    | 46       |
|    total_timesteps | 204800   |
---------------------------------
------------------------------------------
| rollout/                |              |
|    ep_len_mean          | 200          |
|    ep_rew_mean          | -14.5        |
|    success_rate         | 0            |
| time/                   |              |
|    fps                  | 4445         |
|    iterations           | 26           |
|    time_elapsed         | 47           |
|    total_timesteps      | 212992       |
| train/                  |              |
|    approx_kl            | 0.0127548035 |
|    clip_fraction        | 0.172        |
|    clip_range           | 0.2          |
|    entropy_loss         | -8.19        |
|    explained_variance   | 0.95         |
|    learning_rate        | 0.0003       |
|    loss                 | -0.052       |
|    n_updates            | 250          |
|    policy_gradient_loss | -0.0102      |
|    std                  | 0.951        |
|    value_loss           | 0.0111       |
------------------------------------------
-----------------------------------------
| rollout/                |             |
|    ep_len_mean          | 200         |
|    ep_rew_mean          | -14.3       |
|    success_rate         | 0           |
| time/                   |             |
|    fps                  | 4451        |
|    iterations           | 27          |
|    time_elapsed         | 49          |
|    total_timesteps      | 221184      |
| train/                  |             |
|    approx_kl            | 0.014455941 |
|    clip_fraction        | 0.186       |
|    clip_range           | 0.2         |
|    entropy_loss         | -8.19       |
|    explained_variance   | 0.949       |
|    learning_rate        | 0.0003      |
|    loss                 | -0.0413     |
|    n_updates            | 260         |
|    policy_gradient_loss | -0.0119     |
|    std                  | 0.949       |
|    value_loss           | 0.0138      |
-----------------------------------------
Eval num_timesteps=225000, episode_reward=-13.19 +/- 0.12
Episode length: 200.00 +/- 0.00
Success rate: 0.00%
---------------------------------------
| eval/                   |           |
|    mean_ep_length       | 200       |
|    mean_reward          | -13.2     |
|    success_rate         | 0         |
| time/                   |           |
|    total_timesteps      | 225000    |
| train/                  |           |
|    approx_kl            | 0.0159643 |
|    clip_fraction        | 0.197     |
|    clip_range           | 0.2       |
|    entropy_loss         | -8.16     |
|    explained_variance   | 0.952     |
|    learning_rate        | 0.0003    |
|    loss                 | -0.0568   |
|    n_updates            | 270       |
|    policy_gradient_loss | -0.0129   |
|    std                  | 0.944     |
|    value_loss           | 0.0112    |
---------------------------------------
New best mean reward!
---------------------------------
| rollout/           |          |
|    ep_len_mean     | 200      |
|    ep_rew_mean     | -13.9    |
|    success_rate    | 0        |
| time/              |          |
|    fps             | 4428     |
|    iterations      | 28       |
|    time_elapsed    | 51       |
|    total_timesteps | 229376   |
---------------------------------
------------------------------------------
| rollout/                |              |
|    ep_len_mean          | 200          |
|    ep_rew_mean          | -13.8        |
|    success_rate         | 0            |
| time/                   |              |
|    fps                  | 4436         |
|    iterations           | 29           |
|    time_elapsed         | 53           |
|    total_timesteps      | 237568       |
| train/                  |              |
|    approx_kl            | 0.0140663255 |
|    clip_fraction        | 0.184        |
|    clip_range           | 0.2          |
|    entropy_loss         | -8.13        |
|    explained_variance   | 0.949        |
|    learning_rate        | 0.0003       |
|    loss                 | -0.0545      |
|    n_updates            | 280          |
|    policy_gradient_loss | -0.0114      |
|    std                  | 0.94         |
|    value_loss           | 0.0156       |
------------------------------------------
-----------------------------------------
| rollout/                |             |
|    ep_len_mean          | 200         |
|    ep_rew_mean          | -13.5       |
|    success_rate         | 0           |
| time/                   |             |
|    fps                  | 4445        |
|    iterations           | 30          |
|    time_elapsed         | 55          |
|    total_timesteps      | 245760      |
| train/                  |             |
|    approx_kl            | 0.012714542 |
|    clip_fraction        | 0.179       |
|    clip_range           | 0.2         |
|    entropy_loss         | -8.1        |
|    explained_variance   | 0.914       |
|    learning_rate        | 0.0003      |
|    loss                 | -0.0501     |
|    n_updates            | 290         |
|    policy_gradient_loss | -0.00994    |
|    std                  | 0.936       |
|    value_loss           | 0.0215      |
-----------------------------------------
Eval num_timesteps=250000, episode_reward=-13.01 +/- 0.20
Episode length: 200.00 +/- 0.00
Success rate: 0.00%
-----------------------------------------
| eval/                   |             |
|    mean_ep_length       | 200         |
|    mean_reward          | -13         |
|    success_rate         | 0           |
| time/                   |             |
|    total_timesteps      | 250000      |
| train/                  |             |
|    approx_kl            | 0.014300151 |
|    clip_fraction        | 0.189       |
|    clip_range           | 0.2         |
|    entropy_loss         | -8.08       |
|    explained_variance   | 0.947       |
|    learning_rate        | 0.0003      |
|    loss                 | -0.0362     |
|    n_updates            | 300         |
|    policy_gradient_loss | -0.00974    |
|    std                  | 0.933       |
|    value_loss           | 0.018       |
-----------------------------------------
New best mean reward!
---------------------------------
| rollout/           |          |
|    ep_len_mean     | 200      |
|    ep_rew_mean     | -13.2    |
|    success_rate    | 0        |
| time/              |          |
|    fps             | 4421     |
|    iterations      | 31       |
|    time_elapsed    | 57       |
|    total_timesteps | 253952   |
---------------------------------
-----------------------------------------
| rollout/                |             |
|    ep_len_mean          | 200         |
|    ep_rew_mean          | -13.1       |
|    success_rate         | 0           |
| time/                   |             |
|    fps                  | 4428        |
|    iterations           | 32          |
|    time_elapsed         | 59          |
|    total_timesteps      | 262144      |
| train/                  |             |
|    approx_kl            | 0.016601264 |
|    clip_fraction        | 0.208       |
|    clip_range           | 0.2         |
|    entropy_loss         | -8.07       |
|    explained_variance   | 0.782       |
|    learning_rate        | 0.0003      |
|    loss                 | -0.023      |
|    n_updates            | 310         |
|    policy_gradient_loss | -0.00533    |
|    std                  | 0.931       |
|    value_loss           | 0.0464      |
-----------------------------------------
-----------------------------------------
| rollout/                |             |
|    ep_len_mean          | 200         |
|    ep_rew_mean          | -13         |
|    success_rate         | 0           |
| time/                   |             |
|    fps                  | 4433        |
|    iterations           | 33          |
|    time_elapsed         | 60          |
|    total_timesteps      | 270336      |
| train/                  |             |
|    approx_kl            | 0.014425284 |
|    clip_fraction        | 0.201       |
|    clip_range           | 0.2         |
|    entropy_loss         | -8.03       |
|    explained_variance   | 0.874       |
|    learning_rate        | 0.0003      |
|    loss                 | -0.0439     |
|    n_updates            | 320         |
|    policy_gradient_loss | -0.00984    |
|    std                  | 0.925       |
|    value_loss           | 0.0453      |
-----------------------------------------
Eval num_timesteps=275000, episode_reward=-12.48 +/- 0.14
Episode length: 200.00 +/- 0.00
Success rate: 0.00%
-----------------------------------------
| eval/                   |             |
|    mean_ep_length       | 200         |
|    mean_reward          | -12.5       |
|    success_rate         | 0           |
| time/                   |             |
|    total_timesteps      | 275000      |
| train/                  |             |
|    approx_kl            | 0.013391916 |
|    clip_fraction        | 0.179       |
|    clip_range           | 0.2         |
|    entropy_loss         | -7.99       |
|    explained_variance   | 0.967       |
|    learning_rate        | 0.0003      |
|    loss                 | -0.0484     |
|    n_updates            | 330         |
|    policy_gradient_loss | -0.0103     |
|    std                  | 0.919       |
|    value_loss           | 0.0105      |
-----------------------------------------
New best mean reward!
---------------------------------
| rollout/           |          |
|    ep_len_mean     | 200      |
|    ep_rew_mean     | -12.7    |
|    success_rate    | 0        |
| time/              |          |
|    fps             | 4413     |
|    iterations      | 34       |
|    time_elapsed    | 63       |
|    total_timesteps | 278528   |
---------------------------------
-----------------------------------------
| rollout/                |             |
|    ep_len_mean          | 200         |
|    ep_rew_mean          | -12.1       |
|    success_rate         | 0           |
| time/                   |             |
|    fps                  | 4420        |
|    iterations           | 35          |
|    time_elapsed         | 64          |
|    total_timesteps      | 286720      |
| train/                  |             |
|    approx_kl            | 0.012782218 |
|    clip_fraction        | 0.224       |
|    clip_range           | 0.2         |
|    entropy_loss         | -7.94       |
|    explained_variance   | 0.71        |
|    learning_rate        | 0.0003      |
|    loss                 | 0.0909      |
|    n_updates            | 340         |
|    policy_gradient_loss | -0.00517    |
|    std                  | 0.91        |
|    value_loss           | 0.218       |
-----------------------------------------
-----------------------------------------
| rollout/                |             |
|    ep_len_mean          | 200         |
|    ep_rew_mean          | -11.7       |
|    success_rate         | 0           |
| time/                   |             |
|    fps                  | 4425        |
|    iterations           | 36          |
|    time_elapsed         | 66          |
|    total_timesteps      | 294912      |
| train/                  |             |
|    approx_kl            | 0.013268121 |
|    clip_fraction        | 0.177       |
|    clip_range           | 0.2         |
|    entropy_loss         | -7.92       |
|    explained_variance   | 0.653       |
|    learning_rate        | 0.0003      |
|    loss                 | 0.087       |
|    n_updates            | 350         |
|    policy_gradient_loss | -0.0043     |
|    std                  | 0.91        |
|    value_loss           | 0.365       |
-----------------------------------------
Eval num_timesteps=300000, episode_reward=-12.84 +/- 0.31
Episode length: 200.00 +/- 0.00
Success rate: 0.00%
-----------------------------------------
| eval/                   |             |
|    mean_ep_length       | 200         |
|    mean_reward          | -12.8       |
|    success_rate         | 0           |
| time/                   |             |
|    total_timesteps      | 300000      |
| train/                  |             |
|    approx_kl            | 0.015493699 |
|    clip_fraction        | 0.181       |
|    clip_range           | 0.2         |
|    entropy_loss         | -7.9        |
|    explained_variance   | 0.692       |
|    learning_rate        | 0.0003      |
|    loss                 | 0.161       |
|    n_updates            | 360         |
|    policy_gradient_loss | -0.00462    |
|    std                  | 0.905       |
|    value_loss           | 0.296       |
-----------------------------------------
---------------------------------
| rollout/           |          |
|    ep_len_mean     | 200      |
|    ep_rew_mean     | -11.3    |
|    success_rate    | 0        |
| time/              |          |
|    fps             | 4406     |
|    iterations      | 37       |
|    time_elapsed    | 68       |
|    total_timesteps | 303104   |
---------------------------------
-----------------------------------------
| rollout/                |             |
|    ep_len_mean          | 200         |
|    ep_rew_mean          | -11.3       |
|    success_rate         | 0           |
| time/                   |             |
|    fps                  | 4412        |
|    iterations           | 38          |
|    time_elapsed         | 70          |
|    total_timesteps      | 311296      |
| train/                  |             |
|    approx_kl            | 0.013936855 |
|    clip_fraction        | 0.188       |
|    clip_range           | 0.2         |
|    entropy_loss         | -7.87       |
|    explained_variance   | 0.66        |
|    learning_rate        | 0.0003      |
|    loss                 | 0.199       |
|    n_updates            | 370         |
|    policy_gradient_loss | -0.00272    |
|    std                  | 0.901       |
|    value_loss           | 0.376       |
-----------------------------------------
----------------------------------------
| rollout/                |            |
|    ep_len_mean          | 200        |
|    ep_rew_mean          | -10.8      |
|    success_rate         | 0          |
| time/                   |            |
|    fps                  | 4416       |
|    iterations           | 39         |
|    time_elapsed         | 72         |
|    total_timesteps      | 319488     |
| train/                  |            |
|    approx_kl            | 0.01772745 |
|    clip_fraction        | 0.182      |
|    clip_range           | 0.2        |
|    entropy_loss         | -7.85      |
|    explained_variance   | 0.562      |
|    learning_rate        | 0.0003     |
|    loss                 | 0.0463     |
|    n_updates            | 380        |
|    policy_gradient_loss | -0.00399   |
|    std                  | 0.899      |
|    value_loss           | 0.295      |
----------------------------------------
Eval num_timesteps=325000, episode_reward=-5.89 +/- 14.00
Episode length: 200.00 +/- 0.00
Success rate: 0.00%
---------------------------------------
| eval/                   |           |
|    mean_ep_length       | 200       |
|    mean_reward          | -5.89     |
|    success_rate         | 0         |
| time/                   |           |
|    total_timesteps      | 325000    |
| train/                  |           |
|    approx_kl            | 0.0135858 |
|    clip_fraction        | 0.175     |
|    clip_range           | 0.2       |
|    entropy_loss         | -7.82     |
|    explained_variance   | 0.576     |
|    learning_rate        | 0.0003    |
|    loss                 | 0.201     |
|    n_updates            | 390       |
|    policy_gradient_loss | -0.00413  |
|    std                  | 0.892     |
|    value_loss           | 0.453     |
---------------------------------------
New best mean reward!
---------------------------------
| rollout/           |          |
|    ep_len_mean     | 200      |
|    ep_rew_mean     | -10.1    |
|    success_rate    | 0        |
| time/              |          |
|    fps             | 4399     |
|    iterations      | 40       |
|    time_elapsed    | 74       |
|    total_timesteps | 327680   |
---------------------------------
-----------------------------------------
| rollout/                |             |
|    ep_len_mean          | 200         |
|    ep_rew_mean          | -10.1       |
|    success_rate         | 0           |
| time/                   |             |
|    fps                  | 4404        |
|    iterations           | 41          |
|    time_elapsed         | 76          |
|    total_timesteps      | 335872      |
| train/                  |             |
|    approx_kl            | 0.014338245 |
|    clip_fraction        | 0.178       |
|    clip_range           | 0.2         |
|    entropy_loss         | -7.8        |
|    explained_variance   | 0.553       |
|    learning_rate        | 0.0003      |
|    loss                 | 0.506       |
|    n_updates            | 400         |
|    policy_gradient_loss | -0.0043     |
|    std                  | 0.893       |
|    value_loss           | 1.1         |
-----------------------------------------
-----------------------------------------
| rollout/                |             |
|    ep_len_mean          | 200         |
|    ep_rew_mean          | -8.69       |
|    success_rate         | 0           |
| time/                   |             |
|    fps                  | 4408        |
|    iterations           | 42          |
|    time_elapsed         | 78          |
|    total_timesteps      | 344064      |
| train/                  |             |
|    approx_kl            | 0.014849037 |
|    clip_fraction        | 0.199       |
|    clip_range           | 0.2         |
|    entropy_loss         | -7.8        |
|    explained_variance   | 0.614       |
|    learning_rate        | 0.0003      |
|    loss                 | 0.291       |
|    n_updates            | 410         |
|    policy_gradient_loss | -0.0071     |
|    std                  | 0.891       |
|    value_loss           | 0.843       |
-----------------------------------------
Eval num_timesteps=350000, episode_reward=12.62 +/- 15.92
Episode length: 200.00 +/- 0.00
Success rate: 0.00%
-----------------------------------------
| eval/                   |             |
|    mean_ep_length       | 200         |
|    mean_reward          | 12.6        |
|    success_rate         | 0           |
| time/                   |             |
|    total_timesteps      | 350000      |
| train/                  |             |
|    approx_kl            | 0.014055479 |
|    clip_fraction        | 0.16        |
|    clip_range           | 0.2         |
|    entropy_loss         | -7.78       |
|    explained_variance   | 0.645       |
|    learning_rate        | 0.0003      |
|    loss                 | 0.287       |
|    n_updates            | 420         |
|    policy_gradient_loss | -0.0037     |
|    std                  | 0.889       |
|    value_loss           | 0.979       |
-----------------------------------------
New best mean reward!
---------------------------------
| rollout/           |          |
|    ep_len_mean     | 200      |
|    ep_rew_mean     | -7.6     |
|    success_rate    | 0        |
| time/              |          |
|    fps             | 4391     |
|    iterations      | 43       |
|    time_elapsed    | 80       |
|    total_timesteps | 352256   |
---------------------------------
-----------------------------------------
| rollout/                |             |
|    ep_len_mean          | 200         |
|    ep_rew_mean          | -5.98       |
|    success_rate         | 0           |
| time/                   |             |
|    fps                  | 4395        |
|    iterations           | 44          |
|    time_elapsed         | 82          |
|    total_timesteps      | 360448      |
| train/                  |             |
|    approx_kl            | 0.011485184 |
|    clip_fraction        | 0.153       |
|    clip_range           | 0.2         |
|    entropy_loss         | -7.77       |
|    explained_variance   | 0.662       |
|    learning_rate        | 0.0003      |
|    loss                 | 0.545       |
|    n_updates            | 430         |
|    policy_gradient_loss | -0.00527    |
|    std                  | 0.887       |
|    value_loss           | 1.48        |
-----------------------------------------
-----------------------------------------
| rollout/                |             |
|    ep_len_mean          | 200         |
|    ep_rew_mean          | -3.66       |
|    success_rate         | 0           |
| time/                   |             |
|    fps                  | 4398        |
|    iterations           | 45          |
|    time_elapsed         | 83          |
|    total_timesteps      | 368640      |
| train/                  |             |
|    approx_kl            | 0.013876393 |
|    clip_fraction        | 0.164       |
|    clip_range           | 0.2         |
|    entropy_loss         | -7.76       |
|    explained_variance   | 0.631       |
|    learning_rate        | 0.0003      |
|    loss                 | 0.376       |
|    n_updates            | 440         |
|    policy_gradient_loss | -0.00454    |
|    std                  | 0.883       |
|    value_loss           | 1.56        |
-----------------------------------------
Eval num_timesteps=375000, episode_reward=20.56 +/- 27.19
Episode length: 200.00 +/- 0.00
Success rate: 0.00%
----------------------------------------
| eval/                   |            |
|    mean_ep_length       | 200        |
|    mean_reward          | 20.6       |
|    success_rate         | 0          |
| time/                   |            |
|    total_timesteps      | 375000     |
| train/                  |            |
|    approx_kl            | 0.01019082 |
|    clip_fraction        | 0.139      |
|    clip_range           | 0.2        |
|    entropy_loss         | -7.73      |
|    explained_variance   | 0.756      |
|    learning_rate        | 0.0003     |
|    loss                 | 0.922      |
|    n_updates            | 450        |
|    policy_gradient_loss | -0.00658   |
|    std                  | 0.881      |
|    value_loss           | 2.73       |
----------------------------------------
New best mean reward!
---------------------------------
| rollout/           |          |
|    ep_len_mean     | 200      |
|    ep_rew_mean     | -5.12    |
|    success_rate    | 0        |
| time/              |          |
|    fps             | 4380     |
|    iterations      | 46       |
|    time_elapsed    | 86       |
|    total_timesteps | 376832   |
---------------------------------
------------------------------------------
| rollout/                |              |
|    ep_len_mean          | 200          |
|    ep_rew_mean          | -6.21        |
|    success_rate         | 0            |
| time/                   |              |
|    fps                  | 4384         |
|    iterations           | 47           |
|    time_elapsed         | 87           |
|    total_timesteps      | 385024       |
| train/                  |              |
|    approx_kl            | 0.0141675975 |
|    clip_fraction        | 0.194        |
|    clip_range           | 0.2          |
|    entropy_loss         | -7.73        |
|    explained_variance   | 0.842        |
|    learning_rate        | 0.0003       |
|    loss                 | 0.184        |
|    n_updates            | 460          |
|    policy_gradient_loss | -0.00717     |
|    std                  | 0.882        |
|    value_loss           | 0.864        |
------------------------------------------
-----------------------------------------
| rollout/                |             |
|    ep_len_mean          | 200         |
|    ep_rew_mean          | -6.85       |
|    success_rate         | 0           |
| time/                   |             |
|    fps                  | 4385        |
|    iterations           | 48          |
|    time_elapsed         | 89          |
|    total_timesteps      | 393216      |
| train/                  |             |
|    approx_kl            | 0.010777077 |
|    clip_fraction        | 0.135       |
|    clip_range           | 0.2         |
|    entropy_loss         | -7.73       |
|    explained_variance   | 0.8         |
|    learning_rate        | 0.0003      |
|    loss                 | 1.06        |
|    n_updates            | 470         |
|    policy_gradient_loss | -0.00502    |
|    std                  | 0.882       |
|    value_loss           | 2.68        |
-----------------------------------------
Eval num_timesteps=400000, episode_reward=25.13 +/- 21.88
Episode length: 200.00 +/- 0.00
Success rate: 0.00%
-----------------------------------------
| eval/                   |             |
|    mean_ep_length       | 200         |
|    mean_reward          | 25.1        |
|    success_rate         | 0           |
| time/                   |             |
|    total_timesteps      | 400000      |
| train/                  |             |
|    approx_kl            | 0.013052195 |
|    clip_fraction        | 0.162       |
|    clip_range           | 0.2         |
|    entropy_loss         | -7.7        |
|    explained_variance   | 0.779       |
|    learning_rate        | 0.0003      |
|    loss                 | 0.777       |
|    n_updates            | 480         |
|    policy_gradient_loss | -0.00631    |
|    std                  | 0.876       |
|    value_loss           | 2.08        |
-----------------------------------------
New best mean reward!
---------------------------------
| rollout/           |          |
|    ep_len_mean     | 200      |
|    ep_rew_mean     | -5       |
|    success_rate    | 0        |
| time/              |          |
|    fps             | 4371     |
|    iterations      | 49       |
|    time_elapsed    | 91       |
|    total_timesteps | 401408   |
---------------------------------
-----------------------------------------
| rollout/                |             |
|    ep_len_mean          | 200         |
|    ep_rew_mean          | -0.861      |
|    success_rate         | 0           |
| time/                   |             |
|    fps                  | 4374        |
|    iterations           | 50          |
|    time_elapsed         | 93          |
|    total_timesteps      | 409600      |
| train/                  |             |
|    approx_kl            | 0.011416374 |
|    clip_fraction        | 0.149       |
|    clip_range           | 0.2         |
|    entropy_loss         | -7.69       |
|    explained_variance   | 0.852       |
|    learning_rate        | 0.0003      |
|    loss                 | 0.801       |
|    n_updates            | 490         |
|    policy_gradient_loss | -0.00521    |
|    std                  | 0.878       |
|    value_loss           | 2.07        |
-----------------------------------------
-----------------------------------------
| rollout/                |             |
|    ep_len_mean          | 200         |
|    ep_rew_mean          | 4.51        |
|    success_rate         | 0           |
| time/                   |             |
|    fps                  | 4378        |
|    iterations           | 51          |
|    time_elapsed         | 95          |
|    total_timesteps      | 417792      |
| train/                  |             |
|    approx_kl            | 0.010725925 |
|    clip_fraction        | 0.131       |
|    clip_range           | 0.2         |
|    entropy_loss         | -7.69       |
|    explained_variance   | 0.835       |
|    learning_rate        | 0.0003      |
|    loss                 | 1.71        |
|    n_updates            | 500         |
|    policy_gradient_loss | -0.00714    |
|    std                  | 0.875       |
|    value_loss           | 4.4         |
-----------------------------------------
Eval num_timesteps=425000, episode_reward=-12.87 +/- 0.48
Episode length: 200.00 +/- 0.00
Success rate: 0.00%
-----------------------------------------
| eval/                   |             |
|    mean_ep_length       | 200         |
|    mean_reward          | -12.9       |
|    success_rate         | 0           |
| time/                   |             |
|    total_timesteps      | 425000      |
| train/                  |             |
|    approx_kl            | 0.008303554 |
|    clip_fraction        | 0.0855      |
|    clip_range           | 0.2         |
|    entropy_loss         | -7.68       |
|    explained_variance   | 0.851       |
|    learning_rate        | 0.0003      |
|    loss                 | 2.35        |
|    n_updates            | 510         |
|    policy_gradient_loss | -0.00327    |
|    std                  | 0.875       |
|    value_loss           | 5.52        |
-----------------------------------------
---------------------------------
| rollout/           |          |
|    ep_len_mean     | 200      |
|    ep_rew_mean     | 2.88     |
|    success_rate    | 0        |
| time/              |          |
|    fps             | 4363     |
|    iterations      | 52       |
|    time_elapsed    | 97       |
|    total_timesteps | 425984   |
---------------------------------
----------------------------------------
| rollout/                |            |
|    ep_len_mean          | 200        |
|    ep_rew_mean          | 0.579      |
|    success_rate         | 0          |
| time/                   |            |
|    fps                  | 4368       |
|    iterations           | 53         |
|    time_elapsed         | 99         |
|    total_timesteps      | 434176     |
| train/                  |            |
|    approx_kl            | 0.01117373 |
|    clip_fraction        | 0.149      |
|    clip_range           | 0.2        |
|    entropy_loss         | -7.67      |
|    explained_variance   | 0.891      |
|    learning_rate        | 0.0003     |
|    loss                 | 1.11       |
|    n_updates            | 520        |
|    policy_gradient_loss | -0.00506   |
|    std                  | 0.871      |
|    value_loss           | 3.15       |
----------------------------------------
-----------------------------------------
| rollout/                |             |
|    ep_len_mean          | 200         |
|    ep_rew_mean          | 3.07        |
|    success_rate         | 0           |
| time/                   |             |
|    fps                  | 4374        |
|    iterations           | 54          |
|    time_elapsed         | 101         |
|    total_timesteps      | 442368      |
| train/                  |             |
|    approx_kl            | 0.009775795 |
|    clip_fraction        | 0.113       |
|    clip_range           | 0.2         |
|    entropy_loss         | -7.65       |
|    explained_variance   | 0.888       |
|    learning_rate        | 0.0003      |
|    loss                 | 2.52        |
|    n_updates            | 530         |
|    policy_gradient_loss | -0.004      |
|    std                  | 0.87        |
|    value_loss           | 5.11        |
-----------------------------------------
Eval num_timesteps=450000, episode_reward=-13.02 +/- 0.19
Episode length: 200.00 +/- 0.00
Success rate: 0.00%
----------------------------------------
| eval/                   |            |
|    mean_ep_length       | 200        |
|    mean_reward          | -13        |
|    success_rate         | 0          |
| time/                   |            |
|    total_timesteps      | 450000     |
| train/                  |            |
|    approx_kl            | 0.00881554 |
|    clip_fraction        | 0.0923     |
|    clip_range           | 0.2        |
|    entropy_loss         | -7.65      |
|    explained_variance   | 0.891      |
|    learning_rate        | 0.0003     |
|    loss                 | 2.66       |
|    n_updates            | 540        |
|    policy_gradient_loss | -0.0035    |
|    std                  | 0.87       |
|    value_loss           | 6.67       |
----------------------------------------
---------------------------------
| rollout/           |          |
|    ep_len_mean     | 200      |
|    ep_rew_mean     | 6.94     |
|    success_rate    | 0        |
| time/              |          |
|    fps             | 4361     |
|    iterations      | 55       |
|    time_elapsed    | 103      |
|    total_timesteps | 450560   |
---------------------------------
-----------------------------------------
| rollout/                |             |
|    ep_len_mean          | 200         |
|    ep_rew_mean          | 9.88        |
|    success_rate         | 0           |
| time/                   |             |
|    fps                  | 4364        |
|    iterations           | 56          |
|    time_elapsed         | 105         |
|    total_timesteps      | 458752      |
| train/                  |             |
|    approx_kl            | 0.010783166 |
|    clip_fraction        | 0.114       |
|    clip_range           | 0.2         |
|    entropy_loss         | -7.66       |
|    explained_variance   | 0.875       |
|    learning_rate        | 0.0003      |
|    loss                 | 3.23        |
|    n_updates            | 550         |
|    policy_gradient_loss | -0.00558    |
|    std                  | 0.874       |
|    value_loss           | 6.5         |
-----------------------------------------
------------------------------------------
| rollout/                |              |
|    ep_len_mean          | 200          |
|    ep_rew_mean          | 9.09         |
|    success_rate         | 0            |
| time/                   |              |
|    fps                  | 4368         |
|    iterations           | 57           |
|    time_elapsed         | 106          |
|    total_timesteps      | 466944       |
| train/                  |              |
|    approx_kl            | 0.0104561895 |
|    clip_fraction        | 0.121        |
|    clip_range           | 0.2          |
|    entropy_loss         | -7.68        |
|    explained_variance   | 0.875        |
|    learning_rate        | 0.0003       |
|    loss                 | 3.89         |
|    n_updates            | 560          |
|    policy_gradient_loss | -0.006       |
|    std                  | 0.875        |
|    value_loss           | 8.7          |
------------------------------------------
Eval num_timesteps=475000, episode_reward=-5.80 +/- 4.83
Episode length: 200.00 +/- 0.00
Success rate: 0.00%
------------------------------------------
| eval/                   |              |
|    mean_ep_length       | 200          |
|    mean_reward          | -5.8         |
|    success_rate         | 0            |
| time/                   |              |
|    total_timesteps      | 475000       |
| train/                  |              |
|    approx_kl            | 0.0093320785 |
|    clip_fraction        | 0.115        |
|    clip_range           | 0.2          |
|    entropy_loss         | -7.68        |
|    explained_variance   | 0.885        |
|    learning_rate        | 0.0003       |
|    loss                 | 2.95         |
|    n_updates            | 570          |
|    policy_gradient_loss | -0.00463     |
|    std                  | 0.874        |
|    value_loss           | 7.19         |
------------------------------------------
---------------------------------
| rollout/           |          |
|    ep_len_mean     | 200      |
|    ep_rew_mean     | 9.88     |
|    success_rate    | 0        |
| time/              |          |
|    fps             | 4355     |
|    iterations      | 58       |
|    time_elapsed    | 109      |
|    total_timesteps | 475136   |
---------------------------------
-----------------------------------------
| rollout/                |             |
|    ep_len_mean          | 200         |
|    ep_rew_mean          | 5.28        |
|    success_rate         | 0           |
| time/                   |             |
|    fps                  | 4358        |
|    iterations           | 59          |
|    time_elapsed         | 110         |
|    total_timesteps      | 483328      |
| train/                  |             |
|    approx_kl            | 0.008916836 |
|    clip_fraction        | 0.111       |
|    clip_range           | 0.2         |
|    entropy_loss         | -7.67       |
|    explained_variance   | 0.875       |
|    learning_rate        | 0.0003      |
|    loss                 | 2.21        |
|    n_updates            | 580         |
|    policy_gradient_loss | -0.00518    |
|    std                  | 0.872       |
|    value_loss           | 6.48        |
-----------------------------------------
-----------------------------------------
| rollout/                |             |
|    ep_len_mean          | 200         |
|    ep_rew_mean          | 7.99        |
|    success_rate         | 0           |
| time/                   |             |
|    fps                  | 4361        |
|    iterations           | 60          |
|    time_elapsed         | 112         |
|    total_timesteps      | 491520      |
| train/                  |             |
|    approx_kl            | 0.022006776 |
|    clip_fraction        | 0.167       |
|    clip_range           | 0.2         |
|    entropy_loss         | -7.65       |
|    explained_variance   | 0.923       |
|    learning_rate        | 0.0003      |
|    loss                 | 2.34        |
|    n_updates            | 590         |
|    policy_gradient_loss | -0.00355    |
|    std                  | 0.871       |
|    value_loss           | 5.19        |
-----------------------------------------
-----------------------------------------
| rollout/                |             |
|    ep_len_mean          | 200         |
|    ep_rew_mean          | 10.3        |
|    success_rate         | 0           |
| time/                   |             |
|    fps                  | 4364        |
|    iterations           | 61          |
|    time_elapsed         | 114         |
|    total_timesteps      | 499712      |
| train/                  |             |
|    approx_kl            | 0.010266678 |
|    clip_fraction        | 0.127       |
|    clip_range           | 0.2         |
|    entropy_loss         | -7.65       |
|    explained_variance   | 0.899       |
|    learning_rate        | 0.0003      |
|    loss                 | 3.06        |
|    n_updates            | 600         |
|    policy_gradient_loss | -0.00574    |
|    std                  | 0.87        |
|    value_loss           | 7.86        |
-----------------------------------------
Eval num_timesteps=500000, episode_reward=-12.15 +/- 1.54
Episode length: 200.00 +/- 0.00
Success rate: 0.00%
---------------------------------------
| eval/                   |           |
|    mean_ep_length       | 200       |
|    mean_reward          | -12.2     |
|    success_rate         | 0         |
| time/                   |           |
|    total_timesteps      | 500000    |
| train/                  |           |
|    approx_kl            | 0.0101269 |
|    clip_fraction        | 0.125     |
|    clip_range           | 0.2       |
|    entropy_loss         | -7.63     |
|    explained_variance   | 0.904     |
|    learning_rate        | 0.0003    |
|    loss                 | 3.43      |
|    n_updates            | 610       |
|    policy_gradient_loss | -0.00606  |
|    std                  | 0.868     |
|    value_loss           | 7.92      |
---------------------------------------
---------------------------------
| rollout/           |          |
|    ep_len_mean     | 200      |
|    ep_rew_mean     | 13.7     |
|    success_rate    | 0        |
| time/              |          |
|    fps             | 4353     |
|    iterations      | 62       |
|    time_elapsed    | 116      |
|    total_timesteps | 507904   |
---------------------------------
-----------------------------------------
| rollout/                |             |
|    ep_len_mean          | 200         |
|    ep_rew_mean          | 14.4        |
|    success_rate         | 0           |
| time/                   |             |
|    fps                  | 4357        |
|    iterations           | 63          |
|    time_elapsed         | 118         |
|    total_timesteps      | 516096      |
| train/                  |             |
|    approx_kl            | 0.011014204 |
|    clip_fraction        | 0.133       |
|    clip_range           | 0.2         |
|    entropy_loss         | -7.6        |
|    explained_variance   | 0.906       |
|    learning_rate        | 0.0003      |
|    loss                 | 3.2         |
|    n_updates            | 620         |
|    policy_gradient_loss | -0.0047     |
|    std                  | 0.861       |
|    value_loss           | 6.96        |
-----------------------------------------
-----------------------------------------
| rollout/                |             |
|    ep_len_mean          | 200         |
|    ep_rew_mean          | 15.7        |
|    success_rate         | 0           |
| time/                   |             |
|    fps                  | 4361        |
|    iterations           | 64          |
|    time_elapsed         | 120         |
|    total_timesteps      | 524288      |
| train/                  |             |
|    approx_kl            | 0.009510026 |
|    clip_fraction        | 0.135       |
|    clip_range           | 0.2         |
|    entropy_loss         | -7.59       |
|    explained_variance   | 0.906       |
|    learning_rate        | 0.0003      |
|    loss                 | 2.58        |
|    n_updates            | 630         |
|    policy_gradient_loss | -0.00405    |
|    std                  | 0.863       |
|    value_loss           | 6.99        |
-----------------------------------------
Eval num_timesteps=525000, episode_reward=-7.72 +/- 9.60
Episode length: 200.00 +/- 0.00
Success rate: 0.00%
----------------------------------------
| eval/                   |            |
|    mean_ep_length       | 200        |
|    mean_reward          | -7.72      |
|    success_rate         | 0          |
| time/                   |            |
|    total_timesteps      | 525000     |
| train/                  |            |
|    approx_kl            | 0.01238955 |
|    clip_fraction        | 0.135      |
|    clip_range           | 0.2        |
|    entropy_loss         | -7.59      |
|    explained_variance   | 0.886      |
|    learning_rate        | 0.0003     |
|    loss                 | 2.67       |
|    n_updates            | 640        |
|    policy_gradient_loss | -0.00396   |
|    std                  | 0.863      |
|    value_loss           | 7.52       |
----------------------------------------
---------------------------------
| rollout/           |          |
|    ep_len_mean     | 200      |
|    ep_rew_mean     | 11.2     |
|    success_rate    | 0        |
| time/              |          |
|    fps             | 4352     |
|    iterations      | 65       |
|    time_elapsed    | 122      |
|    total_timesteps | 532480   |
---------------------------------
------------------------------------------
| rollout/                |              |
|    ep_len_mean          | 200          |
|    ep_rew_mean          | 9.61         |
|    success_rate         | 0            |
| time/                   |              |
|    fps                  | 4357         |
|    iterations           | 66           |
|    time_elapsed         | 124          |
|    total_timesteps      | 540672       |
| train/                  |              |
|    approx_kl            | 0.0116115175 |
|    clip_fraction        | 0.132        |
|    clip_range           | 0.2          |
|    entropy_loss         | -7.59        |
|    explained_variance   | 0.913        |
|    learning_rate        | 0.0003       |
|    loss                 | 2.96         |
|    n_updates            | 650          |
|    policy_gradient_loss | -0.00447     |
|    std                  | 0.862        |
|    value_loss           | 6.71         |
------------------------------------------
-----------------------------------------
| rollout/                |             |
|    ep_len_mean          | 200         |
|    ep_rew_mean          | 12.6        |
|    success_rate         | 0           |
| time/                   |             |
|    fps                  | 4360        |
|    iterations           | 67          |
|    time_elapsed         | 125         |
|    total_timesteps      | 548864      |
| train/                  |             |
|    approx_kl            | 0.010485896 |
|    clip_fraction        | 0.154       |
|    clip_range           | 0.2         |
|    entropy_loss         | -7.57       |
|    explained_variance   | 0.935       |
|    learning_rate        | 0.0003      |
|    loss                 | 2.25        |
|    n_updates            | 660         |
|    policy_gradient_loss | -0.0051     |
|    std                  | 0.859       |
|    value_loss           | 6.05        |
-----------------------------------------
Eval num_timesteps=550000, episode_reward=25.60 +/- 19.72
Episode length: 200.00 +/- 0.00
Success rate: 0.00%
-----------------------------------------
| eval/                   |             |
|    mean_ep_length       | 200         |
|    mean_reward          | 25.6        |
|    success_rate         | 0           |
| time/                   |             |
|    total_timesteps      | 550000      |
| train/                  |             |
|    approx_kl            | 0.015017528 |
|    clip_fraction        | 0.162       |
|    clip_range           | 0.2         |
|    entropy_loss         | -7.54       |
|    explained_variance   | 0.942       |
|    learning_rate        | 0.0003      |
|    loss                 | 2.56        |
|    n_updates            | 670         |
|    policy_gradient_loss | -0.00506    |
|    std                  | 0.855       |
|    value_loss           | 5.47        |
-----------------------------------------
New best mean reward!
---------------------------------
| rollout/           |          |
|    ep_len_mean     | 200      |
|    ep_rew_mean     | 16.7     |
|    success_rate    | 0        |
| time/              |          |
|    fps             | 4350     |
|    iterations      | 68       |
|    time_elapsed    | 128      |
|    total_timesteps | 557056   |
---------------------------------
------------------------------------------
| rollout/                |              |
|    ep_len_mean          | 200          |
|    ep_rew_mean          | 23.2         |
|    success_rate         | 0            |
| time/                   |              |
|    fps                  | 4354         |
|    iterations           | 69           |
|    time_elapsed         | 129          |
|    total_timesteps      | 565248       |
| train/                  |              |
|    approx_kl            | 0.0136351995 |
|    clip_fraction        | 0.161        |
|    clip_range           | 0.2          |
|    entropy_loss         | -7.51        |
|    explained_variance   | 0.914        |
|    learning_rate        | 0.0003       |
|    loss                 | 3.61         |
|    n_updates            | 680          |
|    policy_gradient_loss | -0.004       |
|    std                  | 0.852        |
|    value_loss           | 7.55         |
------------------------------------------
-----------------------------------------
| rollout/                |             |
|    ep_len_mean          | 200         |
|    ep_rew_mean          | 24.1        |
|    success_rate         | 0           |
| time/                   |             |
|    fps                  | 4357        |
|    iterations           | 70          |
|    time_elapsed         | 131         |
|    total_timesteps      | 573440      |
| train/                  |             |
|    approx_kl            | 0.014545419 |
|    clip_fraction        | 0.175       |
|    clip_range           | 0.2         |
|    entropy_loss         | -7.5        |
|    explained_variance   | 0.939       |
|    learning_rate        | 0.0003      |
|    loss                 | 2.55        |
|    n_updates            | 690         |
|    policy_gradient_loss | -0.00474    |
|    std                  | 0.849       |
|    value_loss           | 6.99        |
-----------------------------------------
Eval num_timesteps=575000, episode_reward=16.43 +/- 27.85
Episode length: 200.00 +/- 0.00
Success rate: 0.00%
-----------------------------------------
| eval/                   |             |
|    mean_ep_length       | 200         |
|    mean_reward          | 16.4        |
|    success_rate         | 0           |
| time/                   |             |
|    total_timesteps      | 575000      |
| train/                  |             |
|    approx_kl            | 0.015179822 |
|    clip_fraction        | 0.157       |
|    clip_range           | 0.2         |
|    entropy_loss         | -7.48       |
|    explained_variance   | 0.929       |
|    learning_rate        | 0.0003      |
|    loss                 | 3.06        |
|    n_updates            | 700         |
|    policy_gradient_loss | -0.00558    |
|    std                  | 0.848       |
|    value_loss           | 7.42        |
-----------------------------------------
---------------------------------
| rollout/           |          |
|    ep_len_mean     | 200      |
|    ep_rew_mean     | 18.9     |
|    success_rate    | 0        |
| time/              |          |
|    fps             | 4349     |
|    iterations      | 71       |
|    time_elapsed    | 133      |
|    total_timesteps | 581632   |
---------------------------------
-----------------------------------------
| rollout/                |             |
|    ep_len_mean          | 200         |
|    ep_rew_mean          | 17.5        |
|    success_rate         | 0           |
| time/                   |             |
|    fps                  | 4353        |
|    iterations           | 72          |
|    time_elapsed         | 135         |
|    total_timesteps      | 589824      |
| train/                  |             |
|    approx_kl            | 0.011719244 |
|    clip_fraction        | 0.137       |
|    clip_range           | 0.2         |
|    entropy_loss         | -7.46       |
|    explained_variance   | 0.893       |
|    learning_rate        | 0.0003      |
|    loss                 | 5.28        |
|    n_updates            | 710         |
|    policy_gradient_loss | -0.00475    |
|    std                  | 0.842       |
|    value_loss           | 10.3        |
-----------------------------------------
-----------------------------------------
| rollout/                |             |
|    ep_len_mean          | 200         |
|    ep_rew_mean          | 17.3        |
|    success_rate         | 0           |
| time/                   |             |
|    fps                  | 4356        |
|    iterations           | 73          |
|    time_elapsed         | 137         |
|    total_timesteps      | 598016      |
| train/                  |             |
|    approx_kl            | 0.013615767 |
|    clip_fraction        | 0.156       |
|    clip_range           | 0.2         |
|    entropy_loss         | -7.43       |
|    explained_variance   | 0.93        |
|    learning_rate        | 0.0003      |
|    loss                 | 3.55        |
|    n_updates            | 720         |
|    policy_gradient_loss | -0.00518    |
|    std                  | 0.84        |
|    value_loss           | 7.67        |
-----------------------------------------
Eval num_timesteps=600000, episode_reward=38.59 +/- 14.17
Episode length: 200.00 +/- 0.00
Success rate: 0.00%
-----------------------------------------
| eval/                   |             |
|    mean_ep_length       | 200         |
|    mean_reward          | 38.6        |
|    success_rate         | 0           |
| time/                   |             |
|    total_timesteps      | 600000      |
| train/                  |             |
|    approx_kl            | 0.012822362 |
|    clip_fraction        | 0.168       |
|    clip_range           | 0.2         |
|    entropy_loss         | -7.4        |
|    explained_variance   | 0.922       |
|    learning_rate        | 0.0003      |
|    loss                 | 2.7         |
|    n_updates            | 730         |
|    policy_gradient_loss | -0.00379    |
|    std                  | 0.835       |
|    value_loss           | 7.77        |
-----------------------------------------
New best mean reward!
---------------------------------
| rollout/           |          |
|    ep_len_mean     | 200      |
|    ep_rew_mean     | 15.6     |
|    success_rate    | 0        |
| time/              |          |
|    fps             | 4345     |
|    iterations      | 74       |
|    time_elapsed    | 139      |
|    total_timesteps | 606208   |
---------------------------------
-----------------------------------------
| rollout/                |             |
|    ep_len_mean          | 200         |
|    ep_rew_mean          | 18.2        |
|    success_rate         | 0           |
| time/                   |             |
|    fps                  | 4349        |
|    iterations           | 75          |
|    time_elapsed         | 141         |
|    total_timesteps      | 614400      |
| train/                  |             |
|    approx_kl            | 0.014994892 |
|    clip_fraction        | 0.171       |
|    clip_range           | 0.2         |
|    entropy_loss         | -7.38       |
|    explained_variance   | 0.934       |
|    learning_rate        | 0.0003      |
|    loss                 | 3.12        |
|    n_updates            | 740         |
|    policy_gradient_loss | -0.00437    |
|    std                  | 0.834       |
|    value_loss           | 7.89        |
-----------------------------------------
----------------------------------------
| rollout/                |            |
|    ep_len_mean          | 200        |
|    ep_rew_mean          | 21.5       |
|    success_rate         | 0          |
| time/                   |            |
|    fps                  | 4350       |
|    iterations           | 76         |
|    time_elapsed         | 143        |
|    total_timesteps      | 622592     |
| train/                  |            |
|    approx_kl            | 0.01167009 |
|    clip_fraction        | 0.171      |
|    clip_range           | 0.2        |
|    entropy_loss         | -7.38      |
|    explained_variance   | 0.934      |
|    learning_rate        | 0.0003     |
|    loss                 | 4.29       |
|    n_updates            | 750        |
|    policy_gradient_loss | -0.00417   |
|    std                  | 0.833      |
|    value_loss           | 9.14       |
----------------------------------------
Eval num_timesteps=625000, episode_reward=9.01 +/- 22.17
Episode length: 200.00 +/- 0.00
Success rate: 0.00%
----------------------------------------
| eval/                   |            |
|    mean_ep_length       | 200        |
|    mean_reward          | 9.01       |
|    success_rate         | 0          |
| time/                   |            |
|    total_timesteps      | 625000     |
| train/                  |            |
|    approx_kl            | 0.01019185 |
|    clip_fraction        | 0.139      |
|    clip_range           | 0.2        |
|    entropy_loss         | -7.37      |
|    explained_variance   | 0.943      |
|    learning_rate        | 0.0003     |
|    loss                 | 3.75       |
|    n_updates            | 760        |
|    policy_gradient_loss | -0.0028    |
|    std                  | 0.833      |
|    value_loss           | 7.09       |
----------------------------------------
---------------------------------
| rollout/           |          |
|    ep_len_mean     | 200      |
|    ep_rew_mean     | 24.5     |
|    success_rate    | 0        |
| time/              |          |
|    fps             | 4343     |
|    iterations      | 77       |
|    time_elapsed    | 145      |
|    total_timesteps | 630784   |
---------------------------------
-----------------------------------------
| rollout/                |             |
|    ep_len_mean          | 200         |
|    ep_rew_mean          | 26.6        |
|    success_rate         | 0           |
| time/                   |             |
|    fps                  | 4346        |
|    iterations           | 78          |
|    time_elapsed         | 147         |
|    total_timesteps      | 638976      |
| train/                  |             |
|    approx_kl            | 0.012242792 |
|    clip_fraction        | 0.185       |
|    clip_range           | 0.2         |
|    entropy_loss         | -7.35       |
|    explained_variance   | 0.948       |
|    learning_rate        | 0.0003      |
|    loss                 | 3.46        |
|    n_updates            | 770         |
|    policy_gradient_loss | -0.00388    |
|    std                  | 0.829       |
|    value_loss           | 7.37        |
-----------------------------------------
-----------------------------------------
| rollout/                |             |
|    ep_len_mean          | 200         |
|    ep_rew_mean          | 26          |
|    success_rate         | 0           |
| time/                   |             |
|    fps                  | 4348        |
|    iterations           | 79          |
|    time_elapsed         | 148         |
|    total_timesteps      | 647168      |
| train/                  |             |
|    approx_kl            | 0.013599101 |
|    clip_fraction        | 0.151       |
|    clip_range           | 0.2         |
|    entropy_loss         | -7.33       |
|    explained_variance   | 0.938       |
|    learning_rate        | 0.0003      |
|    loss                 | 3.49        |
|    n_updates            | 780         |
|    policy_gradient_loss | -0.00596    |
|    std                  | 0.828       |
|    value_loss           | 8.52        |
-----------------------------------------
Eval num_timesteps=650000, episode_reward=1.67 +/- 2.32
Episode length: 200.00 +/- 0.00
Success rate: 0.00%
-----------------------------------------
| eval/                   |             |
|    mean_ep_length       | 200         |
|    mean_reward          | 1.67        |
|    success_rate         | 0           |
| time/                   |             |
|    total_timesteps      | 650000      |
| train/                  |             |
|    approx_kl            | 0.015293829 |
|    clip_fraction        | 0.174       |
|    clip_range           | 0.2         |
|    entropy_loss         | -7.32       |
|    explained_variance   | 0.943       |
|    learning_rate        | 0.0003      |
|    loss                 | 2.94        |
|    n_updates            | 790         |
|    policy_gradient_loss | -0.000507   |
|    std                  | 0.826       |
|    value_loss           | 7.48        |
-----------------------------------------
---------------------------------
| rollout/           |          |
|    ep_len_mean     | 200      |
|    ep_rew_mean     | 28.2     |
|    success_rate    | 0        |
| time/              |          |
|    fps             | 4339     |
|    iterations      | 80       |
|    time_elapsed    | 151      |
|    total_timesteps | 655360   |
---------------------------------
-----------------------------------------
| rollout/                |             |
|    ep_len_mean          | 200         |
|    ep_rew_mean          | 26          |
|    success_rate         | 0           |
| time/                   |             |
|    fps                  | 4341        |
|    iterations           | 81          |
|    time_elapsed         | 152         |
|    total_timesteps      | 663552      |
| train/                  |             |
|    approx_kl            | 0.013996378 |
|    clip_fraction        | 0.161       |
|    clip_range           | 0.2         |
|    entropy_loss         | -7.29       |
|    explained_variance   | 0.939       |
|    learning_rate        | 0.0003      |
|    loss                 | 3.09        |
|    n_updates            | 800         |
|    policy_gradient_loss | -0.0041     |
|    std                  | 0.821       |
|    value_loss           | 9.09        |
-----------------------------------------
-----------------------------------------
| rollout/                |             |
|    ep_len_mean          | 200         |
|    ep_rew_mean          | 25.9        |
|    success_rate         | 0           |
| time/                   |             |
|    fps                  | 4344        |
|    iterations           | 82          |
|    time_elapsed         | 154         |
|    total_timesteps      | 671744      |
| train/                  |             |
|    approx_kl            | 0.014775731 |
|    clip_fraction        | 0.175       |
|    clip_range           | 0.2         |
|    entropy_loss         | -7.26       |
|    explained_variance   | 0.951       |
|    learning_rate        | 0.0003      |
|    loss                 | 2.57        |
|    n_updates            | 810         |
|    policy_gradient_loss | -0.00405    |
|    std                  | 0.817       |
|    value_loss           | 7.1         |
-----------------------------------------
Eval num_timesteps=675000, episode_reward=-4.69 +/- 6.72
Episode length: 200.00 +/- 0.00
Success rate: 0.00%
-----------------------------------------
| eval/                   |             |
|    mean_ep_length       | 200         |
|    mean_reward          | -4.69       |
|    success_rate         | 0           |
| time/                   |             |
|    total_timesteps      | 675000      |
| train/                  |             |
|    approx_kl            | 0.018991249 |
|    clip_fraction        | 0.213       |
|    clip_range           | 0.2         |
|    entropy_loss         | -7.24       |
|    explained_variance   | 0.954       |
|    learning_rate        | 0.0003      |
|    loss                 | 3.19        |
|    n_updates            | 820         |
|    policy_gradient_loss | -0.00473    |
|    std                  | 0.817       |
|    value_loss           | 7.24        |
-----------------------------------------
---------------------------------
| rollout/           |          |
|    ep_len_mean     | 200      |
|    ep_rew_mean     | 25.8     |
|    success_rate    | 0        |
| time/              |          |
|    fps             | 4335     |
|    iterations      | 83       |
|    time_elapsed    | 156      |
|    total_timesteps | 679936   |
---------------------------------
-----------------------------------------
| rollout/                |             |
|    ep_len_mean          | 200         |
|    ep_rew_mean          | 27.5        |
|    success_rate         | 0           |
| time/                   |             |
|    fps                  | 4336        |
|    iterations           | 84          |
|    time_elapsed         | 158         |
|    total_timesteps      | 688128      |
| train/                  |             |
|    approx_kl            | 0.013739837 |
|    clip_fraction        | 0.166       |
|    clip_range           | 0.2         |
|    entropy_loss         | -7.21       |
|    explained_variance   | 0.952       |
|    learning_rate        | 0.0003      |
|    loss                 | 2.61        |
|    n_updates            | 830         |
|    policy_gradient_loss | -0.00466    |
|    std                  | 0.81        |
|    value_loss           | 7.31        |
-----------------------------------------
---------------------------------------
| rollout/                |           |
|    ep_len_mean          | 200       |
|    ep_rew_mean          | 31.5      |
|    success_rate         | 0         |
| time/                   |           |
|    fps                  | 4337      |
|    iterations           | 85        |
|    time_elapsed         | 160       |
|    total_timesteps      | 696320    |
| train/                  |           |
|    approx_kl            | 0.0181266 |
|    clip_fraction        | 0.176     |
|    clip_range           | 0.2       |
|    entropy_loss         | -7.18     |
|    explained_variance   | 0.962     |
|    learning_rate        | 0.0003    |
|    loss                 | 1.96      |
|    n_updates            | 840       |
|    policy_gradient_loss | -0.00114  |
|    std                  | 0.808     |
|    value_loss           | 6.42      |
---------------------------------------
Eval num_timesteps=700000, episode_reward=39.30 +/- 6.80
Episode length: 200.00 +/- 0.00
Success rate: 0.00%
-----------------------------------------
| eval/                   |             |
|    mean_ep_length       | 200         |
|    mean_reward          | 39.3        |
|    success_rate         | 0           |
| time/                   |             |
|    total_timesteps      | 700000      |
| train/                  |             |
|    approx_kl            | 0.013056701 |
|    clip_fraction        | 0.187       |
|    clip_range           | 0.2         |
|    entropy_loss         | -7.16       |
|    explained_variance   | 0.947       |
|    learning_rate        | 0.0003      |
|    loss                 | 2.58        |
|    n_updates            | 850         |
|    policy_gradient_loss | -0.000432   |
|    std                  | 0.804       |
|    value_loss           | 6.84        |
-----------------------------------------
New best mean reward!
---------------------------------
| rollout/           |          |
|    ep_len_mean     | 200      |
|    ep_rew_mean     | 33.5     |
|    success_rate    | 0        |
| time/              |          |
|    fps             | 4328     |
|    iterations      | 86       |
|    time_elapsed    | 162      |
|    total_timesteps | 704512   |
---------------------------------
-----------------------------------------
| rollout/                |             |
|    ep_len_mean          | 200         |
|    ep_rew_mean          | 33.6        |
|    success_rate         | 0           |
| time/                   |             |
|    fps                  | 4329        |
|    iterations           | 87          |
|    time_elapsed         | 164         |
|    total_timesteps      | 712704      |
| train/                  |             |
|    approx_kl            | 0.019218564 |
|    clip_fraction        | 0.193       |
|    clip_range           | 0.2         |
|    entropy_loss         | -7.14       |
|    explained_variance   | 0.946       |
|    learning_rate        | 0.0003      |
|    loss                 | 2.59        |
|    n_updates            | 860         |
|    policy_gradient_loss | -0.00199    |
|    std                  | 0.804       |
|    value_loss           | 6.7         |
-----------------------------------------
-----------------------------------------
| rollout/                |             |
|    ep_len_mean          | 200         |
|    ep_rew_mean          | 33.5        |
|    success_rate         | 0           |
| time/                   |             |
|    fps                  | 4331        |
|    iterations           | 88          |
|    time_elapsed         | 166         |
|    total_timesteps      | 720896      |
| train/                  |             |
|    approx_kl            | 0.014974232 |
|    clip_fraction        | 0.18        |
|    clip_range           | 0.2         |
|    entropy_loss         | -7.14       |
|    explained_variance   | 0.945       |
|    learning_rate        | 0.0003      |
|    loss                 | 3.1         |
|    n_updates            | 870         |
|    policy_gradient_loss | -0.00417    |
|    std                  | 0.805       |
|    value_loss           | 7.77        |
-----------------------------------------
Eval num_timesteps=725000, episode_reward=26.89 +/- 6.98
Episode length: 200.00 +/- 0.00
Success rate: 0.00%
-----------------------------------------
| eval/                   |             |
|    mean_ep_length       | 200         |
|    mean_reward          | 26.9        |
|    success_rate         | 0           |
| time/                   |             |
|    total_timesteps      | 725000      |
| train/                  |             |
|    approx_kl            | 0.014152681 |
|    clip_fraction        | 0.175       |
|    clip_range           | 0.2         |
|    entropy_loss         | -7.13       |
|    explained_variance   | 0.958       |
|    learning_rate        | 0.0003      |
|    loss                 | 1.95        |
|    n_updates            | 880         |
|    policy_gradient_loss | -0.00364    |
|    std                  | 0.803       |
|    value_loss           | 5.85        |
-----------------------------------------
---------------------------------
| rollout/           |          |
|    ep_len_mean     | 200      |
|    ep_rew_mean     | 35.4     |
|    success_rate    | 0        |
| time/              |          |
|    fps             | 4323     |
|    iterations      | 89       |
|    time_elapsed    | 168      |
|    total_timesteps | 729088   |
---------------------------------
-----------------------------------------
| rollout/                |             |
|    ep_len_mean          | 200         |
|    ep_rew_mean          | 39.7        |
|    success_rate         | 0           |
| time/                   |             |
|    fps                  | 4324        |
|    iterations           | 90          |
|    time_elapsed         | 170         |
|    total_timesteps      | 737280      |
| train/                  |             |
|    approx_kl            | 0.018173411 |
|    clip_fraction        | 0.237       |
|    clip_range           | 0.2         |
|    entropy_loss         | -7.09       |
|    explained_variance   | 0.959       |
|    learning_rate        | 0.0003      |
|    loss                 | 1.7         |
|    n_updates            | 890         |
|    policy_gradient_loss | -0.00196    |
|    std                  | 0.794       |
|    value_loss           | 6.16        |
-----------------------------------------
----------------------------------------
| rollout/                |            |
|    ep_len_mean          | 200        |
|    ep_rew_mean          | 41         |
|    success_rate         | 0          |
| time/                   |            |
|    fps                  | 4325       |
|    iterations           | 91         |
|    time_elapsed         | 172        |
|    total_timesteps      | 745472     |
| train/                  |            |
|    approx_kl            | 0.01725623 |
|    clip_fraction        | 0.191      |
|    clip_range           | 0.2        |
|    entropy_loss         | -7.06      |
|    explained_variance   | 0.954      |
|    learning_rate        | 0.0003     |
|    loss                 | 2.21       |
|    n_updates            | 900        |
|    policy_gradient_loss | -0.00182   |
|    std                  | 0.795      |
|    value_loss           | 4.56       |
----------------------------------------
Eval num_timesteps=750000, episode_reward=17.86 +/- 20.89
Episode length: 200.00 +/- 0.00
Success rate: 0.00%
-----------------------------------------
| eval/                   |             |
|    mean_ep_length       | 200         |
|    mean_reward          | 17.9        |
|    success_rate         | 0           |
| time/                   |             |
|    total_timesteps      | 750000      |
| train/                  |             |
|    approx_kl            | 0.018123247 |
|    clip_fraction        | 0.202       |
|    clip_range           | 0.2         |
|    entropy_loss         | -7.07       |
|    explained_variance   | 0.932       |
|    learning_rate        | 0.0003      |
|    loss                 | 2.73        |
|    n_updates            | 910         |
|    policy_gradient_loss | -0.00297    |
|    std                  | 0.796       |
|    value_loss           | 6.39        |
-----------------------------------------
---------------------------------
| rollout/           |          |
|    ep_len_mean     | 200      |
|    ep_rew_mean     | 40.8     |
|    success_rate    | 0        |
| time/              |          |
|    fps             | 4317     |
|    iterations      | 92       |
|    time_elapsed    | 174      |
|    total_timesteps | 753664   |
---------------------------------
---------------------------------------
| rollout/                |           |
|    ep_len_mean          | 200       |
|    ep_rew_mean          | 37.5      |
|    success_rate         | 0         |
| time/                   |           |
|    fps                  | 4319      |
|    iterations           | 93        |
|    time_elapsed         | 176       |
|    total_timesteps      | 761856    |
| train/                  |           |
|    approx_kl            | 0.0139833 |
|    clip_fraction        | 0.18      |
|    clip_range           | 0.2       |
|    entropy_loss         | -7.08     |
|    explained_variance   | 0.924     |
|    learning_rate        | 0.0003    |
|    loss                 | 2.59      |
|    n_updates            | 920       |
|    policy_gradient_loss | -0.00473  |
|    std                  | 0.797     |
|    value_loss           | 6.77      |
---------------------------------------
-----------------------------------------
| rollout/                |             |
|    ep_len_mean          | 200         |
|    ep_rew_mean          | 29.4        |
|    success_rate         | 0           |
| time/                   |             |
|    fps                  | 4321        |
|    iterations           | 94          |
|    time_elapsed         | 178         |
|    total_timesteps      | 770048      |
| train/                  |             |
|    approx_kl            | 0.014443089 |
|    clip_fraction        | 0.199       |
|    clip_range           | 0.2         |
|    entropy_loss         | -7.07       |
|    explained_variance   | 0.947       |
|    learning_rate        | 0.0003      |
|    loss                 | 2.25        |
|    n_updates            | 930         |
|    policy_gradient_loss | -0.00335    |
|    std                  | 0.796       |
|    value_loss           | 5.8         |
-----------------------------------------
Eval num_timesteps=775000, episode_reward=-7.34 +/- 7.87
Episode length: 200.00 +/- 0.00
Success rate: 0.00%
-----------------------------------------
| eval/                   |             |
|    mean_ep_length       | 200         |
|    mean_reward          | -7.34       |
|    success_rate         | 0           |
| time/                   |             |
|    total_timesteps      | 775000      |
| train/                  |             |
|    approx_kl            | 0.011362148 |
|    clip_fraction        | 0.145       |
|    clip_range           | 0.2         |
|    entropy_loss         | -7.08       |
|    explained_variance   | 0.934       |
|    learning_rate        | 0.0003      |
|    loss                 | 2.3         |
|    n_updates            | 940         |
|    policy_gradient_loss | -0.0046     |
|    std                  | 0.795       |
|    value_loss           | 5.41        |
-----------------------------------------
---------------------------------
| rollout/           |          |
|    ep_len_mean     | 200      |
|    ep_rew_mean     | 31.1     |
|    success_rate    | 0        |
| time/              |          |
|    fps             | 4314     |
|    iterations      | 95       |
|    time_elapsed    | 180      |
|    total_timesteps | 778240   |
---------------------------------
-----------------------------------------
| rollout/                |             |
|    ep_len_mean          | 200         |
|    ep_rew_mean          | 30.7        |
|    success_rate         | 0           |
| time/                   |             |
|    fps                  | 4316        |
|    iterations           | 96          |
|    time_elapsed         | 182         |
|    total_timesteps      | 786432      |
| train/                  |             |
|    approx_kl            | 0.017381264 |
|    clip_fraction        | 0.194       |
|    clip_range           | 0.2         |
|    entropy_loss         | -7.07       |
|    explained_variance   | 0.946       |
|    learning_rate        | 0.0003      |
|    loss                 | 1.77        |
|    n_updates            | 950         |
|    policy_gradient_loss | -0.00445    |
|    std                  | 0.794       |
|    value_loss           | 4.41        |
-----------------------------------------
------------------------------------------
| rollout/                |              |
|    ep_len_mean          | 200          |
|    ep_rew_mean          | 36.8         |
|    success_rate         | 0            |
| time/                   |              |
|    fps                  | 4320         |
|    iterations           | 97           |
|    time_elapsed         | 183          |
|    total_timesteps      | 794624       |
| train/                  |              |
|    approx_kl            | 0.0122091565 |
|    clip_fraction        | 0.178        |
|    clip_range           | 0.2          |
|    entropy_loss         | -7.05        |
|    explained_variance   | 0.954        |
|    learning_rate        | 0.0003       |
|    loss                 | 2.59         |
|    n_updates            | 960          |
|    policy_gradient_loss | -0.00594     |
|    std                  | 0.791        |
|    value_loss           | 5.59         |
------------------------------------------
Eval num_timesteps=800000, episode_reward=-8.82 +/- 8.39
Episode length: 200.00 +/- 0.00
Success rate: 0.00%
-----------------------------------------
| eval/                   |             |
|    mean_ep_length       | 200         |
|    mean_reward          | -8.82       |
|    success_rate         | 0           |
| time/                   |             |
|    total_timesteps      | 800000      |
| train/                  |             |
|    approx_kl            | 0.021774916 |
|    clip_fraction        | 0.215       |
|    clip_range           | 0.2         |
|    entropy_loss         | -7.03       |
|    explained_variance   | 0.958       |
|    learning_rate        | 0.0003      |
|    loss                 | 1.76        |
|    n_updates            | 970         |
|    policy_gradient_loss | -0.00163    |
|    std                  | 0.79        |
|    value_loss           | 4.48        |
-----------------------------------------
---------------------------------
| rollout/           |          |
|    ep_len_mean     | 200      |
|    ep_rew_mean     | 33.8     |
|    success_rate    | 0        |
| time/              |          |
|    fps             | 4314     |
|    iterations      | 98       |
|    time_elapsed    | 186      |
|    total_timesteps | 802816   |
---------------------------------
-----------------------------------------
| rollout/                |             |
|    ep_len_mean          | 200         |
|    ep_rew_mean          | 33          |
|    success_rate         | 0           |
| time/                   |             |
|    fps                  | 4317        |
|    iterations           | 99          |
|    time_elapsed         | 187         |
|    total_timesteps      | 811008      |
| train/                  |             |
|    approx_kl            | 0.012585221 |
|    clip_fraction        | 0.165       |
|    clip_range           | 0.2         |
|    entropy_loss         | -7.05       |
|    explained_variance   | 0.948       |
|    learning_rate        | 0.0003      |
|    loss                 | 2.23        |
|    n_updates            | 980         |
|    policy_gradient_loss | -0.00752    |
|    std                  | 0.794       |
|    value_loss           | 5.35        |
-----------------------------------------
------------------------------------------
| rollout/                |              |
|    ep_len_mean          | 200          |
|    ep_rew_mean          | 32.2         |
|    success_rate         | 0            |
| time/                   |              |
|    fps                  | 4319         |
|    iterations           | 100          |
|    time_elapsed         | 189          |
|    total_timesteps      | 819200       |
| train/                  |              |
|    approx_kl            | 0.0143992435 |
|    clip_fraction        | 0.176        |
|    clip_range           | 0.2          |
|    entropy_loss         | -7.07        |
|    explained_variance   | 0.947        |
|    learning_rate        | 0.0003       |
|    loss                 | 2.21         |
|    n_updates            | 990          |
|    policy_gradient_loss | -0.00594     |
|    std                  | 0.798        |
|    value_loss           | 5.64         |
------------------------------------------
Eval num_timesteps=825000, episode_reward=-6.18 +/- 4.84
Episode length: 200.00 +/- 0.00
Success rate: 0.00%
-----------------------------------------
| eval/                   |             |
|    mean_ep_length       | 200         |
|    mean_reward          | -6.18       |
|    success_rate         | 0           |
| time/                   |             |
|    total_timesteps      | 825000      |
| train/                  |             |
|    approx_kl            | 0.015571136 |
|    clip_fraction        | 0.205       |
|    clip_range           | 0.2         |
|    entropy_loss         | -7.07       |
|    explained_variance   | 0.941       |
|    learning_rate        | 0.0003      |
|    loss                 | 2.08        |
|    n_updates            | 1000        |
|    policy_gradient_loss | -0.00344    |
|    std                  | 0.795       |
|    value_loss           | 6.17        |
-----------------------------------------
---------------------------------
| rollout/           |          |
|    ep_len_mean     | 200      |
|    ep_rew_mean     | 36.7     |
|    success_rate    | 0        |
| time/              |          |
|    fps             | 4312     |
|    iterations      | 101      |
|    time_elapsed    | 191      |
|    total_timesteps | 827392   |
---------------------------------
-----------------------------------------
| rollout/                |             |
|    ep_len_mean          | 200         |
|    ep_rew_mean          | 40          |
|    success_rate         | 0           |
| time/                   |             |
|    fps                  | 4313        |
|    iterations           | 102         |
|    time_elapsed         | 193         |
|    total_timesteps      | 835584      |
| train/                  |             |
|    approx_kl            | 0.020250658 |
|    clip_fraction        | 0.199       |
|    clip_range           | 0.2         |
|    entropy_loss         | -7.07       |
|    explained_variance   | 0.95        |
|    learning_rate        | 0.0003      |
|    loss                 | 1.79        |
|    n_updates            | 1010        |
|    policy_gradient_loss | -0.00216    |
|    std                  | 0.796       |
|    value_loss           | 4.92        |
-----------------------------------------
-----------------------------------------
| rollout/                |             |
|    ep_len_mean          | 200         |
|    ep_rew_mean          | 42.2        |
|    success_rate         | 0           |
| time/                   |             |
|    fps                  | 4315        |
|    iterations           | 103         |
|    time_elapsed         | 195         |
|    total_timesteps      | 843776      |
| train/                  |             |
|    approx_kl            | 0.015088486 |
|    clip_fraction        | 0.209       |
|    clip_range           | 0.2         |
|    entropy_loss         | -7.03       |
|    explained_variance   | 0.945       |
|    learning_rate        | 0.0003      |
|    loss                 | 1.43        |
|    n_updates            | 1020        |
|    policy_gradient_loss | -0.00561    |
|    std                  | 0.791       |
|    value_loss           | 4.38        |
-----------------------------------------
Eval num_timesteps=850000, episode_reward=39.84 +/- 20.48
Episode length: 200.00 +/- 0.00
Success rate: 0.00%
----------------------------------------
| eval/                   |            |
|    mean_ep_length       | 200        |
|    mean_reward          | 39.8       |
|    success_rate         | 0          |
| time/                   |            |
|    total_timesteps      | 850000     |
| train/                  |            |
|    approx_kl            | 0.02159637 |
|    clip_fraction        | 0.231      |
|    clip_range           | 0.2        |
|    entropy_loss         | -7.01      |
|    explained_variance   | 0.961      |
|    learning_rate        | 0.0003     |
|    loss                 | 1.39       |
|    n_updates            | 1030       |
|    policy_gradient_loss | -0.00187   |
|    std                  | 0.789      |
|    value_loss           | 3.1        |
----------------------------------------
New best mean reward!
---------------------------------
| rollout/           |          |
|    ep_len_mean     | 200      |
|    ep_rew_mean     | 43.6     |
|    success_rate    | 0        |
| time/              |          |
|    fps             | 4308     |
|    iterations      | 104      |
|    time_elapsed    | 197      |
|    total_timesteps | 851968   |
---------------------------------
-----------------------------------------
| rollout/                |             |
|    ep_len_mean          | 200         |
|    ep_rew_mean          | 44.2        |
|    success_rate         | 0           |
| time/                   |             |
|    fps                  | 4310        |
|    iterations           | 105         |
|    time_elapsed         | 199         |
|    total_timesteps      | 860160      |
| train/                  |             |
|    approx_kl            | 0.015339339 |
|    clip_fraction        | 0.227       |
|    clip_range           | 0.2         |
|    entropy_loss         | -7          |
|    explained_variance   | 0.952       |
|    learning_rate        | 0.0003      |
|    loss                 | 0.813       |
|    n_updates            | 1040        |
|    policy_gradient_loss | -0.00312    |
|    std                  | 0.789       |
|    value_loss           | 3.48        |
-----------------------------------------
-----------------------------------------
| rollout/                |             |
|    ep_len_mean          | 200         |
|    ep_rew_mean          | 41.4        |
|    success_rate         | 0           |
| time/                   |             |
|    fps                  | 4311        |
|    iterations           | 106         |
|    time_elapsed         | 201         |
|    total_timesteps      | 868352      |
| train/                  |             |
|    approx_kl            | 0.011525376 |
|    clip_fraction        | 0.177       |
|    clip_range           | 0.2         |
|    entropy_loss         | -7.02       |
|    explained_variance   | 0.943       |
|    learning_rate        | 0.0003      |
|    loss                 | 2.05        |
|    n_updates            | 1050        |
|    policy_gradient_loss | -0.00425    |
|    std                  | 0.792       |
|    value_loss           | 5.89        |
-----------------------------------------
Eval num_timesteps=875000, episode_reward=5.43 +/- 19.06
Episode length: 200.00 +/- 0.00
Success rate: 0.00%
-----------------------------------------
| eval/                   |             |
|    mean_ep_length       | 200         |
|    mean_reward          | 5.43        |
|    success_rate         | 0           |
| time/                   |             |
|    total_timesteps      | 875000      |
| train/                  |             |
|    approx_kl            | 0.015082523 |
|    clip_fraction        | 0.199       |
|    clip_range           | 0.2         |
|    entropy_loss         | -7.02       |
|    explained_variance   | 0.963       |
|    learning_rate        | 0.0003      |
|    loss                 | 1.94        |
|    n_updates            | 1060        |
|    policy_gradient_loss | -0.00364    |
|    std                  | 0.791       |
|    value_loss           | 3.82        |
-----------------------------------------
---------------------------------
| rollout/           |          |
|    ep_len_mean     | 200      |
|    ep_rew_mean     | 42.3     |
|    success_rate    | 0        |
| time/              |          |
|    fps             | 4304     |
|    iterations      | 107      |
|    time_elapsed    | 203      |
|    total_timesteps | 876544   |
---------------------------------
-----------------------------------------
| rollout/                |             |
|    ep_len_mean          | 200         |
|    ep_rew_mean          | 45          |
|    success_rate         | 0           |
| time/                   |             |
|    fps                  | 4305        |
|    iterations           | 108         |
|    time_elapsed         | 205         |
|    total_timesteps      | 884736      |
| train/                  |             |
|    approx_kl            | 0.016116131 |
|    clip_fraction        | 0.206       |
|    clip_range           | 0.2         |
|    entropy_loss         | -7.01       |
|    explained_variance   | 0.952       |
|    learning_rate        | 0.0003      |
|    loss                 | 1.38        |
|    n_updates            | 1070        |
|    policy_gradient_loss | -0.00721    |
|    std                  | 0.789       |
|    value_loss           | 3.97        |
-----------------------------------------
----------------------------------------
| rollout/                |            |
|    ep_len_mean          | 200        |
|    ep_rew_mean          | 44.8       |
|    success_rate         | 0          |
| time/                   |            |
|    fps                  | 4306       |
|    iterations           | 109        |
|    time_elapsed         | 207        |
|    total_timesteps      | 892928     |
| train/                  |            |
|    approx_kl            | 0.01796212 |
|    clip_fraction        | 0.233      |
|    clip_range           | 0.2        |
|    entropy_loss         | -7         |
|    explained_variance   | 0.956      |
|    learning_rate        | 0.0003     |
|    loss                 | 1.36       |
|    n_updates            | 1080       |
|    policy_gradient_loss | -0.0045    |
|    std                  | 0.789      |
|    value_loss           | 4.13       |
----------------------------------------
Eval num_timesteps=900000, episode_reward=-3.66 +/- 1.63
Episode length: 200.00 +/- 0.00
Success rate: 0.00%
-----------------------------------------
| eval/                   |             |
|    mean_ep_length       | 200         |
|    mean_reward          | -3.66       |
|    success_rate         | 0           |
| time/                   |             |
|    total_timesteps      | 900000      |
| train/                  |             |
|    approx_kl            | 0.019951265 |
|    clip_fraction        | 0.236       |
|    clip_range           | 0.2         |
|    entropy_loss         | -6.99       |
|    explained_variance   | 0.954       |
|    learning_rate        | 0.0003      |
|    loss                 | 1.23        |
|    n_updates            | 1090        |
|    policy_gradient_loss | -0.00276    |
|    std                  | 0.787       |
|    value_loss           | 3.46        |
-----------------------------------------
---------------------------------
| rollout/           |          |
|    ep_len_mean     | 200      |
|    ep_rew_mean     | 48.3     |
|    success_rate    | 0        |
| time/              |          |
|    fps             | 4300     |
|    iterations      | 110      |
|    time_elapsed    | 209      |
|    total_timesteps | 901120   |
---------------------------------
-----------------------------------------
| rollout/                |             |
|    ep_len_mean          | 200         |
|    ep_rew_mean          | 47.2        |
|    success_rate         | 0           |
| time/                   |             |
|    fps                  | 4302        |
|    iterations           | 111         |
|    time_elapsed         | 211         |
|    total_timesteps      | 909312      |
| train/                  |             |
|    approx_kl            | 0.029741364 |
|    clip_fraction        | 0.243       |
|    clip_range           | 0.2         |
|    entropy_loss         | -6.99       |
|    explained_variance   | 0.965       |
|    learning_rate        | 0.0003      |
|    loss                 | 1.57        |
|    n_updates            | 1100        |
|    policy_gradient_loss | 0.00253     |
|    std                  | 0.788       |
|    value_loss           | 2.75        |
-----------------------------------------
-----------------------------------------
| rollout/                |             |
|    ep_len_mean          | 200         |
|    ep_rew_mean          | 47          |
|    success_rate         | 0           |
| time/                   |             |
|    fps                  | 4304        |
|    iterations           | 112         |
|    time_elapsed         | 213         |
|    total_timesteps      | 917504      |
| train/                  |             |
|    approx_kl            | 0.015759364 |
|    clip_fraction        | 0.197       |
|    clip_range           | 0.2         |
|    entropy_loss         | -6.99       |
|    explained_variance   | 0.934       |
|    learning_rate        | 0.0003      |
|    loss                 | 1.52        |
|    n_updates            | 1110        |
|    policy_gradient_loss | -0.00336    |
|    std                  | 0.789       |
|    value_loss           | 4.75        |
-----------------------------------------
Eval num_timesteps=925000, episode_reward=-2.95 +/- 3.08
Episode length: 200.00 +/- 0.00
Success rate: 0.00%
-----------------------------------------
| eval/                   |             |
|    mean_ep_length       | 200         |
|    mean_reward          | -2.95       |
|    success_rate         | 0           |
| time/                   |             |
|    total_timesteps      | 925000      |
| train/                  |             |
|    approx_kl            | 0.017098792 |
|    clip_fraction        | 0.187       |
|    clip_range           | 0.2         |
|    entropy_loss         | -7          |
|    explained_variance   | 0.939       |
|    learning_rate        | 0.0003      |
|    loss                 | 1.83        |
|    n_updates            | 1120        |
|    policy_gradient_loss | -0.00698    |
|    std                  | 0.791       |
|    value_loss           | 4.43        |
-----------------------------------------
---------------------------------
| rollout/           |          |
|    ep_len_mean     | 200      |
|    ep_rew_mean     | 45.6     |
|    success_rate    | 0        |
| time/              |          |
|    fps             | 4300     |
|    iterations      | 113      |
|    time_elapsed    | 215      |
|    total_timesteps | 925696   |
---------------------------------
----------------------------------------
| rollout/                |            |
|    ep_len_mean          | 200        |
|    ep_rew_mean          | 43.8       |
|    success_rate         | 0          |
| time/                   |            |
|    fps                  | 4302       |
|    iterations           | 114        |
|    time_elapsed         | 217        |
|    total_timesteps      | 933888     |
| train/                  |            |
|    approx_kl            | 0.01648277 |
|    clip_fraction        | 0.207      |
|    clip_range           | 0.2        |
|    entropy_loss         | -7.03      |
|    explained_variance   | 0.929      |
|    learning_rate        | 0.0003     |
|    loss                 | 1.9        |
|    n_updates            | 1130       |
|    policy_gradient_loss | -0.00572   |
|    std                  | 0.795      |
|    value_loss           | 5.73       |
----------------------------------------
-----------------------------------------
| rollout/                |             |
|    ep_len_mean          | 200         |
|    ep_rew_mean          | 44.7        |
|    success_rate         | 0           |
| time/                   |             |
|    fps                  | 4304        |
|    iterations           | 115         |
|    time_elapsed         | 218         |
|    total_timesteps      | 942080      |
| train/                  |             |
|    approx_kl            | 0.018834613 |
|    clip_fraction        | 0.231       |
|    clip_range           | 0.2         |
|    entropy_loss         | -7.04       |
|    explained_variance   | 0.951       |
|    learning_rate        | 0.0003      |
|    loss                 | 1.3         |
|    n_updates            | 1140        |
|    policy_gradient_loss | -0.00425    |
|    std                  | 0.793       |
|    value_loss           | 3.59        |
-----------------------------------------
Eval num_timesteps=950000, episode_reward=18.25 +/- 15.64
Episode length: 200.00 +/- 0.00
Success rate: 0.00%
-----------------------------------------
| eval/                   |             |
|    mean_ep_length       | 200         |
|    mean_reward          | 18.3        |
|    success_rate         | 0           |
| time/                   |             |
|    total_timesteps      | 950000      |
| train/                  |             |
|    approx_kl            | 0.013499904 |
|    clip_fraction        | 0.191       |
|    clip_range           | 0.2         |
|    entropy_loss         | -7.06       |
|    explained_variance   | 0.947       |
|    learning_rate        | 0.0003      |
|    loss                 | 2.2         |
|    n_updates            | 1150        |
|    policy_gradient_loss | -0.00727    |
|    std                  | 0.799       |
|    value_loss           | 4.47        |
-----------------------------------------
---------------------------------
| rollout/           |          |
|    ep_len_mean     | 200      |
|    ep_rew_mean     | 43.1     |
|    success_rate    | 0        |
| time/              |          |
|    fps             | 4297     |
|    iterations      | 116      |
|    time_elapsed    | 221      |
|    total_timesteps | 950272   |
---------------------------------
-----------------------------------------
| rollout/                |             |
|    ep_len_mean          | 200         |
|    ep_rew_mean          | 46.7        |
|    success_rate         | 0           |
| time/                   |             |
|    fps                  | 4299        |
|    iterations           | 117         |
|    time_elapsed         | 222         |
|    total_timesteps      | 958464      |
| train/                  |             |
|    approx_kl            | 0.012860793 |
|    clip_fraction        | 0.174       |
|    clip_range           | 0.2         |
|    entropy_loss         | -7.08       |
|    explained_variance   | 0.948       |
|    learning_rate        | 0.0003      |
|    loss                 | 2.23        |
|    n_updates            | 1160        |
|    policy_gradient_loss | -0.00631    |
|    std                  | 0.8         |
|    value_loss           | 5.72        |
-----------------------------------------
-----------------------------------------
| rollout/                |             |
|    ep_len_mean          | 200         |
|    ep_rew_mean          | 49.6        |
|    success_rate         | 0           |
| time/                   |             |
|    fps                  | 4301        |
|    iterations           | 118         |
|    time_elapsed         | 224         |
|    total_timesteps      | 966656      |
| train/                  |             |
|    approx_kl            | 0.017073795 |
|    clip_fraction        | 0.215       |
|    clip_range           | 0.2         |
|    entropy_loss         | -7.07       |
|    explained_variance   | 0.962       |
|    learning_rate        | 0.0003      |
|    loss                 | 1.06        |
|    n_updates            | 1170        |
|    policy_gradient_loss | -0.00548    |
|    std                  | 0.798       |
|    value_loss           | 2.78        |
-----------------------------------------
-----------------------------------------
| rollout/                |             |
|    ep_len_mean          | 200         |
|    ep_rew_mean          | 49          |
|    success_rate         | 0           |
| time/                   |             |
|    fps                  | 4303        |
|    iterations           | 119         |
|    time_elapsed         | 226         |
|    total_timesteps      | 974848      |
| train/                  |             |
|    approx_kl            | 0.018760644 |
|    clip_fraction        | 0.206       |
|    clip_range           | 0.2         |
|    entropy_loss         | -7.06       |
|    explained_variance   | 0.962       |
|    learning_rate        | 0.0003      |
|    loss                 | 1.16        |
|    n_updates            | 1180        |
|    policy_gradient_loss | -0.00405    |
|    std                  | 0.799       |
|    value_loss           | 4.29        |
-----------------------------------------
Eval num_timesteps=975000, episode_reward=40.00 +/- 9.05
Episode length: 200.00 +/- 0.00
Success rate: 0.00%
-----------------------------------------
| eval/                   |             |
|    mean_ep_length       | 200         |
|    mean_reward          | 40          |
|    success_rate         | 0           |
| time/                   |             |
|    total_timesteps      | 975000      |
| train/                  |             |
|    approx_kl            | 0.018277708 |
|    clip_fraction        | 0.18        |
|    clip_range           | 0.2         |
|    entropy_loss         | -7.06       |
|    explained_variance   | 0.955       |
|    learning_rate        | 0.0003      |
|    loss                 | 1.63        |
|    n_updates            | 1190        |
|    policy_gradient_loss | -0.00597    |
|    std                  | 0.801       |
|    value_loss           | 4.85        |
-----------------------------------------
New best mean reward!
---------------------------------
| rollout/           |          |
|    ep_len_mean     | 200      |
|    ep_rew_mean     | 46.5     |
|    success_rate    | 0        |
| time/              |          |
|    fps             | 4298     |
|    iterations      | 120      |
|    time_elapsed    | 228      |
|    total_timesteps | 983040   |
---------------------------------
-----------------------------------------
| rollout/                |             |
|    ep_len_mean          | 200         |
|    ep_rew_mean          | 51.9        |
|    success_rate         | 0           |
| time/                   |             |
|    fps                  | 4301        |
|    iterations           | 121         |
|    time_elapsed         | 230         |
|    total_timesteps      | 991232      |
| train/                  |             |
|    approx_kl            | 0.012223276 |
|    clip_fraction        | 0.182       |
|    clip_range           | 0.2         |
|    entropy_loss         | -7.07       |
|    explained_variance   | 0.967       |
|    learning_rate        | 0.0003      |
|    loss                 | 1.34        |
|    n_updates            | 1200        |
|    policy_gradient_loss | -0.00552    |
|    std                  | 0.802       |
|    value_loss           | 4.34        |
-----------------------------------------
-----------------------------------------
| rollout/                |             |
|    ep_len_mean          | 200         |
|    ep_rew_mean          | 53.3        |
|    success_rate         | 0           |
| time/                   |             |
|    fps                  | 4303        |
|    iterations           | 122         |
|    time_elapsed         | 232         |
|    total_timesteps      | 999424      |
| train/                  |             |
|    approx_kl            | 0.027498394 |
|    clip_fraction        | 0.251       |
|    clip_range           | 0.2         |
|    entropy_loss         | -7.05       |
|    explained_variance   | 0.969       |
|    learning_rate        | 0.0003      |
|    loss                 | 1.33        |
|    n_updates            | 1210        |
|    policy_gradient_loss | 0.00207     |
|    std                  | 0.798       |
|    value_loss           | 2.93        |
-----------------------------------------
Eval num_timesteps=1000000, episode_reward=15.64 +/- 23.85
Episode length: 200.00 +/- 0.00
Success rate: 0.00%
----------------------------------------
| eval/                   |            |
|    mean_ep_length       | 200        |
|    mean_reward          | 15.6       |
|    success_rate         | 0          |
| time/                   |            |
|    total_timesteps      | 1000000    |
| train/                  |            |
|    approx_kl            | 0.01716702 |
|    clip_fraction        | 0.247      |
|    clip_range           | 0.2        |
|    entropy_loss         | -7.04      |
|    explained_variance   | 0.966      |
|    learning_rate        | 0.0003     |
|    loss                 | 1.01       |
|    n_updates            | 1220       |
|    policy_gradient_loss | -0.00041   |
|    std                  | 0.797      |
|    value_loss           | 3.11       |
----------------------------------------
---------------------------------
| rollout/           |          |
|    ep_len_mean     | 200      |
|    ep_rew_mean     | 51.4     |
|    success_rate    | 0        |
| time/              |          |
|    fps             | 4298     |
|    iterations      | 123      |
|    time_elapsed    | 234      |
|    total_timesteps | 1007616  |
---------------------------------
-----------------------------------------
| rollout/                |             |
|    ep_len_mean          | 200         |
|    ep_rew_mean          | 48.1        |
|    success_rate         | 0           |
| time/                   |             |
|    fps                  | 4300        |
|    iterations           | 124         |
|    time_elapsed         | 236         |
|    total_timesteps      | 1015808     |
| train/                  |             |
|    approx_kl            | 0.020602688 |
|    clip_fraction        | 0.222       |
|    clip_range           | 0.2         |
|    entropy_loss         | -7.02       |
|    explained_variance   | 0.958       |
|    learning_rate        | 0.0003      |
|    loss                 | 1.44        |
|    n_updates            | 1230        |
|    policy_gradient_loss | -0.00502    |
|    std                  | 0.795       |
|    value_loss           | 3.6         |
-----------------------------------------
-----------------------------------------
| rollout/                |             |
|    ep_len_mean          | 200         |
|    ep_rew_mean          | 50.2        |
|    success_rate         | 0           |
| time/                   |             |
|    fps                  | 4303        |
|    iterations           | 125         |
|    time_elapsed         | 237         |
|    total_timesteps      | 1024000     |
| train/                  |             |
|    approx_kl            | 0.018163066 |
|    clip_fraction        | 0.202       |
|    clip_range           | 0.2         |
|    entropy_loss         | -7.01       |
|    explained_variance   | 0.954       |
|    learning_rate        | 0.0003      |
|    loss                 | 2.12        |
|    n_updates            | 1240        |
|    policy_gradient_loss | -0.00552    |
|    std                  | 0.794       |
|    value_loss           | 5.45        |
-----------------------------------------
Eval num_timesteps=1025000, episode_reward=0.66 +/- 15.23
Episode length: 200.00 +/- 0.00
Success rate: 0.00%
----------------------------------------
| eval/                   |            |
|    mean_ep_length       | 200        |
|    mean_reward          | 0.66       |
|    success_rate         | 0          |
| time/                   |            |
|    total_timesteps      | 1025000    |
| train/                  |            |
|    approx_kl            | 0.02878391 |
|    clip_fraction        | 0.256      |
|    clip_range           | 0.2        |
|    entropy_loss         | -6.98      |
|    explained_variance   | 0.976      |
|    learning_rate        | 0.0003     |
|    loss                 | 0.673      |
|    n_updates            | 1250       |
|    policy_gradient_loss | -0.0019    |
|    std                  | 0.789      |
|    value_loss           | 2.13       |
----------------------------------------
---------------------------------
| rollout/           |          |
|    ep_len_mean     | 200      |
|    ep_rew_mean     | 52.1     |
|    success_rate    | 0        |
| time/              |          |
|    fps             | 4299     |
|    iterations      | 126      |
|    time_elapsed    | 240      |
|    total_timesteps | 1032192  |
---------------------------------
-----------------------------------------
| rollout/                |             |
|    ep_len_mean          | 200         |
|    ep_rew_mean          | 53          |
|    success_rate         | 0           |
| time/                   |             |
|    fps                  | 4301        |
|    iterations           | 127         |
|    time_elapsed         | 241         |
|    total_timesteps      | 1040384     |
| train/                  |             |
|    approx_kl            | 0.017703714 |
|    clip_fraction        | 0.242       |
|    clip_range           | 0.2         |
|    entropy_loss         | -6.99       |
|    explained_variance   | 0.954       |
|    learning_rate        | 0.0003      |
|    loss                 | 0.996       |
|    n_updates            | 1260        |
|    policy_gradient_loss | -0.00278    |
|    std                  | 0.794       |
|    value_loss           | 2.63        |
-----------------------------------------
-----------------------------------------
| rollout/                |             |
|    ep_len_mean          | 200         |
|    ep_rew_mean          | 51.5        |
|    success_rate         | 0           |
| time/                   |             |
|    fps                  | 4303        |
|    iterations           | 128         |
|    time_elapsed         | 243         |
|    total_timesteps      | 1048576     |
| train/                  |             |
|    approx_kl            | 0.019958593 |
|    clip_fraction        | 0.233       |
|    clip_range           | 0.2         |
|    entropy_loss         | -6.97       |
|    explained_variance   | 0.94        |
|    learning_rate        | 0.0003      |
|    loss                 | 0.998       |
|    n_updates            | 1270        |
|    policy_gradient_loss | -0.00447    |
|    std                  | 0.788       |
|    value_loss           | 3.38        |
-----------------------------------------
Eval num_timesteps=1050000, episode_reward=19.08 +/- 19.88
Episode length: 200.00 +/- 0.00
Success rate: 0.00%
----------------------------------------
| eval/                   |            |
|    mean_ep_length       | 200        |
|    mean_reward          | 19.1       |
|    success_rate         | 0          |
| time/                   |            |
|    total_timesteps      | 1050000    |
| train/                  |            |
|    approx_kl            | 0.02101284 |
|    clip_fraction        | 0.195      |
|    clip_range           | 0.2        |
|    entropy_loss         | -6.96      |
|    explained_variance   | 0.952      |
|    learning_rate        | 0.0003     |
|    loss                 | 0.872      |
|    n_updates            | 1280       |
|    policy_gradient_loss | -0.00278   |
|    std                  | 0.79       |
|    value_loss           | 3.09       |
----------------------------------------
---------------------------------
| rollout/           |          |
|    ep_len_mean     | 200      |
|    ep_rew_mean     | 51.1     |
|    success_rate    | 0        |
| time/              |          |
|    fps             | 4297     |
|    iterations      | 129      |
|    time_elapsed    | 245      |
|    total_timesteps | 1056768  |
---------------------------------
-----------------------------------------
| rollout/                |             |
|    ep_len_mean          | 200         |
|    ep_rew_mean          | 54.9        |
|    success_rate         | 0           |
| time/                   |             |
|    fps                  | 4299        |
|    iterations           | 130         |
|    time_elapsed         | 247         |
|    total_timesteps      | 1064960     |
| train/                  |             |
|    approx_kl            | 0.029039087 |
|    clip_fraction        | 0.275       |
|    clip_range           | 0.2         |
|    entropy_loss         | -6.94       |
|    explained_variance   | 0.971       |
|    learning_rate        | 0.0003      |
|    loss                 | 0.586       |
|    n_updates            | 1290        |
|    policy_gradient_loss | 0.0017      |
|    std                  | 0.787       |
|    value_loss           | 1.62        |
-----------------------------------------
----------------------------------------
| rollout/                |            |
|    ep_len_mean          | 200        |
|    ep_rew_mean          | 53.4       |
|    success_rate         | 0          |
| time/                   |            |
|    fps                  | 4302       |
|    iterations           | 131        |
|    time_elapsed         | 249        |
|    total_timesteps      | 1073152    |
| train/                  |            |
|    approx_kl            | 0.01969984 |
|    clip_fraction        | 0.218      |
|    clip_range           | 0.2        |
|    entropy_loss         | -6.96      |
|    explained_variance   | 0.968      |
|    learning_rate        | 0.0003     |
|    loss                 | 1.21       |
|    n_updates            | 1300       |
|    policy_gradient_loss | -0.0043    |
|    std                  | 0.794      |
|    value_loss           | 3.53       |
----------------------------------------
Eval num_timesteps=1075000, episode_reward=23.21 +/- 18.76
Episode length: 200.00 +/- 0.00
Success rate: 0.00%
-----------------------------------------
| eval/                   |             |
|    mean_ep_length       | 200         |
|    mean_reward          | 23.2        |
|    success_rate         | 0           |
| time/                   |             |
|    total_timesteps      | 1075000     |
| train/                  |             |
|    approx_kl            | 0.022674762 |
|    clip_fraction        | 0.261       |
|    clip_range           | 0.2         |
|    entropy_loss         | -6.98       |
|    explained_variance   | 0.963       |
|    learning_rate        | 0.0003      |
|    loss                 | 1.25        |
|    n_updates            | 1310        |
|    policy_gradient_loss | -0.004      |
|    std                  | 0.792       |
|    value_loss           | 3.29        |
-----------------------------------------
---------------------------------
| rollout/           |          |
|    ep_len_mean     | 200      |
|    ep_rew_mean     | 50.6     |
|    success_rate    | 0        |
| time/              |          |
|    fps             | 4298     |
|    iterations      | 132      |
|    time_elapsed    | 251      |
|    total_timesteps | 1081344  |
---------------------------------
-----------------------------------------
| rollout/                |             |
|    ep_len_mean          | 200         |
|    ep_rew_mean          | 53.9        |
|    success_rate         | 0           |
| time/                   |             |
|    fps                  | 4300        |
|    iterations           | 133         |
|    time_elapsed         | 253         |
|    total_timesteps      | 1089536     |
| train/                  |             |
|    approx_kl            | 0.015002058 |
|    clip_fraction        | 0.22        |
|    clip_range           | 0.2         |
|    entropy_loss         | -6.96       |
|    explained_variance   | 0.962       |
|    learning_rate        | 0.0003      |
|    loss                 | 1.48        |
|    n_updates            | 1320        |
|    policy_gradient_loss | -0.00513    |
|    std                  | 0.791       |
|    value_loss           | 3.45        |
-----------------------------------------
----------------------------------------
| rollout/                |            |
|    ep_len_mean          | 200        |
|    ep_rew_mean          | 56.9       |
|    success_rate         | 0          |
| time/                   |            |
|    fps                  | 4302       |
|    iterations           | 134        |
|    time_elapsed         | 255        |
|    total_timesteps      | 1097728    |
| train/                  |            |
|    approx_kl            | 0.02056333 |
|    clip_fraction        | 0.275      |
|    clip_range           | 0.2        |
|    entropy_loss         | -6.95      |
|    explained_variance   | 0.963      |
|    learning_rate        | 0.0003     |
|    loss                 | 0.311      |
|    n_updates            | 1330       |
|    policy_gradient_loss | 0.00296    |
|    std                  | 0.791      |
|    value_loss           | 1.26       |
----------------------------------------
Eval num_timesteps=1100000, episode_reward=-6.71 +/- 4.80
Episode length: 200.00 +/- 0.00
Success rate: 0.00%
-----------------------------------------
| eval/                   |             |
|    mean_ep_length       | 200         |
|    mean_reward          | -6.71       |
|    success_rate         | 0           |
| time/                   |             |
|    total_timesteps      | 1100000     |
| train/                  |             |
|    approx_kl            | 0.016438317 |
|    clip_fraction        | 0.183       |
|    clip_range           | 0.2         |
|    entropy_loss         | -6.96       |
|    explained_variance   | 0.966       |
|    learning_rate        | 0.0003      |
|    loss                 | 0.628       |
|    n_updates            | 1340        |
|    policy_gradient_loss | -0.00345    |
|    std                  | 0.792       |
|    value_loss           | 1.92        |
-----------------------------------------
---------------------------------
| rollout/           |          |
|    ep_len_mean     | 200      |
|    ep_rew_mean     | 57.4     |
|    success_rate    | 0        |
| time/              |          |
|    fps             | 4298     |
|    iterations      | 135      |
|    time_elapsed    | 257      |
|    total_timesteps | 1105920  |
---------------------------------
-----------------------------------------
| rollout/                |             |
|    ep_len_mean          | 200         |
|    ep_rew_mean          | 58.2        |
|    success_rate         | 0           |
| time/                   |             |
|    fps                  | 4301        |
|    iterations           | 136         |
|    time_elapsed         | 259         |
|    total_timesteps      | 1114112     |
| train/                  |             |
|    approx_kl            | 0.014184501 |
|    clip_fraction        | 0.195       |
|    clip_range           | 0.2         |
|    entropy_loss         | -6.99       |
|    explained_variance   | 0.974       |
|    learning_rate        | 0.0003      |
|    loss                 | 0.633       |
|    n_updates            | 1350        |
|    policy_gradient_loss | 0.00149     |
|    std                  | 0.798       |
|    value_loss           | 2.25        |
-----------------------------------------
-----------------------------------------
| rollout/                |             |
|    ep_len_mean          | 200         |
|    ep_rew_mean          | 58.1        |
|    success_rate         | 0           |
| time/                   |             |
|    fps                  | 4303        |
|    iterations           | 137         |
|    time_elapsed         | 260         |
|    total_timesteps      | 1122304     |
| train/                  |             |
|    approx_kl            | 0.017205153 |
|    clip_fraction        | 0.237       |
|    clip_range           | 0.2         |
|    entropy_loss         | -6.98       |
|    explained_variance   | 0.974       |
|    learning_rate        | 0.0003      |
|    loss                 | 0.589       |
|    n_updates            | 1360        |
|    policy_gradient_loss | -0.00246    |
|    std                  | 0.793       |
|    value_loss           | 1.28        |
-----------------------------------------
Eval num_timesteps=1125000, episode_reward=-2.96 +/- 8.87
Episode length: 200.00 +/- 0.00
Success rate: 0.00%
-----------------------------------------
| eval/                   |             |
|    mean_ep_length       | 200         |
|    mean_reward          | -2.96       |
|    success_rate         | 0           |
| time/                   |             |
|    total_timesteps      | 1125000     |
| train/                  |             |
|    approx_kl            | 0.023097701 |
|    clip_fraction        | 0.281       |
|    clip_range           | 0.2         |
|    entropy_loss         | -6.96       |
|    explained_variance   | 0.98        |
|    learning_rate        | 0.0003      |
|    loss                 | 0.587       |
|    n_updates            | 1370        |
|    policy_gradient_loss | -0.00186    |
|    std                  | 0.794       |
|    value_loss           | 1.37        |
-----------------------------------------
---------------------------------
| rollout/           |          |
|    ep_len_mean     | 200      |
|    ep_rew_mean     | 61.1     |
|    success_rate    | 0        |
| time/              |          |
|    fps             | 4300     |
|    iterations      | 138      |
|    time_elapsed    | 262      |
|    total_timesteps | 1130496  |
---------------------------------
-----------------------------------------
| rollout/                |             |
|    ep_len_mean          | 200         |
|    ep_rew_mean          | 60.1        |
|    success_rate         | 0           |
| time/                   |             |
|    fps                  | 4302        |
|    iterations           | 139         |
|    time_elapsed         | 264         |
|    total_timesteps      | 1138688     |
| train/                  |             |
|    approx_kl            | 0.022759803 |
|    clip_fraction        | 0.274       |
|    clip_range           | 0.2         |
|    entropy_loss         | -6.98       |
|    explained_variance   | 0.98        |
|    learning_rate        | 0.0003      |
|    loss                 | 0.245       |
|    n_updates            | 1380        |
|    policy_gradient_loss | 0.000828    |
|    std                  | 0.797       |
|    value_loss           | 0.867       |
-----------------------------------------
-----------------------------------------
| rollout/                |             |
|    ep_len_mean          | 200         |
|    ep_rew_mean          | 57.6        |
|    success_rate         | 0           |
| time/                   |             |
|    fps                  | 4304        |
|    iterations           | 140         |
|    time_elapsed         | 266         |
|    total_timesteps      | 1146880     |
| train/                  |             |
|    approx_kl            | 0.015506379 |
|    clip_fraction        | 0.21        |
|    clip_range           | 0.2         |
|    entropy_loss         | -6.98       |
|    explained_variance   | 0.971       |
|    learning_rate        | 0.0003      |
|    loss                 | 0.782       |
|    n_updates            | 1390        |
|    policy_gradient_loss | -0.00433    |
|    std                  | 0.795       |
|    value_loss           | 1.52        |
-----------------------------------------
Eval num_timesteps=1150000, episode_reward=-11.41 +/- 2.28
Episode length: 200.00 +/- 0.00
Success rate: 0.00%
-----------------------------------------
| eval/                   |             |
|    mean_ep_length       | 200         |
|    mean_reward          | -11.4       |
|    success_rate         | 0           |
| time/                   |             |
|    total_timesteps      | 1150000     |
| train/                  |             |
|    approx_kl            | 0.017797433 |
|    clip_fraction        | 0.215       |
|    clip_range           | 0.2         |
|    entropy_loss         | -6.97       |
|    explained_variance   | 0.95        |
|    learning_rate        | 0.0003      |
|    loss                 | 0.64        |
|    n_updates            | 1400        |
|    policy_gradient_loss | -0.00332    |
|    std                  | 0.791       |
|    value_loss           | 1.88        |
-----------------------------------------
---------------------------------
| rollout/           |          |
|    ep_len_mean     | 200      |
|    ep_rew_mean     | 57.8     |
|    success_rate    | 0        |
| time/              |          |
|    fps             | 4300     |
|    iterations      | 141      |
|    time_elapsed    | 268      |
|    total_timesteps | 1155072  |
---------------------------------
-----------------------------------------
| rollout/                |             |
|    ep_len_mean          | 200         |
|    ep_rew_mean          | 58.7        |
|    success_rate         | 0           |
| time/                   |             |
|    fps                  | 4301        |
|    iterations           | 142         |
|    time_elapsed         | 270         |
|    total_timesteps      | 1163264     |
| train/                  |             |
|    approx_kl            | 0.018188912 |
|    clip_fraction        | 0.212       |
|    clip_range           | 0.2         |
|    entropy_loss         | -6.96       |
|    explained_variance   | 0.973       |
|    learning_rate        | 0.0003      |
|    loss                 | 0.815       |
|    n_updates            | 1410        |
|    policy_gradient_loss | -0.00689    |
|    std                  | 0.791       |
|    value_loss           | 1.52        |
-----------------------------------------
-----------------------------------------
| rollout/                |             |
|    ep_len_mean          | 200         |
|    ep_rew_mean          | 55.4        |
|    success_rate         | 0           |
| time/                   |             |
|    fps                  | 4302        |
|    iterations           | 143         |
|    time_elapsed         | 272         |
|    total_timesteps      | 1171456     |
| train/                  |             |
|    approx_kl            | 0.016271316 |
|    clip_fraction        | 0.237       |
|    clip_range           | 0.2         |
|    entropy_loss         | -6.97       |
|    explained_variance   | 0.971       |
|    learning_rate        | 0.0003      |
|    loss                 | 0.347       |
|    n_updates            | 1420        |
|    policy_gradient_loss | -0.00259    |
|    std                  | 0.796       |
|    value_loss           | 1.31        |
-----------------------------------------
Eval num_timesteps=1175000, episode_reward=5.38 +/- 22.99
Episode length: 200.00 +/- 0.00
Success rate: 0.00%
-----------------------------------------
| eval/                   |             |
|    mean_ep_length       | 200         |
|    mean_reward          | 5.38        |
|    success_rate         | 0           |
| time/                   |             |
|    total_timesteps      | 1175000     |
| train/                  |             |
|    approx_kl            | 0.012901153 |
|    clip_fraction        | 0.142       |
|    clip_range           | 0.2         |
|    entropy_loss         | -7.02       |
|    explained_variance   | 0.959       |
|    learning_rate        | 0.0003      |
|    loss                 | 0.976       |
|    n_updates            | 1430        |
|    policy_gradient_loss | -0.00447    |
|    std                  | 0.802       |
|    value_loss           | 3           |
-----------------------------------------
---------------------------------
| rollout/           |          |
|    ep_len_mean     | 200      |
|    ep_rew_mean     | 55.7     |
|    success_rate    | 0        |
| time/              |          |
|    fps             | 4299     |
|    iterations      | 144      |
|    time_elapsed    | 274      |
|    total_timesteps | 1179648  |
---------------------------------
-----------------------------------------
| rollout/                |             |
|    ep_len_mean          | 200         |
|    ep_rew_mean          | 55.7        |
|    success_rate         | 0           |
| time/                   |             |
|    fps                  | 4300        |
|    iterations           | 145         |
|    time_elapsed         | 276         |
|    total_timesteps      | 1187840     |
| train/                  |             |
|    approx_kl            | 0.014026296 |
|    clip_fraction        | 0.159       |
|    clip_range           | 0.2         |
|    entropy_loss         | -7.04       |
|    explained_variance   | 0.972       |
|    learning_rate        | 0.0003      |
|    loss                 | 0.662       |
|    n_updates            | 1440        |
|    policy_gradient_loss | -0.00769    |
|    std                  | 0.803       |
|    value_loss           | 2.36        |
-----------------------------------------
----------------------------------------
| rollout/                |            |
|    ep_len_mean          | 200        |
|    ep_rew_mean          | 55.7       |
|    success_rate         | 0          |
| time/                   |            |
|    fps                  | 4302       |
|    iterations           | 146        |
|    time_elapsed         | 277        |
|    total_timesteps      | 1196032    |
| train/                  |            |
|    approx_kl            | 0.03268777 |
|    clip_fraction        | 0.203      |
|    clip_range           | 0.2        |
|    entropy_loss         | -7.05      |
|    explained_variance   | 0.97       |
|    learning_rate        | 0.0003     |
|    loss                 | 1.32       |
|    n_updates            | 1450       |
|    policy_gradient_loss | 0.000348   |
|    std                  | 0.805      |
|    value_loss           | 2.18       |
----------------------------------------
Eval num_timesteps=1200000, episode_reward=20.28 +/- 17.21
Episode length: 200.00 +/- 0.00
Success rate: 0.00%
-----------------------------------------
| eval/                   |             |
|    mean_ep_length       | 200         |
|    mean_reward          | 20.3        |
|    success_rate         | 0           |
| time/                   |             |
|    total_timesteps      | 1200000     |
| train/                  |             |
|    approx_kl            | 0.020443048 |
|    clip_fraction        | 0.259       |
|    clip_range           | 0.2         |
|    entropy_loss         | -7.03       |
|    explained_variance   | 0.957       |
|    learning_rate        | 0.0003      |
|    loss                 | 0.609       |
|    n_updates            | 1460        |
|    policy_gradient_loss | -0.00351    |
|    std                  | 0.8         |
|    value_loss           | 2.63        |
-----------------------------------------
---------------------------------
| rollout/           |          |
|    ep_len_mean     | 200      |
|    ep_rew_mean     | 54.6     |
|    success_rate    | 0        |
| time/              |          |
|    fps             | 4298     |
|    iterations      | 147      |
|    time_elapsed    | 280      |
|    total_timesteps | 1204224  |
---------------------------------
-----------------------------------------
| rollout/                |             |
|    ep_len_mean          | 200         |
|    ep_rew_mean          | 56.1        |
|    success_rate         | 0           |
| time/                   |             |
|    fps                  | 4300        |
|    iterations           | 148         |
|    time_elapsed         | 281         |
|    total_timesteps      | 1212416     |
| train/                  |             |
|    approx_kl            | 0.019623078 |
|    clip_fraction        | 0.244       |
|    clip_range           | 0.2         |
|    entropy_loss         | -7.01       |
|    explained_variance   | 0.961       |
|    learning_rate        | 0.0003      |
|    loss                 | 1.65        |
|    n_updates            | 1470        |
|    policy_gradient_loss | -0.00436    |
|    std                  | 0.799       |
|    value_loss           | 3           |
-----------------------------------------
----------------------------------------
| rollout/                |            |
|    ep_len_mean          | 200        |
|    ep_rew_mean          | 59.2       |
|    success_rate         | 0          |
| time/                   |            |
|    fps                  | 4302       |
|    iterations           | 149        |
|    time_elapsed         | 283        |
|    total_timesteps      | 1220608    |
| train/                  |            |
|    approx_kl            | 0.01863962 |
|    clip_fraction        | 0.231      |
|    clip_range           | 0.2        |
|    entropy_loss         | -7.02      |
|    explained_variance   | 0.962      |
|    learning_rate        | 0.0003     |
|    loss                 | 0.748      |
|    n_updates            | 1480       |
|    policy_gradient_loss | -0.00587   |
|    std                  | 0.803      |
|    value_loss           | 1.99       |
----------------------------------------
Eval num_timesteps=1225000, episode_reward=18.28 +/- 22.35
Episode length: 200.00 +/- 0.00
Success rate: 0.00%
-----------------------------------------
| eval/                   |             |
|    mean_ep_length       | 200         |
|    mean_reward          | 18.3        |
|    success_rate         | 0           |
| time/                   |             |
|    total_timesteps      | 1225000     |
| train/                  |             |
|    approx_kl            | 0.018629003 |
|    clip_fraction        | 0.214       |
|    clip_range           | 0.2         |
|    entropy_loss         | -7.04       |
|    explained_variance   | 0.967       |
|    learning_rate        | 0.0003      |
|    loss                 | 0.48        |
|    n_updates            | 1490        |
|    policy_gradient_loss | -0.00349    |
|    std                  | 0.805       |
|    value_loss           | 1.71        |
-----------------------------------------
---------------------------------
| rollout/           |          |
|    ep_len_mean     | 200      |
|    ep_rew_mean     | 58.9     |
|    success_rate    | 0        |
| time/              |          |
|    fps             | 4299     |
|    iterations      | 150      |
|    time_elapsed    | 285      |
|    total_timesteps | 1228800  |
---------------------------------
-----------------------------------------
| rollout/                |             |
|    ep_len_mean          | 200         |
|    ep_rew_mean          | 59.5        |
|    success_rate         | 0           |
| time/                   |             |
|    fps                  | 4300        |
|    iterations           | 151         |
|    time_elapsed         | 287         |
|    total_timesteps      | 1236992     |
| train/                  |             |
|    approx_kl            | 0.022358634 |
|    clip_fraction        | 0.263       |
|    clip_range           | 0.2         |
|    entropy_loss         | -7.04       |
|    explained_variance   | 0.972       |
|    learning_rate        | 0.0003      |
|    loss                 | 0.465       |
|    n_updates            | 1500        |
|    policy_gradient_loss | -0.00352    |
|    std                  | 0.805       |
|    value_loss           | 2.01        |
-----------------------------------------
----------------------------------------
| rollout/                |            |
|    ep_len_mean          | 200        |
|    ep_rew_mean          | 58.4       |
|    success_rate         | 0          |
| time/                   |            |
|    fps                  | 4302       |
|    iterations           | 152        |
|    time_elapsed         | 289        |
|    total_timesteps      | 1245184    |
| train/                  |            |
|    approx_kl            | 0.02190141 |
|    clip_fraction        | 0.261      |
|    clip_range           | 0.2        |
|    entropy_loss         | -7.04      |
|    explained_variance   | 0.973      |
|    learning_rate        | 0.0003     |
|    loss                 | 0.814      |
|    n_updates            | 1510       |
|    policy_gradient_loss | -0.00374   |
|    std                  | 0.807      |
|    value_loss           | 1.38       |
----------------------------------------
Eval num_timesteps=1250000, episode_reward=29.65 +/- 20.78
Episode length: 200.00 +/- 0.00
Success rate: 0.00%
-----------------------------------------
| eval/                   |             |
|    mean_ep_length       | 200         |
|    mean_reward          | 29.7        |
|    success_rate         | 0           |
| time/                   |             |
|    total_timesteps      | 1250000     |
| train/                  |             |
|    approx_kl            | 0.028874654 |
|    clip_fraction        | 0.264       |
|    clip_range           | 0.2         |
|    entropy_loss         | -7.05       |
|    explained_variance   | 0.968       |
|    learning_rate        | 0.0003      |
|    loss                 | 0.518       |
|    n_updates            | 1520        |
|    policy_gradient_loss | -0.00284    |
|    std                  | 0.808       |
|    value_loss           | 1.41        |
-----------------------------------------
---------------------------------
| rollout/           |          |
|    ep_len_mean     | 200      |
|    ep_rew_mean     | 59.1     |
|    success_rate    | 0        |
| time/              |          |
|    fps             | 4296     |
|    iterations      | 153      |
|    time_elapsed    | 291      |
|    total_timesteps | 1253376  |
---------------------------------
-----------------------------------------
| rollout/                |             |
|    ep_len_mean          | 200         |
|    ep_rew_mean          | 58.3        |
|    success_rate         | 0           |
| time/                   |             |
|    fps                  | 4298        |
|    iterations           | 154         |
|    time_elapsed         | 293         |
|    total_timesteps      | 1261568     |
| train/                  |             |
|    approx_kl            | 0.028584737 |
|    clip_fraction        | 0.244       |
|    clip_range           | 0.2         |
|    entropy_loss         | -7.06       |
|    explained_variance   | 0.968       |
|    learning_rate        | 0.0003      |
|    loss                 | 0.454       |
|    n_updates            | 1530        |
|    policy_gradient_loss | -0.00457    |
|    std                  | 0.811       |
|    value_loss           | 1.37        |
-----------------------------------------
-----------------------------------------
| rollout/                |             |
|    ep_len_mean          | 200         |
|    ep_rew_mean          | 58.8        |
|    success_rate         | 0           |
| time/                   |             |
|    fps                  | 4300        |
|    iterations           | 155         |
|    time_elapsed         | 295         |
|    total_timesteps      | 1269760     |
| train/                  |             |
|    approx_kl            | 0.018247262 |
|    clip_fraction        | 0.2         |
|    clip_range           | 0.2         |
|    entropy_loss         | -7.09       |
|    explained_variance   | 0.962       |
|    learning_rate        | 0.0003      |
|    loss                 | 0.77        |
|    n_updates            | 1540        |
|    policy_gradient_loss | -0.00423    |
|    std                  | 0.817       |
|    value_loss           | 1.68        |
-----------------------------------------
Eval num_timesteps=1275000, episode_reward=55.76 +/- 10.58
Episode length: 200.00 +/- 0.00
Success rate: 0.00%
-----------------------------------------
| eval/                   |             |
|    mean_ep_length       | 200         |
|    mean_reward          | 55.8        |
|    success_rate         | 0           |
| time/                   |             |
|    total_timesteps      | 1275000     |
| train/                  |             |
|    approx_kl            | 0.026076052 |
|    clip_fraction        | 0.196       |
|    clip_range           | 0.2         |
|    entropy_loss         | -7.09       |
|    explained_variance   | 0.964       |
|    learning_rate        | 0.0003      |
|    loss                 | 0.704       |
|    n_updates            | 1550        |
|    policy_gradient_loss | -0.00399    |
|    std                  | 0.817       |
|    value_loss           | 2.23        |
-----------------------------------------
New best mean reward!
---------------------------------
| rollout/           |          |
|    ep_len_mean     | 200      |
|    ep_rew_mean     | 54.7     |
|    success_rate    | 0        |
| time/              |          |
|    fps             | 4296     |
|    iterations      | 156      |
|    time_elapsed    | 297      |
|    total_timesteps | 1277952  |
---------------------------------
-----------------------------------------
| rollout/                |             |
|    ep_len_mean          | 200         |
|    ep_rew_mean          | 53.8        |
|    success_rate         | 0           |
| time/                   |             |
|    fps                  | 4299        |
|    iterations           | 157         |
|    time_elapsed         | 299         |
|    total_timesteps      | 1286144     |
| train/                  |             |
|    approx_kl            | 0.014991021 |
|    clip_fraction        | 0.143       |
|    clip_range           | 0.2         |
|    entropy_loss         | -7.1        |
|    explained_variance   | 0.957       |
|    learning_rate        | 0.0003      |
|    loss                 | 1.68        |
|    n_updates            | 1560        |
|    policy_gradient_loss | -0.00812    |
|    std                  | 0.818       |
|    value_loss           | 4.65        |
-----------------------------------------
-----------------------------------------
| rollout/                |             |
|    ep_len_mean          | 200         |
|    ep_rew_mean          | 55.1        |
|    success_rate         | 0           |
| time/                   |             |
|    fps                  | 4301        |
|    iterations           | 158         |
|    time_elapsed         | 300         |
|    total_timesteps      | 1294336     |
| train/                  |             |
|    approx_kl            | 0.014841252 |
|    clip_fraction        | 0.179       |
|    clip_range           | 0.2         |
|    entropy_loss         | -7.09       |
|    explained_variance   | 0.971       |
|    learning_rate        | 0.0003      |
|    loss                 | 0.943       |
|    n_updates            | 1570        |
|    policy_gradient_loss | -0.00526    |
|    std                  | 0.815       |
|    value_loss           | 2.94        |
-----------------------------------------
Eval num_timesteps=1300000, episode_reward=23.66 +/- 19.24
Episode length: 200.00 +/- 0.00
Success rate: 0.00%
-----------------------------------------
| eval/                   |             |
|    mean_ep_length       | 200         |
|    mean_reward          | 23.7        |
|    success_rate         | 0           |
| time/                   |             |
|    total_timesteps      | 1300000     |
| train/                  |             |
|    approx_kl            | 0.016920086 |
|    clip_fraction        | 0.205       |
|    clip_range           | 0.2         |
|    entropy_loss         | -7.08       |
|    explained_variance   | 0.956       |
|    learning_rate        | 0.0003      |
|    loss                 | 0.978       |
|    n_updates            | 1580        |
|    policy_gradient_loss | -0.00356    |
|    std                  | 0.814       |
|    value_loss           | 2.48        |
-----------------------------------------
---------------------------------
| rollout/           |          |
|    ep_len_mean     | 200      |
|    ep_rew_mean     | 57.1     |
|    success_rate    | 0        |
| time/              |          |
|    fps             | 4298     |
|    iterations      | 159      |
|    time_elapsed    | 303      |
|    total_timesteps | 1302528  |
---------------------------------
-----------------------------------------
| rollout/                |             |
|    ep_len_mean          | 200         |
|    ep_rew_mean          | 58          |
|    success_rate         | 0           |
| time/                   |             |
|    fps                  | 4299        |
|    iterations           | 160         |
|    time_elapsed         | 304         |
|    total_timesteps      | 1310720     |
| train/                  |             |
|    approx_kl            | 0.019892745 |
|    clip_fraction        | 0.218       |
|    clip_range           | 0.2         |
|    entropy_loss         | -7.07       |
|    explained_variance   | 0.952       |
|    learning_rate        | 0.0003      |
|    loss                 | 1.31        |
|    n_updates            | 1590        |
|    policy_gradient_loss | -0.00557    |
|    std                  | 0.815       |
|    value_loss           | 3.24        |
-----------------------------------------
-----------------------------------------
| rollout/                |             |
|    ep_len_mean          | 200         |
|    ep_rew_mean          | 60.5        |
|    success_rate         | 0           |
| time/                   |             |
|    fps                  | 4301        |
|    iterations           | 161         |
|    time_elapsed         | 306         |
|    total_timesteps      | 1318912     |
| train/                  |             |
|    approx_kl            | 0.028625358 |
|    clip_fraction        | 0.284       |
|    clip_range           | 0.2         |
|    entropy_loss         | -7.04       |
|    explained_variance   | 0.975       |
|    learning_rate        | 0.0003      |
|    loss                 | 0.279       |
|    n_updates            | 1600        |
|    policy_gradient_loss | -0.00184    |
|    std                  | 0.81        |
|    value_loss           | 1.12        |
-----------------------------------------
Eval num_timesteps=1325000, episode_reward=1.22 +/- 9.13
Episode length: 200.00 +/- 0.00
Success rate: 0.00%
---------------------------------------
| eval/                   |           |
|    mean_ep_length       | 200       |
|    mean_reward          | 1.22      |
|    success_rate         | 0         |
| time/                   |           |
|    total_timesteps      | 1325000   |
| train/                  |           |
|    approx_kl            | 0.0142207 |
|    clip_fraction        | 0.199     |
|    clip_range           | 0.2       |
|    entropy_loss         | -7.02     |
|    explained_variance   | 0.969     |
|    learning_rate        | 0.0003    |
|    loss                 | 0.451     |
|    n_updates            | 1610      |
|    policy_gradient_loss | -0.00426  |
|    std                  | 0.808     |
|    value_loss           | 1.52      |
---------------------------------------
---------------------------------
| rollout/           |          |
|    ep_len_mean     | 200      |
|    ep_rew_mean     | 59       |
|    success_rate    | 0        |
| time/              |          |
|    fps             | 4298     |
|    iterations      | 162      |
|    time_elapsed    | 308      |
|    total_timesteps | 1327104  |
---------------------------------
-----------------------------------------
| rollout/                |             |
|    ep_len_mean          | 200         |
|    ep_rew_mean          | 58.2        |
|    success_rate         | 0           |
| time/                   |             |
|    fps                  | 4300        |
|    iterations           | 163         |
|    time_elapsed         | 310         |
|    total_timesteps      | 1335296     |
| train/                  |             |
|    approx_kl            | 0.021170162 |
|    clip_fraction        | 0.239       |
|    clip_range           | 0.2         |
|    entropy_loss         | -7.02       |
|    explained_variance   | 0.968       |
|    learning_rate        | 0.0003      |
|    loss                 | 1.18        |
|    n_updates            | 1620        |
|    policy_gradient_loss | -0.00395    |
|    std                  | 0.808       |
|    value_loss           | 2.4         |
-----------------------------------------
-----------------------------------------
| rollout/                |             |
|    ep_len_mean          | 200         |
|    ep_rew_mean          | 60.2        |
|    success_rate         | 0           |
| time/                   |             |
|    fps                  | 4301        |
|    iterations           | 164         |
|    time_elapsed         | 312         |
|    total_timesteps      | 1343488     |
| train/                  |             |
|    approx_kl            | 0.029016554 |
|    clip_fraction        | 0.27        |
|    clip_range           | 0.2         |
|    entropy_loss         | -7.02       |
|    explained_variance   | 0.975       |
|    learning_rate        | 0.0003      |
|    loss                 | 0.628       |
|    n_updates            | 1630        |
|    policy_gradient_loss | -0.00418    |
|    std                  | 0.809       |
|    value_loss           | 1.98        |
-----------------------------------------
Eval num_timesteps=1350000, episode_reward=15.30 +/- 13.20
Episode length: 200.00 +/- 0.00
Success rate: 0.00%
-----------------------------------------
| eval/                   |             |
|    mean_ep_length       | 200         |
|    mean_reward          | 15.3        |
|    success_rate         | 0           |
| time/                   |             |
|    total_timesteps      | 1350000     |
| train/                  |             |
|    approx_kl            | 0.027771372 |
|    clip_fraction        | 0.3         |
|    clip_range           | 0.2         |
|    entropy_loss         | -7.01       |
|    explained_variance   | 0.981       |
|    learning_rate        | 0.0003      |
|    loss                 | 0.307       |
|    n_updates            | 1640        |
|    policy_gradient_loss | 0.000176    |
|    std                  | 0.806       |
|    value_loss           | 0.813       |
-----------------------------------------
---------------------------------
| rollout/           |          |
|    ep_len_mean     | 200      |
|    ep_rew_mean     | 60.8     |
|    success_rate    | 0        |
| time/              |          |
|    fps             | 4298     |
|    iterations      | 165      |
|    time_elapsed    | 314      |
|    total_timesteps | 1351680  |
---------------------------------
----------------------------------------
| rollout/                |            |
|    ep_len_mean          | 200        |
|    ep_rew_mean          | 60.1       |
|    success_rate         | 0          |
| time/                   |            |
|    fps                  | 4300       |
|    iterations           | 166        |
|    time_elapsed         | 316        |
|    total_timesteps      | 1359872    |
| train/                  |            |
|    approx_kl            | 0.02518776 |
|    clip_fraction        | 0.241      |
|    clip_range           | 0.2        |
|    entropy_loss         | -7.01      |
|    explained_variance   | 0.979      |
|    learning_rate        | 0.0003     |
|    loss                 | 0.276      |
|    n_updates            | 1650       |
|    policy_gradient_loss | -0.00243   |
|    std                  | 0.808      |
|    value_loss           | 1.16       |
----------------------------------------
-----------------------------------------
| rollout/                |             |
|    ep_len_mean          | 200         |
|    ep_rew_mean          | 58.3        |
|    success_rate         | 0           |
| time/                   |             |
|    fps                  | 4301        |
|    iterations           | 167         |
|    time_elapsed         | 318         |
|    total_timesteps      | 1368064     |
| train/                  |             |
|    approx_kl            | 0.014432369 |
|    clip_fraction        | 0.216       |
|    clip_range           | 0.2         |
|    entropy_loss         | -7.03       |
|    explained_variance   | 0.97        |
|    learning_rate        | 0.0003      |
|    loss                 | 0.426       |
|    n_updates            | 1660        |
|    policy_gradient_loss | -0.00577    |
|    std                  | 0.811       |
|    value_loss           | 1.33        |
-----------------------------------------
Eval num_timesteps=1375000, episode_reward=25.78 +/- 19.60
Episode length: 200.00 +/- 0.00
Success rate: 0.00%
-----------------------------------------
| eval/                   |             |
|    mean_ep_length       | 200         |
|    mean_reward          | 25.8        |
|    success_rate         | 0           |
| time/                   |             |
|    total_timesteps      | 1375000     |
| train/                  |             |
|    approx_kl            | 0.020055037 |
|    clip_fraction        | 0.22        |
|    clip_range           | 0.2         |
|    entropy_loss         | -7.01       |
|    explained_variance   | 0.978       |
|    learning_rate        | 0.0003      |
|    loss                 | 0.438       |
|    n_updates            | 1670        |
|    policy_gradient_loss | -0.00743    |
|    std                  | 0.807       |
|    value_loss           | 1.18        |
-----------------------------------------
---------------------------------
| rollout/           |          |
|    ep_len_mean     | 200      |
|    ep_rew_mean     | 61.2     |
|    success_rate    | 0        |
| time/              |          |
|    fps             | 4298     |
|    iterations      | 168      |
|    time_elapsed    | 320      |
|    total_timesteps | 1376256  |
---------------------------------
-----------------------------------------
| rollout/                |             |
|    ep_len_mean          | 200         |
|    ep_rew_mean          | 61          |
|    success_rate         | 0           |
| time/                   |             |
|    fps                  | 4300        |
|    iterations           | 169         |
|    time_elapsed         | 321         |
|    total_timesteps      | 1384448     |
| train/                  |             |
|    approx_kl            | 0.030512366 |
|    clip_fraction        | 0.265       |
|    clip_range           | 0.2         |
|    entropy_loss         | -7.02       |
|    explained_variance   | 0.984       |
|    learning_rate        | 0.0003      |
|    loss                 | 0.29        |
|    n_updates            | 1680        |
|    policy_gradient_loss | 0.00443     |
|    std                  | 0.812       |
|    value_loss           | 0.656       |
-----------------------------------------
-----------------------------------------
| rollout/                |             |
|    ep_len_mean          | 200         |
|    ep_rew_mean          | 60.3        |
|    success_rate         | 0           |
| time/                   |             |
|    fps                  | 4302        |
|    iterations           | 170         |
|    time_elapsed         | 323         |
|    total_timesteps      | 1392640     |
| train/                  |             |
|    approx_kl            | 0.011159351 |
|    clip_fraction        | 0.164       |
|    clip_range           | 0.2         |
|    entropy_loss         | -7.04       |
|    explained_variance   | 0.97        |
|    learning_rate        | 0.0003      |
|    loss                 | 0.667       |
|    n_updates            | 1690        |
|    policy_gradient_loss | -0.0032     |
|    std                  | 0.815       |
|    value_loss           | 2.84        |
-----------------------------------------
Eval num_timesteps=1400000, episode_reward=48.94 +/- 9.94
Episode length: 200.00 +/- 0.00
Success rate: 0.00%
-----------------------------------------
| eval/                   |             |
|    mean_ep_length       | 200         |
|    mean_reward          | 48.9        |
|    success_rate         | 0           |
| time/                   |             |
|    total_timesteps      | 1400000     |
| train/                  |             |
|    approx_kl            | 0.022559041 |
|    clip_fraction        | 0.272       |
|    clip_range           | 0.2         |
|    entropy_loss         | -7.05       |
|    explained_variance   | 0.971       |
|    learning_rate        | 0.0003      |
|    loss                 | 0.411       |
|    n_updates            | 1700        |
|    policy_gradient_loss | -0.00382    |
|    std                  | 0.815       |
|    value_loss           | 1.07        |
-----------------------------------------
---------------------------------
| rollout/           |          |
|    ep_len_mean     | 200      |
|    ep_rew_mean     | 60.7     |
|    success_rate    | 0        |
| time/              |          |
|    fps             | 4299     |
|    iterations      | 171      |
|    time_elapsed    | 325      |
|    total_timesteps | 1400832  |
---------------------------------
-----------------------------------------
| rollout/                |             |
|    ep_len_mean          | 200         |
|    ep_rew_mean          | 60.8        |
|    success_rate         | 0           |
| time/                   |             |
|    fps                  | 4300        |
|    iterations           | 172         |
|    time_elapsed         | 327         |
|    total_timesteps      | 1409024     |
| train/                  |             |
|    approx_kl            | 0.018031273 |
|    clip_fraction        | 0.23        |
|    clip_range           | 0.2         |
|    entropy_loss         | -7.06       |
|    explained_variance   | 0.972       |
|    learning_rate        | 0.0003      |
|    loss                 | 0.341       |
|    n_updates            | 1710        |
|    policy_gradient_loss | -0.00537    |
|    std                  | 0.817       |
|    value_loss           | 1.68        |
-----------------------------------------
-----------------------------------------
| rollout/                |             |
|    ep_len_mean          | 200         |
|    ep_rew_mean          | 61.5        |
|    success_rate         | 0           |
| time/                   |             |
|    fps                  | 4302        |
|    iterations           | 173         |
|    time_elapsed         | 329         |
|    total_timesteps      | 1417216     |
| train/                  |             |
|    approx_kl            | 0.022749566 |
|    clip_fraction        | 0.283       |
|    clip_range           | 0.2         |
|    entropy_loss         | -7.05       |
|    explained_variance   | 0.988       |
|    learning_rate        | 0.0003      |
|    loss                 | 0.193       |
|    n_updates            | 1720        |
|    policy_gradient_loss | -0.00211    |
|    std                  | 0.815       |
|    value_loss           | 0.699       |
-----------------------------------------
Eval num_timesteps=1425000, episode_reward=52.97 +/- 10.07
Episode length: 200.00 +/- 0.00
Success rate: 0.00%
-----------------------------------------
| eval/                   |             |
|    mean_ep_length       | 200         |
|    mean_reward          | 53          |
|    success_rate         | 0           |
| time/                   |             |
|    total_timesteps      | 1425000     |
| train/                  |             |
|    approx_kl            | 0.013257928 |
|    clip_fraction        | 0.202       |
|    clip_range           | 0.2         |
|    entropy_loss         | -7.05       |
|    explained_variance   | 0.973       |
|    learning_rate        | 0.0003      |
|    loss                 | 1.25        |
|    n_updates            | 1730        |
|    policy_gradient_loss | -0.00669    |
|    std                  | 0.814       |
|    value_loss           | 2.62        |
-----------------------------------------
---------------------------------
| rollout/           |          |
|    ep_len_mean     | 200      |
|    ep_rew_mean     | 61.4     |
|    success_rate    | 0        |
| time/              |          |
|    fps             | 4299     |
|    iterations      | 174      |
|    time_elapsed    | 331      |
|    total_timesteps | 1425408  |
---------------------------------
-----------------------------------------
| rollout/                |             |
|    ep_len_mean          | 200         |
|    ep_rew_mean          | 57.5        |
|    success_rate         | 0           |
| time/                   |             |
|    fps                  | 4300        |
|    iterations           | 175         |
|    time_elapsed         | 333         |
|    total_timesteps      | 1433600     |
| train/                  |             |
|    approx_kl            | 0.023257123 |
|    clip_fraction        | 0.267       |
|    clip_range           | 0.2         |
|    entropy_loss         | -7.03       |
|    explained_variance   | 0.971       |
|    learning_rate        | 0.0003      |
|    loss                 | 0.428       |
|    n_updates            | 1740        |
|    policy_gradient_loss | -0.00576    |
|    std                  | 0.811       |
|    value_loss           | 1.18        |
-----------------------------------------
----------------------------------------
| rollout/                |            |
|    ep_len_mean          | 200        |
|    ep_rew_mean          | 58         |
|    success_rate         | 0          |
| time/                   |            |
|    fps                  | 4302       |
|    iterations           | 176        |
|    time_elapsed         | 335        |
|    total_timesteps      | 1441792    |
| train/                  |            |
|    approx_kl            | 0.01293573 |
|    clip_fraction        | 0.178      |
|    clip_range           | 0.2        |
|    entropy_loss         | -7.01      |
|    explained_variance   | 0.955      |
|    learning_rate        | 0.0003     |
|    loss                 | 0.805      |
|    n_updates            | 1750       |
|    policy_gradient_loss | -0.00681   |
|    std                  | 0.808      |
|    value_loss           | 2.69       |
----------------------------------------
----------------------------------------
| rollout/                |            |
|    ep_len_mean          | 200        |
|    ep_rew_mean          | 60.4       |
|    success_rate         | 0          |
| time/                   |            |
|    fps                  | 4303       |
|    iterations           | 177        |
|    time_elapsed         | 336        |
|    total_timesteps      | 1449984    |
| train/                  |            |
|    approx_kl            | 0.01639616 |
|    clip_fraction        | 0.235      |
|    clip_range           | 0.2        |
|    entropy_loss         | -7         |
|    explained_variance   | 0.974      |
|    learning_rate        | 0.0003     |
|    loss                 | 0.458      |
|    n_updates            | 1760       |
|    policy_gradient_loss | -0.00516   |
|    std                  | 0.808      |
|    value_loss           | 2.07       |
----------------------------------------
Eval num_timesteps=1450000, episode_reward=37.55 +/- 16.70
Episode length: 200.00 +/- 0.00
Success rate: 0.00%
-----------------------------------------
| eval/                   |             |
|    mean_ep_length       | 200         |
|    mean_reward          | 37.5        |
|    success_rate         | 0           |
| time/                   |             |
|    total_timesteps      | 1450000     |
| train/                  |             |
|    approx_kl            | 0.018363068 |
|    clip_fraction        | 0.294       |
|    clip_range           | 0.2         |
|    entropy_loss         | -7.02       |
|    explained_variance   | 0.97        |
|    learning_rate        | 0.0003      |
|    loss                 | 0.487       |
|    n_updates            | 1770        |
|    policy_gradient_loss | -0.00192    |
|    std                  | 0.816       |
|    value_loss           | 1.01        |
-----------------------------------------
---------------------------------
| rollout/           |          |
|    ep_len_mean     | 200      |
|    ep_rew_mean     | 60.1     |
|    success_rate    | 0        |
| time/              |          |
|    fps             | 4299     |
|    iterations      | 178      |
|    time_elapsed    | 339      |
|    total_timesteps | 1458176  |
---------------------------------
-----------------------------------------
| rollout/                |             |
|    ep_len_mean          | 200         |
|    ep_rew_mean          | 59          |
|    success_rate         | 0           |
| time/                   |             |
|    fps                  | 4301        |
|    iterations           | 179         |
|    time_elapsed         | 340         |
|    total_timesteps      | 1466368     |
| train/                  |             |
|    approx_kl            | 0.011955903 |
|    clip_fraction        | 0.172       |
|    clip_range           | 0.2         |
|    entropy_loss         | -7.04       |
|    explained_variance   | 0.961       |
|    learning_rate        | 0.0003      |
|    loss                 | 1.1         |
|    n_updates            | 1780        |
|    policy_gradient_loss | -0.00392    |
|    std                  | 0.817       |
|    value_loss           | 3.33        |
-----------------------------------------
----------------------------------------
| rollout/                |            |
|    ep_len_mean          | 200        |
|    ep_rew_mean          | 57.9       |
|    success_rate         | 0          |
| time/                   |            |
|    fps                  | 4302       |
|    iterations           | 180        |
|    time_elapsed         | 342        |
|    total_timesteps      | 1474560    |
| train/                  |            |
|    approx_kl            | 0.03089124 |
|    clip_fraction        | 0.29       |
|    clip_range           | 0.2        |
|    entropy_loss         | -7.03      |
|    explained_variance   | 0.983      |
|    learning_rate        | 0.0003     |
|    loss                 | 0.414      |
|    n_updates            | 1790       |
|    policy_gradient_loss | -0.00317   |
|    std                  | 0.813      |
|    value_loss           | 1.52       |
----------------------------------------
Eval num_timesteps=1475000, episode_reward=47.00 +/- 6.31
Episode length: 200.00 +/- 0.00
Success rate: 0.00%
-----------------------------------------
| eval/                   |             |
|    mean_ep_length       | 200         |
|    mean_reward          | 47          |
|    success_rate         | 0           |
| time/                   |             |
|    total_timesteps      | 1475000     |
| train/                  |             |
|    approx_kl            | 0.018165588 |
|    clip_fraction        | 0.227       |
|    clip_range           | 0.2         |
|    entropy_loss         | -6.99       |
|    explained_variance   | 0.968       |
|    learning_rate        | 0.0003      |
|    loss                 | 0.425       |
|    n_updates            | 1800        |
|    policy_gradient_loss | -0.00385    |
|    std                  | 0.81        |
|    value_loss           | 1.46        |
-----------------------------------------
---------------------------------
| rollout/           |          |
|    ep_len_mean     | 200      |
|    ep_rew_mean     | 61.4     |
|    success_rate    | 0        |
| time/              |          |
|    fps             | 4299     |
|    iterations      | 181      |
|    time_elapsed    | 344      |
|    total_timesteps | 1482752  |
---------------------------------
----------------------------------------
| rollout/                |            |
|    ep_len_mean          | 200        |
|    ep_rew_mean          | 60         |
|    success_rate         | 0          |
| time/                   |            |
|    fps                  | 4301       |
|    iterations           | 182        |
|    time_elapsed         | 346        |
|    total_timesteps      | 1490944    |
| train/                  |            |
|    approx_kl            | 0.01910618 |
|    clip_fraction        | 0.196      |
|    clip_range           | 0.2        |
|    entropy_loss         | -6.97      |
|    explained_variance   | 0.967      |
|    learning_rate        | 0.0003     |
|    loss                 | 1.24       |
|    n_updates            | 1810       |
|    policy_gradient_loss | -0.00347   |
|    std                  | 0.807      |
|    value_loss           | 2.28       |
----------------------------------------
-----------------------------------------
| rollout/                |             |
|    ep_len_mean          | 200         |
|    ep_rew_mean          | 60.1        |
|    success_rate         | 0           |
| time/                   |             |
|    fps                  | 4302        |
|    iterations           | 183         |
|    time_elapsed         | 348         |
|    total_timesteps      | 1499136     |
| train/                  |             |
|    approx_kl            | 0.013971072 |
|    clip_fraction        | 0.149       |
|    clip_range           | 0.2         |
|    entropy_loss         | -6.96       |
|    explained_variance   | 0.976       |
|    learning_rate        | 0.0003      |
|    loss                 | 0.844       |
|    n_updates            | 1820        |
|    policy_gradient_loss | -0.00332    |
|    std                  | 0.806       |
|    value_loss           | 2.73        |
-----------------------------------------
Eval num_timesteps=1500000, episode_reward=8.13 +/- 9.40
Episode length: 200.00 +/- 0.00
Success rate: 0.00%
-----------------------------------------
| eval/                   |             |
|    mean_ep_length       | 200         |
|    mean_reward          | 8.13        |
|    success_rate         | 0           |
| time/                   |             |
|    total_timesteps      | 1500000     |
| train/                  |             |
|    approx_kl            | 0.025148587 |
|    clip_fraction        | 0.231       |
|    clip_range           | 0.2         |
|    entropy_loss         | -6.93       |
|    explained_variance   | 0.982       |
|    learning_rate        | 0.0003      |
|    loss                 | 0.35        |
|    n_updates            | 1830        |
|    policy_gradient_loss | -0.00114    |
|    std                  | 0.804       |
|    value_loss           | 1.23        |
-----------------------------------------
---------------------------------
| rollout/           |          |
|    ep_len_mean     | 200      |
|    ep_rew_mean     | 61.7     |
|    success_rate    | 0        |
| time/              |          |
|    fps             | 4299     |
|    iterations      | 184      |
|    time_elapsed    | 350      |
|    total_timesteps | 1507328  |
---------------------------------
-----------------------------------------
| rollout/                |             |
|    ep_len_mean          | 200         |
|    ep_rew_mean          | 61.6        |
|    success_rate         | 0           |
| time/                   |             |
|    fps                  | 4300        |
|    iterations           | 185         |
|    time_elapsed         | 352         |
|    total_timesteps      | 1515520     |
| train/                  |             |
|    approx_kl            | 0.027851406 |
|    clip_fraction        | 0.342       |
|    clip_range           | 0.2         |
|    entropy_loss         | -6.95       |
|    explained_variance   | 0.977       |
|    learning_rate        | 0.0003      |
|    loss                 | 0.261       |
|    n_updates            | 1840        |
|    policy_gradient_loss | -0.00468    |
|    std                  | 0.809       |
|    value_loss           | 0.805       |
-----------------------------------------
-----------------------------------------
| rollout/                |             |
|    ep_len_mean          | 200         |
|    ep_rew_mean          | 62.5        |
|    success_rate         | 0           |
| time/                   |             |
|    fps                  | 4302        |
|    iterations           | 186         |
|    time_elapsed         | 354         |
|    total_timesteps      | 1523712     |
| train/                  |             |
|    approx_kl            | 0.015808951 |
|    clip_fraction        | 0.226       |
|    clip_range           | 0.2         |
|    entropy_loss         | -6.97       |
|    explained_variance   | 0.98        |
|    learning_rate        | 0.0003      |
|    loss                 | 0.697       |
|    n_updates            | 1850        |
|    policy_gradient_loss | -0.000211   |
|    std                  | 0.811       |
|    value_loss           | 1.71        |
-----------------------------------------
Eval num_timesteps=1525000, episode_reward=30.52 +/- 20.74
Episode length: 200.00 +/- 0.00
Success rate: 0.00%
--------------------------------------
| eval/                   |          |
|    mean_ep_length       | 200      |
|    mean_reward          | 30.5     |
|    success_rate         | 0        |
| time/                   |          |
|    total_timesteps      | 1525000  |
| train/                  |          |
|    approx_kl            | 0.023843 |
|    clip_fraction        | 0.216    |
|    clip_range           | 0.2      |
|    entropy_loss         | -6.98    |
|    explained_variance   | 0.969    |
|    learning_rate        | 0.0003   |
|    loss                 | 0.454    |
|    n_updates            | 1860     |
|    policy_gradient_loss | -0.00351 |
|    std                  | 0.814    |
|    value_loss           | 1.2      |
--------------------------------------
---------------------------------
| rollout/           |          |
|    ep_len_mean     | 200      |
|    ep_rew_mean     | 61.2     |
|    success_rate    | 0        |
| time/              |          |
|    fps             | 4299     |
|    iterations      | 187      |
|    time_elapsed    | 356      |
|    total_timesteps | 1531904  |
---------------------------------
-----------------------------------------
| rollout/                |             |
|    ep_len_mean          | 200         |
|    ep_rew_mean          | 59.3        |
|    success_rate         | 0           |
| time/                   |             |
|    fps                  | 4301        |
|    iterations           | 188         |
|    time_elapsed         | 358         |
|    total_timesteps      | 1540096     |
| train/                  |             |
|    approx_kl            | 0.029353343 |
|    clip_fraction        | 0.228       |
|    clip_range           | 0.2         |
|    entropy_loss         | -7          |
|    explained_variance   | 0.975       |
|    learning_rate        | 0.0003      |
|    loss                 | 0.589       |
|    n_updates            | 1870        |
|    policy_gradient_loss | -0.00326    |
|    std                  | 0.815       |
|    value_loss           | 2.25        |
-----------------------------------------
-----------------------------------------
| rollout/                |             |
|    ep_len_mean          | 200         |
|    ep_rew_mean          | 57.4        |
|    success_rate         | 0           |
| time/                   |             |
|    fps                  | 4302        |
|    iterations           | 189         |
|    time_elapsed         | 359         |
|    total_timesteps      | 1548288     |
| train/                  |             |
|    approx_kl            | 0.016715262 |
|    clip_fraction        | 0.201       |
|    clip_range           | 0.2         |
|    entropy_loss         | -7.01       |
|    explained_variance   | 0.952       |
|    learning_rate        | 0.0003      |
|    loss                 | 0.974       |
|    n_updates            | 1880        |
|    policy_gradient_loss | -0.00607    |
|    std                  | 0.817       |
|    value_loss           | 3.02        |
-----------------------------------------
Eval num_timesteps=1550000, episode_reward=66.69 +/- 3.40
Episode length: 200.00 +/- 0.00
Success rate: 0.00%
-----------------------------------------
| eval/                   |             |
|    mean_ep_length       | 200         |
|    mean_reward          | 66.7        |
|    success_rate         | 0           |
| time/                   |             |
|    total_timesteps      | 1550000     |
| train/                  |             |
|    approx_kl            | 0.018385736 |
|    clip_fraction        | 0.207       |
|    clip_range           | 0.2         |
|    entropy_loss         | -7.01       |
|    explained_variance   | 0.962       |
|    learning_rate        | 0.0003      |
|    loss                 | 0.745       |
|    n_updates            | 1890        |
|    policy_gradient_loss | -0.00532    |
|    std                  | 0.817       |
|    value_loss           | 2.08        |
-----------------------------------------
New best mean reward!
---------------------------------
| rollout/           |          |
|    ep_len_mean     | 200      |
|    ep_rew_mean     | 54.7     |
|    success_rate    | 0        |
| time/              |          |
|    fps             | 4299     |
|    iterations      | 190      |
|    time_elapsed    | 362      |
|    total_timesteps | 1556480  |
---------------------------------
---------------------------------------
| rollout/                |           |
|    ep_len_mean          | 200       |
|    ep_rew_mean          | 56.2      |
|    success_rate         | 0         |
| time/                   |           |
|    fps                  | 4301      |
|    iterations           | 191       |
|    time_elapsed         | 363       |
|    total_timesteps      | 1564672   |
| train/                  |           |
|    approx_kl            | 0.0141856 |
|    clip_fraction        | 0.17      |
|    clip_range           | 0.2       |
|    entropy_loss         | -7        |
|    explained_variance   | 0.965     |
|    learning_rate        | 0.0003    |
|    loss                 | 1.68      |
|    n_updates            | 1900      |
|    policy_gradient_loss | -0.00632  |
|    std                  | 0.815     |
|    value_loss           | 4.92      |
---------------------------------------
-----------------------------------------
| rollout/                |             |
|    ep_len_mean          | 200         |
|    ep_rew_mean          | 60.4        |
|    success_rate         | 0           |
| time/                   |             |
|    fps                  | 4303        |
|    iterations           | 192         |
|    time_elapsed         | 365         |
|    total_timesteps      | 1572864     |
| train/                  |             |
|    approx_kl            | 0.017754318 |
|    clip_fraction        | 0.203       |
|    clip_range           | 0.2         |
|    entropy_loss         | -6.98       |
|    explained_variance   | 0.953       |
|    learning_rate        | 0.0003      |
|    loss                 | 1.32        |
|    n_updates            | 1910        |
|    policy_gradient_loss | -0.0047     |
|    std                  | 0.812       |
|    value_loss           | 2.78        |
-----------------------------------------
Eval num_timesteps=1575000, episode_reward=54.42 +/- 2.28
Episode length: 200.00 +/- 0.00
Success rate: 0.00%
----------------------------------------
| eval/                   |            |
|    mean_ep_length       | 200        |
|    mean_reward          | 54.4       |
|    success_rate         | 0          |
| time/                   |            |
|    total_timesteps      | 1575000    |
| train/                  |            |
|    approx_kl            | 0.02913275 |
|    clip_fraction        | 0.308      |
|    clip_range           | 0.2        |
|    entropy_loss         | -6.95      |
|    explained_variance   | 0.976      |
|    learning_rate        | 0.0003     |
|    loss                 | 0.219      |
|    n_updates            | 1920       |
|    policy_gradient_loss | 0.00292    |
|    std                  | 0.808      |
|    value_loss           | 0.832      |
----------------------------------------
---------------------------------
| rollout/           |          |
|    ep_len_mean     | 200      |
|    ep_rew_mean     | 59.7     |
|    success_rate    | 0        |
| time/              |          |
|    fps             | 4300     |
|    iterations      | 193      |
|    time_elapsed    | 367      |
|    total_timesteps | 1581056  |
---------------------------------
-----------------------------------------
| rollout/                |             |
|    ep_len_mean          | 200         |
|    ep_rew_mean          | 61.4        |
|    success_rate         | 0           |
| time/                   |             |
|    fps                  | 4302        |
|    iterations           | 194         |
|    time_elapsed         | 369         |
|    total_timesteps      | 1589248     |
| train/                  |             |
|    approx_kl            | 0.022968063 |
|    clip_fraction        | 0.284       |
|    clip_range           | 0.2         |
|    entropy_loss         | -6.97       |
|    explained_variance   | 0.973       |
|    learning_rate        | 0.0003      |
|    loss                 | 0.482       |
|    n_updates            | 1930        |
|    policy_gradient_loss | -0.00511    |
|    std                  | 0.816       |
|    value_loss           | 1.35        |
-----------------------------------------
----------------------------------------
| rollout/                |            |
|    ep_len_mean          | 200        |
|    ep_rew_mean          | 59         |
|    success_rate         | 0          |
| time/                   |            |
|    fps                  | 4303       |
|    iterations           | 195        |
|    time_elapsed         | 371        |
|    total_timesteps      | 1597440    |
| train/                  |            |
|    approx_kl            | 0.02699973 |
|    clip_fraction        | 0.261      |
|    clip_range           | 0.2        |
|    entropy_loss         | -7.01      |
|    explained_variance   | 0.985      |
|    learning_rate        | 0.0003     |
|    loss                 | 0.163      |
|    n_updates            | 1940       |
|    policy_gradient_loss | 0.000784   |
|    std                  | 0.817      |
|    value_loss           | 0.774      |
----------------------------------------
Eval num_timesteps=1600000, episode_reward=54.47 +/- 5.68
Episode length: 200.00 +/- 0.00
Success rate: 0.00%
-----------------------------------------
| eval/                   |             |
|    mean_ep_length       | 200         |
|    mean_reward          | 54.5        |
|    success_rate         | 0           |
| time/                   |             |
|    total_timesteps      | 1600000     |
| train/                  |             |
|    approx_kl            | 0.011550115 |
|    clip_fraction        | 0.137       |
|    clip_range           | 0.2         |
|    entropy_loss         | -7.01       |
|    explained_variance   | 0.963       |
|    learning_rate        | 0.0003      |
|    loss                 | 0.63        |
|    n_updates            | 1950        |
|    policy_gradient_loss | -0.00655    |
|    std                  | 0.815       |
|    value_loss           | 2.92        |
-----------------------------------------
---------------------------------
| rollout/           |          |
|    ep_len_mean     | 200      |
|    ep_rew_mean     | 59.2     |
|    success_rate    | 0        |
| time/              |          |
|    fps             | 4301     |
|    iterations      | 196      |
|    time_elapsed    | 373      |
|    total_timesteps | 1605632  |
---------------------------------
-----------------------------------------
| rollout/                |             |
|    ep_len_mean          | 200         |
|    ep_rew_mean          | 59.3        |
|    success_rate         | 0           |
| time/                   |             |
|    fps                  | 4303        |
|    iterations           | 197         |
|    time_elapsed         | 375         |
|    total_timesteps      | 1613824     |
| train/                  |             |
|    approx_kl            | 0.013410196 |
|    clip_fraction        | 0.164       |
|    clip_range           | 0.2         |
|    entropy_loss         | -7.03       |
|    explained_variance   | 0.97        |
|    learning_rate        | 0.0003      |
|    loss                 | 1.19        |
|    n_updates            | 1960        |
|    policy_gradient_loss | -0.0069     |
|    std                  | 0.82        |
|    value_loss           | 2.97        |
-----------------------------------------
-----------------------------------------
| rollout/                |             |
|    ep_len_mean          | 200         |
|    ep_rew_mean          | 61.2        |
|    success_rate         | 0           |
| time/                   |             |
|    fps                  | 4304        |
|    iterations           | 198         |
|    time_elapsed         | 376         |
|    total_timesteps      | 1622016     |
| train/                  |             |
|    approx_kl            | 0.019412126 |
|    clip_fraction        | 0.214       |
|    clip_range           | 0.2         |
|    entropy_loss         | -7.03       |
|    explained_variance   | 0.961       |
|    learning_rate        | 0.0003      |
|    loss                 | 0.67        |
|    n_updates            | 1970        |
|    policy_gradient_loss | -0.00583    |
|    std                  | 0.817       |
|    value_loss           | 1.71        |
-----------------------------------------
Eval num_timesteps=1625000, episode_reward=63.24 +/- 3.21
Episode length: 200.00 +/- 0.00
Success rate: 0.00%
-----------------------------------------
| eval/                   |             |
|    mean_ep_length       | 200         |
|    mean_reward          | 63.2        |
|    success_rate         | 0           |
| time/                   |             |
|    total_timesteps      | 1625000     |
| train/                  |             |
|    approx_kl            | 0.024266642 |
|    clip_fraction        | 0.272       |
|    clip_range           | 0.2         |
|    entropy_loss         | -7.02       |
|    explained_variance   | 0.98        |
|    learning_rate        | 0.0003      |
|    loss                 | 0.433       |
|    n_updates            | 1980        |
|    policy_gradient_loss | -0.00083    |
|    std                  | 0.816       |
|    value_loss           | 0.955       |
-----------------------------------------
---------------------------------
| rollout/           |          |
|    ep_len_mean     | 200      |
|    ep_rew_mean     | 62.9     |
|    success_rate    | 0        |
| time/              |          |
|    fps             | 4302     |
|    iterations      | 199      |
|    time_elapsed    | 378      |
|    total_timesteps | 1630208  |
---------------------------------
-----------------------------------------
| rollout/                |             |
|    ep_len_mean          | 200         |
|    ep_rew_mean          | 62.8        |
|    success_rate         | 0           |
| time/                   |             |
|    fps                  | 4303        |
|    iterations           | 200         |
|    time_elapsed         | 380         |
|    total_timesteps      | 1638400     |
| train/                  |             |
|    approx_kl            | 0.026766412 |
|    clip_fraction        | 0.311       |
|    clip_range           | 0.2         |
|    entropy_loss         | -7.01       |
|    explained_variance   | 0.988       |
|    learning_rate        | 0.0003      |
|    loss                 | 0.259       |
|    n_updates            | 1990        |
|    policy_gradient_loss | -0.000115   |
|    std                  | 0.816       |
|    value_loss           | 0.583       |
-----------------------------------------
-----------------------------------------
| rollout/                |             |
|    ep_len_mean          | 200         |
|    ep_rew_mean          | 62          |
|    success_rate         | 0           |
| time/                   |             |
|    fps                  | 4305        |
|    iterations           | 201         |
|    time_elapsed         | 382         |
|    total_timesteps      | 1646592     |
| train/                  |             |
|    approx_kl            | 0.022965387 |
|    clip_fraction        | 0.298       |
|    clip_range           | 0.2         |
|    entropy_loss         | -7          |
|    explained_variance   | 0.975       |
|    learning_rate        | 0.0003      |
|    loss                 | 0.379       |
|    n_updates            | 2000        |
|    policy_gradient_loss | -0.00356    |
|    std                  | 0.815       |
|    value_loss           | 0.94        |
-----------------------------------------
Eval num_timesteps=1650000, episode_reward=54.31 +/- 20.46
Episode length: 200.00 +/- 0.00
Success rate: 0.00%
-----------------------------------------
| eval/                   |             |
|    mean_ep_length       | 200         |
|    mean_reward          | 54.3        |
|    success_rate         | 0           |
| time/                   |             |
|    total_timesteps      | 1650000     |
| train/                  |             |
|    approx_kl            | 0.018077567 |
|    clip_fraction        | 0.235       |
|    clip_range           | 0.2         |
|    entropy_loss         | -7          |
|    explained_variance   | 0.983       |
|    learning_rate        | 0.0003      |
|    loss                 | 0.265       |
|    n_updates            | 2010        |
|    policy_gradient_loss | -0.00814    |
|    std                  | 0.816       |
|    value_loss           | 0.886       |
-----------------------------------------
---------------------------------
| rollout/           |          |
|    ep_len_mean     | 200      |
|    ep_rew_mean     | 62.3     |
|    success_rate    | 0        |
| time/              |          |
|    fps             | 4302     |
|    iterations      | 202      |
|    time_elapsed    | 384      |
|    total_timesteps | 1654784  |
---------------------------------
-----------------------------------------
| rollout/                |             |
|    ep_len_mean          | 200         |
|    ep_rew_mean          | 61.6        |
|    success_rate         | 0           |
| time/                   |             |
|    fps                  | 4304        |
|    iterations           | 203         |
|    time_elapsed         | 386         |
|    total_timesteps      | 1662976     |
| train/                  |             |
|    approx_kl            | 0.019489007 |
|    clip_fraction        | 0.216       |
|    clip_range           | 0.2         |
|    entropy_loss         | -7.01       |
|    explained_variance   | 0.969       |
|    learning_rate        | 0.0003      |
|    loss                 | 0.418       |
|    n_updates            | 2020        |
|    policy_gradient_loss | -0.00739    |
|    std                  | 0.816       |
|    value_loss           | 1.66        |
-----------------------------------------
----------------------------------------
| rollout/                |            |
|    ep_len_mean          | 200        |
|    ep_rew_mean          | 61.3       |
|    success_rate         | 0          |
| time/                   |            |
|    fps                  | 4305       |
|    iterations           | 204        |
|    time_elapsed         | 388        |
|    total_timesteps      | 1671168    |
| train/                  |            |
|    approx_kl            | 0.01968189 |
|    clip_fraction        | 0.242      |
|    clip_range           | 0.2        |
|    entropy_loss         | -7.01      |
|    explained_variance   | 0.968      |
|    learning_rate        | 0.0003     |
|    loss                 | 0.399      |
|    n_updates            | 2030       |
|    policy_gradient_loss | -0.00335   |
|    std                  | 0.818      |
|    value_loss           | 1.91       |
----------------------------------------
Eval num_timesteps=1675000, episode_reward=52.29 +/- 1.07
Episode length: 200.00 +/- 0.00
Success rate: 0.00%
-----------------------------------------
| eval/                   |             |
|    mean_ep_length       | 200         |
|    mean_reward          | 52.3        |
|    success_rate         | 0           |
| time/                   |             |
|    total_timesteps      | 1675000     |
| train/                  |             |
|    approx_kl            | 0.014912786 |
|    clip_fraction        | 0.206       |
|    clip_range           | 0.2         |
|    entropy_loss         | -7.03       |
|    explained_variance   | 0.964       |
|    learning_rate        | 0.0003      |
|    loss                 | 1.3         |
|    n_updates            | 2040        |
|    policy_gradient_loss | -0.00247    |
|    std                  | 0.821       |
|    value_loss           | 2.52        |
-----------------------------------------
---------------------------------
| rollout/           |          |
|    ep_len_mean     | 200      |
|    ep_rew_mean     | 58.4     |
|    success_rate    | 0        |
| time/              |          |
|    fps             | 4302     |
|    iterations      | 205      |
|    time_elapsed    | 390      |
|    total_timesteps | 1679360  |
---------------------------------
-----------------------------------------
| rollout/                |             |
|    ep_len_mean          | 200         |
|    ep_rew_mean          | 59.1        |
|    success_rate         | 0           |
| time/                   |             |
|    fps                  | 4304        |
|    iterations           | 206         |
|    time_elapsed         | 392         |
|    total_timesteps      | 1687552     |
| train/                  |             |
|    approx_kl            | 0.017603846 |
|    clip_fraction        | 0.206       |
|    clip_range           | 0.2         |
|    entropy_loss         | -7.04       |
|    explained_variance   | 0.979       |
|    learning_rate        | 0.0003      |
|    loss                 | 0.907       |
|    n_updates            | 2050        |
|    policy_gradient_loss | -0.00832    |
|    std                  | 0.82        |
|    value_loss           | 2.05        |
-----------------------------------------
-----------------------------------------
| rollout/                |             |
|    ep_len_mean          | 200         |
|    ep_rew_mean          | 60.1        |
|    success_rate         | 0           |
| time/                   |             |
|    fps                  | 4305        |
|    iterations           | 207         |
|    time_elapsed         | 393         |
|    total_timesteps      | 1695744     |
| train/                  |             |
|    approx_kl            | 0.022796638 |
|    clip_fraction        | 0.269       |
|    clip_range           | 0.2         |
|    entropy_loss         | -7.04       |
|    explained_variance   | 0.981       |
|    learning_rate        | 0.0003      |
|    loss                 | 0.43        |
|    n_updates            | 2060        |
|    policy_gradient_loss | 0.000619    |
|    std                  | 0.822       |
|    value_loss           | 0.773       |
-----------------------------------------
Eval num_timesteps=1700000, episode_reward=52.69 +/- 0.80
Episode length: 200.00 +/- 0.00
Success rate: 0.00%
-----------------------------------------
| eval/                   |             |
|    mean_ep_length       | 200         |
|    mean_reward          | 52.7        |
|    success_rate         | 0           |
| time/                   |             |
|    total_timesteps      | 1700000     |
| train/                  |             |
|    approx_kl            | 0.025037728 |
|    clip_fraction        | 0.261       |
|    clip_range           | 0.2         |
|    entropy_loss         | -7.06       |
|    explained_variance   | 0.986       |
|    learning_rate        | 0.0003      |
|    loss                 | 0.286       |
|    n_updates            | 2070        |
|    policy_gradient_loss | -0.00368    |
|    std                  | 0.823       |
|    value_loss           | 0.668       |
-----------------------------------------
---------------------------------
| rollout/           |          |
|    ep_len_mean     | 200      |
|    ep_rew_mean     | 60       |
|    success_rate    | 0        |
| time/              |          |
|    fps             | 4302     |
|    iterations      | 208      |
|    time_elapsed    | 396      |
|    total_timesteps | 1703936  |
---------------------------------
-----------------------------------------
| rollout/                |             |
|    ep_len_mean          | 200         |
|    ep_rew_mean          | 60.5        |
|    success_rate         | 0           |
| time/                   |             |
|    fps                  | 4304        |
|    iterations           | 209         |
|    time_elapsed         | 397         |
|    total_timesteps      | 1712128     |
| train/                  |             |
|    approx_kl            | 0.022343976 |
|    clip_fraction        | 0.274       |
|    clip_range           | 0.2         |
|    entropy_loss         | -7.06       |
|    explained_variance   | 0.968       |
|    learning_rate        | 0.0003      |
|    loss                 | 0.565       |
|    n_updates            | 2080        |
|    policy_gradient_loss | -0.00459    |
|    std                  | 0.823       |
|    value_loss           | 1.43        |
-----------------------------------------
-----------------------------------------
| rollout/                |             |
|    ep_len_mean          | 200         |
|    ep_rew_mean          | 62          |
|    success_rate         | 0           |
| time/                   |             |
|    fps                  | 4305        |
|    iterations           | 210         |
|    time_elapsed         | 399         |
|    total_timesteps      | 1720320     |
| train/                  |             |
|    approx_kl            | 0.029154442 |
|    clip_fraction        | 0.252       |
|    clip_range           | 0.2         |
|    entropy_loss         | -7.08       |
|    explained_variance   | 0.988       |
|    learning_rate        | 0.0003      |
|    loss                 | 0.18        |
|    n_updates            | 2090        |
|    policy_gradient_loss | -0.00155    |
|    std                  | 0.828       |
|    value_loss           | 0.683       |
-----------------------------------------
Eval num_timesteps=1725000, episode_reward=67.60 +/- 1.51
Episode length: 200.00 +/- 0.00
Success rate: 0.00%
-----------------------------------------
| eval/                   |             |
|    mean_ep_length       | 200         |
|    mean_reward          | 67.6        |
|    success_rate         | 0           |
| time/                   |             |
|    total_timesteps      | 1725000     |
| train/                  |             |
|    approx_kl            | 0.021114416 |
|    clip_fraction        | 0.254       |
|    clip_range           | 0.2         |
|    entropy_loss         | -7.08       |
|    explained_variance   | 0.984       |
|    learning_rate        | 0.0003      |
|    loss                 | 0.247       |
|    n_updates            | 2100        |
|    policy_gradient_loss | -0.00576    |
|    std                  | 0.823       |
|    value_loss           | 0.768       |
-----------------------------------------
New best mean reward!
---------------------------------
| rollout/           |          |
|    ep_len_mean     | 200      |
|    ep_rew_mean     | 57.9     |
|    success_rate    | 0        |
| time/              |          |
|    fps             | 4302     |
|    iterations      | 211      |
|    time_elapsed    | 401      |
|    total_timesteps | 1728512  |
---------------------------------
-----------------------------------------
| rollout/                |             |
|    ep_len_mean          | 200         |
|    ep_rew_mean          | 52.3        |
|    success_rate         | 0           |
| time/                   |             |
|    fps                  | 4304        |
|    iterations           | 212         |
|    time_elapsed         | 403         |
|    total_timesteps      | 1736704     |
| train/                  |             |
|    approx_kl            | 0.006819837 |
|    clip_fraction        | 0.11        |
|    clip_range           | 0.2         |
|    entropy_loss         | -7.08       |
|    explained_variance   | 0.959       |
|    learning_rate        | 0.0003      |
|    loss                 | 2.29        |
|    n_updates            | 2110        |
|    policy_gradient_loss | -0.00545    |
|    std                  | 0.825       |
|    value_loss           | 5.11        |
-----------------------------------------
-----------------------------------------
| rollout/                |             |
|    ep_len_mean          | 200         |
|    ep_rew_mean          | 51.5        |
|    success_rate         | 0           |
| time/                   |             |
|    fps                  | 4305        |
|    iterations           | 213         |
|    time_elapsed         | 405         |
|    total_timesteps      | 1744896     |
| train/                  |             |
|    approx_kl            | 0.011146498 |
|    clip_fraction        | 0.082       |
|    clip_range           | 0.2         |
|    entropy_loss         | -7.09       |
|    explained_variance   | 0.971       |
|    learning_rate        | 0.0003      |
|    loss                 | 3.62        |
|    n_updates            | 2120        |
|    policy_gradient_loss | -0.00755    |
|    std                  | 0.827       |
|    value_loss           | 7.29        |
-----------------------------------------
Eval num_timesteps=1750000, episode_reward=57.25 +/- 2.58
Episode length: 200.00 +/- 0.00
Success rate: 0.00%
------------------------------------------
| eval/                   |              |
|    mean_ep_length       | 200          |
|    mean_reward          | 57.3         |
|    success_rate         | 0            |
| time/                   |              |
|    total_timesteps      | 1750000      |
| train/                  |              |
|    approx_kl            | 0.0142554715 |
|    clip_fraction        | 0.19         |
|    clip_range           | 0.2          |
|    entropy_loss         | -7.1         |
|    explained_variance   | 0.966        |
|    learning_rate        | 0.0003       |
|    loss                 | 0.787        |
|    n_updates            | 2130         |
|    policy_gradient_loss | -0.00377     |
|    std                  | 0.827        |
|    value_loss           | 3            |
------------------------------------------
---------------------------------
| rollout/           |          |
|    ep_len_mean     | 200      |
|    ep_rew_mean     | 55.8     |
|    success_rate    | 0        |
| time/              |          |
|    fps             | 4302     |
|    iterations      | 214      |
|    time_elapsed    | 407      |
|    total_timesteps | 1753088  |
---------------------------------
-----------------------------------------
| rollout/                |             |
|    ep_len_mean          | 200         |
|    ep_rew_mean          | 62.1        |
|    success_rate         | 0           |
| time/                   |             |
|    fps                  | 4301        |
|    iterations           | 215         |
|    time_elapsed         | 409         |
|    total_timesteps      | 1761280     |
| train/                  |             |
|    approx_kl            | 0.026079217 |
|    clip_fraction        | 0.352       |
|    clip_range           | 0.2         |
|    entropy_loss         | -7.09       |
|    explained_variance   | 0.961       |
|    learning_rate        | 0.0003      |
|    loss                 | 0.784       |
|    n_updates            | 2140        |
|    policy_gradient_loss | 0.00193     |
|    std                  | 0.828       |
|    value_loss           | 1.23        |
-----------------------------------------
-----------------------------------------
| rollout/                |             |
|    ep_len_mean          | 200         |
|    ep_rew_mean          | 62.4        |
|    success_rate         | 0           |
| time/                   |             |
|    fps                  | 4300        |
|    iterations           | 216         |
|    time_elapsed         | 411         |
|    total_timesteps      | 1769472     |
| train/                  |             |
|    approx_kl            | 0.022229662 |
|    clip_fraction        | 0.289       |
|    clip_range           | 0.2         |
|    entropy_loss         | -7.09       |
|    explained_variance   | 0.981       |
|    learning_rate        | 0.0003      |
|    loss                 | 0.261       |
|    n_updates            | 2150        |
|    policy_gradient_loss | -0.00192    |
|    std                  | 0.826       |
|    value_loss           | 0.734       |
-----------------------------------------
Eval num_timesteps=1775000, episode_reward=60.92 +/- 4.58
Episode length: 200.00 +/- 0.00
Success rate: 0.00%
-----------------------------------------
| eval/                   |             |
|    mean_ep_length       | 200         |
|    mean_reward          | 60.9        |
|    success_rate         | 0           |
| time/                   |             |
|    total_timesteps      | 1775000     |
| train/                  |             |
|    approx_kl            | 0.021501618 |
|    clip_fraction        | 0.241       |
|    clip_range           | 0.2         |
|    entropy_loss         | -7.1        |
|    explained_variance   | 0.96        |
|    learning_rate        | 0.0003      |
|    loss                 | 0.857       |
|    n_updates            | 2160        |
|    policy_gradient_loss | -0.00433    |
|    std                  | 0.831       |
|    value_loss           | 1.64        |
-----------------------------------------
---------------------------------
| rollout/           |          |
|    ep_len_mean     | 200      |
|    ep_rew_mean     | 61.2     |
|    success_rate    | 0        |
| time/              |          |
|    fps             | 4295     |
|    iterations      | 217      |
|    time_elapsed    | 413      |
|    total_timesteps | 1777664  |
---------------------------------
-----------------------------------------
| rollout/                |             |
|    ep_len_mean          | 200         |
|    ep_rew_mean          | 60.6        |
|    success_rate         | 0           |
| time/                   |             |
|    fps                  | 4294        |
|    iterations           | 218         |
|    time_elapsed         | 415         |
|    total_timesteps      | 1785856     |
| train/                  |             |
|    approx_kl            | 0.015999027 |
|    clip_fraction        | 0.175       |
|    clip_range           | 0.2         |
|    entropy_loss         | -7.12       |
|    explained_variance   | 0.97        |
|    learning_rate        | 0.0003      |
|    loss                 | 0.741       |
|    n_updates            | 2170        |
|    policy_gradient_loss | -0.00653    |
|    std                  | 0.831       |
|    value_loss           | 1.61        |
-----------------------------------------
-----------------------------------------
| rollout/                |             |
|    ep_len_mean          | 200         |
|    ep_rew_mean          | 60.7        |
|    success_rate         | 0           |
| time/                   |             |
|    fps                  | 4293        |
|    iterations           | 219         |
|    time_elapsed         | 417         |
|    total_timesteps      | 1794048     |
| train/                  |             |
|    approx_kl            | 0.014508024 |
|    clip_fraction        | 0.214       |
|    clip_range           | 0.2         |
|    entropy_loss         | -7.1        |
|    explained_variance   | 0.97        |
|    learning_rate        | 0.0003      |
|    loss                 | 0.528       |
|    n_updates            | 2180        |
|    policy_gradient_loss | -0.00566    |
|    std                  | 0.828       |
|    value_loss           | 2.44        |
-----------------------------------------
Eval num_timesteps=1800000, episode_reward=55.44 +/- 3.77
Episode length: 200.00 +/- 0.00
Success rate: 0.00%
----------------------------------------
| eval/                   |            |
|    mean_ep_length       | 200        |
|    mean_reward          | 55.4       |
|    success_rate         | 0          |
| time/                   |            |
|    total_timesteps      | 1800000    |
| train/                  |            |
|    approx_kl            | 0.01217806 |
|    clip_fraction        | 0.176      |
|    clip_range           | 0.2        |
|    entropy_loss         | -7.1       |
|    explained_variance   | 0.979      |
|    learning_rate        | 0.0003     |
|    loss                 | 0.935      |
|    n_updates            | 2190       |
|    policy_gradient_loss | -0.00718   |
|    std                  | 0.831      |
|    value_loss           | 1.72       |
----------------------------------------
---------------------------------
| rollout/           |          |
|    ep_len_mean     | 200      |
|    ep_rew_mean     | 60.8     |
|    success_rate    | 0        |
| time/              |          |
|    fps             | 4288     |
|    iterations      | 220      |
|    time_elapsed    | 420      |
|    total_timesteps | 1802240  |
---------------------------------
-----------------------------------------
| rollout/                |             |
|    ep_len_mean          | 200         |
|    ep_rew_mean          | 58.6        |
|    success_rate         | 0           |
| time/                   |             |
|    fps                  | 4287        |
|    iterations           | 221         |
|    time_elapsed         | 422         |
|    total_timesteps      | 1810432     |
| train/                  |             |
|    approx_kl            | 0.016450025 |
|    clip_fraction        | 0.199       |
|    clip_range           | 0.2         |
|    entropy_loss         | -7.12       |
|    explained_variance   | 0.972       |
|    learning_rate        | 0.0003      |
|    loss                 | 0.689       |
|    n_updates            | 2200        |
|    policy_gradient_loss | -0.0094     |
|    std                  | 0.833       |
|    value_loss           | 2.68        |
-----------------------------------------
---------------------------------------
| rollout/                |           |
|    ep_len_mean          | 200       |
|    ep_rew_mean          | 59.9      |
|    success_rate         | 0         |
| time/                   |           |
|    fps                  | 4286      |
|    iterations           | 222       |
|    time_elapsed         | 424       |
|    total_timesteps      | 1818624   |
| train/                  |           |
|    approx_kl            | 0.0176602 |
|    clip_fraction        | 0.216     |
|    clip_range           | 0.2       |
|    entropy_loss         | -7.1      |
|    explained_variance   | 0.979     |
|    learning_rate        | 0.0003    |
|    loss                 | 1.14      |
|    n_updates            | 2210      |
|    policy_gradient_loss | -0.00855  |
|    std                  | 0.829     |
|    value_loss           | 2.07      |
---------------------------------------
Eval num_timesteps=1825000, episode_reward=60.25 +/- 5.48
Episode length: 200.00 +/- 0.00
Success rate: 0.00%
-----------------------------------------
| eval/                   |             |
|    mean_ep_length       | 200         |
|    mean_reward          | 60.2        |
|    success_rate         | 0           |
| time/                   |             |
|    total_timesteps      | 1825000     |
| train/                  |             |
|    approx_kl            | 0.028615972 |
|    clip_fraction        | 0.286       |
|    clip_range           | 0.2         |
|    entropy_loss         | -7.07       |
|    explained_variance   | 0.981       |
|    learning_rate        | 0.0003      |
|    loss                 | 0.388       |
|    n_updates            | 2220        |
|    policy_gradient_loss | -0.000461   |
|    std                  | 0.825       |
|    value_loss           | 0.806       |
-----------------------------------------
---------------------------------
| rollout/           |          |
|    ep_len_mean     | 200      |
|    ep_rew_mean     | 62.5     |
|    success_rate    | 0        |
| time/              |          |
|    fps             | 4282     |
|    iterations      | 223      |
|    time_elapsed    | 426      |
|    total_timesteps | 1826816  |
---------------------------------
-----------------------------------------
| rollout/                |             |
|    ep_len_mean          | 200         |
|    ep_rew_mean          | 64          |
|    success_rate         | 0           |
| time/                   |             |
|    fps                  | 4281        |
|    iterations           | 224         |
|    time_elapsed         | 428         |
|    total_timesteps      | 1835008     |
| train/                  |             |
|    approx_kl            | 0.024111327 |
|    clip_fraction        | 0.281       |
|    clip_range           | 0.2         |
|    entropy_loss         | -7.07       |
|    explained_variance   | 0.99        |
|    learning_rate        | 0.0003      |
|    loss                 | 0.0908      |
|    n_updates            | 2230        |
|    policy_gradient_loss | 0.00551     |
|    std                  | 0.829       |
|    value_loss           | 0.329       |
-----------------------------------------
-----------------------------------------
| rollout/                |             |
|    ep_len_mean          | 200         |
|    ep_rew_mean          | 64.7        |
|    success_rate         | 0           |
| time/                   |             |
|    fps                  | 4280        |
|    iterations           | 225         |
|    time_elapsed         | 430         |
|    total_timesteps      | 1843200     |
| train/                  |             |
|    approx_kl            | 0.019832022 |
|    clip_fraction        | 0.248       |
|    clip_range           | 0.2         |
|    entropy_loss         | -7.1        |
|    explained_variance   | 0.992       |
|    learning_rate        | 0.0003      |
|    loss                 | 0.0944      |
|    n_updates            | 2240        |
|    policy_gradient_loss | -0.00132    |
|    std                  | 0.835       |
|    value_loss           | 0.326       |
-----------------------------------------
Eval num_timesteps=1850000, episode_reward=55.77 +/- 4.13
Episode length: 200.00 +/- 0.00
Success rate: 0.00%
-----------------------------------------
| eval/                   |             |
|    mean_ep_length       | 200         |
|    mean_reward          | 55.8        |
|    success_rate         | 0           |
| time/                   |             |
|    total_timesteps      | 1850000     |
| train/                  |             |
|    approx_kl            | 0.028652197 |
|    clip_fraction        | 0.221       |
|    clip_range           | 0.2         |
|    entropy_loss         | -7.12       |
|    explained_variance   | 0.99        |
|    learning_rate        | 0.0003      |
|    loss                 | 0.169       |
|    n_updates            | 2250        |
|    policy_gradient_loss | -0.00451    |
|    std                  | 0.837       |
|    value_loss           | 0.422       |
-----------------------------------------
---------------------------------
| rollout/           |          |
|    ep_len_mean     | 200      |
|    ep_rew_mean     | 64.3     |
|    success_rate    | 0        |
| time/              |          |
|    fps             | 4275     |
|    iterations      | 226      |
|    time_elapsed    | 432      |
|    total_timesteps | 1851392  |
---------------------------------
-----------------------------------------
| rollout/                |             |
|    ep_len_mean          | 200         |
|    ep_rew_mean          | 63.5        |
|    success_rate         | 0           |
| time/                   |             |
|    fps                  | 4275        |
|    iterations           | 227         |
|    time_elapsed         | 434         |
|    total_timesteps      | 1859584     |
| train/                  |             |
|    approx_kl            | 0.015922252 |
|    clip_fraction        | 0.19        |
|    clip_range           | 0.2         |
|    entropy_loss         | -7.11       |
|    explained_variance   | 0.989       |
|    learning_rate        | 0.0003      |
|    loss                 | 0.168       |
|    n_updates            | 2260        |
|    policy_gradient_loss | -0.00766    |
|    std                  | 0.832       |
|    value_loss           | 0.563       |
-----------------------------------------
-----------------------------------------
| rollout/                |             |
|    ep_len_mean          | 200         |
|    ep_rew_mean          | 63.5        |
|    success_rate         | 0           |
| time/                   |             |
|    fps                  | 4274        |
|    iterations           | 228         |
|    time_elapsed         | 436         |
|    total_timesteps      | 1867776     |
| train/                  |             |
|    approx_kl            | 0.014342364 |
|    clip_fraction        | 0.167       |
|    clip_range           | 0.2         |
|    entropy_loss         | -7.11       |
|    explained_variance   | 0.977       |
|    learning_rate        | 0.0003      |
|    loss                 | 0.821       |
|    n_updates            | 2270        |
|    policy_gradient_loss | -0.00703    |
|    std                  | 0.836       |
|    value_loss           | 1.42        |
-----------------------------------------
Eval num_timesteps=1875000, episode_reward=67.22 +/- 1.34
Episode length: 200.00 +/- 0.00
Success rate: 0.00%
-----------------------------------------
| eval/                   |             |
|    mean_ep_length       | 200         |
|    mean_reward          | 67.2        |
|    success_rate         | 0           |
| time/                   |             |
|    total_timesteps      | 1875000     |
| train/                  |             |
|    approx_kl            | 0.030476134 |
|    clip_fraction        | 0.287       |
|    clip_range           | 0.2         |
|    entropy_loss         | -7.11       |
|    explained_variance   | 0.988       |
|    learning_rate        | 0.0003      |
|    loss                 | 0.131       |
|    n_updates            | 2280        |
|    policy_gradient_loss | -0.00344    |
|    std                  | 0.833       |
|    value_loss           | 0.649       |
-----------------------------------------
---------------------------------
| rollout/           |          |
|    ep_len_mean     | 200      |
|    ep_rew_mean     | 63.6     |
|    success_rate    | 0        |
| time/              |          |
|    fps             | 4269     |
|    iterations      | 229      |
|    time_elapsed    | 439      |
|    total_timesteps | 1875968  |
---------------------------------
----------------------------------------
| rollout/                |            |
|    ep_len_mean          | 200        |
|    ep_rew_mean          | 64.7       |
|    success_rate         | 0          |
| time/                   |            |
|    fps                  | 4269       |
|    iterations           | 230        |
|    time_elapsed         | 441        |
|    total_timesteps      | 1884160    |
| train/                  |            |
|    approx_kl            | 0.01959988 |
|    clip_fraction        | 0.247      |
|    clip_range           | 0.2        |
|    entropy_loss         | -7.1       |
|    explained_variance   | 0.982      |
|    learning_rate        | 0.0003     |
|    loss                 | 0.343      |
|    n_updates            | 2290       |
|    policy_gradient_loss | 0.00188    |
|    std                  | 0.833      |
|    value_loss           | 1.38       |
----------------------------------------
-----------------------------------------
| rollout/                |             |
|    ep_len_mean          | 200         |
|    ep_rew_mean          | 63.3        |
|    success_rate         | 0           |
| time/                   |             |
|    fps                  | 4268        |
|    iterations           | 231         |
|    time_elapsed         | 443         |
|    total_timesteps      | 1892352     |
| train/                  |             |
|    approx_kl            | 0.018197281 |
|    clip_fraction        | 0.191       |
|    clip_range           | 0.2         |
|    entropy_loss         | -7.09       |
|    explained_variance   | 0.98        |
|    learning_rate        | 0.0003      |
|    loss                 | 0.179       |
|    n_updates            | 2300        |
|    policy_gradient_loss | -0.00607    |
|    std                  | 0.831       |
|    value_loss           | 0.895       |
-----------------------------------------
Eval num_timesteps=1900000, episode_reward=64.24 +/- 4.97
Episode length: 200.00 +/- 0.00
Success rate: 0.00%
-----------------------------------------
| eval/                   |             |
|    mean_ep_length       | 200         |
|    mean_reward          | 64.2        |
|    success_rate         | 0           |
| time/                   |             |
|    total_timesteps      | 1900000     |
| train/                  |             |
|    approx_kl            | 0.042217247 |
|    clip_fraction        | 0.348       |
|    clip_range           | 0.2         |
|    entropy_loss         | -7.1        |
|    explained_variance   | 0.97        |
|    learning_rate        | 0.0003      |
|    loss                 | 0.162       |
|    n_updates            | 2310        |
|    policy_gradient_loss | -0.00202    |
|    std                  | 0.835       |
|    value_loss           | 0.693       |
-----------------------------------------
---------------------------------
| rollout/           |          |
|    ep_len_mean     | 200      |
|    ep_rew_mean     | 62.8     |
|    success_rate    | 0        |
| time/              |          |
|    fps             | 4263     |
|    iterations      | 232      |
|    time_elapsed    | 445      |
|    total_timesteps | 1900544  |
---------------------------------
-----------------------------------------
| rollout/                |             |
|    ep_len_mean          | 200         |
|    ep_rew_mean          | 62.1        |
|    success_rate         | 0           |
| time/                   |             |
|    fps                  | 4263        |
|    iterations           | 233         |
|    time_elapsed         | 447         |
|    total_timesteps      | 1908736     |
| train/                  |             |
|    approx_kl            | 0.011212575 |
|    clip_fraction        | 0.175       |
|    clip_range           | 0.2         |
|    entropy_loss         | -7.13       |
|    explained_variance   | 0.976       |
|    learning_rate        | 0.0003      |
|    loss                 | 0.861       |
|    n_updates            | 2320        |
|    policy_gradient_loss | -0.00454    |
|    std                  | 0.837       |
|    value_loss           | 2.07        |
-----------------------------------------
-----------------------------------------
| rollout/                |             |
|    ep_len_mean          | 200         |
|    ep_rew_mean          | 64.5        |
|    success_rate         | 0           |
| time/                   |             |
|    fps                  | 4262        |
|    iterations           | 234         |
|    time_elapsed         | 449         |
|    total_timesteps      | 1916928     |
| train/                  |             |
|    approx_kl            | 0.018609721 |
|    clip_fraction        | 0.229       |
|    clip_range           | 0.2         |
|    entropy_loss         | -7.14       |
|    explained_variance   | 0.98        |
|    learning_rate        | 0.0003      |
|    loss                 | 0.193       |
|    n_updates            | 2330        |
|    policy_gradient_loss | -0.00619    |
|    std                  | 0.841       |
|    value_loss           | 0.623       |
-----------------------------------------
Eval num_timesteps=1925000, episode_reward=56.86 +/- 6.29
Episode length: 200.00 +/- 0.00
Success rate: 0.00%
----------------------------------------
| eval/                   |            |
|    mean_ep_length       | 200        |
|    mean_reward          | 56.9       |
|    success_rate         | 0          |
| time/                   |            |
|    total_timesteps      | 1925000    |
| train/                  |            |
|    approx_kl            | 0.01944604 |
|    clip_fraction        | 0.268      |
|    clip_range           | 0.2        |
|    entropy_loss         | -7.17      |
|    explained_variance   | 0.989      |
|    learning_rate        | 0.0003     |
|    loss                 | 0.0658     |
|    n_updates            | 2340       |
|    policy_gradient_loss | -0.00193   |
|    std                  | 0.848      |
|    value_loss           | 0.346      |
----------------------------------------
---------------------------------
| rollout/           |          |
|    ep_len_mean     | 200      |
|    ep_rew_mean     | 64.7     |
|    success_rate    | 0        |
| time/              |          |
|    fps             | 4257     |
|    iterations      | 235      |
|    time_elapsed    | 452      |
|    total_timesteps | 1925120  |
---------------------------------
-----------------------------------------
| rollout/                |             |
|    ep_len_mean          | 200         |
|    ep_rew_mean          | 63.5        |
|    success_rate         | 0           |
| time/                   |             |
|    fps                  | 4257        |
|    iterations           | 236         |
|    time_elapsed         | 454         |
|    total_timesteps      | 1933312     |
| train/                  |             |
|    approx_kl            | 0.018836156 |
|    clip_fraction        | 0.217       |
|    clip_range           | 0.2         |
|    entropy_loss         | -7.18       |
|    explained_variance   | 0.988       |
|    learning_rate        | 0.0003      |
|    loss                 | 0.195       |
|    n_updates            | 2350        |
|    policy_gradient_loss | -0.00729    |
|    std                  | 0.847       |
|    value_loss           | 0.467       |
-----------------------------------------
-----------------------------------------
| rollout/                |             |
|    ep_len_mean          | 200         |
|    ep_rew_mean          | 62.1        |
|    success_rate         | 0           |
| time/                   |             |
|    fps                  | 4256        |
|    iterations           | 237         |
|    time_elapsed         | 456         |
|    total_timesteps      | 1941504     |
| train/                  |             |
|    approx_kl            | 0.010999891 |
|    clip_fraction        | 0.112       |
|    clip_range           | 0.2         |
|    entropy_loss         | -7.19       |
|    explained_variance   | 0.967       |
|    learning_rate        | 0.0003      |
|    loss                 | 0.951       |
|    n_updates            | 2360        |
|    policy_gradient_loss | -0.00507    |
|    std                  | 0.849       |
|    value_loss           | 1.86        |
-----------------------------------------
-----------------------------------------
| rollout/                |             |
|    ep_len_mean          | 200         |
|    ep_rew_mean          | 62.7        |
|    success_rate         | 0           |
| time/                   |             |
|    fps                  | 4255        |
|    iterations           | 238         |
|    time_elapsed         | 458         |
|    total_timesteps      | 1949696     |
| train/                  |             |
|    approx_kl            | 0.029653497 |
|    clip_fraction        | 0.269       |
|    clip_range           | 0.2         |
|    entropy_loss         | -7.21       |
|    explained_variance   | 0.979       |
|    learning_rate        | 0.0003      |
|    loss                 | 0.214       |
|    n_updates            | 2370        |
|    policy_gradient_loss | -0.00295    |
|    std                  | 0.853       |
|    value_loss           | 0.817       |
-----------------------------------------
Eval num_timesteps=1950000, episode_reward=62.27 +/- 4.61
Episode length: 200.00 +/- 0.00
Success rate: 0.00%
-----------------------------------------
| eval/                   |             |
|    mean_ep_length       | 200         |
|    mean_reward          | 62.3        |
|    success_rate         | 0           |
| time/                   |             |
|    total_timesteps      | 1950000     |
| train/                  |             |
|    approx_kl            | 0.026705142 |
|    clip_fraction        | 0.349       |
|    clip_range           | 0.2         |
|    entropy_loss         | -7.24       |
|    explained_variance   | 0.978       |
|    learning_rate        | 0.0003      |
|    loss                 | 0.0586      |
|    n_updates            | 2380        |
|    policy_gradient_loss | 0.00141     |
|    std                  | 0.858       |
|    value_loss           | 0.435       |
-----------------------------------------
---------------------------------
| rollout/           |          |
|    ep_len_mean     | 200      |
|    ep_rew_mean     | 64.2     |
|    success_rate    | 0        |
| time/              |          |
|    fps             | 4251     |
|    iterations      | 239      |
|    time_elapsed    | 460      |
|    total_timesteps | 1957888  |
---------------------------------
-----------------------------------------
| rollout/                |             |
|    ep_len_mean          | 200         |
|    ep_rew_mean          | 63.4        |
|    success_rate         | 0           |
| time/                   |             |
|    fps                  | 4251        |
|    iterations           | 240         |
|    time_elapsed         | 462         |
|    total_timesteps      | 1966080     |
| train/                  |             |
|    approx_kl            | 0.022568874 |
|    clip_fraction        | 0.26        |
|    clip_range           | 0.2         |
|    entropy_loss         | -7.27       |
|    explained_variance   | 0.99        |
|    learning_rate        | 0.0003      |
|    loss                 | 0.0593      |
|    n_updates            | 2390        |
|    policy_gradient_loss | -0.00613    |
|    std                  | 0.861       |
|    value_loss           | 0.385       |
-----------------------------------------
-----------------------------------------
| rollout/                |             |
|    ep_len_mean          | 200         |
|    ep_rew_mean          | 62.7        |
|    success_rate         | 0           |
| time/                   |             |
|    fps                  | 4250        |
|    iterations           | 241         |
|    time_elapsed         | 464         |
|    total_timesteps      | 1974272     |
| train/                  |             |
|    approx_kl            | 0.016382545 |
|    clip_fraction        | 0.208       |
|    clip_range           | 0.2         |
|    entropy_loss         | -7.26       |
|    explained_variance   | 0.983       |
|    learning_rate        | 0.0003      |
|    loss                 | 0.39        |
|    n_updates            | 2400        |
|    policy_gradient_loss | -0.0113     |
|    std                  | 0.859       |
|    value_loss           | 0.725       |
-----------------------------------------
Eval num_timesteps=1975000, episode_reward=55.96 +/- 1.51
Episode length: 200.00 +/- 0.00
Success rate: 0.00%
----------------------------------------
| eval/                   |            |
|    mean_ep_length       | 200        |
|    mean_reward          | 56         |
|    success_rate         | 0          |
| time/                   |            |
|    total_timesteps      | 1975000    |
| train/                  |            |
|    approx_kl            | 0.01495331 |
|    clip_fraction        | 0.189      |
|    clip_range           | 0.2        |
|    entropy_loss         | -7.25      |
|    explained_variance   | 0.972      |
|    learning_rate        | 0.0003     |
|    loss                 | 1.36       |
|    n_updates            | 2410       |
|    policy_gradient_loss | -0.00704   |
|    std                  | 0.857      |
|    value_loss           | 1.87       |
----------------------------------------
---------------------------------
| rollout/           |          |
|    ep_len_mean     | 200      |
|    ep_rew_mean     | 62       |
|    success_rate    | 0        |
| time/              |          |
|    fps             | 4246     |
|    iterations      | 242      |
|    time_elapsed    | 466      |
|    total_timesteps | 1982464  |
---------------------------------
-----------------------------------------
| rollout/                |             |
|    ep_len_mean          | 200         |
|    ep_rew_mean          | 62.6        |
|    success_rate         | 0           |
| time/                   |             |
|    fps                  | 4245        |
|    iterations           | 243         |
|    time_elapsed         | 468         |
|    total_timesteps      | 1990656     |
| train/                  |             |
|    approx_kl            | 0.016782308 |
|    clip_fraction        | 0.204       |
|    clip_range           | 0.2         |
|    entropy_loss         | -7.23       |
|    explained_variance   | 0.979       |
|    learning_rate        | 0.0003      |
|    loss                 | 0.159       |
|    n_updates            | 2420        |
|    policy_gradient_loss | -0.00519    |
|    std                  | 0.858       |
|    value_loss           | 0.91        |
-----------------------------------------
----------------------------------------
| rollout/                |            |
|    ep_len_mean          | 200        |
|    ep_rew_mean          | 62.4       |
|    success_rate         | 0          |
| time/                   |            |
|    fps                  | 4244       |
|    iterations           | 244        |
|    time_elapsed         | 470        |
|    total_timesteps      | 1998848    |
| train/                  |            |
|    approx_kl            | 0.01422007 |
|    clip_fraction        | 0.131      |
|    clip_range           | 0.2        |
|    entropy_loss         | -7.23      |
|    explained_variance   | 0.969      |
|    learning_rate        | 0.0003     |
|    loss                 | 0.815      |
|    n_updates            | 2430       |
|    policy_gradient_loss | -0.0103    |
|    std                  | 0.857      |
|    value_loss           | 2.95       |
----------------------------------------
Eval num_timesteps=2000000, episode_reward=52.29 +/- 1.80
Episode length: 200.00 +/- 0.00
Success rate: 0.00%
-----------------------------------------
| eval/                   |             |
|    mean_ep_length       | 200         |
|    mean_reward          | 52.3        |
|    success_rate         | 0           |
| time/                   |             |
|    total_timesteps      | 2000000     |
| train/                  |             |
|    approx_kl            | 0.018509716 |
|    clip_fraction        | 0.23        |
|    clip_range           | 0.2         |
|    entropy_loss         | -7.25       |
|    explained_variance   | 0.979       |
|    learning_rate        | 0.0003      |
|    loss                 | 0.158       |
|    n_updates            | 2440        |
|    policy_gradient_loss | -0.0017     |
|    std                  | 0.863       |
|    value_loss           | 0.567       |
-----------------------------------------
---------------------------------
| rollout/           |          |
|    ep_len_mean     | 200      |
|    ep_rew_mean     | 62.8     |
|    success_rate    | 0        |
| time/              |          |
|    fps             | 4240     |
|    iterations      | 245      |
|    time_elapsed    | 473      |
|    total_timesteps | 2007040  |
---------------------------------
-----------------------------------------
| rollout/                |             |
|    ep_len_mean          | 200         |
|    ep_rew_mean          | 64.2        |
|    success_rate         | 0           |
| time/                   |             |
|    fps                  | 4240        |
|    iterations           | 246         |
|    time_elapsed         | 475         |
|    total_timesteps      | 2015232     |
| train/                  |             |
|    approx_kl            | 0.022893563 |
|    clip_fraction        | 0.235       |
|    clip_range           | 0.2         |
|    entropy_loss         | -7.26       |
|    explained_variance   | 0.985       |
|    learning_rate        | 0.0003      |
|    loss                 | 0.186       |
|    n_updates            | 2450        |
|    policy_gradient_loss | -0.00567    |
|    std                  | 0.86        |
|    value_loss           | 0.512       |
-----------------------------------------
-----------------------------------------
| rollout/                |             |
|    ep_len_mean          | 200         |
|    ep_rew_mean          | 62.7        |
|    success_rate         | 0           |
| time/                   |             |
|    fps                  | 4240        |
|    iterations           | 247         |
|    time_elapsed         | 477         |
|    total_timesteps      | 2023424     |
| train/                  |             |
|    approx_kl            | 0.019774482 |
|    clip_fraction        | 0.202       |
|    clip_range           | 0.2         |
|    entropy_loss         | -7.24       |
|    explained_variance   | 0.979       |
|    learning_rate        | 0.0003      |
|    loss                 | 0.444       |
|    n_updates            | 2460        |
|    policy_gradient_loss | -0.00944    |
|    std                  | 0.856       |
|    value_loss           | 0.968       |
-----------------------------------------
Eval num_timesteps=2025000, episode_reward=57.88 +/- 1.56
Episode length: 200.00 +/- 0.00
Success rate: 0.00%
-----------------------------------------
| eval/                   |             |
|    mean_ep_length       | 200         |
|    mean_reward          | 57.9        |
|    success_rate         | 0           |
| time/                   |             |
|    total_timesteps      | 2025000     |
| train/                  |             |
|    approx_kl            | 0.030358773 |
|    clip_fraction        | 0.209       |
|    clip_range           | 0.2         |
|    entropy_loss         | -7.24       |
|    explained_variance   | 0.978       |
|    learning_rate        | 0.0003      |
|    loss                 | 0.401       |
|    n_updates            | 2470        |
|    policy_gradient_loss | -0.00457    |
|    std                  | 0.86        |
|    value_loss           | 1.24        |
-----------------------------------------
---------------------------------
| rollout/           |          |
|    ep_len_mean     | 200      |
|    ep_rew_mean     | 60.6     |
|    success_rate    | 0        |
| time/              |          |
|    fps             | 4236     |
|    iterations      | 248      |
|    time_elapsed    | 479      |
|    total_timesteps | 2031616  |
---------------------------------
-----------------------------------------
| rollout/                |             |
|    ep_len_mean          | 200         |
|    ep_rew_mean          | 61.1        |
|    success_rate         | 0           |
| time/                   |             |
|    fps                  | 4235        |
|    iterations           | 249         |
|    time_elapsed         | 481         |
|    total_timesteps      | 2039808     |
| train/                  |             |
|    approx_kl            | 0.018803038 |
|    clip_fraction        | 0.147       |
|    clip_range           | 0.2         |
|    entropy_loss         | -7.25       |
|    explained_variance   | 0.979       |
|    learning_rate        | 0.0003      |
|    loss                 | 1.65        |
|    n_updates            | 2480        |
|    policy_gradient_loss | -0.0116     |
|    std                  | 0.857       |
|    value_loss           | 2.06        |
-----------------------------------------
-----------------------------------------
| rollout/                |             |
|    ep_len_mean          | 200         |
|    ep_rew_mean          | 63          |
|    success_rate         | 0           |
| time/                   |             |
|    fps                  | 4235        |
|    iterations           | 250         |
|    time_elapsed         | 483         |
|    total_timesteps      | 2048000     |
| train/                  |             |
|    approx_kl            | 0.023105815 |
|    clip_fraction        | 0.303       |
|    clip_range           | 0.2         |
|    entropy_loss         | -7.25       |
|    explained_variance   | 0.973       |
|    learning_rate        | 0.0003      |
|    loss                 | 0.248       |
|    n_updates            | 2490        |
|    policy_gradient_loss | -0.00314    |
|    std                  | 0.861       |
|    value_loss           | 0.836       |
-----------------------------------------
Eval num_timesteps=2050000, episode_reward=59.33 +/- 0.40
Episode length: 200.00 +/- 0.00
Success rate: 0.00%
-----------------------------------------
| eval/                   |             |
|    mean_ep_length       | 200         |
|    mean_reward          | 59.3        |
|    success_rate         | 0           |
| time/                   |             |
|    total_timesteps      | 2050000     |
| train/                  |             |
|    approx_kl            | 0.023338906 |
|    clip_fraction        | 0.285       |
|    clip_range           | 0.2         |
|    entropy_loss         | -7.28       |
|    explained_variance   | 0.979       |
|    learning_rate        | 0.0003      |
|    loss                 | 0.72        |
|    n_updates            | 2500        |
|    policy_gradient_loss | -0.00242    |
|    std                  | 0.864       |
|    value_loss           | 1.39        |
-----------------------------------------
---------------------------------
| rollout/           |          |
|    ep_len_mean     | 200      |
|    ep_rew_mean     | 63.5     |
|    success_rate    | 0        |
| time/              |          |
|    fps             | 4231     |
|    iterations      | 251      |
|    time_elapsed    | 485      |
|    total_timesteps | 2056192  |
---------------------------------
-----------------------------------------
| rollout/                |             |
|    ep_len_mean          | 200         |
|    ep_rew_mean          | 63.1        |
|    success_rate         | 0           |
| time/                   |             |
|    fps                  | 4230        |
|    iterations           | 252         |
|    time_elapsed         | 487         |
|    total_timesteps      | 2064384     |
| train/                  |             |
|    approx_kl            | 0.030279396 |
|    clip_fraction        | 0.213       |
|    clip_range           | 0.2         |
|    entropy_loss         | -7.28       |
|    explained_variance   | 0.978       |
|    learning_rate        | 0.0003      |
|    loss                 | 0.785       |
|    n_updates            | 2510        |
|    policy_gradient_loss | -0.00288    |
|    std                  | 0.865       |
|    value_loss           | 1.66        |
-----------------------------------------
-----------------------------------------
| rollout/                |             |
|    ep_len_mean          | 200         |
|    ep_rew_mean          | 64          |
|    success_rate         | 0           |
| time/                   |             |
|    fps                  | 4229        |
|    iterations           | 253         |
|    time_elapsed         | 489         |
|    total_timesteps      | 2072576     |
| train/                  |             |
|    approx_kl            | 0.019246262 |
|    clip_fraction        | 0.214       |
|    clip_range           | 0.2         |
|    entropy_loss         | -7.29       |
|    explained_variance   | 0.982       |
|    learning_rate        | 0.0003      |
|    loss                 | 0.849       |
|    n_updates            | 2520        |
|    policy_gradient_loss | -0.00189    |
|    std                  | 0.866       |
|    value_loss           | 1.1         |
-----------------------------------------
Eval num_timesteps=2075000, episode_reward=63.17 +/- 4.20
Episode length: 200.00 +/- 0.00
Success rate: 0.00%
-----------------------------------------
| eval/                   |             |
|    mean_ep_length       | 200         |
|    mean_reward          | 63.2        |
|    success_rate         | 0           |
| time/                   |             |
|    total_timesteps      | 2075000     |
| train/                  |             |
|    approx_kl            | 0.026526785 |
|    clip_fraction        | 0.302       |
|    clip_range           | 0.2         |
|    entropy_loss         | -7.33       |
|    explained_variance   | 0.976       |
|    learning_rate        | 0.0003      |
|    loss                 | 0.36        |
|    n_updates            | 2530        |
|    policy_gradient_loss | -0.00758    |
|    std                  | 0.873       |
|    value_loss           | 0.95        |
-----------------------------------------
---------------------------------
| rollout/           |          |
|    ep_len_mean     | 200      |
|    ep_rew_mean     | 60.7     |
|    success_rate    | 0        |
| time/              |          |
|    fps             | 4226     |
|    iterations      | 254      |
|    time_elapsed    | 492      |
|    total_timesteps | 2080768  |
---------------------------------
-----------------------------------------
| rollout/                |             |
|    ep_len_mean          | 200         |
|    ep_rew_mean          | 57.5        |
|    success_rate         | 0           |
| time/                   |             |
|    fps                  | 4225        |
|    iterations           | 255         |
|    time_elapsed         | 494         |
|    total_timesteps      | 2088960     |
| train/                  |             |
|    approx_kl            | 0.011013189 |
|    clip_fraction        | 0.144       |
|    clip_range           | 0.2         |
|    entropy_loss         | -7.35       |
|    explained_variance   | 0.959       |
|    learning_rate        | 0.0003      |
|    loss                 | 2.91        |
|    n_updates            | 2540        |
|    policy_gradient_loss | -0.00807    |
|    std                  | 0.872       |
|    value_loss           | 7.79        |
-----------------------------------------
-----------------------------------------
| rollout/                |             |
|    ep_len_mean          | 200         |
|    ep_rew_mean          | 54.6        |
|    success_rate         | 0           |
| time/                   |             |
|    fps                  | 4225        |
|    iterations           | 256         |
|    time_elapsed         | 496         |
|    total_timesteps      | 2097152     |
| train/                  |             |
|    approx_kl            | 0.012595948 |
|    clip_fraction        | 0.145       |
|    clip_range           | 0.2         |
|    entropy_loss         | -7.35       |
|    explained_variance   | 0.956       |
|    learning_rate        | 0.0003      |
|    loss                 | 2.73        |
|    n_updates            | 2550        |
|    policy_gradient_loss | -0.00968    |
|    std                  | 0.871       |
|    value_loss           | 5.38        |
-----------------------------------------
Eval num_timesteps=2100000, episode_reward=61.31 +/- 1.30
Episode length: 200.00 +/- 0.00
Success rate: 0.00%
-----------------------------------------
| eval/                   |             |
|    mean_ep_length       | 200         |
|    mean_reward          | 61.3        |
|    success_rate         | 0           |
| time/                   |             |
|    total_timesteps      | 2100000     |
| train/                  |             |
|    approx_kl            | 0.030326905 |
|    clip_fraction        | 0.215       |
|    clip_range           | 0.2         |
|    entropy_loss         | -7.36       |
|    explained_variance   | 0.978       |
|    learning_rate        | 0.0003      |
|    loss                 | 0.903       |
|    n_updates            | 2560        |
|    policy_gradient_loss | -0.00946    |
|    std                  | 0.873       |
|    value_loss           | 2.56        |
-----------------------------------------
---------------------------------
| rollout/           |          |
|    ep_len_mean     | 200      |
|    ep_rew_mean     | 59.3     |
|    success_rate    | 0        |
| time/              |          |
|    fps             | 4221     |
|    iterations      | 257      |
|    time_elapsed    | 498      |
|    total_timesteps | 2105344  |
---------------------------------
-----------------------------------------
| rollout/                |             |
|    ep_len_mean          | 200         |
|    ep_rew_mean          | 61.3        |
|    success_rate         | 0           |
| time/                   |             |
|    fps                  | 4221        |
|    iterations           | 258         |
|    time_elapsed         | 500         |
|    total_timesteps      | 2113536     |
| train/                  |             |
|    approx_kl            | 0.027063971 |
|    clip_fraction        | 0.276       |
|    clip_range           | 0.2         |
|    entropy_loss         | -7.34       |
|    explained_variance   | 0.955       |
|    learning_rate        | 0.0003      |
|    loss                 | 0.312       |
|    n_updates            | 2570        |
|    policy_gradient_loss | -0.00492    |
|    std                  | 0.87        |
|    value_loss           | 1.35        |
-----------------------------------------
-----------------------------------------
| rollout/                |             |
|    ep_len_mean          | 200         |
|    ep_rew_mean          | 63.4        |
|    success_rate         | 0           |
| time/                   |             |
|    fps                  | 4220        |
|    iterations           | 259         |
|    time_elapsed         | 502         |
|    total_timesteps      | 2121728     |
| train/                  |             |
|    approx_kl            | 0.020400956 |
|    clip_fraction        | 0.284       |
|    clip_range           | 0.2         |
|    entropy_loss         | -7.36       |
|    explained_variance   | 0.948       |
|    learning_rate        | 0.0003      |
|    loss                 | 0.671       |
|    n_updates            | 2580        |
|    policy_gradient_loss | -0.00525    |
|    std                  | 0.875       |
|    value_loss           | 1.52        |
-----------------------------------------
Eval num_timesteps=2125000, episode_reward=60.57 +/- 0.99
Episode length: 200.00 +/- 0.00
Success rate: 0.00%
-----------------------------------------
| eval/                   |             |
|    mean_ep_length       | 200         |
|    mean_reward          | 60.6        |
|    success_rate         | 0           |
| time/                   |             |
|    total_timesteps      | 2125000     |
| train/                  |             |
|    approx_kl            | 0.029676568 |
|    clip_fraction        | 0.311       |
|    clip_range           | 0.2         |
|    entropy_loss         | -7.39       |
|    explained_variance   | 0.98        |
|    learning_rate        | 0.0003      |
|    loss                 | 0.171       |
|    n_updates            | 2590        |
|    policy_gradient_loss | -0.00406    |
|    std                  | 0.88        |
|    value_loss           | 0.657       |
-----------------------------------------
---------------------------------
| rollout/           |          |
|    ep_len_mean     | 200      |
|    ep_rew_mean     | 64       |
|    success_rate    | 0        |
| time/              |          |
|    fps             | 4217     |
|    iterations      | 260      |
|    time_elapsed    | 505      |
|    total_timesteps | 2129920  |
---------------------------------
-----------------------------------------
| rollout/                |             |
|    ep_len_mean          | 200         |
|    ep_rew_mean          | 64.3        |
|    success_rate         | 0           |
| time/                   |             |
|    fps                  | 4216        |
|    iterations           | 261         |
|    time_elapsed         | 507         |
|    total_timesteps      | 2138112     |
| train/                  |             |
|    approx_kl            | 0.015811566 |
|    clip_fraction        | 0.21        |
|    clip_range           | 0.2         |
|    entropy_loss         | -7.41       |
|    explained_variance   | 0.964       |
|    learning_rate        | 0.0003      |
|    loss                 | 0.889       |
|    n_updates            | 2600        |
|    policy_gradient_loss | -0.00763    |
|    std                  | 0.884       |
|    value_loss           | 1.92        |
-----------------------------------------
-----------------------------------------
| rollout/                |             |
|    ep_len_mean          | 200         |
|    ep_rew_mean          | 64.1        |
|    success_rate         | 0           |
| time/                   |             |
|    fps                  | 4216        |
|    iterations           | 262         |
|    time_elapsed         | 509         |
|    total_timesteps      | 2146304     |
| train/                  |             |
|    approx_kl            | 0.018895138 |
|    clip_fraction        | 0.239       |
|    clip_range           | 0.2         |
|    entropy_loss         | -7.44       |
|    explained_variance   | 0.976       |
|    learning_rate        | 0.0003      |
|    loss                 | 0.384       |
|    n_updates            | 2610        |
|    policy_gradient_loss | -0.00453    |
|    std                  | 0.887       |
|    value_loss           | 1.18        |
-----------------------------------------
Eval num_timesteps=2150000, episode_reward=56.70 +/- 2.27
Episode length: 200.00 +/- 0.00
Success rate: 0.00%
----------------------------------------
| eval/                   |            |
|    mean_ep_length       | 200        |
|    mean_reward          | 56.7       |
|    success_rate         | 0          |
| time/                   |            |
|    total_timesteps      | 2150000    |
| train/                  |            |
|    approx_kl            | 0.02435507 |
|    clip_fraction        | 0.262      |
|    clip_range           | 0.2        |
|    entropy_loss         | -7.45      |
|    explained_variance   | 0.981      |
|    learning_rate        | 0.0003     |
|    loss                 | 0.231      |
|    n_updates            | 2620       |
|    policy_gradient_loss | -0.00456   |
|    std                  | 0.891      |
|    value_loss           | 0.917      |
----------------------------------------
---------------------------------
| rollout/           |          |
|    ep_len_mean     | 200      |
|    ep_rew_mean     | 64.6     |
|    success_rate    | 0        |
| time/              |          |
|    fps             | 4212     |
|    iterations      | 263      |
|    time_elapsed    | 511      |
|    total_timesteps | 2154496  |
---------------------------------
-----------------------------------------
| rollout/                |             |
|    ep_len_mean          | 200         |
|    ep_rew_mean          | 63.6        |
|    success_rate         | 0           |
| time/                   |             |
|    fps                  | 4212        |
|    iterations           | 264         |
|    time_elapsed         | 513         |
|    total_timesteps      | 2162688     |
| train/                  |             |
|    approx_kl            | 0.021594169 |
|    clip_fraction        | 0.231       |
|    clip_range           | 0.2         |
|    entropy_loss         | -7.47       |
|    explained_variance   | 0.965       |
|    learning_rate        | 0.0003      |
|    loss                 | 0.515       |
|    n_updates            | 2630        |
|    policy_gradient_loss | -0.00841    |
|    std                  | 0.892       |
|    value_loss           | 1.09        |
-----------------------------------------
---------------------------------------
| rollout/                |           |
|    ep_len_mean          | 200       |
|    ep_rew_mean          | 64        |
|    success_rate         | 0         |
| time/                   |           |
|    fps                  | 4212      |
|    iterations           | 265       |
|    time_elapsed         | 515       |
|    total_timesteps      | 2170880   |
| train/                  |           |
|    approx_kl            | 0.0244889 |
|    clip_fraction        | 0.269     |
|    clip_range           | 0.2       |
|    entropy_loss         | -7.49     |
|    explained_variance   | 0.968     |
|    learning_rate        | 0.0003    |
|    loss                 | 0.429     |
|    n_updates            | 2640      |
|    policy_gradient_loss | -0.00862  |
|    std                  | 0.897     |
|    value_loss           | 1.15      |
---------------------------------------
Eval num_timesteps=2175000, episode_reward=55.58 +/- 2.43
Episode length: 200.00 +/- 0.00
Success rate: 0.00%
-----------------------------------------
| eval/                   |             |
|    mean_ep_length       | 200         |
|    mean_reward          | 55.6        |
|    success_rate         | 0           |
| time/                   |             |
|    total_timesteps      | 2175000     |
| train/                  |             |
|    approx_kl            | 0.026776344 |
|    clip_fraction        | 0.238       |
|    clip_range           | 0.2         |
|    entropy_loss         | -7.52       |
|    explained_variance   | 0.975       |
|    learning_rate        | 0.0003      |
|    loss                 | 0.281       |
|    n_updates            | 2650        |
|    policy_gradient_loss | -0.00939    |
|    std                  | 0.901       |
|    value_loss           | 0.98        |
-----------------------------------------
---------------------------------
| rollout/           |          |
|    ep_len_mean     | 200      |
|    ep_rew_mean     | 65.1     |
|    success_rate    | 0        |
| time/              |          |
|    fps             | 4208     |
|    iterations      | 266      |
|    time_elapsed    | 517      |
|    total_timesteps | 2179072  |
---------------------------------
----------------------------------------
| rollout/                |            |
|    ep_len_mean          | 200        |
|    ep_rew_mean          | 64.9       |
|    success_rate         | 0          |
| time/                   |            |
|    fps                  | 4208       |
|    iterations           | 267        |
|    time_elapsed         | 519        |
|    total_timesteps      | 2187264    |
| train/                  |            |
|    approx_kl            | 0.02777014 |
|    clip_fraction        | 0.358      |
|    clip_range           | 0.2        |
|    entropy_loss         | -7.56      |
|    explained_variance   | 0.977      |
|    learning_rate        | 0.0003     |
|    loss                 | 0.125      |
|    n_updates            | 2660       |
|    policy_gradient_loss | -0.00395   |
|    std                  | 0.909      |
|    value_loss           | 0.465      |
----------------------------------------
-----------------------------------------
| rollout/                |             |
|    ep_len_mean          | 200         |
|    ep_rew_mean          | 65.6        |
|    success_rate         | 0           |
| time/                   |             |
|    fps                  | 4208        |
|    iterations           | 268         |
|    time_elapsed         | 521         |
|    total_timesteps      | 2195456     |
| train/                  |             |
|    approx_kl            | 0.019810025 |
|    clip_fraction        | 0.218       |
|    clip_range           | 0.2         |
|    entropy_loss         | -7.59       |
|    explained_variance   | 0.974       |
|    learning_rate        | 0.0003      |
|    loss                 | 0.613       |
|    n_updates            | 2670        |
|    policy_gradient_loss | -0.00612    |
|    std                  | 0.912       |
|    value_loss           | 1.68        |
-----------------------------------------
Eval num_timesteps=2200000, episode_reward=58.84 +/- 1.84
Episode length: 200.00 +/- 0.00
Success rate: 0.00%
-----------------------------------------
| eval/                   |             |
|    mean_ep_length       | 200         |
|    mean_reward          | 58.8        |
|    success_rate         | 0           |
| time/                   |             |
|    total_timesteps      | 2200000     |
| train/                  |             |
|    approx_kl            | 0.026012711 |
|    clip_fraction        | 0.234       |
|    clip_range           | 0.2         |
|    entropy_loss         | -7.61       |
|    explained_variance   | 0.979       |
|    learning_rate        | 0.0003      |
|    loss                 | 0.407       |
|    n_updates            | 2680        |
|    policy_gradient_loss | -0.00535    |
|    std                  | 0.917       |
|    value_loss           | 0.856       |
-----------------------------------------
---------------------------------
| rollout/           |          |
|    ep_len_mean     | 200      |
|    ep_rew_mean     | 62.9     |
|    success_rate    | 0        |
| time/              |          |
|    fps             | 4204     |
|    iterations      | 269      |
|    time_elapsed    | 524      |
|    total_timesteps | 2203648  |
---------------------------------
-----------------------------------------
| rollout/                |             |
|    ep_len_mean          | 200         |
|    ep_rew_mean          | 63.3        |
|    success_rate         | 0           |
| time/                   |             |
|    fps                  | 4204        |
|    iterations           | 270         |
|    time_elapsed         | 526         |
|    total_timesteps      | 2211840     |
| train/                  |             |
|    approx_kl            | 0.020018147 |
|    clip_fraction        | 0.255       |
|    clip_range           | 0.2         |
|    entropy_loss         | -7.61       |
|    explained_variance   | 0.942       |
|    learning_rate        | 0.0003      |
|    loss                 | 0.47        |
|    n_updates            | 2690        |
|    policy_gradient_loss | -0.00528    |
|    std                  | 0.915       |
|    value_loss           | 1.25        |
-----------------------------------------
-----------------------------------------
| rollout/                |             |
|    ep_len_mean          | 200         |
|    ep_rew_mean          | 63          |
|    success_rate         | 0           |
| time/                   |             |
|    fps                  | 4204        |
|    iterations           | 271         |
|    time_elapsed         | 528         |
|    total_timesteps      | 2220032     |
| train/                  |             |
|    approx_kl            | 0.018777069 |
|    clip_fraction        | 0.255       |
|    clip_range           | 0.2         |
|    entropy_loss         | -7.61       |
|    explained_variance   | 0.982       |
|    learning_rate        | 0.0003      |
|    loss                 | 0.197       |
|    n_updates            | 2700        |
|    policy_gradient_loss | -0.00727    |
|    std                  | 0.916       |
|    value_loss           | 0.741       |
-----------------------------------------
Eval num_timesteps=2225000, episode_reward=58.41 +/- 2.00
Episode length: 200.00 +/- 0.00
Success rate: 0.00%
-----------------------------------------
| eval/                   |             |
|    mean_ep_length       | 200         |
|    mean_reward          | 58.4        |
|    success_rate         | 0           |
| time/                   |             |
|    total_timesteps      | 2225000     |
| train/                  |             |
|    approx_kl            | 0.018218115 |
|    clip_fraction        | 0.213       |
|    clip_range           | 0.2         |
|    entropy_loss         | -7.62       |
|    explained_variance   | 0.972       |
|    learning_rate        | 0.0003      |
|    loss                 | 0.296       |
|    n_updates            | 2710        |
|    policy_gradient_loss | -0.0109     |
|    std                  | 0.919       |
|    value_loss           | 1.37        |
-----------------------------------------
---------------------------------
| rollout/           |          |
|    ep_len_mean     | 200      |
|    ep_rew_mean     | 62.2     |
|    success_rate    | 0        |
| time/              |          |
|    fps             | 4200     |
|    iterations      | 272      |
|    time_elapsed    | 530      |
|    total_timesteps | 2228224  |
---------------------------------
-----------------------------------------
| rollout/                |             |
|    ep_len_mean          | 200         |
|    ep_rew_mean          | 62.6        |
|    success_rate         | 0           |
| time/                   |             |
|    fps                  | 4200        |
|    iterations           | 273         |
|    time_elapsed         | 532         |
|    total_timesteps      | 2236416     |
| train/                  |             |
|    approx_kl            | 0.014482533 |
|    clip_fraction        | 0.211       |
|    clip_range           | 0.2         |
|    entropy_loss         | -7.65       |
|    explained_variance   | 0.961       |
|    learning_rate        | 0.0003      |
|    loss                 | 0.593       |
|    n_updates            | 2720        |
|    policy_gradient_loss | -0.00463    |
|    std                  | 0.924       |
|    value_loss           | 1.65        |
-----------------------------------------
-----------------------------------------
| rollout/                |             |
|    ep_len_mean          | 200         |
|    ep_rew_mean          | 61.7        |
|    success_rate         | 0           |
| time/                   |             |
|    fps                  | 4200        |
|    iterations           | 274         |
|    time_elapsed         | 534         |
|    total_timesteps      | 2244608     |
| train/                  |             |
|    approx_kl            | 0.020058207 |
|    clip_fraction        | 0.227       |
|    clip_range           | 0.2         |
|    entropy_loss         | -7.67       |
|    explained_variance   | 0.975       |
|    learning_rate        | 0.0003      |
|    loss                 | 0.474       |
|    n_updates            | 2730        |
|    policy_gradient_loss | -0.00922    |
|    std                  | 0.925       |
|    value_loss           | 1.35        |
-----------------------------------------
Eval num_timesteps=2250000, episode_reward=57.45 +/- 1.43
Episode length: 200.00 +/- 0.00
Success rate: 0.00%
----------------------------------------
| eval/                   |            |
|    mean_ep_length       | 200        |
|    mean_reward          | 57.5       |
|    success_rate         | 0          |
| time/                   |            |
|    total_timesteps      | 2250000    |
| train/                  |            |
|    approx_kl            | 0.01845507 |
|    clip_fraction        | 0.203      |
|    clip_range           | 0.2        |
|    entropy_loss         | -7.67      |
|    explained_variance   | 0.964      |
|    learning_rate        | 0.0003     |
|    loss                 | 2.22       |
|    n_updates            | 2740       |
|    policy_gradient_loss | -0.0111    |
|    std                  | 0.927      |
|    value_loss           | 2.79       |
----------------------------------------
---------------------------------
| rollout/           |          |
|    ep_len_mean     | 200      |
|    ep_rew_mean     | 61.7     |
|    success_rate    | 0        |
| time/              |          |
|    fps             | 4196     |
|    iterations      | 275      |
|    time_elapsed    | 536      |
|    total_timesteps | 2252800  |
---------------------------------
-----------------------------------------
| rollout/                |             |
|    ep_len_mean          | 200         |
|    ep_rew_mean          | 61.5        |
|    success_rate         | 0           |
| time/                   |             |
|    fps                  | 4196        |
|    iterations           | 276         |
|    time_elapsed         | 538         |
|    total_timesteps      | 2260992     |
| train/                  |             |
|    approx_kl            | 0.018744186 |
|    clip_fraction        | 0.199       |
|    clip_range           | 0.2         |
|    entropy_loss         | -7.67       |
|    explained_variance   | 0.976       |
|    learning_rate        | 0.0003      |
|    loss                 | 0.692       |
|    n_updates            | 2750        |
|    policy_gradient_loss | -0.00582    |
|    std                  | 0.926       |
|    value_loss           | 1.74        |
-----------------------------------------
-----------------------------------------
| rollout/                |             |
|    ep_len_mean          | 200         |
|    ep_rew_mean          | 58.8        |
|    success_rate         | 0           |
| time/                   |             |
|    fps                  | 4196        |
|    iterations           | 277         |
|    time_elapsed         | 540         |
|    total_timesteps      | 2269184     |
| train/                  |             |
|    approx_kl            | 0.019972747 |
|    clip_fraction        | 0.233       |
|    clip_range           | 0.2         |
|    entropy_loss         | -7.67       |
|    explained_variance   | 0.96        |
|    learning_rate        | 0.0003      |
|    loss                 | 0.699       |
|    n_updates            | 2760        |
|    policy_gradient_loss | -0.00704    |
|    std                  | 0.922       |
|    value_loss           | 1.7         |
-----------------------------------------
Eval num_timesteps=2275000, episode_reward=58.82 +/- 0.94
Episode length: 200.00 +/- 0.00
Success rate: 0.00%
-----------------------------------------
| eval/                   |             |
|    mean_ep_length       | 200         |
|    mean_reward          | 58.8        |
|    success_rate         | 0           |
| time/                   |             |
|    total_timesteps      | 2275000     |
| train/                  |             |
|    approx_kl            | 0.012001449 |
|    clip_fraction        | 0.161       |
|    clip_range           | 0.2         |
|    entropy_loss         | -7.67       |
|    explained_variance   | 0.964       |
|    learning_rate        | 0.0003      |
|    loss                 | 1.15        |
|    n_updates            | 2770        |
|    policy_gradient_loss | -0.0104     |
|    std                  | 0.924       |
|    value_loss           | 3.38        |
-----------------------------------------
---------------------------------
| rollout/           |          |
|    ep_len_mean     | 200      |
|    ep_rew_mean     | 59       |
|    success_rate    | 0        |
| time/              |          |
|    fps             | 4192     |
|    iterations      | 278      |
|    time_elapsed    | 543      |
|    total_timesteps | 2277376  |
---------------------------------
----------------------------------------
| rollout/                |            |
|    ep_len_mean          | 200        |
|    ep_rew_mean          | 61.2       |
|    success_rate         | 0          |
| time/                   |            |
|    fps                  | 4192       |
|    iterations           | 279        |
|    time_elapsed         | 545        |
|    total_timesteps      | 2285568    |
| train/                  |            |
|    approx_kl            | 0.01914433 |
|    clip_fraction        | 0.25       |
|    clip_range           | 0.2        |
|    entropy_loss         | -7.67      |
|    explained_variance   | 0.985      |
|    learning_rate        | 0.0003     |
|    loss                 | 0.372      |
|    n_updates            | 2780       |
|    policy_gradient_loss | -0.0047    |
|    std                  | 0.924      |
|    value_loss           | 1.08       |
----------------------------------------
-----------------------------------------
| rollout/                |             |
|    ep_len_mean          | 200         |
|    ep_rew_mean          | 63.5        |
|    success_rate         | 0           |
| time/                   |             |
|    fps                  | 4192        |
|    iterations           | 280         |
|    time_elapsed         | 547         |
|    total_timesteps      | 2293760     |
| train/                  |             |
|    approx_kl            | 0.018085748 |
|    clip_fraction        | 0.264       |
|    clip_range           | 0.2         |
|    entropy_loss         | -7.67       |
|    explained_variance   | 0.965       |
|    learning_rate        | 0.0003      |
|    loss                 | 1.05        |
|    n_updates            | 2790        |
|    policy_gradient_loss | -0.00576    |
|    std                  | 0.925       |
|    value_loss           | 1.92        |
-----------------------------------------
Eval num_timesteps=2300000, episode_reward=46.23 +/- 22.20
Episode length: 200.00 +/- 0.00
Success rate: 0.00%
-----------------------------------------
| eval/                   |             |
|    mean_ep_length       | 200         |
|    mean_reward          | 46.2        |
|    success_rate         | 0           |
| time/                   |             |
|    total_timesteps      | 2300000     |
| train/                  |             |
|    approx_kl            | 0.025563505 |
|    clip_fraction        | 0.326       |
|    clip_range           | 0.2         |
|    entropy_loss         | -7.67       |
|    explained_variance   | 0.984       |
|    learning_rate        | 0.0003      |
|    loss                 | 0.164       |
|    n_updates            | 2800        |
|    policy_gradient_loss | -0.00407    |
|    std                  | 0.924       |
|    value_loss           | 0.608       |
-----------------------------------------
---------------------------------
| rollout/           |          |
|    ep_len_mean     | 200      |
|    ep_rew_mean     | 64.5     |
|    success_rate    | 0        |
| time/              |          |
|    fps             | 4188     |
|    iterations      | 281      |
|    time_elapsed    | 549      |
|    total_timesteps | 2301952  |
---------------------------------
-----------------------------------------
| rollout/                |             |
|    ep_len_mean          | 200         |
|    ep_rew_mean          | 66.6        |
|    success_rate         | 0           |
| time/                   |             |
|    fps                  | 4188        |
|    iterations           | 282         |
|    time_elapsed         | 551         |
|    total_timesteps      | 2310144     |
| train/                  |             |
|    approx_kl            | 0.025194824 |
|    clip_fraction        | 0.298       |
|    clip_range           | 0.2         |
|    entropy_loss         | -7.68       |
|    explained_variance   | 0.986       |
|    learning_rate        | 0.0003      |
|    loss                 | 0.105       |
|    n_updates            | 2810        |
|    policy_gradient_loss | -0.00472    |
|    std                  | 0.923       |
|    value_loss           | 0.419       |
-----------------------------------------
-----------------------------------------
| rollout/                |             |
|    ep_len_mean          | 200         |
|    ep_rew_mean          | 65.2        |
|    success_rate         | 0           |
| time/                   |             |
|    fps                  | 4188        |
|    iterations           | 283         |
|    time_elapsed         | 553         |
|    total_timesteps      | 2318336     |
| train/                  |             |
|    approx_kl            | 0.022738416 |
|    clip_fraction        | 0.276       |
|    clip_range           | 0.2         |
|    entropy_loss         | -7.69       |
|    explained_variance   | 0.992       |
|    learning_rate        | 0.0003      |
|    loss                 | 0.0582      |
|    n_updates            | 2820        |
|    policy_gradient_loss | -0.00536    |
|    std                  | 0.926       |
|    value_loss           | 0.27        |
-----------------------------------------
Eval num_timesteps=2325000, episode_reward=48.55 +/- 17.55
Episode length: 200.00 +/- 0.00
Success rate: 0.00%
-----------------------------------------
| eval/                   |             |
|    mean_ep_length       | 200         |
|    mean_reward          | 48.5        |
|    success_rate         | 0           |
| time/                   |             |
|    total_timesteps      | 2325000     |
| train/                  |             |
|    approx_kl            | 0.010924203 |
|    clip_fraction        | 0.194       |
|    clip_range           | 0.2         |
|    entropy_loss         | -7.69       |
|    explained_variance   | 0.974       |
|    learning_rate        | 0.0003      |
|    loss                 | 0.898       |
|    n_updates            | 2830        |
|    policy_gradient_loss | -0.00579    |
|    std                  | 0.925       |
|    value_loss           | 1.68        |
-----------------------------------------
---------------------------------
| rollout/           |          |
|    ep_len_mean     | 200      |
|    ep_rew_mean     | 65.1     |
|    success_rate    | 0        |
| time/              |          |
|    fps             | 4185     |
|    iterations      | 284      |
|    time_elapsed    | 555      |
|    total_timesteps | 2326528  |
---------------------------------
-----------------------------------------
| rollout/                |             |
|    ep_len_mean          | 200         |
|    ep_rew_mean          | 65.8        |
|    success_rate         | 0           |
| time/                   |             |
|    fps                  | 4185        |
|    iterations           | 285         |
|    time_elapsed         | 557         |
|    total_timesteps      | 2334720     |
| train/                  |             |
|    approx_kl            | 0.022430409 |
|    clip_fraction        | 0.231       |
|    clip_range           | 0.2         |
|    entropy_loss         | -7.7        |
|    explained_variance   | 0.98        |
|    learning_rate        | 0.0003      |
|    loss                 | 0.189       |
|    n_updates            | 2840        |
|    policy_gradient_loss | -0.0106     |
|    std                  | 0.927       |
|    value_loss           | 0.647       |
-----------------------------------------
-----------------------------------------
| rollout/                |             |
|    ep_len_mean          | 200         |
|    ep_rew_mean          | 65.9        |
|    success_rate         | 0           |
| time/                   |             |
|    fps                  | 4184        |
|    iterations           | 286         |
|    time_elapsed         | 559         |
|    total_timesteps      | 2342912     |
| train/                  |             |
|    approx_kl            | 0.023080315 |
|    clip_fraction        | 0.244       |
|    clip_range           | 0.2         |
|    entropy_loss         | -7.7        |
|    explained_variance   | 0.973       |
|    learning_rate        | 0.0003      |
|    loss                 | 0.264       |
|    n_updates            | 2850        |
|    policy_gradient_loss | -0.00904    |
|    std                  | 0.927       |
|    value_loss           | 1.25        |
-----------------------------------------
Eval num_timesteps=2350000, episode_reward=59.47 +/- 0.66
Episode length: 200.00 +/- 0.00
Success rate: 0.00%
-----------------------------------------
| eval/                   |             |
|    mean_ep_length       | 200         |
|    mean_reward          | 59.5        |
|    success_rate         | 0           |
| time/                   |             |
|    total_timesteps      | 2350000     |
| train/                  |             |
|    approx_kl            | 0.024898898 |
|    clip_fraction        | 0.296       |
|    clip_range           | 0.2         |
|    entropy_loss         | -7.71       |
|    explained_variance   | 0.984       |
|    learning_rate        | 0.0003      |
|    loss                 | 0.0756      |
|    n_updates            | 2860        |
|    policy_gradient_loss | -0.00749    |
|    std                  | 0.93        |
|    value_loss           | 0.431       |
-----------------------------------------
---------------------------------
| rollout/           |          |
|    ep_len_mean     | 200      |
|    ep_rew_mean     | 65.4     |
|    success_rate    | 0        |
| time/              |          |
|    fps             | 4181     |
|    iterations      | 287      |
|    time_elapsed    | 562      |
|    total_timesteps | 2351104  |
---------------------------------
----------------------------------------
| rollout/                |            |
|    ep_len_mean          | 200        |
|    ep_rew_mean          | 64.8       |
|    success_rate         | 0          |
| time/                   |            |
|    fps                  | 4181       |
|    iterations           | 288        |
|    time_elapsed         | 564        |
|    total_timesteps      | 2359296    |
| train/                  |            |
|    approx_kl            | 0.02693753 |
|    clip_fraction        | 0.257      |
|    clip_range           | 0.2        |
|    entropy_loss         | -7.69      |
|    explained_variance   | 0.978      |
|    learning_rate        | 0.0003     |
|    loss                 | 0.335      |
|    n_updates            | 2870       |
|    policy_gradient_loss | -0.00827   |
|    std                  | 0.93       |
|    value_loss           | 0.892      |
----------------------------------------
----------------------------------------
| rollout/                |            |
|    ep_len_mean          | 200        |
|    ep_rew_mean          | 64.6       |
|    success_rate         | 0          |
| time/                   |            |
|    fps                  | 4181       |
|    iterations           | 289        |
|    time_elapsed         | 566        |
|    total_timesteps      | 2367488    |
| train/                  |            |
|    approx_kl            | 0.02162164 |
|    clip_fraction        | 0.268      |
|    clip_range           | 0.2        |
|    entropy_loss         | -7.69      |
|    explained_variance   | 0.967      |
|    learning_rate        | 0.0003     |
|    loss                 | 0.254      |
|    n_updates            | 2880       |
|    policy_gradient_loss | -0.00837   |
|    std                  | 0.93       |
|    value_loss           | 1.02       |
----------------------------------------
Eval num_timesteps=2375000, episode_reward=62.75 +/- 4.31
Episode length: 200.00 +/- 0.00
Success rate: 0.00%
-----------------------------------------
| eval/                   |             |
|    mean_ep_length       | 200         |
|    mean_reward          | 62.7        |
|    success_rate         | 0           |
| time/                   |             |
|    total_timesteps      | 2375000     |
| train/                  |             |
|    approx_kl            | 0.014924304 |
|    clip_fraction        | 0.162       |
|    clip_range           | 0.2         |
|    entropy_loss         | -7.69       |
|    explained_variance   | 0.966       |
|    learning_rate        | 0.0003      |
|    loss                 | 0.568       |
|    n_updates            | 2890        |
|    policy_gradient_loss | -0.00821    |
|    std                  | 0.93        |
|    value_loss           | 2.14        |
-----------------------------------------
---------------------------------
| rollout/           |          |
|    ep_len_mean     | 200      |
|    ep_rew_mean     | 64.1     |
|    success_rate    | 0        |
| time/              |          |
|    fps             | 4177     |
|    iterations      | 290      |
|    time_elapsed    | 568      |
|    total_timesteps | 2375680  |
---------------------------------
-----------------------------------------
| rollout/                |             |
|    ep_len_mean          | 200         |
|    ep_rew_mean          | 62.4        |
|    success_rate         | 0           |
| time/                   |             |
|    fps                  | 4176        |
|    iterations           | 291         |
|    time_elapsed         | 570         |
|    total_timesteps      | 2383872     |
| train/                  |             |
|    approx_kl            | 0.018546063 |
|    clip_fraction        | 0.19        |
|    clip_range           | 0.2         |
|    entropy_loss         | -7.69       |
|    explained_variance   | 0.963       |
|    learning_rate        | 0.0003      |
|    loss                 | 0.494       |
|    n_updates            | 2900        |
|    policy_gradient_loss | -0.0075     |
|    std                  | 0.932       |
|    value_loss           | 2.23        |
-----------------------------------------
-----------------------------------------
| rollout/                |             |
|    ep_len_mean          | 200         |
|    ep_rew_mean          | 63.4        |
|    success_rate         | 0           |
| time/                   |             |
|    fps                  | 4176        |
|    iterations           | 292         |
|    time_elapsed         | 572         |
|    total_timesteps      | 2392064     |
| train/                  |             |
|    approx_kl            | 0.026955815 |
|    clip_fraction        | 0.293       |
|    clip_range           | 0.2         |
|    entropy_loss         | -7.71       |
|    explained_variance   | 0.957       |
|    learning_rate        | 0.0003      |
|    loss                 | 0.344       |
|    n_updates            | 2910        |
|    policy_gradient_loss | -0.00664    |
|    std                  | 0.94        |
|    value_loss           | 1.17        |
-----------------------------------------
Eval num_timesteps=2400000, episode_reward=51.93 +/- 14.13
Episode length: 200.00 +/- 0.00
Success rate: 0.00%
-----------------------------------------
| eval/                   |             |
|    mean_ep_length       | 200         |
|    mean_reward          | 51.9        |
|    success_rate         | 0           |
| time/                   |             |
|    total_timesteps      | 2400000     |
| train/                  |             |
|    approx_kl            | 0.022272024 |
|    clip_fraction        | 0.319       |
|    clip_range           | 0.2         |
|    entropy_loss         | -7.73       |
|    explained_variance   | 0.978       |
|    learning_rate        | 0.0003      |
|    loss                 | 0.323       |
|    n_updates            | 2920        |
|    policy_gradient_loss | -0.00634    |
|    std                  | 0.942       |
|    value_loss           | 0.712       |
-----------------------------------------
---------------------------------
| rollout/           |          |
|    ep_len_mean     | 200      |
|    ep_rew_mean     | 65.3     |
|    success_rate    | 0        |
| time/              |          |
|    fps             | 4173     |
|    iterations      | 293      |
|    time_elapsed    | 575      |
|    total_timesteps | 2400256  |
---------------------------------
-----------------------------------------
| rollout/                |             |
|    ep_len_mean          | 200         |
|    ep_rew_mean          | 66.2        |
|    success_rate         | 0           |
| time/                   |             |
|    fps                  | 4173        |
|    iterations           | 294         |
|    time_elapsed         | 577         |
|    total_timesteps      | 2408448     |
| train/                  |             |
|    approx_kl            | 0.019833434 |
|    clip_fraction        | 0.23        |
|    clip_range           | 0.2         |
|    entropy_loss         | -7.73       |
|    explained_variance   | 0.976       |
|    learning_rate        | 0.0003      |
|    loss                 | 0.16        |
|    n_updates            | 2930        |
|    policy_gradient_loss | -0.00752    |
|    std                  | 0.941       |
|    value_loss           | 0.819       |
-----------------------------------------
-----------------------------------------
| rollout/                |             |
|    ep_len_mean          | 200         |
|    ep_rew_mean          | 67          |
|    success_rate         | 0           |
| time/                   |             |
|    fps                  | 4173        |
|    iterations           | 295         |
|    time_elapsed         | 579         |
|    total_timesteps      | 2416640     |
| train/                  |             |
|    approx_kl            | 0.024474103 |
|    clip_fraction        | 0.286       |
|    clip_range           | 0.2         |
|    entropy_loss         | -7.73       |
|    explained_variance   | 0.988       |
|    learning_rate        | 0.0003      |
|    loss                 | 0.107       |
|    n_updates            | 2940        |
|    policy_gradient_loss | -0.00706    |
|    std                  | 0.942       |
|    value_loss           | 0.413       |
-----------------------------------------
----------------------------------------
| rollout/                |            |
|    ep_len_mean          | 200        |
|    ep_rew_mean          | 67.1       |
|    success_rate         | 0          |
| time/                   |            |
|    fps                  | 4173       |
|    iterations           | 296        |
|    time_elapsed         | 581        |
|    total_timesteps      | 2424832    |
| train/                  |            |
|    approx_kl            | 0.02638558 |
|    clip_fraction        | 0.295      |
|    clip_range           | 0.2        |
|    entropy_loss         | -7.71      |
|    explained_variance   | 0.989      |
|    learning_rate        | 0.0003     |
|    loss                 | 0.101      |
|    n_updates            | 2950       |
|    policy_gradient_loss | -0.00313   |
|    std                  | 0.939      |
|    value_loss           | 0.341      |
----------------------------------------
Eval num_timesteps=2425000, episode_reward=60.63 +/- 3.83
Episode length: 200.00 +/- 0.00
Success rate: 0.00%
-----------------------------------------
| eval/                   |             |
|    mean_ep_length       | 200         |
|    mean_reward          | 60.6        |
|    success_rate         | 0           |
| time/                   |             |
|    total_timesteps      | 2425000     |
| train/                  |             |
|    approx_kl            | 0.022133972 |
|    clip_fraction        | 0.256       |
|    clip_range           | 0.2         |
|    entropy_loss         | -7.72       |
|    explained_variance   | 0.987       |
|    learning_rate        | 0.0003      |
|    loss                 | 0.0966      |
|    n_updates            | 2960        |
|    policy_gradient_loss | -0.00917    |
|    std                  | 0.945       |
|    value_loss           | 0.392       |
-----------------------------------------
---------------------------------
| rollout/           |          |
|    ep_len_mean     | 200      |
|    ep_rew_mean     | 66.3     |
|    success_rate    | 0        |
| time/              |          |
|    fps             | 4169     |
|    iterations      | 297      |
|    time_elapsed    | 583      |
|    total_timesteps | 2433024  |
---------------------------------
-----------------------------------------
| rollout/                |             |
|    ep_len_mean          | 200         |
|    ep_rew_mean          | 65.9        |
|    success_rate         | 0           |
| time/                   |             |
|    fps                  | 4169        |
|    iterations           | 298         |
|    time_elapsed         | 585         |
|    total_timesteps      | 2441216     |
| train/                  |             |
|    approx_kl            | 0.020221151 |
|    clip_fraction        | 0.251       |
|    clip_range           | 0.2         |
|    entropy_loss         | -7.74       |
|    explained_variance   | 0.975       |
|    learning_rate        | 0.0003      |
|    loss                 | 0.243       |
|    n_updates            | 2970        |
|    policy_gradient_loss | -0.00701    |
|    std                  | 0.949       |
|    value_loss           | 0.819       |
-----------------------------------------
-----------------------------------------
| rollout/                |             |
|    ep_len_mean          | 200         |
|    ep_rew_mean          | 65.8        |
|    success_rate         | 0           |
| time/                   |             |
|    fps                  | 4169        |
|    iterations           | 299         |
|    time_elapsed         | 587         |
|    total_timesteps      | 2449408     |
| train/                  |             |
|    approx_kl            | 0.017193533 |
|    clip_fraction        | 0.214       |
|    clip_range           | 0.2         |
|    entropy_loss         | -7.76       |
|    explained_variance   | 0.986       |
|    learning_rate        | 0.0003      |
|    loss                 | 0.216       |
|    n_updates            | 2980        |
|    policy_gradient_loss | -0.00661    |
|    std                  | 0.952       |
|    value_loss           | 0.463       |
-----------------------------------------
Eval num_timesteps=2450000, episode_reward=63.34 +/- 3.38
Episode length: 200.00 +/- 0.00
Success rate: 0.00%
-----------------------------------------
| eval/                   |             |
|    mean_ep_length       | 200         |
|    mean_reward          | 63.3        |
|    success_rate         | 0           |
| time/                   |             |
|    total_timesteps      | 2450000     |
| train/                  |             |
|    approx_kl            | 0.021812601 |
|    clip_fraction        | 0.247       |
|    clip_range           | 0.2         |
|    entropy_loss         | -7.78       |
|    explained_variance   | 0.979       |
|    learning_rate        | 0.0003      |
|    loss                 | 0.282       |
|    n_updates            | 2990        |
|    policy_gradient_loss | -0.0111     |
|    std                  | 0.954       |
|    value_loss           | 0.716       |
-----------------------------------------
---------------------------------
| rollout/           |          |
|    ep_len_mean     | 200      |
|    ep_rew_mean     | 66.4     |
|    success_rate    | 0        |
| time/              |          |
|    fps             | 4166     |
|    iterations      | 300      |
|    time_elapsed    | 589      |
|    total_timesteps | 2457600  |
---------------------------------
-----------------------------------------
| rollout/                |             |
|    ep_len_mean          | 200         |
|    ep_rew_mean          | 65.7        |
|    success_rate         | 0           |
| time/                   |             |
|    fps                  | 4166        |
|    iterations           | 301         |
|    time_elapsed         | 591         |
|    total_timesteps      | 2465792     |
| train/                  |             |
|    approx_kl            | 0.017570008 |
|    clip_fraction        | 0.206       |
|    clip_range           | 0.2         |
|    entropy_loss         | -7.78       |
|    explained_variance   | 0.979       |
|    learning_rate        | 0.0003      |
|    loss                 | 0.196       |
|    n_updates            | 3000        |
|    policy_gradient_loss | -0.00623    |
|    std                  | 0.953       |
|    value_loss           | 1.13        |
-----------------------------------------
-----------------------------------------
| rollout/                |             |
|    ep_len_mean          | 200         |
|    ep_rew_mean          | 64          |
|    success_rate         | 0           |
| time/                   |             |
|    fps                  | 4166        |
|    iterations           | 302         |
|    time_elapsed         | 593         |
|    total_timesteps      | 2473984     |
| train/                  |             |
|    approx_kl            | 0.020489039 |
|    clip_fraction        | 0.225       |
|    clip_range           | 0.2         |
|    entropy_loss         | -7.79       |
|    explained_variance   | 0.972       |
|    learning_rate        | 0.0003      |
|    loss                 | 0.17        |
|    n_updates            | 3010        |
|    policy_gradient_loss | -0.00645    |
|    std                  | 0.959       |
|    value_loss           | 0.725       |
-----------------------------------------
Eval num_timesteps=2475000, episode_reward=58.96 +/- 9.39
Episode length: 200.00 +/- 0.00
Success rate: 0.00%
-----------------------------------------
| eval/                   |             |
|    mean_ep_length       | 200         |
|    mean_reward          | 59          |
|    success_rate         | 0           |
| time/                   |             |
|    total_timesteps      | 2475000     |
| train/                  |             |
|    approx_kl            | 0.014311815 |
|    clip_fraction        | 0.157       |
|    clip_range           | 0.2         |
|    entropy_loss         | -7.81       |
|    explained_variance   | 0.966       |
|    learning_rate        | 0.0003      |
|    loss                 | 0.615       |
|    n_updates            | 3020        |
|    policy_gradient_loss | -0.00414    |
|    std                  | 0.959       |
|    value_loss           | 2.97        |
-----------------------------------------
---------------------------------
| rollout/           |          |
|    ep_len_mean     | 200      |
|    ep_rew_mean     | 64.6     |
|    success_rate    | 0        |
| time/              |          |
|    fps             | 4163     |
|    iterations      | 303      |
|    time_elapsed    | 596      |
|    total_timesteps | 2482176  |
---------------------------------
-----------------------------------------
| rollout/                |             |
|    ep_len_mean          | 200         |
|    ep_rew_mean          | 65.2        |
|    success_rate         | 0           |
| time/                   |             |
|    fps                  | 4163        |
|    iterations           | 304         |
|    time_elapsed         | 598         |
|    total_timesteps      | 2490368     |
| train/                  |             |
|    approx_kl            | 0.030343547 |
|    clip_fraction        | 0.267       |
|    clip_range           | 0.2         |
|    entropy_loss         | -7.81       |
|    explained_variance   | 0.986       |
|    learning_rate        | 0.0003      |
|    loss                 | 0.129       |
|    n_updates            | 3030        |
|    policy_gradient_loss | -0.00585    |
|    std                  | 0.961       |
|    value_loss           | 0.724       |
-----------------------------------------
-----------------------------------------
| rollout/                |             |
|    ep_len_mean          | 200         |
|    ep_rew_mean          | 67.5        |
|    success_rate         | 0           |
| time/                   |             |
|    fps                  | 4162        |
|    iterations           | 305         |
|    time_elapsed         | 600         |
|    total_timesteps      | 2498560     |
| train/                  |             |
|    approx_kl            | 0.033526562 |
|    clip_fraction        | 0.373       |
|    clip_range           | 0.2         |
|    entropy_loss         | -7.83       |
|    explained_variance   | 0.986       |
|    learning_rate        | 0.0003      |
|    loss                 | 0.0466      |
|    n_updates            | 3040        |
|    policy_gradient_loss | -0.00238    |
|    std                  | 0.964       |
|    value_loss           | 0.264       |
-----------------------------------------
Eval num_timesteps=2500000, episode_reward=53.64 +/- 15.00
Episode length: 200.00 +/- 0.00
Success rate: 0.00%
-----------------------------------------
| eval/                   |             |
|    mean_ep_length       | 200         |
|    mean_reward          | 53.6        |
|    success_rate         | 0           |
| time/                   |             |
|    total_timesteps      | 2500000     |
| train/                  |             |
|    approx_kl            | 0.022882521 |
|    clip_fraction        | 0.294       |
|    clip_range           | 0.2         |
|    entropy_loss         | -7.85       |
|    explained_variance   | 0.978       |
|    learning_rate        | 0.0003      |
|    loss                 | 0.0959      |
|    n_updates            | 3050        |
|    policy_gradient_loss | -0.00545    |
|    std                  | 0.966       |
|    value_loss           | 0.474       |
-----------------------------------------
---------------------------------
| rollout/           |          |
|    ep_len_mean     | 200      |
|    ep_rew_mean     | 66.3     |
|    success_rate    | 0        |
| time/              |          |
|    fps             | 4159     |
|    iterations      | 306      |
|    time_elapsed    | 602      |
|    total_timesteps | 2506752  |
---------------------------------
-----------------------------------------
| rollout/                |             |
|    ep_len_mean          | 200         |
|    ep_rew_mean          | 65.7        |
|    success_rate         | 0           |
| time/                   |             |
|    fps                  | 4159        |
|    iterations           | 307         |
|    time_elapsed         | 604         |
|    total_timesteps      | 2514944     |
| train/                  |             |
|    approx_kl            | 0.017188996 |
|    clip_fraction        | 0.201       |
|    clip_range           | 0.2         |
|    entropy_loss         | -7.85       |
|    explained_variance   | 0.977       |
|    learning_rate        | 0.0003      |
|    loss                 | 0.369       |
|    n_updates            | 3060        |
|    policy_gradient_loss | -0.0133     |
|    std                  | 0.967       |
|    value_loss           | 0.856       |
-----------------------------------------
----------------------------------------
| rollout/                |            |
|    ep_len_mean          | 200        |
|    ep_rew_mean          | 64.9       |
|    success_rate         | 0          |
| time/                   |            |
|    fps                  | 4159       |
|    iterations           | 308        |
|    time_elapsed         | 606        |
|    total_timesteps      | 2523136    |
| train/                  |            |
|    approx_kl            | 0.02394925 |
|    clip_fraction        | 0.295      |
|    clip_range           | 0.2        |
|    entropy_loss         | -7.88      |
|    explained_variance   | 0.971      |
|    learning_rate        | 0.0003     |
|    loss                 | 0.279      |
|    n_updates            | 3070       |
|    policy_gradient_loss | -0.0074    |
|    std                  | 0.975      |
|    value_loss           | 0.755      |
----------------------------------------
Eval num_timesteps=2525000, episode_reward=59.43 +/- 3.08
Episode length: 200.00 +/- 0.00
Success rate: 0.00%
-----------------------------------------
| eval/                   |             |
|    mean_ep_length       | 200         |
|    mean_reward          | 59.4        |
|    success_rate         | 0           |
| time/                   |             |
|    total_timesteps      | 2525000     |
| train/                  |             |
|    approx_kl            | 0.018168148 |
|    clip_fraction        | 0.23        |
|    clip_range           | 0.2         |
|    entropy_loss         | -7.91       |
|    explained_variance   | 0.979       |
|    learning_rate        | 0.0003      |
|    loss                 | 0.172       |
|    n_updates            | 3080        |
|    policy_gradient_loss | -0.0105     |
|    std                  | 0.977       |
|    value_loss           | 0.584       |
-----------------------------------------
---------------------------------
| rollout/           |          |
|    ep_len_mean     | 200      |
|    ep_rew_mean     | 66       |
|    success_rate    | 0        |
| time/              |          |
|    fps             | 4156     |
|    iterations      | 309      |
|    time_elapsed    | 608      |
|    total_timesteps | 2531328  |
---------------------------------
----------------------------------------
| rollout/                |            |
|    ep_len_mean          | 200        |
|    ep_rew_mean          | 67.2       |
|    success_rate         | 0          |
| time/                   |            |
|    fps                  | 4156       |
|    iterations           | 310        |
|    time_elapsed         | 610        |
|    total_timesteps      | 2539520    |
| train/                  |            |
|    approx_kl            | 0.02463631 |
|    clip_fraction        | 0.243      |
|    clip_range           | 0.2        |
|    entropy_loss         | -7.91      |
|    explained_variance   | 0.987      |
|    learning_rate        | 0.0003     |
|    loss                 | 0.0296     |
|    n_updates            | 3090       |
|    policy_gradient_loss | -0.00674   |
|    std                  | 0.976      |
|    value_loss           | 0.364      |
----------------------------------------
-----------------------------------------
| rollout/                |             |
|    ep_len_mean          | 200         |
|    ep_rew_mean          | 67.1        |
|    success_rate         | 0           |
| time/                   |             |
|    fps                  | 4156        |
|    iterations           | 311         |
|    time_elapsed         | 612         |
|    total_timesteps      | 2547712     |
| train/                  |             |
|    approx_kl            | 0.022643214 |
|    clip_fraction        | 0.267       |
|    clip_range           | 0.2         |
|    entropy_loss         | -7.91       |
|    explained_variance   | 0.988       |
|    learning_rate        | 0.0003      |
|    loss                 | 0.104       |
|    n_updates            | 3100        |
|    policy_gradient_loss | -0.00978    |
|    std                  | 0.977       |
|    value_loss           | 0.391       |
-----------------------------------------
Eval num_timesteps=2550000, episode_reward=59.06 +/- 5.29
Episode length: 200.00 +/- 0.00
Success rate: 0.00%
----------------------------------------
| eval/                   |            |
|    mean_ep_length       | 200        |
|    mean_reward          | 59.1       |
|    success_rate         | 0          |
| time/                   |            |
|    total_timesteps      | 2550000    |
| train/                  |            |
|    approx_kl            | 0.02014728 |
|    clip_fraction        | 0.218      |
|    clip_range           | 0.2        |
|    entropy_loss         | -7.91      |
|    explained_variance   | 0.969      |
|    learning_rate        | 0.0003     |
|    loss                 | 0.245      |
|    n_updates            | 3110       |
|    policy_gradient_loss | -0.0118    |
|    std                  | 0.982      |
|    value_loss           | 0.671      |
----------------------------------------
---------------------------------
| rollout/           |          |
|    ep_len_mean     | 200      |
|    ep_rew_mean     | 66.2     |
|    success_rate    | 0        |
| time/              |          |
|    fps             | 4153     |
|    iterations      | 312      |
|    time_elapsed    | 615      |
|    total_timesteps | 2555904  |
---------------------------------
-----------------------------------------
| rollout/                |             |
|    ep_len_mean          | 200         |
|    ep_rew_mean          | 66.1        |
|    success_rate         | 0           |
| time/                   |             |
|    fps                  | 4153        |
|    iterations           | 313         |
|    time_elapsed         | 617         |
|    total_timesteps      | 2564096     |
| train/                  |             |
|    approx_kl            | 0.017765958 |
|    clip_fraction        | 0.216       |
|    clip_range           | 0.2         |
|    entropy_loss         | -7.93       |
|    explained_variance   | 0.975       |
|    learning_rate        | 0.0003      |
|    loss                 | 0.782       |
|    n_updates            | 3120        |
|    policy_gradient_loss | -0.00562    |
|    std                  | 0.985       |
|    value_loss           | 1.43        |
-----------------------------------------
-----------------------------------------
| rollout/                |             |
|    ep_len_mean          | 200         |
|    ep_rew_mean          | 64.8        |
|    success_rate         | 0           |
| time/                   |             |
|    fps                  | 4153        |
|    iterations           | 314         |
|    time_elapsed         | 619         |
|    total_timesteps      | 2572288     |
| train/                  |             |
|    approx_kl            | 0.020893736 |
|    clip_fraction        | 0.211       |
|    clip_range           | 0.2         |
|    entropy_loss         | -7.94       |
|    explained_variance   | 0.962       |
|    learning_rate        | 0.0003      |
|    loss                 | 0.299       |
|    n_updates            | 3130        |
|    policy_gradient_loss | -0.00849    |
|    std                  | 0.986       |
|    value_loss           | 1           |
-----------------------------------------
Eval num_timesteps=2575000, episode_reward=61.56 +/- 3.45
Episode length: 200.00 +/- 0.00
Success rate: 0.00%
----------------------------------------
| eval/                   |            |
|    mean_ep_length       | 200        |
|    mean_reward          | 61.6       |
|    success_rate         | 0          |
| time/                   |            |
|    total_timesteps      | 2575000    |
| train/                  |            |
|    approx_kl            | 0.01770834 |
|    clip_fraction        | 0.218      |
|    clip_range           | 0.2        |
|    entropy_loss         | -7.94      |
|    explained_variance   | 0.971      |
|    learning_rate        | 0.0003     |
|    loss                 | 0.214      |
|    n_updates            | 3140       |
|    policy_gradient_loss | -0.00663   |
|    std                  | 0.985      |
|    value_loss           | 0.928      |
----------------------------------------
---------------------------------
| rollout/           |          |
|    ep_len_mean     | 200      |
|    ep_rew_mean     | 65.6     |
|    success_rate    | 0        |
| time/              |          |
|    fps             | 4151     |
|    iterations      | 315      |
|    time_elapsed    | 621      |
|    total_timesteps | 2580480  |
---------------------------------
-----------------------------------------
| rollout/                |             |
|    ep_len_mean          | 200         |
|    ep_rew_mean          | 65.6        |
|    success_rate         | 0           |
| time/                   |             |
|    fps                  | 4151        |
|    iterations           | 316         |
|    time_elapsed         | 623         |
|    total_timesteps      | 2588672     |
| train/                  |             |
|    approx_kl            | 0.018905502 |
|    clip_fraction        | 0.227       |
|    clip_range           | 0.2         |
|    entropy_loss         | -7.96       |
|    explained_variance   | 0.982       |
|    learning_rate        | 0.0003      |
|    loss                 | 0.211       |
|    n_updates            | 3150        |
|    policy_gradient_loss | -0.00803    |
|    std                  | 0.991       |
|    value_loss           | 0.62        |
-----------------------------------------
-----------------------------------------
| rollout/                |             |
|    ep_len_mean          | 200         |
|    ep_rew_mean          | 64          |
|    success_rate         | 0           |
| time/                   |             |
|    fps                  | 4151        |
|    iterations           | 317         |
|    time_elapsed         | 625         |
|    total_timesteps      | 2596864     |
| train/                  |             |
|    approx_kl            | 0.014302734 |
|    clip_fraction        | 0.166       |
|    clip_range           | 0.2         |
|    entropy_loss         | -7.98       |
|    explained_variance   | 0.968       |
|    learning_rate        | 0.0003      |
|    loss                 | 0.487       |
|    n_updates            | 3160        |
|    policy_gradient_loss | -0.0103     |
|    std                  | 0.993       |
|    value_loss           | 1.61        |
-----------------------------------------
Eval num_timesteps=2600000, episode_reward=51.30 +/- 13.84
Episode length: 200.00 +/- 0.00
Success rate: 0.00%
-----------------------------------------
| eval/                   |             |
|    mean_ep_length       | 200         |
|    mean_reward          | 51.3        |
|    success_rate         | 0           |
| time/                   |             |
|    total_timesteps      | 2600000     |
| train/                  |             |
|    approx_kl            | 0.018085144 |
|    clip_fraction        | 0.17        |
|    clip_range           | 0.2         |
|    entropy_loss         | -7.98       |
|    explained_variance   | 0.971       |
|    learning_rate        | 0.0003      |
|    loss                 | 0.539       |
|    n_updates            | 3170        |
|    policy_gradient_loss | -0.00804    |
|    std                  | 0.993       |
|    value_loss           | 1.92        |
-----------------------------------------
---------------------------------
| rollout/           |          |
|    ep_len_mean     | 200      |
|    ep_rew_mean     | 63.8     |
|    success_rate    | 0        |
| time/              |          |
|    fps             | 4148     |
|    iterations      | 318      |
|    time_elapsed    | 627      |
|    total_timesteps | 2605056  |
---------------------------------
-----------------------------------------
| rollout/                |             |
|    ep_len_mean          | 200         |
|    ep_rew_mean          | 65.5        |
|    success_rate         | 0           |
| time/                   |             |
|    fps                  | 4148        |
|    iterations           | 319         |
|    time_elapsed         | 629         |
|    total_timesteps      | 2613248     |
| train/                  |             |
|    approx_kl            | 0.024242345 |
|    clip_fraction        | 0.199       |
|    clip_range           | 0.2         |
|    entropy_loss         | -7.99       |
|    explained_variance   | 0.975       |
|    learning_rate        | 0.0003      |
|    loss                 | 0.321       |
|    n_updates            | 3180        |
|    policy_gradient_loss | -0.00713    |
|    std                  | 0.994       |
|    value_loss           | 2.14        |
-----------------------------------------
-----------------------------------------
| rollout/                |             |
|    ep_len_mean          | 200         |
|    ep_rew_mean          | 65.1        |
|    success_rate         | 0           |
| time/                   |             |
|    fps                  | 4148        |
|    iterations           | 320         |
|    time_elapsed         | 631         |
|    total_timesteps      | 2621440     |
| train/                  |             |
|    approx_kl            | 0.018559778 |
|    clip_fraction        | 0.199       |
|    clip_range           | 0.2         |
|    entropy_loss         | -7.99       |
|    explained_variance   | 0.953       |
|    learning_rate        | 0.0003      |
|    loss                 | 0.416       |
|    n_updates            | 3190        |
|    policy_gradient_loss | -0.0074     |
|    std                  | 0.994       |
|    value_loss           | 1.9         |
-----------------------------------------
Eval num_timesteps=2625000, episode_reward=63.30 +/- 4.26
Episode length: 200.00 +/- 0.00
Success rate: 0.00%
----------------------------------------
| eval/                   |            |
|    mean_ep_length       | 200        |
|    mean_reward          | 63.3       |
|    success_rate         | 0          |
| time/                   |            |
|    total_timesteps      | 2625000    |
| train/                  |            |
|    approx_kl            | 0.01559443 |
|    clip_fraction        | 0.203      |
|    clip_range           | 0.2        |
|    entropy_loss         | -8         |
|    explained_variance   | 0.967      |
|    learning_rate        | 0.0003     |
|    loss                 | 0.31       |
|    n_updates            | 3200       |
|    policy_gradient_loss | -0.00652   |
|    std                  | 0.997      |
|    value_loss           | 1.7        |
----------------------------------------
---------------------------------
| rollout/           |          |
|    ep_len_mean     | 200      |
|    ep_rew_mean     | 64.2     |
|    success_rate    | 0        |
| time/              |          |
|    fps             | 4145     |
|    iterations      | 321      |
|    time_elapsed    | 634      |
|    total_timesteps | 2629632  |
---------------------------------
-----------------------------------------
| rollout/                |             |
|    ep_len_mean          | 200         |
|    ep_rew_mean          | 63.6        |
|    success_rate         | 0           |
| time/                   |             |
|    fps                  | 4145        |
|    iterations           | 322         |
|    time_elapsed         | 636         |
|    total_timesteps      | 2637824     |
| train/                  |             |
|    approx_kl            | 0.025222557 |
|    clip_fraction        | 0.206       |
|    clip_range           | 0.2         |
|    entropy_loss         | -8.01       |
|    explained_variance   | 0.969       |
|    learning_rate        | 0.0003      |
|    loss                 | 1.03        |
|    n_updates            | 3210        |
|    policy_gradient_loss | -0.00565    |
|    std                  | 1           |
|    value_loss           | 2.61        |
-----------------------------------------
-----------------------------------------
| rollout/                |             |
|    ep_len_mean          | 200         |
|    ep_rew_mean          | 64.5        |
|    success_rate         | 0           |
| time/                   |             |
|    fps                  | 4145        |
|    iterations           | 323         |
|    time_elapsed         | 638         |
|    total_timesteps      | 2646016     |
| train/                  |             |
|    approx_kl            | 0.029331736 |
|    clip_fraction        | 0.286       |
|    clip_range           | 0.2         |
|    entropy_loss         | -8.01       |
|    explained_variance   | 0.969       |
|    learning_rate        | 0.0003      |
|    loss                 | 0.441       |
|    n_updates            | 3220        |
|    policy_gradient_loss | -0.00868    |
|    std                  | 1           |
|    value_loss           | 1.32        |
-----------------------------------------
Eval num_timesteps=2650000, episode_reward=63.60 +/- 3.84
Episode length: 200.00 +/- 0.00
Success rate: 0.00%
-----------------------------------------
| eval/                   |             |
|    mean_ep_length       | 200         |
|    mean_reward          | 63.6        |
|    success_rate         | 0           |
| time/                   |             |
|    total_timesteps      | 2650000     |
| train/                  |             |
|    approx_kl            | 0.033505283 |
|    clip_fraction        | 0.349       |
|    clip_range           | 0.2         |
|    entropy_loss         | -7.99       |
|    explained_variance   | 0.972       |
|    learning_rate        | 0.0003      |
|    loss                 | 0.0704      |
|    n_updates            | 3230        |
|    policy_gradient_loss | -0.00305    |
|    std                  | 0.999       |
|    value_loss           | 0.564       |
-----------------------------------------
---------------------------------
| rollout/           |          |
|    ep_len_mean     | 200      |
|    ep_rew_mean     | 65.2     |
|    success_rate    | 0        |
| time/              |          |
|    fps             | 4142     |
|    iterations      | 324      |
|    time_elapsed    | 640      |
|    total_timesteps | 2654208  |
---------------------------------
-----------------------------------------
| rollout/                |             |
|    ep_len_mean          | 200         |
|    ep_rew_mean          | 66.6        |
|    success_rate         | 0           |
| time/                   |             |
|    fps                  | 4142        |
|    iterations           | 325         |
|    time_elapsed         | 642         |
|    total_timesteps      | 2662400     |
| train/                  |             |
|    approx_kl            | 0.027840698 |
|    clip_fraction        | 0.269       |
|    clip_range           | 0.2         |
|    entropy_loss         | -8.01       |
|    explained_variance   | 0.959       |
|    learning_rate        | 0.0003      |
|    loss                 | 0.305       |
|    n_updates            | 3240        |
|    policy_gradient_loss | -0.00764    |
|    std                  | 1           |
|    value_loss           | 1.04        |
-----------------------------------------
-----------------------------------------
| rollout/                |             |
|    ep_len_mean          | 200         |
|    ep_rew_mean          | 67.2        |
|    success_rate         | 0           |
| time/                   |             |
|    fps                  | 4142        |
|    iterations           | 326         |
|    time_elapsed         | 644         |
|    total_timesteps      | 2670592     |
| train/                  |             |
|    approx_kl            | 0.028647525 |
|    clip_fraction        | 0.317       |
|    clip_range           | 0.2         |
|    entropy_loss         | -8.04       |
|    explained_variance   | 0.98        |
|    learning_rate        | 0.0003      |
|    loss                 | 0.0511      |
|    n_updates            | 3250        |
|    policy_gradient_loss | -0.00526    |
|    std                  | 1.01        |
|    value_loss           | 0.455       |
-----------------------------------------
Eval num_timesteps=2675000, episode_reward=63.64 +/- 3.06
Episode length: 200.00 +/- 0.00
Success rate: 0.00%
-----------------------------------------
| eval/                   |             |
|    mean_ep_length       | 200         |
|    mean_reward          | 63.6        |
|    success_rate         | 0           |
| time/                   |             |
|    total_timesteps      | 2675000     |
| train/                  |             |
|    approx_kl            | 0.024363551 |
|    clip_fraction        | 0.306       |
|    clip_range           | 0.2         |
|    entropy_loss         | -8.04       |
|    explained_variance   | 0.982       |
|    learning_rate        | 0.0003      |
|    loss                 | 0.209       |
|    n_updates            | 3260        |
|    policy_gradient_loss | -0.00717    |
|    std                  | 1.01        |
|    value_loss           | 0.511       |
-----------------------------------------
---------------------------------
| rollout/           |          |
|    ep_len_mean     | 200      |
|    ep_rew_mean     | 67.4     |
|    success_rate    | 0        |
| time/              |          |
|    fps             | 4140     |
|    iterations      | 327      |
|    time_elapsed    | 647      |
|    total_timesteps | 2678784  |
---------------------------------
-----------------------------------------
| rollout/                |             |
|    ep_len_mean          | 200         |
|    ep_rew_mean          | 67.3        |
|    success_rate         | 0           |
| time/                   |             |
|    fps                  | 4139        |
|    iterations           | 328         |
|    time_elapsed         | 649         |
|    total_timesteps      | 2686976     |
| train/                  |             |
|    approx_kl            | 0.028911889 |
|    clip_fraction        | 0.306       |
|    clip_range           | 0.2         |
|    entropy_loss         | -8.05       |
|    explained_variance   | 0.981       |
|    learning_rate        | 0.0003      |
|    loss                 | 0.121       |
|    n_updates            | 3270        |
|    policy_gradient_loss | -0.00636    |
|    std                  | 1.01        |
|    value_loss           | 0.542       |
-----------------------------------------
-----------------------------------------
| rollout/                |             |
|    ep_len_mean          | 200         |
|    ep_rew_mean          | 67.3        |
|    success_rate         | 0           |
| time/                   |             |
|    fps                  | 4139        |
|    iterations           | 329         |
|    time_elapsed         | 651         |
|    total_timesteps      | 2695168     |
| train/                  |             |
|    approx_kl            | 0.022883369 |
|    clip_fraction        | 0.275       |
|    clip_range           | 0.2         |
|    entropy_loss         | -8.05       |
|    explained_variance   | 0.98        |
|    learning_rate        | 0.0003      |
|    loss                 | 0.0959      |
|    n_updates            | 3280        |
|    policy_gradient_loss | -0.00635    |
|    std                  | 1.01        |
|    value_loss           | 0.419       |
-----------------------------------------
Eval num_timesteps=2700000, episode_reward=62.71 +/- 3.31
Episode length: 200.00 +/- 0.00
Success rate: 0.00%
-----------------------------------------
| eval/                   |             |
|    mean_ep_length       | 200         |
|    mean_reward          | 62.7        |
|    success_rate         | 0           |
| time/                   |             |
|    total_timesteps      | 2700000     |
| train/                  |             |
|    approx_kl            | 0.022422435 |
|    clip_fraction        | 0.239       |
|    clip_range           | 0.2         |
|    entropy_loss         | -8.06       |
|    explained_variance   | 0.987       |
|    learning_rate        | 0.0003      |
|    loss                 | 0.0911      |
|    n_updates            | 3290        |
|    policy_gradient_loss | -0.00736    |
|    std                  | 1.02        |
|    value_loss           | 0.359       |
-----------------------------------------
---------------------------------
| rollout/           |          |
|    ep_len_mean     | 200      |
|    ep_rew_mean     | 67.3     |
|    success_rate    | 0        |
| time/              |          |
|    fps             | 4137     |
|    iterations      | 330      |
|    time_elapsed    | 653      |
|    total_timesteps | 2703360  |
---------------------------------
----------------------------------------
| rollout/                |            |
|    ep_len_mean          | 200        |
|    ep_rew_mean          | 67.1       |
|    success_rate         | 0          |
| time/                   |            |
|    fps                  | 4137       |
|    iterations           | 331        |
|    time_elapsed         | 655        |
|    total_timesteps      | 2711552    |
| train/                  |            |
|    approx_kl            | 0.01212037 |
|    clip_fraction        | 0.141      |
|    clip_range           | 0.2        |
|    entropy_loss         | -8.08      |
|    explained_variance   | 0.97       |
|    learning_rate        | 0.0003     |
|    loss                 | 0.276      |
|    n_updates            | 3300       |
|    policy_gradient_loss | -0.00755   |
|    std                  | 1.02       |
|    value_loss           | 1.68       |
----------------------------------------
-----------------------------------------
| rollout/                |             |
|    ep_len_mean          | 200         |
|    ep_rew_mean          | 66.7        |
|    success_rate         | 0           |
| time/                   |             |
|    fps                  | 4137        |
|    iterations           | 332         |
|    time_elapsed         | 657         |
|    total_timesteps      | 2719744     |
| train/                  |             |
|    approx_kl            | 0.019525522 |
|    clip_fraction        | 0.211       |
|    clip_range           | 0.2         |
|    entropy_loss         | -8.1        |
|    explained_variance   | 0.991       |
|    learning_rate        | 0.0003      |
|    loss                 | 0.131       |
|    n_updates            | 3310        |
|    policy_gradient_loss | -0.00607    |
|    std                  | 1.02        |
|    value_loss           | 0.302       |
-----------------------------------------
Eval num_timesteps=2725000, episode_reward=59.11 +/- 2.23
Episode length: 200.00 +/- 0.00
Success rate: 0.00%
-----------------------------------------
| eval/                   |             |
|    mean_ep_length       | 200         |
|    mean_reward          | 59.1        |
|    success_rate         | 0           |
| time/                   |             |
|    total_timesteps      | 2725000     |
| train/                  |             |
|    approx_kl            | 0.021277519 |
|    clip_fraction        | 0.176       |
|    clip_range           | 0.2         |
|    entropy_loss         | -8.11       |
|    explained_variance   | 0.979       |
|    learning_rate        | 0.0003      |
|    loss                 | 0.355       |
|    n_updates            | 3320        |
|    policy_gradient_loss | -0.011      |
|    std                  | 1.02        |
|    value_loss           | 0.688       |
-----------------------------------------
---------------------------------
| rollout/           |          |
|    ep_len_mean     | 200      |
|    ep_rew_mean     | 67.5     |
|    success_rate    | 0        |
| time/              |          |
|    fps             | 4134     |
|    iterations      | 333      |
|    time_elapsed    | 659      |
|    total_timesteps | 2727936  |
---------------------------------
----------------------------------------
| rollout/                |            |
|    ep_len_mean          | 200        |
|    ep_rew_mean          | 67.1       |
|    success_rate         | 0          |
| time/                   |            |
|    fps                  | 4134       |
|    iterations           | 334        |
|    time_elapsed         | 661        |
|    total_timesteps      | 2736128    |
| train/                  |            |
|    approx_kl            | 0.01731882 |
|    clip_fraction        | 0.237      |
|    clip_range           | 0.2        |
|    entropy_loss         | -8.12      |
|    explained_variance   | 0.991      |
|    learning_rate        | 0.0003     |
|    loss                 | 0.0621     |
|    n_updates            | 3330       |
|    policy_gradient_loss | -0.00518   |
|    std                  | 1.02       |
|    value_loss           | 0.253      |
----------------------------------------
----------------------------------------
| rollout/                |            |
|    ep_len_mean          | 200        |
|    ep_rew_mean          | 66.8       |
|    success_rate         | 0          |
| time/                   |            |
|    fps                  | 4134       |
|    iterations           | 335        |
|    time_elapsed         | 663        |
|    total_timesteps      | 2744320    |
| train/                  |            |
|    approx_kl            | 0.01806024 |
|    clip_fraction        | 0.212      |
|    clip_range           | 0.2        |
|    entropy_loss         | -8.13      |
|    explained_variance   | 0.991      |
|    learning_rate        | 0.0003     |
|    loss                 | 0.0646     |
|    n_updates            | 3340       |
|    policy_gradient_loss | -0.00117   |
|    std                  | 1.03       |
|    value_loss           | 0.324      |
----------------------------------------
Eval num_timesteps=2750000, episode_reward=61.67 +/- 0.93
Episode length: 200.00 +/- 0.00
Success rate: 0.00%
-----------------------------------------
| eval/                   |             |
|    mean_ep_length       | 200         |
|    mean_reward          | 61.7        |
|    success_rate         | 0           |
| time/                   |             |
|    total_timesteps      | 2750000     |
| train/                  |             |
|    approx_kl            | 0.025671624 |
|    clip_fraction        | 0.201       |
|    clip_range           | 0.2         |
|    entropy_loss         | -8.17       |
|    explained_variance   | 0.982       |
|    learning_rate        | 0.0003      |
|    loss                 | 0.13        |
|    n_updates            | 3350        |
|    policy_gradient_loss | -0.00949    |
|    std                  | 1.04        |
|    value_loss           | 0.55        |
-----------------------------------------
---------------------------------
| rollout/           |          |
|    ep_len_mean     | 200      |
|    ep_rew_mean     | 66.3     |
|    success_rate    | 0        |
| time/              |          |
|    fps             | 4131     |
|    iterations      | 336      |
|    time_elapsed    | 666      |
|    total_timesteps | 2752512  |
---------------------------------
-----------------------------------------
| rollout/                |             |
|    ep_len_mean          | 200         |
|    ep_rew_mean          | 65.4        |
|    success_rate         | 0           |
| time/                   |             |
|    fps                  | 4131        |
|    iterations           | 337         |
|    time_elapsed         | 668         |
|    total_timesteps      | 2760704     |
| train/                  |             |
|    approx_kl            | 0.022880465 |
|    clip_fraction        | 0.246       |
|    clip_range           | 0.2         |
|    entropy_loss         | -8.18       |
|    explained_variance   | 0.983       |
|    learning_rate        | 0.0003      |
|    loss                 | 0.259       |
|    n_updates            | 3360        |
|    policy_gradient_loss | -0.0076     |
|    std                  | 1.04        |
|    value_loss           | 0.467       |
-----------------------------------------
-----------------------------------------
| rollout/                |             |
|    ep_len_mean          | 200         |
|    ep_rew_mean          | 63.8        |
|    success_rate         | 0           |
| time/                   |             |
|    fps                  | 4131        |
|    iterations           | 338         |
|    time_elapsed         | 670         |
|    total_timesteps      | 2768896     |
| train/                  |             |
|    approx_kl            | 0.014181115 |
|    clip_fraction        | 0.154       |
|    clip_range           | 0.2         |
|    entropy_loss         | -8.17       |
|    explained_variance   | 0.954       |
|    learning_rate        | 0.0003      |
|    loss                 | 0.594       |
|    n_updates            | 3370        |
|    policy_gradient_loss | -0.0111     |
|    std                  | 1.03        |
|    value_loss           | 1.81        |
-----------------------------------------
Eval num_timesteps=2775000, episode_reward=58.60 +/- 2.23
Episode length: 200.00 +/- 0.00
Success rate: 0.00%
----------------------------------------
| eval/                   |            |
|    mean_ep_length       | 200        |
|    mean_reward          | 58.6       |
|    success_rate         | 0          |
| time/                   |            |
|    total_timesteps      | 2775000    |
| train/                  |            |
|    approx_kl            | 0.01545283 |
|    clip_fraction        | 0.166      |
|    clip_range           | 0.2        |
|    entropy_loss         | -8.17      |
|    explained_variance   | 0.971      |
|    learning_rate        | 0.0003     |
|    loss                 | 0.342      |
|    n_updates            | 3380       |
|    policy_gradient_loss | -0.0108    |
|    std                  | 1.04       |
|    value_loss           | 1.21       |
----------------------------------------
---------------------------------
| rollout/           |          |
|    ep_len_mean     | 200      |
|    ep_rew_mean     | 64.6     |
|    success_rate    | 0        |
| time/              |          |
|    fps             | 4128     |
|    iterations      | 339      |
|    time_elapsed    | 672      |
|    total_timesteps | 2777088  |
---------------------------------
-----------------------------------------
| rollout/                |             |
|    ep_len_mean          | 200         |
|    ep_rew_mean          | 64.2        |
|    success_rate         | 0           |
| time/                   |             |
|    fps                  | 4128        |
|    iterations           | 340         |
|    time_elapsed         | 674         |
|    total_timesteps      | 2785280     |
| train/                  |             |
|    approx_kl            | 0.019442802 |
|    clip_fraction        | 0.183       |
|    clip_range           | 0.2         |
|    entropy_loss         | -8.19       |
|    explained_variance   | 0.982       |
|    learning_rate        | 0.0003      |
|    loss                 | 0.291       |
|    n_updates            | 3390        |
|    policy_gradient_loss | -0.00549    |
|    std                  | 1.04        |
|    value_loss           | 0.726       |
-----------------------------------------
-----------------------------------------
| rollout/                |             |
|    ep_len_mean          | 200         |
|    ep_rew_mean          | 63.7        |
|    success_rate         | 0           |
| time/                   |             |
|    fps                  | 4128        |
|    iterations           | 341         |
|    time_elapsed         | 676         |
|    total_timesteps      | 2793472     |
| train/                  |             |
|    approx_kl            | 0.015742488 |
|    clip_fraction        | 0.179       |
|    clip_range           | 0.2         |
|    entropy_loss         | -8.2        |
|    explained_variance   | 0.98        |
|    learning_rate        | 0.0003      |
|    loss                 | 0.194       |
|    n_updates            | 3400        |
|    policy_gradient_loss | -0.0114     |
|    std                  | 1.04        |
|    value_loss           | 0.834       |
-----------------------------------------
Eval num_timesteps=2800000, episode_reward=60.10 +/- 1.13
Episode length: 200.00 +/- 0.00
Success rate: 0.00%
-----------------------------------------
| eval/                   |             |
|    mean_ep_length       | 200         |
|    mean_reward          | 60.1        |
|    success_rate         | 0           |
| time/                   |             |
|    total_timesteps      | 2800000     |
| train/                  |             |
|    approx_kl            | 0.021005481 |
|    clip_fraction        | 0.205       |
|    clip_range           | 0.2         |
|    entropy_loss         | -8.21       |
|    explained_variance   | 0.979       |
|    learning_rate        | 0.0003      |
|    loss                 | 0.468       |
|    n_updates            | 3410        |
|    policy_gradient_loss | -0.00983    |
|    std                  | 1.04        |
|    value_loss           | 1.34        |
-----------------------------------------
---------------------------------
| rollout/           |          |
|    ep_len_mean     | 200      |
|    ep_rew_mean     | 64.8     |
|    success_rate    | 0        |
| time/              |          |
|    fps             | 4126     |
|    iterations      | 342      |
|    time_elapsed    | 678      |
|    total_timesteps | 2801664  |
---------------------------------
-----------------------------------------
| rollout/                |             |
|    ep_len_mean          | 200         |
|    ep_rew_mean          | 65.7        |
|    success_rate         | 0           |
| time/                   |             |
|    fps                  | 4126        |
|    iterations           | 343         |
|    time_elapsed         | 680         |
|    total_timesteps      | 2809856     |
| train/                  |             |
|    approx_kl            | 0.020359226 |
|    clip_fraction        | 0.225       |
|    clip_range           | 0.2         |
|    entropy_loss         | -8.2        |
|    explained_variance   | 0.979       |
|    learning_rate        | 0.0003      |
|    loss                 | 0.278       |
|    n_updates            | 3420        |
|    policy_gradient_loss | -0.0108     |
|    std                  | 1.04        |
|    value_loss           | 0.753       |
-----------------------------------------
----------------------------------------
| rollout/                |            |
|    ep_len_mean          | 200        |
|    ep_rew_mean          | 66.8       |
|    success_rate         | 0          |
| time/                   |            |
|    fps                  | 4126       |
|    iterations           | 344        |
|    time_elapsed         | 682        |
|    total_timesteps      | 2818048    |
| train/                  |            |
|    approx_kl            | 0.03210113 |
|    clip_fraction        | 0.291      |
|    clip_range           | 0.2        |
|    entropy_loss         | -8.21      |
|    explained_variance   | 0.977      |
|    learning_rate        | 0.0003     |
|    loss                 | 0.187      |
|    n_updates            | 3430       |
|    policy_gradient_loss | -0.00545   |
|    std                  | 1.04       |
|    value_loss           | 0.529      |
----------------------------------------
Eval num_timesteps=2825000, episode_reward=56.89 +/- 11.53
Episode length: 200.00 +/- 0.00
Success rate: 0.00%
----------------------------------------
| eval/                   |            |
|    mean_ep_length       | 200        |
|    mean_reward          | 56.9       |
|    success_rate         | 0          |
| time/                   |            |
|    total_timesteps      | 2825000    |
| train/                  |            |
|    approx_kl            | 0.02122785 |
|    clip_fraction        | 0.261      |
|    clip_range           | 0.2        |
|    entropy_loss         | -8.21      |
|    explained_variance   | 0.985      |
|    learning_rate        | 0.0003     |
|    loss                 | 0.0955     |
|    n_updates            | 3440       |
|    policy_gradient_loss | -0.00586   |
|    std                  | 1.04       |
|    value_loss           | 0.417      |
----------------------------------------
---------------------------------
| rollout/           |          |
|    ep_len_mean     | 200      |
|    ep_rew_mean     | 67.4     |
|    success_rate    | 0        |
| time/              |          |
|    fps             | 4123     |
|    iterations      | 345      |
|    time_elapsed    | 685      |
|    total_timesteps | 2826240  |
---------------------------------
----------------------------------------
| rollout/                |            |
|    ep_len_mean          | 200        |
|    ep_rew_mean          | 64         |
|    success_rate         | 0          |
| time/                   |            |
|    fps                  | 4123       |
|    iterations           | 346        |
|    time_elapsed         | 687        |
|    total_timesteps      | 2834432    |
| train/                  |            |
|    approx_kl            | 0.02409393 |
|    clip_fraction        | 0.28       |
|    clip_range           | 0.2        |
|    entropy_loss         | -8.22      |
|    explained_variance   | 0.989      |
|    learning_rate        | 0.0003     |
|    loss                 | 0.0741     |
|    n_updates            | 3450       |
|    policy_gradient_loss | -0.00652   |
|    std                  | 1.05       |
|    value_loss           | 0.341      |
----------------------------------------
-----------------------------------------
| rollout/                |             |
|    ep_len_mean          | 200         |
|    ep_rew_mean          | 63.1        |
|    success_rate         | 0           |
| time/                   |             |
|    fps                  | 4123        |
|    iterations           | 347         |
|    time_elapsed         | 689         |
|    total_timesteps      | 2842624     |
| train/                  |             |
|    approx_kl            | 0.010766501 |
|    clip_fraction        | 0.15        |
|    clip_range           | 0.2         |
|    entropy_loss         | -8.24       |
|    explained_variance   | 0.971       |
|    learning_rate        | 0.0003      |
|    loss                 | 0.444       |
|    n_updates            | 3460        |
|    policy_gradient_loss | -0.0104     |
|    std                  | 1.05        |
|    value_loss           | 3.16        |
-----------------------------------------
Eval num_timesteps=2850000, episode_reward=59.98 +/- 1.35
Episode length: 200.00 +/- 0.00
Success rate: 0.00%
-----------------------------------------
| eval/                   |             |
|    mean_ep_length       | 200         |
|    mean_reward          | 60          |
|    success_rate         | 0           |
| time/                   |             |
|    total_timesteps      | 2850000     |
| train/                  |             |
|    approx_kl            | 0.021533292 |
|    clip_fraction        | 0.214       |
|    clip_range           | 0.2         |
|    entropy_loss         | -8.26       |
|    explained_variance   | 0.975       |
|    learning_rate        | 0.0003      |
|    loss                 | 0.173       |
|    n_updates            | 3470        |
|    policy_gradient_loss | -0.00885    |
|    std                  | 1.05        |
|    value_loss           | 1.56        |
-----------------------------------------
---------------------------------
| rollout/           |          |
|    ep_len_mean     | 200      |
|    ep_rew_mean     | 63.3     |
|    success_rate    | 0        |
| time/              |          |
|    fps             | 4121     |
|    iterations      | 348      |
|    time_elapsed    | 691      |
|    total_timesteps | 2850816  |
---------------------------------
-----------------------------------------
| rollout/                |             |
|    ep_len_mean          | 200         |
|    ep_rew_mean          | 66.6        |
|    success_rate         | 0           |
| time/                   |             |
|    fps                  | 4121        |
|    iterations           | 349         |
|    time_elapsed         | 693         |
|    total_timesteps      | 2859008     |
| train/                  |             |
|    approx_kl            | 0.025157996 |
|    clip_fraction        | 0.341       |
|    clip_range           | 0.2         |
|    entropy_loss         | -8.29       |
|    explained_variance   | 0.972       |
|    learning_rate        | 0.0003      |
|    loss                 | 0.155       |
|    n_updates            | 3480        |
|    policy_gradient_loss | -0.00472    |
|    std                  | 1.06        |
|    value_loss           | 0.496       |
-----------------------------------------
-----------------------------------------
| rollout/                |             |
|    ep_len_mean          | 200         |
|    ep_rew_mean          | 66.2        |
|    success_rate         | 0           |
| time/                   |             |
|    fps                  | 4121        |
|    iterations           | 350         |
|    time_elapsed         | 695         |
|    total_timesteps      | 2867200     |
| train/                  |             |
|    approx_kl            | 0.022646787 |
|    clip_fraction        | 0.31        |
|    clip_range           | 0.2         |
|    entropy_loss         | -8.32       |
|    explained_variance   | 0.983       |
|    learning_rate        | 0.0003      |
|    loss                 | 0.0712      |
|    n_updates            | 3490        |
|    policy_gradient_loss | -0.00976    |
|    std                  | 1.06        |
|    value_loss           | 0.481       |
-----------------------------------------
Eval num_timesteps=2875000, episode_reward=53.20 +/- 12.60
Episode length: 200.00 +/- 0.00
Success rate: 0.00%
-----------------------------------------
| eval/                   |             |
|    mean_ep_length       | 200         |
|    mean_reward          | 53.2        |
|    success_rate         | 0           |
| time/                   |             |
|    total_timesteps      | 2875000     |
| train/                  |             |
|    approx_kl            | 0.016312635 |
|    clip_fraction        | 0.178       |
|    clip_range           | 0.2         |
|    entropy_loss         | -8.34       |
|    explained_variance   | 0.97        |
|    learning_rate        | 0.0003      |
|    loss                 | 0.381       |
|    n_updates            | 3500        |
|    policy_gradient_loss | -0.00529    |
|    std                  | 1.06        |
|    value_loss           | 1.26        |
-----------------------------------------
---------------------------------
| rollout/           |          |
|    ep_len_mean     | 200      |
|    ep_rew_mean     | 66.5     |
|    success_rate    | 0        |
| time/              |          |
|    fps             | 4119     |
|    iterations      | 351      |
|    time_elapsed    | 698      |
|    total_timesteps | 2875392  |
---------------------------------
-----------------------------------------
| rollout/                |             |
|    ep_len_mean          | 200         |
|    ep_rew_mean          | 66.1        |
|    success_rate         | 0           |
| time/                   |             |
|    fps                  | 4119        |
|    iterations           | 352         |
|    time_elapsed         | 700         |
|    total_timesteps      | 2883584     |
| train/                  |             |
|    approx_kl            | 0.031543434 |
|    clip_fraction        | 0.256       |
|    clip_range           | 0.2         |
|    entropy_loss         | -8.36       |
|    explained_variance   | 0.981       |
|    learning_rate        | 0.0003      |
|    loss                 | 0.18        |
|    n_updates            | 3510        |
|    policy_gradient_loss | -0.00677    |
|    std                  | 1.07        |
|    value_loss           | 0.582       |
-----------------------------------------
-----------------------------------------
| rollout/                |             |
|    ep_len_mean          | 200         |
|    ep_rew_mean          | 66.1        |
|    success_rate         | 0           |
| time/                   |             |
|    fps                  | 4119        |
|    iterations           | 353         |
|    time_elapsed         | 702         |
|    total_timesteps      | 2891776     |
| train/                  |             |
|    approx_kl            | 0.018533248 |
|    clip_fraction        | 0.249       |
|    clip_range           | 0.2         |
|    entropy_loss         | -8.38       |
|    explained_variance   | 0.975       |
|    learning_rate        | 0.0003      |
|    loss                 | 0.319       |
|    n_updates            | 3520        |
|    policy_gradient_loss | -0.0105     |
|    std                  | 1.07        |
|    value_loss           | 1.05        |
-----------------------------------------
----------------------------------------
| rollout/                |            |
|    ep_len_mean          | 200        |
|    ep_rew_mean          | 66.8       |
|    success_rate         | 0          |
| time/                   |            |
|    fps                  | 4119       |
|    iterations           | 354        |
|    time_elapsed         | 704        |
|    total_timesteps      | 2899968    |
| train/                  |            |
|    approx_kl            | 0.02315845 |
|    clip_fraction        | 0.21       |
|    clip_range           | 0.2        |
|    entropy_loss         | -8.4       |
|    explained_variance   | 0.963      |
|    learning_rate        | 0.0003     |
|    loss                 | 0.418      |
|    n_updates            | 3530       |
|    policy_gradient_loss | -0.0135    |
|    std                  | 1.08       |
|    value_loss           | 1.16       |
----------------------------------------
Eval num_timesteps=2900000, episode_reward=48.19 +/- 13.04
Episode length: 200.00 +/- 0.00
Success rate: 0.00%
-----------------------------------------
| eval/                   |             |
|    mean_ep_length       | 200         |
|    mean_reward          | 48.2        |
|    success_rate         | 0           |
| time/                   |             |
|    total_timesteps      | 2900000     |
| train/                  |             |
|    approx_kl            | 0.027688969 |
|    clip_fraction        | 0.265       |
|    clip_range           | 0.2         |
|    entropy_loss         | -8.4        |
|    explained_variance   | 0.982       |
|    learning_rate        | 0.0003      |
|    loss                 | 0.182       |
|    n_updates            | 3540        |
|    policy_gradient_loss | -0.00612    |
|    std                  | 1.08        |
|    value_loss           | 0.534       |
-----------------------------------------
---------------------------------
| rollout/           |          |
|    ep_len_mean     | 200      |
|    ep_rew_mean     | 64.5     |
|    success_rate    | 0        |
| time/              |          |
|    fps             | 4116     |
|    iterations      | 355      |
|    time_elapsed    | 706      |
|    total_timesteps | 2908160  |
---------------------------------
----------------------------------------
| rollout/                |            |
|    ep_len_mean          | 200        |
|    ep_rew_mean          | 63.5       |
|    success_rate         | 0          |
| time/                   |            |
|    fps                  | 4116       |
|    iterations           | 356        |
|    time_elapsed         | 708        |
|    total_timesteps      | 2916352    |
| train/                  |            |
|    approx_kl            | 0.01001791 |
|    clip_fraction        | 0.135      |
|    clip_range           | 0.2        |
|    entropy_loss         | -8.41      |
|    explained_variance   | 0.967      |
|    learning_rate        | 0.0003     |
|    loss                 | 0.629      |
|    n_updates            | 3550       |
|    policy_gradient_loss | -0.00704   |
|    std                  | 1.08       |
|    value_loss           | 3.27       |
----------------------------------------
-----------------------------------------
| rollout/                |             |
|    ep_len_mean          | 200         |
|    ep_rew_mean          | 64.4        |
|    success_rate         | 0           |
| time/                   |             |
|    fps                  | 4116        |
|    iterations           | 357         |
|    time_elapsed         | 710         |
|    total_timesteps      | 2924544     |
| train/                  |             |
|    approx_kl            | 0.014555336 |
|    clip_fraction        | 0.164       |
|    clip_range           | 0.2         |
|    entropy_loss         | -8.41       |
|    explained_variance   | 0.973       |
|    learning_rate        | 0.0003      |
|    loss                 | 2.58        |
|    n_updates            | 3560        |
|    policy_gradient_loss | -0.00971    |
|    std                  | 1.08        |
|    value_loss           | 2.94        |
-----------------------------------------
Eval num_timesteps=2925000, episode_reward=65.68 +/- 3.73
Episode length: 200.00 +/- 0.00
Success rate: 0.00%
----------------------------------------
| eval/                   |            |
|    mean_ep_length       | 200        |
|    mean_reward          | 65.7       |
|    success_rate         | 0          |
| time/                   |            |
|    total_timesteps      | 2925000    |
| train/                  |            |
|    approx_kl            | 0.02857405 |
|    clip_fraction        | 0.327      |
|    clip_range           | 0.2        |
|    entropy_loss         | -8.45      |
|    explained_variance   | 0.975      |
|    learning_rate        | 0.0003     |
|    loss                 | 0.159      |
|    n_updates            | 3570       |
|    policy_gradient_loss | -0.00489   |
|    std                  | 1.09       |
|    value_loss           | 0.545      |
----------------------------------------
---------------------------------
| rollout/           |          |
|    ep_len_mean     | 200      |
|    ep_rew_mean     | 65.1     |
|    success_rate    | 0        |
| time/              |          |
|    fps             | 4114     |
|    iterations      | 358      |
|    time_elapsed    | 712      |
|    total_timesteps | 2932736  |
---------------------------------
-----------------------------------------
| rollout/                |             |
|    ep_len_mean          | 200         |
|    ep_rew_mean          | 66.9        |
|    success_rate         | 0           |
| time/                   |             |
|    fps                  | 4114        |
|    iterations           | 359         |
|    time_elapsed         | 714         |
|    total_timesteps      | 2940928     |
| train/                  |             |
|    approx_kl            | 0.038641028 |
|    clip_fraction        | 0.293       |
|    clip_range           | 0.2         |
|    entropy_loss         | -8.47       |
|    explained_variance   | 0.974       |
|    learning_rate        | 0.0003      |
|    loss                 | 0.46        |
|    n_updates            | 3580        |
|    policy_gradient_loss | -0.00828    |
|    std                  | 1.09        |
|    value_loss           | 1.41        |
-----------------------------------------
-----------------------------------------
| rollout/                |             |
|    ep_len_mean          | 200         |
|    ep_rew_mean          | 65.1        |
|    success_rate         | 0           |
| time/                   |             |
|    fps                  | 4114        |
|    iterations           | 360         |
|    time_elapsed         | 716         |
|    total_timesteps      | 2949120     |
| train/                  |             |
|    approx_kl            | 0.027638562 |
|    clip_fraction        | 0.331       |
|    clip_range           | 0.2         |
|    entropy_loss         | -8.53       |
|    explained_variance   | 0.961       |
|    learning_rate        | 0.0003      |
|    loss                 | 0.165       |
|    n_updates            | 3590        |
|    policy_gradient_loss | -0.00412    |
|    std                  | 1.1         |
|    value_loss           | 0.702       |
-----------------------------------------
Eval num_timesteps=2950000, episode_reward=38.72 +/- 23.90
Episode length: 200.00 +/- 0.00
Success rate: 0.00%
-----------------------------------------
| eval/                   |             |
|    mean_ep_length       | 200         |
|    mean_reward          | 38.7        |
|    success_rate         | 0           |
| time/                   |             |
|    total_timesteps      | 2950000     |
| train/                  |             |
|    approx_kl            | 0.027343994 |
|    clip_fraction        | 0.236       |
|    clip_range           | 0.2         |
|    entropy_loss         | -8.56       |
|    explained_variance   | 0.971       |
|    learning_rate        | 0.0003      |
|    loss                 | 0.363       |
|    n_updates            | 3600        |
|    policy_gradient_loss | -0.00595    |
|    std                  | 1.1         |
|    value_loss           | 1.36        |
-----------------------------------------
---------------------------------
| rollout/           |          |
|    ep_len_mean     | 200      |
|    ep_rew_mean     | 64.1     |
|    success_rate    | 0        |
| time/              |          |
|    fps             | 4112     |
|    iterations      | 361      |
|    time_elapsed    | 719      |
|    total_timesteps | 2957312  |
---------------------------------
-----------------------------------------
| rollout/                |             |
|    ep_len_mean          | 200         |
|    ep_rew_mean          | 64.6        |
|    success_rate         | 0           |
| time/                   |             |
|    fps                  | 4112        |
|    iterations           | 362         |
|    time_elapsed         | 721         |
|    total_timesteps      | 2965504     |
| train/                  |             |
|    approx_kl            | 0.016452715 |
|    clip_fraction        | 0.151       |
|    clip_range           | 0.2         |
|    entropy_loss         | -8.56       |
|    explained_variance   | 0.968       |
|    learning_rate        | 0.0003      |
|    loss                 | 0.584       |
|    n_updates            | 3610        |
|    policy_gradient_loss | -0.00728    |
|    std                  | 1.1         |
|    value_loss           | 2.49        |
-----------------------------------------
----------------------------------------
| rollout/                |            |
|    ep_len_mean          | 200        |
|    ep_rew_mean          | 64.2       |
|    success_rate         | 0          |
| time/                   |            |
|    fps                  | 4112       |
|    iterations           | 363        |
|    time_elapsed         | 723        |
|    total_timesteps      | 2973696    |
| train/                  |            |
|    approx_kl            | 0.02960684 |
|    clip_fraction        | 0.265      |
|    clip_range           | 0.2        |
|    entropy_loss         | -8.56      |
|    explained_variance   | 0.975      |
|    learning_rate        | 0.0003     |
|    loss                 | 0.131      |
|    n_updates            | 3620       |
|    policy_gradient_loss | -0.00582   |
|    std                  | 1.1        |
|    value_loss           | 0.551      |
----------------------------------------
Eval num_timesteps=2975000, episode_reward=50.71 +/- 20.74
Episode length: 200.00 +/- 0.00
Success rate: 0.00%
-----------------------------------------
| eval/                   |             |
|    mean_ep_length       | 200         |
|    mean_reward          | 50.7        |
|    success_rate         | 0           |
| time/                   |             |
|    total_timesteps      | 2975000     |
| train/                  |             |
|    approx_kl            | 0.023979455 |
|    clip_fraction        | 0.211       |
|    clip_range           | 0.2         |
|    entropy_loss         | -8.58       |
|    explained_variance   | 0.97        |
|    learning_rate        | 0.0003      |
|    loss                 | 0.405       |
|    n_updates            | 3630        |
|    policy_gradient_loss | -0.00781    |
|    std                  | 1.11        |
|    value_loss           | 1.57        |
-----------------------------------------
---------------------------------
| rollout/           |          |
|    ep_len_mean     | 200      |
|    ep_rew_mean     | 65       |
|    success_rate    | 0        |
| time/              |          |
|    fps             | 4110     |
|    iterations      | 364      |
|    time_elapsed    | 725      |
|    total_timesteps | 2981888  |
---------------------------------
-----------------------------------------
| rollout/                |             |
|    ep_len_mean          | 200         |
|    ep_rew_mean          | 63.9        |
|    success_rate         | 0           |
| time/                   |             |
|    fps                  | 4110        |
|    iterations           | 365         |
|    time_elapsed         | 727         |
|    total_timesteps      | 2990080     |
| train/                  |             |
|    approx_kl            | 0.017902074 |
|    clip_fraction        | 0.225       |
|    clip_range           | 0.2         |
|    entropy_loss         | -8.61       |
|    explained_variance   | 0.977       |
|    learning_rate        | 0.0003      |
|    loss                 | 0.539       |
|    n_updates            | 3640        |
|    policy_gradient_loss | -0.0107     |
|    std                  | 1.11        |
|    value_loss           | 1.22        |
-----------------------------------------
-----------------------------------------
| rollout/                |             |
|    ep_len_mean          | 200         |
|    ep_rew_mean          | 64          |
|    success_rate         | 0           |
| time/                   |             |
|    fps                  | 4110        |
|    iterations           | 366         |
|    time_elapsed         | 729         |
|    total_timesteps      | 2998272     |
| train/                  |             |
|    approx_kl            | 0.019631319 |
|    clip_fraction        | 0.255       |
|    clip_range           | 0.2         |
|    entropy_loss         | -8.6        |
|    explained_variance   | 0.969       |
|    learning_rate        | 0.0003      |
|    loss                 | 0.341       |
|    n_updates            | 3650        |
|    policy_gradient_loss | -0.0131     |
|    std                  | 1.11        |
|    value_loss           | 1.05        |
-----------------------------------------
Eval num_timesteps=3000000, episode_reward=50.66 +/- 23.83
Episode length: 200.00 +/- 0.00
Success rate: 0.00%
-----------------------------------------
| eval/                   |             |
|    mean_ep_length       | 200         |
|    mean_reward          | 50.7        |
|    success_rate         | 0           |
| time/                   |             |
|    total_timesteps      | 3000000     |
| train/                  |             |
|    approx_kl            | 0.019568022 |
|    clip_fraction        | 0.235       |
|    clip_range           | 0.2         |
|    entropy_loss         | -8.59       |
|    explained_variance   | 0.962       |
|    learning_rate        | 0.0003      |
|    loss                 | 0.617       |
|    n_updates            | 3660        |
|    policy_gradient_loss | -0.0113     |
|    std                  | 1.11        |
|    value_loss           | 1.42        |
-----------------------------------------
---------------------------------
| rollout/           |          |
|    ep_len_mean     | 200      |
|    ep_rew_mean     | 64.7     |
|    success_rate    | 0        |
| time/              |          |
|    fps             | 4107     |
|    iterations      | 367      |
|    time_elapsed    | 731      |
|    total_timesteps | 3006464  |
---------------------------------
 100% ------------------ 3,006,464/3,000,000 [ 0:12:11 < 0:00:00 , 3,959 it/s ]
Saved final model to C:\Users\Haikal\Desktop\Tech Learning\so101-rl-poc\runs\ppo_v1\final.zip
C:\Users\Haikal\miniforge3\envs\so101-rl\Lib\site-packages\stable_baselines3\common\callbacks.py:419: UserWarning: Training and eval env are not of the same type<stable_baselines3.common.vec_env.subproc_vec_env.SubprocVecEnv object at 0x00000174E41279D0> != <stable_baselines3.common.vec_env.dummy_vec_env.DummyVecEnv object at 0x00000174E4158A10>
  warnings.warn("Training and eval env are not of the same type" f"{self.training_env} != {self.eval_env}")
