Using cpu device
Logging to C:\Users\Haikal\Desktop\Tech Learning\so101-rl-poc\runs\ppo_v4\tb\PPO_1
---------------------------------
| rollout/           |          |
|    ep_len_mean     | 250      |
|    ep_rew_mean     | -49      |
|    success_rate    | 0        |
| time/              |          |
|    fps             | 7432     |
|    iterations      | 1        |
|    time_elapsed    | 1        |
|    total_timesteps | 8192     |
---------------------------------
------------------------------------------
| rollout/                |              |
|    ep_len_mean          | 250          |
|    ep_rew_mean          | -35.2        |
|    success_rate         | 0            |
| time/                   |              |
|    fps                  | 5296         |
|    iterations           | 2            |
|    time_elapsed         | 3            |
|    total_timesteps      | 16384        |
| train/                  |              |
|    approx_kl            | 0.0076038027 |
|    clip_fraction        | 0.101        |
|    clip_range           | 0.2          |
|    entropy_loss         | -8.52        |
|    explained_variance   | 0.00803      |
|    learning_rate        | 0.0003       |
|    loss                 | 0.631        |
|    n_updates            | 10           |
|    policy_gradient_loss | -0.00799     |
|    std                  | 1            |
|    value_loss           | 1.53         |
------------------------------------------
-----------------------------------------
| rollout/                |             |
|    ep_len_mean          | 250         |
|    ep_rew_mean          | -29.3       |
|    success_rate         | 0           |
| time/                   |             |
|    fps                  | 4789        |
|    iterations           | 3           |
|    time_elapsed         | 5           |
|    total_timesteps      | 24576       |
| train/                  |             |
|    approx_kl            | 0.007837508 |
|    clip_fraction        | 0.0874      |
|    clip_range           | 0.2         |
|    entropy_loss         | -8.51       |
|    explained_variance   | 0.511       |
|    learning_rate        | 0.0003      |
|    loss                 | 3.02        |
|    n_updates            | 20          |
|    policy_gradient_loss | -0.00621    |
|    std                  | 0.999       |
|    value_loss           | 7.32        |
-----------------------------------------
Eval num_timesteps=25000, episode_reward=-21.98 +/- 0.77
Episode length: 250.00 +/- 0.00
Success rate: 0.00%
-----------------------------------------
| eval/                   |             |
|    mean_ep_length       | 250         |
|    mean_reward          | -22         |
|    success_rate         | 0           |
| time/                   |             |
|    total_timesteps      | 25000       |
| train/                  |             |
|    approx_kl            | 0.009732527 |
|    clip_fraction        | 0.109       |
|    clip_range           | 0.2         |
|    entropy_loss         | -8.51       |
|    explained_variance   | 0.723       |
|    learning_rate        | 0.0003      |
|    loss                 | 2.08        |
|    n_updates            | 30          |
|    policy_gradient_loss | -0.00777    |
|    std                  | 0.999       |
|    value_loss           | 8.58        |
-----------------------------------------
New best mean reward!
---------------------------------
| rollout/           |          |
|    ep_len_mean     | 250      |
|    ep_rew_mean     | -15.8    |
|    success_rate    | 0        |
| time/              |          |
|    fps             | 4114     |
|    iterations      | 4        |
|    time_elapsed    | 7        |
|    total_timesteps | 32768    |
---------------------------------
----------------------------------------
| rollout/                |            |
|    ep_len_mean          | 250        |
|    ep_rew_mean          | -8.54      |
|    success_rate         | 0          |
| time/                   |            |
|    fps                  | 4066       |
|    iterations           | 5          |
|    time_elapsed         | 10         |
|    total_timesteps      | 40960      |
| train/                  |            |
|    approx_kl            | 0.00888543 |
|    clip_fraction        | 0.0777     |
|    clip_range           | 0.2        |
|    entropy_loss         | -8.51      |
|    explained_variance   | 0.63       |
|    learning_rate        | 0.0003     |
|    loss                 | 9.78       |
|    n_updates            | 40         |
|    policy_gradient_loss | -0.00744   |
|    std                  | 1          |
|    value_loss           | 16.8       |
----------------------------------------
-----------------------------------------
| rollout/                |             |
|    ep_len_mean          | 250         |
|    ep_rew_mean          | 6.78        |
|    success_rate         | 0           |
| time/                   |             |
|    fps                  | 4044        |
|    iterations           | 6           |
|    time_elapsed         | 12          |
|    total_timesteps      | 49152       |
| train/                  |             |
|    approx_kl            | 0.009498104 |
|    clip_fraction        | 0.0938      |
|    clip_range           | 0.2         |
|    entropy_loss         | -8.52       |
|    explained_variance   | 0.621       |
|    learning_rate        | 0.0003      |
|    loss                 | 9.79        |
|    n_updates            | 50          |
|    policy_gradient_loss | -0.00751    |
|    std                  | 1           |
|    value_loss           | 21.1        |
-----------------------------------------
Eval num_timesteps=50000, episode_reward=173.11 +/- 14.85
Episode length: 250.00 +/- 0.00
Success rate: 0.00%
------------------------------------------
| eval/                   |              |
|    mean_ep_length       | 250          |
|    mean_reward          | 173          |
|    success_rate         | 0            |
| time/                   |              |
|    total_timesteps      | 50000        |
| train/                  |              |
|    approx_kl            | 0.0073168506 |
|    clip_fraction        | 0.0618       |
|    clip_range           | 0.2          |
|    entropy_loss         | -8.52        |
|    explained_variance   | 0.682        |
|    learning_rate        | 0.0003       |
|    loss                 | 14.6         |
|    n_updates            | 60           |
|    policy_gradient_loss | -0.00731     |
|    std                  | 1            |
|    value_loss           | 32.2         |
------------------------------------------
New best mean reward!
---------------------------------
| rollout/           |          |
|    ep_len_mean     | 250      |
|    ep_rew_mean     | 18.1     |
|    success_rate    | 0        |
| time/              |          |
|    fps             | 3850     |
|    iterations      | 7        |
|    time_elapsed    | 14       |
|    total_timesteps | 57344    |
---------------------------------
------------------------------------------
| rollout/                |              |
|    ep_len_mean          | 250          |
|    ep_rew_mean          | 27.8         |
|    success_rate         | 0            |
| time/                   |              |
|    fps                  | 3856         |
|    iterations           | 8            |
|    time_elapsed         | 16           |
|    total_timesteps      | 65536        |
| train/                  |              |
|    approx_kl            | 0.0061443043 |
|    clip_fraction        | 0.0578       |
|    clip_range           | 0.2          |
|    entropy_loss         | -8.52        |
|    explained_variance   | 0.71         |
|    learning_rate        | 0.0003       |
|    loss                 | 19.1         |
|    n_updates            | 70           |
|    policy_gradient_loss | -0.00657     |
|    std                  | 1            |
|    value_loss           | 40.1         |
------------------------------------------
-----------------------------------------
| rollout/                |             |
|    ep_len_mean          | 250         |
|    ep_rew_mean          | 34.5        |
|    success_rate         | 0           |
| time/                   |             |
|    fps                  | 3865        |
|    iterations           | 9           |
|    time_elapsed         | 19          |
|    total_timesteps      | 73728       |
| train/                  |             |
|    approx_kl            | 0.009570101 |
|    clip_fraction        | 0.093       |
|    clip_range           | 0.2         |
|    entropy_loss         | -8.53       |
|    explained_variance   | 0.682       |
|    learning_rate        | 0.0003      |
|    loss                 | 14.8        |
|    n_updates            | 80          |
|    policy_gradient_loss | -0.00845    |
|    std                  | 1           |
|    value_loss           | 40.1        |
-----------------------------------------
Eval num_timesteps=75000, episode_reward=187.78 +/- 32.11
Episode length: 250.00 +/- 0.00
Success rate: 0.00%
-----------------------------------------
| eval/                   |             |
|    mean_ep_length       | 250         |
|    mean_reward          | 188         |
|    success_rate         | 0           |
| time/                   |             |
|    total_timesteps      | 75000       |
| train/                  |             |
|    approx_kl            | 0.007820032 |
|    clip_fraction        | 0.0724      |
|    clip_range           | 0.2         |
|    entropy_loss         | -8.53       |
|    explained_variance   | 0.772       |
|    learning_rate        | 0.0003      |
|    loss                 | 15.5        |
|    n_updates            | 90          |
|    policy_gradient_loss | -0.00776    |
|    std                  | 1           |
|    value_loss           | 37.5        |
-----------------------------------------
New best mean reward!
---------------------------------
| rollout/           |          |
|    ep_len_mean     | 250      |
|    ep_rew_mean     | 44.7     |
|    success_rate    | 0        |
| time/              |          |
|    fps             | 3767     |
|    iterations      | 10       |
|    time_elapsed    | 21       |
|    total_timesteps | 81920    |
---------------------------------
----------------------------------------
| rollout/                |            |
|    ep_len_mean          | 250        |
|    ep_rew_mean          | 55.7       |
|    success_rate         | 0          |
| time/                   |            |
|    fps                  | 3779       |
|    iterations           | 11         |
|    time_elapsed         | 23         |
|    total_timesteps      | 90112      |
| train/                  |            |
|    approx_kl            | 0.00763521 |
|    clip_fraction        | 0.0654     |
|    clip_range           | 0.2        |
|    entropy_loss         | -8.53      |
|    explained_variance   | 0.78       |
|    learning_rate        | 0.0003     |
|    loss                 | 17.3       |
|    n_updates            | 100        |
|    policy_gradient_loss | -0.00703   |
|    std                  | 1          |
|    value_loss           | 40.9       |
----------------------------------------
-----------------------------------------
| rollout/                |             |
|    ep_len_mean          | 250         |
|    ep_rew_mean          | 59.4        |
|    success_rate         | 0           |
| time/                   |             |
|    fps                  | 3791        |
|    iterations           | 12          |
|    time_elapsed         | 25          |
|    total_timesteps      | 98304       |
| train/                  |             |
|    approx_kl            | 0.008177482 |
|    clip_fraction        | 0.0753      |
|    clip_range           | 0.2         |
|    entropy_loss         | -8.52       |
|    explained_variance   | 0.769       |
|    learning_rate        | 0.0003      |
|    loss                 | 17.1        |
|    n_updates            | 110         |
|    policy_gradient_loss | -0.00745    |
|    std                  | 1           |
|    value_loss           | 45.6        |
-----------------------------------------
Eval num_timesteps=100000, episode_reward=192.63 +/- 12.92
Episode length: 250.00 +/- 0.00
Success rate: 0.00%
-----------------------------------------
| eval/                   |             |
|    mean_ep_length       | 250         |
|    mean_reward          | 193         |
|    success_rate         | 0           |
| time/                   |             |
|    total_timesteps      | 100000      |
| train/                  |             |
|    approx_kl            | 0.007806049 |
|    clip_fraction        | 0.077       |
|    clip_range           | 0.2         |
|    entropy_loss         | -8.5        |
|    explained_variance   | 0.82        |
|    learning_rate        | 0.0003      |
|    loss                 | 24.3        |
|    n_updates            | 120         |
|    policy_gradient_loss | -0.0071     |
|    std                  | 0.996       |
|    value_loss           | 43.4        |
-----------------------------------------
New best mean reward!
---------------------------------
| rollout/           |          |
|    ep_len_mean     | 250      |
|    ep_rew_mean     | 67.2     |
|    success_rate    | 0        |
| time/              |          |
|    fps             | 3721     |
|    iterations      | 13       |
|    time_elapsed    | 28       |
|    total_timesteps | 106496   |
---------------------------------
-----------------------------------------
| rollout/                |             |
|    ep_len_mean          | 250         |
|    ep_rew_mean          | 74.3        |
|    success_rate         | 0           |
| time/                   |             |
|    fps                  | 3735        |
|    iterations           | 14          |
|    time_elapsed         | 30          |
|    total_timesteps      | 114688      |
| train/                  |             |
|    approx_kl            | 0.007612011 |
|    clip_fraction        | 0.0717      |
|    clip_range           | 0.2         |
|    entropy_loss         | -8.49       |
|    explained_variance   | 0.813       |
|    learning_rate        | 0.0003      |
|    loss                 | 19.5        |
|    n_updates            | 130         |
|    policy_gradient_loss | -0.00534    |
|    std                  | 0.996       |
|    value_loss           | 48.6        |
-----------------------------------------
-----------------------------------------
| rollout/                |             |
|    ep_len_mean          | 250         |
|    ep_rew_mean          | 84.3        |
|    success_rate         | 0           |
| time/                   |             |
|    fps                  | 3751        |
|    iterations           | 15          |
|    time_elapsed         | 32          |
|    total_timesteps      | 122880      |
| train/                  |             |
|    approx_kl            | 0.009111385 |
|    clip_fraction        | 0.0953      |
|    clip_range           | 0.2         |
|    entropy_loss         | -8.48       |
|    explained_variance   | 0.773       |
|    learning_rate        | 0.0003      |
|    loss                 | 29.2        |
|    n_updates            | 140         |
|    policy_gradient_loss | -0.00781    |
|    std                  | 0.994       |
|    value_loss           | 57.5        |
-----------------------------------------
Eval num_timesteps=125000, episode_reward=202.78 +/- 0.72
Episode length: 250.00 +/- 0.00
Success rate: 0.00%
-----------------------------------------
| eval/                   |             |
|    mean_ep_length       | 250         |
|    mean_reward          | 203         |
|    success_rate         | 0           |
| time/                   |             |
|    total_timesteps      | 125000      |
| train/                  |             |
|    approx_kl            | 0.007875891 |
|    clip_fraction        | 0.0911      |
|    clip_range           | 0.2         |
|    entropy_loss         | -8.46       |
|    explained_variance   | 0.806       |
|    learning_rate        | 0.0003      |
|    loss                 | 16.8        |
|    n_updates            | 150         |
|    policy_gradient_loss | -0.00548    |
|    std                  | 0.99        |
|    value_loss           | 42.8        |
-----------------------------------------
New best mean reward!
---------------------------------
| rollout/           |          |
|    ep_len_mean     | 250      |
|    ep_rew_mean     | 95.3     |
|    success_rate    | 0        |
| time/              |          |
|    fps             | 3704     |
|    iterations      | 16       |
|    time_elapsed    | 35       |
|    total_timesteps | 131072   |
---------------------------------
-----------------------------------------
| rollout/                |             |
|    ep_len_mean          | 250         |
|    ep_rew_mean          | 104         |
|    success_rate         | 0           |
| time/                   |             |
|    fps                  | 3718        |
|    iterations           | 17          |
|    time_elapsed         | 37          |
|    total_timesteps      | 139264      |
| train/                  |             |
|    approx_kl            | 0.007592331 |
|    clip_fraction        | 0.0888      |
|    clip_range           | 0.2         |
|    entropy_loss         | -8.44       |
|    explained_variance   | 0.765       |
|    learning_rate        | 0.0003      |
|    loss                 | 18          |
|    n_updates            | 160         |
|    policy_gradient_loss | -0.00717    |
|    std                  | 0.987       |
|    value_loss           | 42.3        |
-----------------------------------------
-----------------------------------------
| rollout/                |             |
|    ep_len_mean          | 250         |
|    ep_rew_mean          | 110         |
|    success_rate         | 0           |
| time/                   |             |
|    fps                  | 3731        |
|    iterations           | 18          |
|    time_elapsed         | 39          |
|    total_timesteps      | 147456      |
| train/                  |             |
|    approx_kl            | 0.007898845 |
|    clip_fraction        | 0.0857      |
|    clip_range           | 0.2         |
|    entropy_loss         | -8.42       |
|    explained_variance   | 0.823       |
|    learning_rate        | 0.0003      |
|    loss                 | 22.1        |
|    n_updates            | 170         |
|    policy_gradient_loss | -0.00695    |
|    std                  | 0.984       |
|    value_loss           | 38.5        |
-----------------------------------------
Eval num_timesteps=150000, episode_reward=205.88 +/- 0.48
Episode length: 250.00 +/- 0.00
Success rate: 0.00%
-----------------------------------------
| eval/                   |             |
|    mean_ep_length       | 250         |
|    mean_reward          | 206         |
|    success_rate         | 0           |
| time/                   |             |
|    total_timesteps      | 150000      |
| train/                  |             |
|    approx_kl            | 0.009136136 |
|    clip_fraction        | 0.0928      |
|    clip_range           | 0.2         |
|    entropy_loss         | -8.43       |
|    explained_variance   | 0.852       |
|    learning_rate        | 0.0003      |
|    loss                 | 15.5        |
|    n_updates            | 180         |
|    policy_gradient_loss | -0.00579    |
|    std                  | 0.989       |
|    value_loss           | 38.5        |
-----------------------------------------
New best mean reward!
---------------------------------
| rollout/           |          |
|    ep_len_mean     | 250      |
|    ep_rew_mean     | 115      |
|    success_rate    | 0        |
| time/              |          |
|    fps             | 3689     |
|    iterations      | 19       |
|    time_elapsed    | 42       |
|    total_timesteps | 155648   |
---------------------------------
-----------------------------------------
| rollout/                |             |
|    ep_len_mean          | 250         |
|    ep_rew_mean          | 113         |
|    success_rate         | 0           |
| time/                   |             |
|    fps                  | 3704        |
|    iterations           | 20          |
|    time_elapsed         | 44          |
|    total_timesteps      | 163840      |
| train/                  |             |
|    approx_kl            | 0.009648036 |
|    clip_fraction        | 0.0852      |
|    clip_range           | 0.2         |
|    entropy_loss         | -8.45       |
|    explained_variance   | 0.843       |
|    learning_rate        | 0.0003      |
|    loss                 | 18.1        |
|    n_updates            | 190         |
|    policy_gradient_loss | -0.00456    |
|    std                  | 0.991       |
|    value_loss           | 45.9        |
-----------------------------------------
-----------------------------------------
| rollout/                |             |
|    ep_len_mean          | 250         |
|    ep_rew_mean          | 113         |
|    success_rate         | 0           |
| time/                   |             |
|    fps                  | 3715        |
|    iterations           | 21          |
|    time_elapsed         | 46          |
|    total_timesteps      | 172032      |
| train/                  |             |
|    approx_kl            | 0.008018985 |
|    clip_fraction        | 0.0907      |
|    clip_range           | 0.2         |
|    entropy_loss         | -8.46       |
|    explained_variance   | 0.832       |
|    learning_rate        | 0.0003      |
|    loss                 | 22.5        |
|    n_updates            | 200         |
|    policy_gradient_loss | -0.00635    |
|    std                  | 0.993       |
|    value_loss           | 44.4        |
-----------------------------------------
Eval num_timesteps=175000, episode_reward=207.02 +/- 0.45
Episode length: 250.00 +/- 0.00
Success rate: 0.00%
-----------------------------------------
| eval/                   |             |
|    mean_ep_length       | 250         |
|    mean_reward          | 207         |
|    success_rate         | 0           |
| time/                   |             |
|    total_timesteps      | 175000      |
| train/                  |             |
|    approx_kl            | 0.010271975 |
|    clip_fraction        | 0.0959      |
|    clip_range           | 0.2         |
|    entropy_loss         | -8.46       |
|    explained_variance   | 0.869       |
|    learning_rate        | 0.0003      |
|    loss                 | 21.8        |
|    n_updates            | 210         |
|    policy_gradient_loss | -0.0067     |
|    std                  | 0.99        |
|    value_loss           | 46          |
-----------------------------------------
New best mean reward!
---------------------------------
| rollout/           |          |
|    ep_len_mean     | 250      |
|    ep_rew_mean     | 120      |
|    success_rate    | 0        |
| time/              |          |
|    fps             | 3687     |
|    iterations      | 22       |
|    time_elapsed    | 48       |
|    total_timesteps | 180224   |
---------------------------------
------------------------------------------
| rollout/                |              |
|    ep_len_mean          | 250          |
|    ep_rew_mean          | 123          |
|    success_rate         | 0            |
| time/                   |              |
|    fps                  | 3700         |
|    iterations           | 23           |
|    time_elapsed         | 50           |
|    total_timesteps      | 188416       |
| train/                  |              |
|    approx_kl            | 0.0093846135 |
|    clip_fraction        | 0.106        |
|    clip_range           | 0.2          |
|    entropy_loss         | -8.43        |
|    explained_variance   | 0.865        |
|    learning_rate        | 0.0003       |
|    loss                 | 17.2         |
|    n_updates            | 220          |
|    policy_gradient_loss | -0.00463     |
|    std                  | 0.983        |
|    value_loss           | 32.5         |
------------------------------------------
-----------------------------------------
| rollout/                |             |
|    ep_len_mean          | 250         |
|    ep_rew_mean          | 130         |
|    success_rate         | 0           |
| time/                   |             |
|    fps                  | 3712        |
|    iterations           | 24          |
|    time_elapsed         | 52          |
|    total_timesteps      | 196608      |
| train/                  |             |
|    approx_kl            | 0.008175755 |
|    clip_fraction        | 0.0947      |
|    clip_range           | 0.2         |
|    entropy_loss         | -8.41       |
|    explained_variance   | 0.89        |
|    learning_rate        | 0.0003      |
|    loss                 | 19.2        |
|    n_updates            | 230         |
|    policy_gradient_loss | -0.00587    |
|    std                  | 0.984       |
|    value_loss           | 36.4        |
-----------------------------------------
Eval num_timesteps=200000, episode_reward=206.84 +/- 0.36
Episode length: 250.00 +/- 0.00
Success rate: 0.00%
-----------------------------------------
| eval/                   |             |
|    mean_ep_length       | 250         |
|    mean_reward          | 207         |
|    success_rate         | 0           |
| time/                   |             |
|    total_timesteps      | 200000      |
| train/                  |             |
|    approx_kl            | 0.009687645 |
|    clip_fraction        | 0.0829      |
|    clip_range           | 0.2         |
|    entropy_loss         | -8.4        |
|    explained_variance   | 0.892       |
|    learning_rate        | 0.0003      |
|    loss                 | 20.3        |
|    n_updates            | 240         |
|    policy_gradient_loss | -0.00422    |
|    std                  | 0.981       |
|    value_loss           | 38.1        |
-----------------------------------------
---------------------------------
| rollout/           |          |
|    ep_len_mean     | 250      |
|    ep_rew_mean     | 133      |
|    success_rate    | 0        |
| time/              |          |
|    fps             | 3686     |
|    iterations      | 25       |
|    time_elapsed    | 55       |
|    total_timesteps | 204800   |
---------------------------------
-----------------------------------------
| rollout/                |             |
|    ep_len_mean          | 250         |
|    ep_rew_mean          | 143         |
|    success_rate         | 0           |
| time/                   |             |
|    fps                  | 3700        |
|    iterations           | 26          |
|    time_elapsed         | 57          |
|    total_timesteps      | 212992      |
| train/                  |             |
|    approx_kl            | 0.009707874 |
|    clip_fraction        | 0.104       |
|    clip_range           | 0.2         |
|    entropy_loss         | -8.38       |
|    explained_variance   | 0.907       |
|    learning_rate        | 0.0003      |
|    loss                 | 13.9        |
|    n_updates            | 250         |
|    policy_gradient_loss | -0.00667    |
|    std                  | 0.976       |
|    value_loss           | 31.3        |
-----------------------------------------
-----------------------------------------
| rollout/                |             |
|    ep_len_mean          | 250         |
|    ep_rew_mean          | 142         |
|    success_rate         | 0           |
| time/                   |             |
|    fps                  | 3711        |
|    iterations           | 27          |
|    time_elapsed         | 59          |
|    total_timesteps      | 221184      |
| train/                  |             |
|    approx_kl            | 0.010240862 |
|    clip_fraction        | 0.13        |
|    clip_range           | 0.2         |
|    entropy_loss         | -8.33       |
|    explained_variance   | 0.893       |
|    learning_rate        | 0.0003      |
|    loss                 | 10.7        |
|    n_updates            | 260         |
|    policy_gradient_loss | -0.00681    |
|    std                  | 0.968       |
|    value_loss           | 30.6        |
-----------------------------------------
Eval num_timesteps=225000, episode_reward=205.78 +/- 0.42
Episode length: 250.00 +/- 0.00
Success rate: 0.00%
-----------------------------------------
| eval/                   |             |
|    mean_ep_length       | 250         |
|    mean_reward          | 206         |
|    success_rate         | 0           |
| time/                   |             |
|    total_timesteps      | 225000      |
| train/                  |             |
|    approx_kl            | 0.009420019 |
|    clip_fraction        | 0.106       |
|    clip_range           | 0.2         |
|    entropy_loss         | -8.3        |
|    explained_variance   | 0.926       |
|    learning_rate        | 0.0003      |
|    loss                 | 13.6        |
|    n_updates            | 270         |
|    policy_gradient_loss | -0.00461    |
|    std                  | 0.963       |
|    value_loss           | 34.6        |
-----------------------------------------
---------------------------------
| rollout/           |          |
|    ep_len_mean     | 250      |
|    ep_rew_mean     | 143      |
|    success_rate    | 0        |
| time/              |          |
|    fps             | 3690     |
|    iterations      | 28       |
|    time_elapsed    | 62       |
|    total_timesteps | 229376   |
---------------------------------
-----------------------------------------
| rollout/                |             |
|    ep_len_mean          | 250         |
|    ep_rew_mean          | 142         |
|    success_rate         | 0           |
| time/                   |             |
|    fps                  | 3702        |
|    iterations           | 29          |
|    time_elapsed         | 64          |
|    total_timesteps      | 237568      |
| train/                  |             |
|    approx_kl            | 0.008108564 |
|    clip_fraction        | 0.123       |
|    clip_range           | 0.2         |
|    entropy_loss         | -8.28       |
|    explained_variance   | 0.912       |
|    learning_rate        | 0.0003      |
|    loss                 | 11.4        |
|    n_updates            | 280         |
|    policy_gradient_loss | -0.00523    |
|    std                  | 0.962       |
|    value_loss           | 26.7        |
-----------------------------------------
-----------------------------------------
| rollout/                |             |
|    ep_len_mean          | 250         |
|    ep_rew_mean          | 146         |
|    success_rate         | 0           |
| time/                   |             |
|    fps                  | 3715        |
|    iterations           | 30          |
|    time_elapsed         | 66          |
|    total_timesteps      | 245760      |
| train/                  |             |
|    approx_kl            | 0.009767899 |
|    clip_fraction        | 0.102       |
|    clip_range           | 0.2         |
|    entropy_loss         | -8.29       |
|    explained_variance   | 0.909       |
|    learning_rate        | 0.0003      |
|    loss                 | 21.6        |
|    n_updates            | 290         |
|    policy_gradient_loss | -0.00363    |
|    std                  | 0.966       |
|    value_loss           | 34.9        |
-----------------------------------------
Eval num_timesteps=250000, episode_reward=206.67 +/- 0.46
Episode length: 250.00 +/- 0.00
Success rate: 0.00%
-----------------------------------------
| eval/                   |             |
|    mean_ep_length       | 250         |
|    mean_reward          | 207         |
|    success_rate         | 0           |
| time/                   |             |
|    total_timesteps      | 250000      |
| train/                  |             |
|    approx_kl            | 0.010119707 |
|    clip_fraction        | 0.121       |
|    clip_range           | 0.2         |
|    entropy_loss         | -8.3        |
|    explained_variance   | 0.924       |
|    learning_rate        | 0.0003      |
|    loss                 | 8.33        |
|    n_updates            | 300         |
|    policy_gradient_loss | -0.00519    |
|    std                  | 0.965       |
|    value_loss           | 21          |
-----------------------------------------
---------------------------------
| rollout/           |          |
|    ep_len_mean     | 250      |
|    ep_rew_mean     | 151      |
|    success_rate    | 0        |
| time/              |          |
|    fps             | 3695     |
|    iterations      | 31       |
|    time_elapsed    | 68       |
|    total_timesteps | 253952   |
---------------------------------
----------------------------------------
| rollout/                |            |
|    ep_len_mean          | 250        |
|    ep_rew_mean          | 165        |
|    success_rate         | 0          |
| time/                   |            |
|    fps                  | 3709       |
|    iterations           | 32         |
|    time_elapsed         | 70         |
|    total_timesteps      | 262144     |
| train/                  |            |
|    approx_kl            | 0.01671097 |
|    clip_fraction        | 0.152      |
|    clip_range           | 0.2        |
|    entropy_loss         | -8.28      |
|    explained_variance   | 0.901      |
|    learning_rate        | 0.0003     |
|    loss                 | 12.9       |
|    n_updates            | 310        |
|    policy_gradient_loss | -0.00429   |
|    std                  | 0.961      |
|    value_loss           | 24.4       |
----------------------------------------
-----------------------------------------
| rollout/                |             |
|    ep_len_mean          | 250         |
|    ep_rew_mean          | 175         |
|    success_rate         | 0           |
| time/                   |             |
|    fps                  | 3721        |
|    iterations           | 33          |
|    time_elapsed         | 72          |
|    total_timesteps      | 270336      |
| train/                  |             |
|    approx_kl            | 0.012521437 |
|    clip_fraction        | 0.146       |
|    clip_range           | 0.2         |
|    entropy_loss         | -8.28       |
|    explained_variance   | 0.898       |
|    learning_rate        | 0.0003      |
|    loss                 | 4.53        |
|    n_updates            | 320         |
|    policy_gradient_loss | -0.00373    |
|    std                  | 0.964       |
|    value_loss           | 13.7        |
-----------------------------------------
Eval num_timesteps=275000, episode_reward=207.12 +/- 0.14
Episode length: 250.00 +/- 0.00
Success rate: 0.00%
-----------------------------------------
| eval/                   |             |
|    mean_ep_length       | 250         |
|    mean_reward          | 207         |
|    success_rate         | 0           |
| time/                   |             |
|    total_timesteps      | 275000      |
| train/                  |             |
|    approx_kl            | 0.010133162 |
|    clip_fraction        | 0.177       |
|    clip_range           | 0.2         |
|    entropy_loss         | -8.29       |
|    explained_variance   | 0.897       |
|    learning_rate        | 0.0003      |
|    loss                 | 6.94        |
|    n_updates            | 330         |
|    policy_gradient_loss | -0.0024     |
|    std                  | 0.964       |
|    value_loss           | 14.9        |
-----------------------------------------
New best mean reward!
---------------------------------
| rollout/           |          |
|    ep_len_mean     | 250      |
|    ep_rew_mean     | 175      |
|    success_rate    | 0        |
| time/              |          |
|    fps             | 3703     |
|    iterations      | 34       |
|    time_elapsed    | 75       |
|    total_timesteps | 278528   |
---------------------------------
-----------------------------------------
| rollout/                |             |
|    ep_len_mean          | 250         |
|    ep_rew_mean          | 177         |
|    success_rate         | 0           |
| time/                   |             |
|    fps                  | 3715        |
|    iterations           | 35          |
|    time_elapsed         | 77          |
|    total_timesteps      | 286720      |
| train/                  |             |
|    approx_kl            | 0.010865276 |
|    clip_fraction        | 0.144       |
|    clip_range           | 0.2         |
|    entropy_loss         | -8.27       |
|    explained_variance   | 0.94        |
|    learning_rate        | 0.0003      |
|    loss                 | 4.78        |
|    n_updates            | 340         |
|    policy_gradient_loss | -0.00568    |
|    std                  | 0.961       |
|    value_loss           | 14.1        |
-----------------------------------------
-----------------------------------------
| rollout/                |             |
|    ep_len_mean          | 250         |
|    ep_rew_mean          | 173         |
|    success_rate         | 0           |
| time/                   |             |
|    fps                  | 3728        |
|    iterations           | 36          |
|    time_elapsed         | 79          |
|    total_timesteps      | 294912      |
| train/                  |             |
|    approx_kl            | 0.012201257 |
|    clip_fraction        | 0.129       |
|    clip_range           | 0.2         |
|    entropy_loss         | -8.26       |
|    explained_variance   | 0.881       |
|    learning_rate        | 0.0003      |
|    loss                 | 4.43        |
|    n_updates            | 350         |
|    policy_gradient_loss | -0.00461    |
|    std                  | 0.959       |
|    value_loss           | 14.5        |
-----------------------------------------
Eval num_timesteps=300000, episode_reward=205.20 +/- 0.06
Episode length: 250.00 +/- 0.00
Success rate: 0.00%
---------------------------------------
| eval/                   |           |
|    mean_ep_length       | 250       |
|    mean_reward          | 205       |
|    success_rate         | 0         |
| time/                   |           |
|    total_timesteps      | 300000    |
| train/                  |           |
|    approx_kl            | 0.0121616 |
|    clip_fraction        | 0.151     |
|    clip_range           | 0.2       |
|    entropy_loss         | -8.25     |
|    explained_variance   | 0.938     |
|    learning_rate        | 0.0003    |
|    loss                 | 5.36      |
|    n_updates            | 360       |
|    policy_gradient_loss | -0.0053   |
|    std                  | 0.957     |
|    value_loss           | 13.6      |
---------------------------------------
---------------------------------
| rollout/           |          |
|    ep_len_mean     | 250      |
|    ep_rew_mean     | 181      |
|    success_rate    | 0        |
| time/              |          |
|    fps             | 3712     |
|    iterations      | 37       |
|    time_elapsed    | 81       |
|    total_timesteps | 303104   |
---------------------------------
-----------------------------------------
| rollout/                |             |
|    ep_len_mean          | 250         |
|    ep_rew_mean          | 183         |
|    success_rate         | 0           |
| time/                   |             |
|    fps                  | 3723        |
|    iterations           | 38          |
|    time_elapsed         | 83          |
|    total_timesteps      | 311296      |
| train/                  |             |
|    approx_kl            | 0.012260534 |
|    clip_fraction        | 0.204       |
|    clip_range           | 0.2         |
|    entropy_loss         | -8.21       |
|    explained_variance   | 0.606       |
|    learning_rate        | 0.0003      |
|    loss                 | 1.78        |
|    n_updates            | 370         |
|    policy_gradient_loss | -0.00229    |
|    std                  | 0.952       |
|    value_loss           | 4.96        |
-----------------------------------------
-----------------------------------------
| rollout/                |             |
|    ep_len_mean          | 250         |
|    ep_rew_mean          | 187         |
|    success_rate         | 0           |
| time/                   |             |
|    fps                  | 3732        |
|    iterations           | 39          |
|    time_elapsed         | 85          |
|    total_timesteps      | 319488      |
| train/                  |             |
|    approx_kl            | 0.013605826 |
|    clip_fraction        | 0.145       |
|    clip_range           | 0.2         |
|    entropy_loss         | -8.23       |
|    explained_variance   | 0.94        |
|    learning_rate        | 0.0003      |
|    loss                 | 2.02        |
|    n_updates            | 380         |
|    policy_gradient_loss | -0.00443    |
|    std                  | 0.959       |
|    value_loss           | 5.5         |
-----------------------------------------
Eval num_timesteps=325000, episode_reward=207.01 +/- 0.19
Episode length: 250.00 +/- 0.00
Success rate: 0.00%
-----------------------------------------
| eval/                   |             |
|    mean_ep_length       | 250         |
|    mean_reward          | 207         |
|    success_rate         | 0           |
| time/                   |             |
|    total_timesteps      | 325000      |
| train/                  |             |
|    approx_kl            | 0.010777259 |
|    clip_fraction        | 0.136       |
|    clip_range           | 0.2         |
|    entropy_loss         | -8.24       |
|    explained_variance   | 0.882       |
|    learning_rate        | 0.0003      |
|    loss                 | 6.46        |
|    n_updates            | 390         |
|    policy_gradient_loss | -0.00428    |
|    std                  | 0.958       |
|    value_loss           | 13.2        |
-----------------------------------------
---------------------------------
| rollout/           |          |
|    ep_len_mean     | 250      |
|    ep_rew_mean     | 188      |
|    success_rate    | 0        |
| time/              |          |
|    fps             | 3717     |
|    iterations      | 40       |
|    time_elapsed    | 88       |
|    total_timesteps | 327680   |
---------------------------------
-----------------------------------------
| rollout/                |             |
|    ep_len_mean          | 250         |
|    ep_rew_mean          | 192         |
|    success_rate         | 0           |
| time/                   |             |
|    fps                  | 3726        |
|    iterations           | 41          |
|    time_elapsed         | 90          |
|    total_timesteps      | 335872      |
| train/                  |             |
|    approx_kl            | 0.012655236 |
|    clip_fraction        | 0.232       |
|    clip_range           | 0.2         |
|    entropy_loss         | -8.23       |
|    explained_variance   | 0.911       |
|    learning_rate        | 0.0003      |
|    loss                 | 1.06        |
|    n_updates            | 400         |
|    policy_gradient_loss | -0.00127    |
|    std                  | 0.955       |
|    value_loss           | 2.32        |
-----------------------------------------
-----------------------------------------
| rollout/                |             |
|    ep_len_mean          | 250         |
|    ep_rew_mean          | 197         |
|    success_rate         | 0           |
| time/                   |             |
|    fps                  | 3736        |
|    iterations           | 42          |
|    time_elapsed         | 92          |
|    total_timesteps      | 344064      |
| train/                  |             |
|    approx_kl            | 0.020725194 |
|    clip_fraction        | 0.196       |
|    clip_range           | 0.2         |
|    entropy_loss         | -8.21       |
|    explained_variance   | 0.86        |
|    learning_rate        | 0.0003      |
|    loss                 | 2.76        |
|    n_updates            | 410         |
|    policy_gradient_loss | -0.00509    |
|    std                  | 0.954       |
|    value_loss           | 5.87        |
-----------------------------------------
Eval num_timesteps=350000, episode_reward=208.00 +/- 0.15
Episode length: 250.00 +/- 0.00
Success rate: 0.00%
----------------------------------------
| eval/                   |            |
|    mean_ep_length       | 250        |
|    mean_reward          | 208        |
|    success_rate         | 0          |
| time/                   |            |
|    total_timesteps      | 350000     |
| train/                  |            |
|    approx_kl            | 0.01052277 |
|    clip_fraction        | 0.194      |
|    clip_range           | 0.2        |
|    entropy_loss         | -8.2       |
|    explained_variance   | 0.931      |
|    learning_rate        | 0.0003     |
|    loss                 | 0.345      |
|    n_updates            | 420        |
|    policy_gradient_loss | -0.00092   |
|    std                  | 0.951      |
|    value_loss           | 1.63       |
----------------------------------------
New best mean reward!
---------------------------------
| rollout/           |          |
|    ep_len_mean     | 250      |
|    ep_rew_mean     | 198      |
|    success_rate    | 0        |
| time/              |          |
|    fps             | 3723     |
|    iterations      | 43       |
|    time_elapsed    | 94       |
|    total_timesteps | 352256   |
---------------------------------
----------------------------------------
| rollout/                |            |
|    ep_len_mean          | 250        |
|    ep_rew_mean          | 199        |
|    success_rate         | 0          |
| time/                   |            |
|    fps                  | 3731       |
|    iterations           | 44         |
|    time_elapsed         | 96         |
|    total_timesteps      | 360448     |
| train/                  |            |
|    approx_kl            | 0.01365809 |
|    clip_fraction        | 0.201      |
|    clip_range           | 0.2        |
|    entropy_loss         | -8.18      |
|    explained_variance   | 0.877      |
|    learning_rate        | 0.0003     |
|    loss                 | 0.28       |
|    n_updates            | 430        |
|    policy_gradient_loss | -0.000189  |
|    std                  | 0.949      |
|    value_loss           | 0.658      |
----------------------------------------
-----------------------------------------
| rollout/                |             |
|    ep_len_mean          | 250         |
|    ep_rew_mean          | 199         |
|    success_rate         | 0           |
| time/                   |             |
|    fps                  | 3740        |
|    iterations           | 45          |
|    time_elapsed         | 98          |
|    total_timesteps      | 368640      |
| train/                  |             |
|    approx_kl            | 0.013175296 |
|    clip_fraction        | 0.15        |
|    clip_range           | 0.2         |
|    entropy_loss         | -8.19       |
|    explained_variance   | 0.908       |
|    learning_rate        | 0.0003      |
|    loss                 | 1.02        |
|    n_updates            | 440         |
|    policy_gradient_loss | -0.00313    |
|    std                  | 0.953       |
|    value_loss           | 2.34        |
-----------------------------------------
Eval num_timesteps=375000, episode_reward=209.94 +/- 0.09
Episode length: 250.00 +/- 0.00
Success rate: 0.00%
-----------------------------------------
| eval/                   |             |
|    mean_ep_length       | 250         |
|    mean_reward          | 210         |
|    success_rate         | 0           |
| time/                   |             |
|    total_timesteps      | 375000      |
| train/                  |             |
|    approx_kl            | 0.011616152 |
|    clip_fraction        | 0.133       |
|    clip_range           | 0.2         |
|    entropy_loss         | -8.22       |
|    explained_variance   | 0.85        |
|    learning_rate        | 0.0003      |
|    loss                 | 0.983       |
|    n_updates            | 450         |
|    policy_gradient_loss | -0.00681    |
|    std                  | 0.96        |
|    value_loss           | 2.76        |
-----------------------------------------
New best mean reward!
---------------------------------
| rollout/           |          |
|    ep_len_mean     | 250      |
|    ep_rew_mean     | 197      |
|    success_rate    | 0        |
| time/              |          |
|    fps             | 3726     |
|    iterations      | 46       |
|    time_elapsed    | 101      |
|    total_timesteps | 376832   |
---------------------------------
-----------------------------------------
| rollout/                |             |
|    ep_len_mean          | 250         |
|    ep_rew_mean          | 197         |
|    success_rate         | 0           |
| time/                   |             |
|    fps                  | 3734        |
|    iterations           | 47          |
|    time_elapsed         | 103         |
|    total_timesteps      | 385024      |
| train/                  |             |
|    approx_kl            | 0.012848592 |
|    clip_fraction        | 0.125       |
|    clip_range           | 0.2         |
|    entropy_loss         | -8.25       |
|    explained_variance   | 0.948       |
|    learning_rate        | 0.0003      |
|    loss                 | 0.376       |
|    n_updates            | 460         |
|    policy_gradient_loss | -0.00522    |
|    std                  | 0.962       |
|    value_loss           | 2.42        |
-----------------------------------------
-----------------------------------------
| rollout/                |             |
|    ep_len_mean          | 250         |
|    ep_rew_mean          | 199         |
|    success_rate         | 0           |
| time/                   |             |
|    fps                  | 3742        |
|    iterations           | 48          |
|    time_elapsed         | 105         |
|    total_timesteps      | 393216      |
| train/                  |             |
|    approx_kl            | 0.017897438 |
|    clip_fraction        | 0.184       |
|    clip_range           | 0.2         |
|    entropy_loss         | -8.25       |
|    explained_variance   | 0.823       |
|    learning_rate        | 0.0003      |
|    loss                 | 1.04        |
|    n_updates            | 470         |
|    policy_gradient_loss | -0.00308    |
|    std                  | 0.959       |
|    value_loss           | 2.13        |
-----------------------------------------
Eval num_timesteps=400000, episode_reward=204.32 +/- 9.94
Episode length: 250.00 +/- 0.00
Success rate: 0.00%
-----------------------------------------
| eval/                   |             |
|    mean_ep_length       | 250         |
|    mean_reward          | 204         |
|    success_rate         | 0           |
| time/                   |             |
|    total_timesteps      | 400000      |
| train/                  |             |
|    approx_kl            | 0.043925002 |
|    clip_fraction        | 0.228       |
|    clip_range           | 0.2         |
|    entropy_loss         | -8.23       |
|    explained_variance   | 0.9         |
|    learning_rate        | 0.0003      |
|    loss                 | 0.111       |
|    n_updates            | 480         |
|    policy_gradient_loss | 0.00133     |
|    std                  | 0.956       |
|    value_loss           | 0.545       |
-----------------------------------------
---------------------------------
| rollout/           |          |
|    ep_len_mean     | 250      |
|    ep_rew_mean     | 198      |
|    success_rate    | 0        |
| time/              |          |
|    fps             | 3728     |
|    iterations      | 49       |
|    time_elapsed    | 107      |
|    total_timesteps | 401408   |
---------------------------------
------------------------------------------
| rollout/                |              |
|    ep_len_mean          | 250          |
|    ep_rew_mean          | 196          |
|    success_rate         | 0            |
| time/                   |              |
|    fps                  | 3735         |
|    iterations           | 50           |
|    time_elapsed         | 109          |
|    total_timesteps      | 409600       |
| train/                  |              |
|    approx_kl            | 0.0067489995 |
|    clip_fraction        | 0.0993       |
|    clip_range           | 0.2          |
|    entropy_loss         | -8.21        |
|    explained_variance   | 0.857        |
|    learning_rate        | 0.0003       |
|    loss                 | 9.44         |
|    n_updates            | 490          |
|    policy_gradient_loss | -0.00133     |
|    std                  | 0.955        |
|    value_loss           | 13.3         |
------------------------------------------
----------------------------------------
| rollout/                |            |
|    ep_len_mean          | 250        |
|    ep_rew_mean          | 194        |
|    success_rate         | 0          |
| time/                   |            |
|    fps                  | 3743       |
|    iterations           | 51         |
|    time_elapsed         | 111        |
|    total_timesteps      | 417792     |
| train/                  |            |
|    approx_kl            | 0.01290583 |
|    clip_fraction        | 0.16       |
|    clip_range           | 0.2        |
|    entropy_loss         | -8.2       |
|    explained_variance   | 0.913      |
|    learning_rate        | 0.0003     |
|    loss                 | 0.64       |
|    n_updates            | 500        |
|    policy_gradient_loss | -0.00468   |
|    std                  | 0.951      |
|    value_loss           | 1.85       |
----------------------------------------
Eval num_timesteps=425000, episode_reward=209.44 +/- 0.30
Episode length: 250.00 +/- 0.00
Success rate: 0.00%
-----------------------------------------
| eval/                   |             |
|    mean_ep_length       | 250         |
|    mean_reward          | 209         |
|    success_rate         | 0           |
| time/                   |             |
|    total_timesteps      | 425000      |
| train/                  |             |
|    approx_kl            | 0.010059455 |
|    clip_fraction        | 0.108       |
|    clip_range           | 0.2         |
|    entropy_loss         | -8.2        |
|    explained_variance   | 0.869       |
|    learning_rate        | 0.0003      |
|    loss                 | 4.08        |
|    n_updates            | 510         |
|    policy_gradient_loss | -0.00704    |
|    std                  | 0.955       |
|    value_loss           | 7.67        |
-----------------------------------------
---------------------------------
| rollout/           |          |
|    ep_len_mean     | 250      |
|    ep_rew_mean     | 194      |
|    success_rate    | 0        |
| time/              |          |
|    fps             | 3731     |
|    iterations      | 52       |
|    time_elapsed    | 114      |
|    total_timesteps | 425984   |
---------------------------------
-----------------------------------------
| rollout/                |             |
|    ep_len_mean          | 250         |
|    ep_rew_mean          | 197         |
|    success_rate         | 0           |
| time/                   |             |
|    fps                  | 3739        |
|    iterations           | 53          |
|    time_elapsed         | 116         |
|    total_timesteps      | 434176      |
| train/                  |             |
|    approx_kl            | 0.014220735 |
|    clip_fraction        | 0.122       |
|    clip_range           | 0.2         |
|    entropy_loss         | -8.23       |
|    explained_variance   | 0.928       |
|    learning_rate        | 0.0003      |
|    loss                 | 3.25        |
|    n_updates            | 520         |
|    policy_gradient_loss | -0.00737    |
|    std                  | 0.961       |
|    value_loss           | 4           |
-----------------------------------------
-----------------------------------------
| rollout/                |             |
|    ep_len_mean          | 250         |
|    ep_rew_mean          | 198         |
|    success_rate         | 0           |
| time/                   |             |
|    fps                  | 3747        |
|    iterations           | 54          |
|    time_elapsed         | 118         |
|    total_timesteps      | 442368      |
| train/                  |             |
|    approx_kl            | 0.011339742 |
|    clip_fraction        | 0.189       |
|    clip_range           | 0.2         |
|    entropy_loss         | -8.24       |
|    explained_variance   | 0.84        |
|    learning_rate        | 0.0003      |
|    loss                 | 0.774       |
|    n_updates            | 530         |
|    policy_gradient_loss | -0.000433   |
|    std                  | 0.959       |
|    value_loss           | 1.11        |
-----------------------------------------
Eval num_timesteps=450000, episode_reward=206.60 +/- 5.33
Episode length: 250.00 +/- 0.00
Success rate: 0.00%
-----------------------------------------
| eval/                   |             |
|    mean_ep_length       | 250         |
|    mean_reward          | 207         |
|    success_rate         | 0           |
| time/                   |             |
|    total_timesteps      | 450000      |
| train/                  |             |
|    approx_kl            | 0.009106776 |
|    clip_fraction        | 0.113       |
|    clip_range           | 0.2         |
|    entropy_loss         | -8.24       |
|    explained_variance   | 0.934       |
|    learning_rate        | 0.0003      |
|    loss                 | 1.94        |
|    n_updates            | 540         |
|    policy_gradient_loss | -0.00307    |
|    std                  | 0.962       |
|    value_loss           | 3.26        |
-----------------------------------------
---------------------------------
| rollout/           |          |
|    ep_len_mean     | 250      |
|    ep_rew_mean     | 199      |
|    success_rate    | 0        |
| time/              |          |
|    fps             | 3737     |
|    iterations      | 55       |
|    time_elapsed    | 120      |
|    total_timesteps | 450560   |
---------------------------------
-----------------------------------------
| rollout/                |             |
|    ep_len_mean          | 250         |
|    ep_rew_mean          | 199         |
|    success_rate         | 0           |
| time/                   |             |
|    fps                  | 3744        |
|    iterations           | 56          |
|    time_elapsed         | 122         |
|    total_timesteps      | 458752      |
| train/                  |             |
|    approx_kl            | 0.011726033 |
|    clip_fraction        | 0.125       |
|    clip_range           | 0.2         |
|    entropy_loss         | -8.24       |
|    explained_variance   | 0.875       |
|    learning_rate        | 0.0003      |
|    loss                 | 0.883       |
|    n_updates            | 550         |
|    policy_gradient_loss | -0.00605    |
|    std                  | 0.961       |
|    value_loss           | 7.47        |
-----------------------------------------
-----------------------------------------
| rollout/                |             |
|    ep_len_mean          | 250         |
|    ep_rew_mean          | 200         |
|    success_rate         | 0           |
| time/                   |             |
|    fps                  | 3750        |
|    iterations           | 57          |
|    time_elapsed         | 124         |
|    total_timesteps      | 466944      |
| train/                  |             |
|    approx_kl            | 0.009341436 |
|    clip_fraction        | 0.107       |
|    clip_range           | 0.2         |
|    entropy_loss         | -8.24       |
|    explained_variance   | 0.883       |
|    learning_rate        | 0.0003      |
|    loss                 | 1.64        |
|    n_updates            | 560         |
|    policy_gradient_loss | -0.00374    |
|    std                  | 0.962       |
|    value_loss           | 6.34        |
-----------------------------------------
Eval num_timesteps=475000, episode_reward=192.44 +/- 16.66
Episode length: 250.00 +/- 0.00
Success rate: 0.00%
------------------------------------------
| eval/                   |              |
|    mean_ep_length       | 250          |
|    mean_reward          | 192          |
|    success_rate         | 0            |
| time/                   |              |
|    total_timesteps      | 475000       |
| train/                  |              |
|    approx_kl            | 0.0070488574 |
|    clip_fraction        | 0.126        |
|    clip_range           | 0.2          |
|    entropy_loss         | -8.23        |
|    explained_variance   | 0.92         |
|    learning_rate        | 0.0003       |
|    loss                 | 4.16         |
|    n_updates            | 570          |
|    policy_gradient_loss | -0.00456     |
|    std                  | 0.959        |
|    value_loss           | 7.35         |
------------------------------------------
---------------------------------
| rollout/           |          |
|    ep_len_mean     | 250      |
|    ep_rew_mean     | 201      |
|    success_rate    | 0        |
| time/              |          |
|    fps             | 3739     |
|    iterations      | 58       |
|    time_elapsed    | 127      |
|    total_timesteps | 475136   |
---------------------------------
-----------------------------------------
| rollout/                |             |
|    ep_len_mean          | 250         |
|    ep_rew_mean          | 200         |
|    success_rate         | 0           |
| time/                   |             |
|    fps                  | 3746        |
|    iterations           | 59          |
|    time_elapsed         | 129         |
|    total_timesteps      | 483328      |
| train/                  |             |
|    approx_kl            | 0.009007674 |
|    clip_fraction        | 0.127       |
|    clip_range           | 0.2         |
|    entropy_loss         | -8.23       |
|    explained_variance   | 0.907       |
|    learning_rate        | 0.0003      |
|    loss                 | 3.12        |
|    n_updates            | 580         |
|    policy_gradient_loss | -0.00309    |
|    std                  | 0.961       |
|    value_loss           | 8.92        |
-----------------------------------------
----------------------------------------
| rollout/                |            |
|    ep_len_mean          | 250        |
|    ep_rew_mean          | 199        |
|    success_rate         | 0          |
| time/                   |            |
|    fps                  | 3751       |
|    iterations           | 60         |
|    time_elapsed         | 131        |
|    total_timesteps      | 491520     |
| train/                  |            |
|    approx_kl            | 0.01006108 |
|    clip_fraction        | 0.127      |
|    clip_range           | 0.2        |
|    entropy_loss         | -8.23      |
|    explained_variance   | 0.954      |
|    learning_rate        | 0.0003     |
|    loss                 | 1.01       |
|    n_updates            | 590        |
|    policy_gradient_loss | -0.00536   |
|    std                  | 0.959      |
|    value_loss           | 6.42       |
----------------------------------------
-----------------------------------------
| rollout/                |             |
|    ep_len_mean          | 250         |
|    ep_rew_mean          | 198         |
|    success_rate         | 0           |
| time/                   |             |
|    fps                  | 3754        |
|    iterations           | 61          |
|    time_elapsed         | 133         |
|    total_timesteps      | 499712      |
| train/                  |             |
|    approx_kl            | 0.035448052 |
|    clip_fraction        | 0.247       |
|    clip_range           | 0.2         |
|    entropy_loss         | -8.22       |
|    explained_variance   | 0.992       |
|    learning_rate        | 0.0003      |
|    loss                 | 0.064       |
|    n_updates            | 600         |
|    policy_gradient_loss | 0.00314     |
|    std                  | 0.958       |
|    value_loss           | 0.505       |
-----------------------------------------
Eval num_timesteps=500000, episode_reward=206.22 +/- 5.92
Episode length: 250.00 +/- 0.00
Success rate: 0.00%
-----------------------------------------
| eval/                   |             |
|    mean_ep_length       | 250         |
|    mean_reward          | 206         |
|    success_rate         | 0           |
| time/                   |             |
|    total_timesteps      | 500000      |
| train/                  |             |
|    approx_kl            | 0.011213042 |
|    clip_fraction        | 0.135       |
|    clip_range           | 0.2         |
|    entropy_loss         | -8.22       |
|    explained_variance   | 0.94        |
|    learning_rate        | 0.0003      |
|    loss                 | 0.8         |
|    n_updates            | 610         |
|    policy_gradient_loss | -0.00395    |
|    std                  | 0.96        |
|    value_loss           | 3.02        |
-----------------------------------------
---------------------------------
| rollout/           |          |
|    ep_len_mean     | 250      |
|    ep_rew_mean     | 200      |
|    success_rate    | 0        |
| time/              |          |
|    fps             | 3745     |
|    iterations      | 62       |
|    time_elapsed    | 135      |
|    total_timesteps | 507904   |
---------------------------------
-----------------------------------------
| rollout/                |             |
|    ep_len_mean          | 250         |
|    ep_rew_mean          | 201         |
|    success_rate         | 0           |
| time/                   |             |
|    fps                  | 3751        |
|    iterations           | 63          |
|    time_elapsed         | 137         |
|    total_timesteps      | 516096      |
| train/                  |             |
|    approx_kl            | 0.009765372 |
|    clip_fraction        | 0.178       |
|    clip_range           | 0.2         |
|    entropy_loss         | -8.2        |
|    explained_variance   | 0.912       |
|    learning_rate        | 0.0003      |
|    loss                 | 0.103       |
|    n_updates            | 620         |
|    policy_gradient_loss | -0.000782   |
|    std                  | 0.956       |
|    value_loss           | 0.355       |
-----------------------------------------
-----------------------------------------
| rollout/                |             |
|    ep_len_mean          | 250         |
|    ep_rew_mean          | 203         |
|    success_rate         | 0           |
| time/                   |             |
|    fps                  | 3757        |
|    iterations           | 64          |
|    time_elapsed         | 139         |
|    total_timesteps      | 524288      |
| train/                  |             |
|    approx_kl            | 0.013712466 |
|    clip_fraction        | 0.207       |
|    clip_range           | 0.2         |
|    entropy_loss         | -8.2        |
|    explained_variance   | 0.908       |
|    learning_rate        | 0.0003      |
|    loss                 | 1.91        |
|    n_updates            | 630         |
|    policy_gradient_loss | -0.00122    |
|    std                  | 0.959       |
|    value_loss           | 2.73        |
-----------------------------------------
Eval num_timesteps=525000, episode_reward=200.94 +/- 17.24
Episode length: 250.00 +/- 0.00
Success rate: 0.00%
-----------------------------------------
| eval/                   |             |
|    mean_ep_length       | 250         |
|    mean_reward          | 201         |
|    success_rate         | 0           |
| time/                   |             |
|    total_timesteps      | 525000      |
| train/                  |             |
|    approx_kl            | 0.027513443 |
|    clip_fraction        | 0.218       |
|    clip_range           | 0.2         |
|    entropy_loss         | -8.21       |
|    explained_variance   | 0.865       |
|    learning_rate        | 0.0003      |
|    loss                 | 1.33        |
|    n_updates            | 640         |
|    policy_gradient_loss | -0.00554    |
|    std                  | 0.959       |
|    value_loss           | 3.2         |
-----------------------------------------
---------------------------------
| rollout/           |          |
|    ep_len_mean     | 250      |
|    ep_rew_mean     | 200      |
|    success_rate    | 0        |
| time/              |          |
|    fps             | 3748     |
|    iterations      | 65       |
|    time_elapsed    | 142      |
|    total_timesteps | 532480   |
---------------------------------
-----------------------------------------
| rollout/                |             |
|    ep_len_mean          | 250         |
|    ep_rew_mean          | 198         |
|    success_rate         | 0           |
| time/                   |             |
|    fps                  | 3753        |
|    iterations           | 66          |
|    time_elapsed         | 144         |
|    total_timesteps      | 540672      |
| train/                  |             |
|    approx_kl            | 0.008952362 |
|    clip_fraction        | 0.103       |
|    clip_range           | 0.2         |
|    entropy_loss         | -8.21       |
|    explained_variance   | 0.95        |
|    learning_rate        | 0.0003      |
|    loss                 | 3.6         |
|    n_updates            | 650         |
|    policy_gradient_loss | -0.00376    |
|    std                  | 0.962       |
|    value_loss           | 6.62        |
-----------------------------------------
-----------------------------------------
| rollout/                |             |
|    ep_len_mean          | 250         |
|    ep_rew_mean          | 197         |
|    success_rate         | 0           |
| time/                   |             |
|    fps                  | 3759        |
|    iterations           | 67          |
|    time_elapsed         | 145         |
|    total_timesteps      | 548864      |
| train/                  |             |
|    approx_kl            | 0.012900149 |
|    clip_fraction        | 0.116       |
|    clip_range           | 0.2         |
|    entropy_loss         | -8.22       |
|    explained_variance   | 0.892       |
|    learning_rate        | 0.0003      |
|    loss                 | 2.4         |
|    n_updates            | 660         |
|    policy_gradient_loss | -0.00538    |
|    std                  | 0.962       |
|    value_loss           | 5.2         |
-----------------------------------------
Eval num_timesteps=550000, episode_reward=209.11 +/- 0.50
Episode length: 250.00 +/- 0.00
Success rate: 0.00%
-----------------------------------------
| eval/                   |             |
|    mean_ep_length       | 250         |
|    mean_reward          | 209         |
|    success_rate         | 0           |
| time/                   |             |
|    total_timesteps      | 550000      |
| train/                  |             |
|    approx_kl            | 0.011042094 |
|    clip_fraction        | 0.153       |
|    clip_range           | 0.2         |
|    entropy_loss         | -8.23       |
|    explained_variance   | 0.92        |
|    learning_rate        | 0.0003      |
|    loss                 | 1.26        |
|    n_updates            | 670         |
|    policy_gradient_loss | 0.000353    |
|    std                  | 0.967       |
|    value_loss           | 3.88        |
-----------------------------------------
---------------------------------
| rollout/           |          |
|    ep_len_mean     | 250      |
|    ep_rew_mean     | 200      |
|    success_rate    | 0        |
| time/              |          |
|    fps             | 3751     |
|    iterations      | 68       |
|    time_elapsed    | 148      |
|    total_timesteps | 557056   |
---------------------------------
-----------------------------------------
| rollout/                |             |
|    ep_len_mean          | 250         |
|    ep_rew_mean          | 198         |
|    success_rate         | 0           |
| time/                   |             |
|    fps                  | 3757        |
|    iterations           | 69          |
|    time_elapsed         | 150         |
|    total_timesteps      | 565248      |
| train/                  |             |
|    approx_kl            | 0.012456097 |
|    clip_fraction        | 0.152       |
|    clip_range           | 0.2         |
|    entropy_loss         | -8.27       |
|    explained_variance   | 0.925       |
|    learning_rate        | 0.0003      |
|    loss                 | 0.817       |
|    n_updates            | 680         |
|    policy_gradient_loss | -0.00275    |
|    std                  | 0.972       |
|    value_loss           | 2.86        |
-----------------------------------------
-----------------------------------------
| rollout/                |             |
|    ep_len_mean          | 250         |
|    ep_rew_mean          | 198         |
|    success_rate         | 0           |
| time/                   |             |
|    fps                  | 3763        |
|    iterations           | 70          |
|    time_elapsed         | 152         |
|    total_timesteps      | 573440      |
| train/                  |             |
|    approx_kl            | 0.017553993 |
|    clip_fraction        | 0.161       |
|    clip_range           | 0.2         |
|    entropy_loss         | -8.27       |
|    explained_variance   | 0.926       |
|    learning_rate        | 0.0003      |
|    loss                 | 2.6         |
|    n_updates            | 690         |
|    policy_gradient_loss | -0.00422    |
|    std                  | 0.969       |
|    value_loss           | 7.15        |
-----------------------------------------
Eval num_timesteps=575000, episode_reward=208.93 +/- 0.66
Episode length: 250.00 +/- 0.00
Success rate: 0.00%
-----------------------------------------
| eval/                   |             |
|    mean_ep_length       | 250         |
|    mean_reward          | 209         |
|    success_rate         | 0           |
| time/                   |             |
|    total_timesteps      | 575000      |
| train/                  |             |
|    approx_kl            | 0.030488964 |
|    clip_fraction        | 0.205       |
|    clip_range           | 0.2         |
|    entropy_loss         | -8.27       |
|    explained_variance   | 0.982       |
|    learning_rate        | 0.0003      |
|    loss                 | 0.0375      |
|    n_updates            | 700         |
|    policy_gradient_loss | 0.00636     |
|    std                  | 0.971       |
|    value_loss           | 0.302       |
-----------------------------------------
---------------------------------
| rollout/           |          |
|    ep_len_mean     | 250      |
|    ep_rew_mean     | 198      |
|    success_rate    | 0        |
| time/              |          |
|    fps             | 3756     |
|    iterations      | 71       |
|    time_elapsed    | 154      |
|    total_timesteps | 581632   |
---------------------------------
-----------------------------------------
| rollout/                |             |
|    ep_len_mean          | 250         |
|    ep_rew_mean          | 199         |
|    success_rate         | 0           |
| time/                   |             |
|    fps                  | 3762        |
|    iterations           | 72          |
|    time_elapsed         | 156         |
|    total_timesteps      | 589824      |
| train/                  |             |
|    approx_kl            | 0.021040685 |
|    clip_fraction        | 0.181       |
|    clip_range           | 0.2         |
|    entropy_loss         | -8.27       |
|    explained_variance   | 0.892       |
|    learning_rate        | 0.0003      |
|    loss                 | 0.537       |
|    n_updates            | 710         |
|    policy_gradient_loss | -0.00303    |
|    std                  | 0.972       |
|    value_loss           | 1.83        |
-----------------------------------------
-----------------------------------------
| rollout/                |             |
|    ep_len_mean          | 250         |
|    ep_rew_mean          | 201         |
|    success_rate         | 0           |
| time/                   |             |
|    fps                  | 3767        |
|    iterations           | 73          |
|    time_elapsed         | 158         |
|    total_timesteps      | 598016      |
| train/                  |             |
|    approx_kl            | 0.012959322 |
|    clip_fraction        | 0.155       |
|    clip_range           | 0.2         |
|    entropy_loss         | -8.26       |
|    explained_variance   | 0.961       |
|    learning_rate        | 0.0003      |
|    loss                 | 1.32        |
|    n_updates            | 720         |
|    policy_gradient_loss | -0.00195    |
|    std                  | 0.968       |
|    value_loss           | 1.79        |
-----------------------------------------
Eval num_timesteps=600000, episode_reward=209.12 +/- 0.10
Episode length: 250.00 +/- 0.00
Success rate: 0.00%
-----------------------------------------
| eval/                   |             |
|    mean_ep_length       | 250         |
|    mean_reward          | 209         |
|    success_rate         | 0           |
| time/                   |             |
|    total_timesteps      | 600000      |
| train/                  |             |
|    approx_kl            | 0.014806953 |
|    clip_fraction        | 0.185       |
|    clip_range           | 0.2         |
|    entropy_loss         | -8.26       |
|    explained_variance   | 0.814       |
|    learning_rate        | 0.0003      |
|    loss                 | 2.01        |
|    n_updates            | 730         |
|    policy_gradient_loss | -0.00172    |
|    std                  | 0.97        |
|    value_loss           | 5.29        |
-----------------------------------------
---------------------------------
| rollout/           |          |
|    ep_len_mean     | 250      |
|    ep_rew_mean     | 197      |
|    success_rate    | 0        |
| time/              |          |
|    fps             | 3759     |
|    iterations      | 74       |
|    time_elapsed    | 161      |
|    total_timesteps | 606208   |
---------------------------------
-----------------------------------------
| rollout/                |             |
|    ep_len_mean          | 250         |
|    ep_rew_mean          | 199         |
|    success_rate         | 0           |
| time/                   |             |
|    fps                  | 3764        |
|    iterations           | 75          |
|    time_elapsed         | 163         |
|    total_timesteps      | 614400      |
| train/                  |             |
|    approx_kl            | 0.011999119 |
|    clip_fraction        | 0.155       |
|    clip_range           | 0.2         |
|    entropy_loss         | -8.28       |
|    explained_variance   | 0.952       |
|    learning_rate        | 0.0003      |
|    loss                 | 1.36        |
|    n_updates            | 740         |
|    policy_gradient_loss | -0.00554    |
|    std                  | 0.975       |
|    value_loss           | 8.07        |
-----------------------------------------
----------------------------------------
| rollout/                |            |
|    ep_len_mean          | 250        |
|    ep_rew_mean          | 194        |
|    success_rate         | 0          |
| time/                   |            |
|    fps                  | 3769       |
|    iterations           | 76         |
|    time_elapsed         | 165        |
|    total_timesteps      | 622592     |
| train/                  |            |
|    approx_kl            | 0.01033933 |
|    clip_fraction        | 0.154      |
|    clip_range           | 0.2        |
|    entropy_loss         | -8.28      |
|    explained_variance   | 0.947      |
|    learning_rate        | 0.0003     |
|    loss                 | 0.825      |
|    n_updates            | 750        |
|    policy_gradient_loss | -0.00408   |
|    std                  | 0.971      |
|    value_loss           | 5.86       |
----------------------------------------
Eval num_timesteps=625000, episode_reward=197.75 +/- 14.07
Episode length: 250.00 +/- 0.00
Success rate: 0.00%
-----------------------------------------
| eval/                   |             |
|    mean_ep_length       | 250         |
|    mean_reward          | 198         |
|    success_rate         | 0           |
| time/                   |             |
|    total_timesteps      | 625000      |
| train/                  |             |
|    approx_kl            | 0.012567283 |
|    clip_fraction        | 0.129       |
|    clip_range           | 0.2         |
|    entropy_loss         | -8.27       |
|    explained_variance   | 0.966       |
|    learning_rate        | 0.0003      |
|    loss                 | 3.27        |
|    n_updates            | 760         |
|    policy_gradient_loss | -0.00297    |
|    std                  | 0.972       |
|    value_loss           | 7           |
-----------------------------------------
---------------------------------
| rollout/           |          |
|    ep_len_mean     | 250      |
|    ep_rew_mean     | 198      |
|    success_rate    | 0        |
| time/              |          |
|    fps             | 3760     |
|    iterations      | 77       |
|    time_elapsed    | 167      |
|    total_timesteps | 630784   |
---------------------------------
-----------------------------------------
| rollout/                |             |
|    ep_len_mean          | 250         |
|    ep_rew_mean          | 196         |
|    success_rate         | 0           |
| time/                   |             |
|    fps                  | 3766        |
|    iterations           | 78          |
|    time_elapsed         | 169         |
|    total_timesteps      | 638976      |
| train/                  |             |
|    approx_kl            | 0.011810673 |
|    clip_fraction        | 0.172       |
|    clip_range           | 0.2         |
|    entropy_loss         | -8.27       |
|    explained_variance   | 0.926       |
|    learning_rate        | 0.0003      |
|    loss                 | 1.57        |
|    n_updates            | 770         |
|    policy_gradient_loss | -0.00384    |
|    std                  | 0.97        |
|    value_loss           | 4.56        |
-----------------------------------------
------------------------------------------
| rollout/                |              |
|    ep_len_mean          | 250          |
|    ep_rew_mean          | 199          |
|    success_rate         | 0            |
| time/                   |              |
|    fps                  | 3771         |
|    iterations           | 79           |
|    time_elapsed         | 171          |
|    total_timesteps      | 647168       |
| train/                  |              |
|    approx_kl            | 0.0102975825 |
|    clip_fraction        | 0.146        |
|    clip_range           | 0.2          |
|    entropy_loss         | -8.25        |
|    explained_variance   | 0.957        |
|    learning_rate        | 0.0003       |
|    loss                 | 1.21         |
|    n_updates            | 780          |
|    policy_gradient_loss | -0.00495     |
|    std                  | 0.966        |
|    value_loss           | 4.21         |
------------------------------------------
Eval num_timesteps=650000, episode_reward=156.46 +/- 92.57
Episode length: 250.00 +/- 0.00
Success rate: 0.00%
-----------------------------------------
| eval/                   |             |
|    mean_ep_length       | 250         |
|    mean_reward          | 156         |
|    success_rate         | 0           |
| time/                   |             |
|    total_timesteps      | 650000      |
| train/                  |             |
|    approx_kl            | 0.017844759 |
|    clip_fraction        | 0.201       |
|    clip_range           | 0.2         |
|    entropy_loss         | -8.24       |
|    explained_variance   | 0.926       |
|    learning_rate        | 0.0003      |
|    loss                 | 1.17        |
|    n_updates            | 790         |
|    policy_gradient_loss | -0.000555   |
|    std                  | 0.967       |
|    value_loss           | 2.09        |
-----------------------------------------
---------------------------------
| rollout/           |          |
|    ep_len_mean     | 250      |
|    ep_rew_mean     | 199      |
|    success_rate    | 0        |
| time/              |          |
|    fps             | 3763     |
|    iterations      | 80       |
|    time_elapsed    | 174      |
|    total_timesteps | 655360   |
---------------------------------
-----------------------------------------
| rollout/                |             |
|    ep_len_mean          | 250         |
|    ep_rew_mean          | 202         |
|    success_rate         | 0           |
| time/                   |             |
|    fps                  | 3767        |
|    iterations           | 81          |
|    time_elapsed         | 176         |
|    total_timesteps      | 663552      |
| train/                  |             |
|    approx_kl            | 0.017773068 |
|    clip_fraction        | 0.297       |
|    clip_range           | 0.2         |
|    entropy_loss         | -8.24       |
|    explained_variance   | 0.96        |
|    learning_rate        | 0.0003      |
|    loss                 | 0.321       |
|    n_updates            | 800         |
|    policy_gradient_loss | 0.00719     |
|    std                  | 0.965       |
|    value_loss           | 0.733       |
-----------------------------------------
-----------------------------------------
| rollout/                |             |
|    ep_len_mean          | 250         |
|    ep_rew_mean          | 202         |
|    success_rate         | 0           |
| time/                   |             |
|    fps                  | 3772        |
|    iterations           | 82          |
|    time_elapsed         | 178         |
|    total_timesteps      | 671744      |
| train/                  |             |
|    approx_kl            | 0.010843517 |
|    clip_fraction        | 0.172       |
|    clip_range           | 0.2         |
|    entropy_loss         | -8.24       |
|    explained_variance   | 0.928       |
|    learning_rate        | 0.0003      |
|    loss                 | 1.41        |
|    n_updates            | 810         |
|    policy_gradient_loss | 0.00121     |
|    std                  | 0.968       |
|    value_loss           | 4.68        |
-----------------------------------------
Eval num_timesteps=675000, episode_reward=197.66 +/- 9.83
Episode length: 250.00 +/- 0.00
Success rate: 0.00%
-----------------------------------------
| eval/                   |             |
|    mean_ep_length       | 250         |
|    mean_reward          | 198         |
|    success_rate         | 0           |
| time/                   |             |
|    total_timesteps      | 675000      |
| train/                  |             |
|    approx_kl            | 0.014037489 |
|    clip_fraction        | 0.212       |
|    clip_range           | 0.2         |
|    entropy_loss         | -8.24       |
|    explained_variance   | 0.931       |
|    learning_rate        | 0.0003      |
|    loss                 | 0.408       |
|    n_updates            | 820         |
|    policy_gradient_loss | 0.00053     |
|    std                  | 0.966       |
|    value_loss           | 0.803       |
-----------------------------------------
---------------------------------
| rollout/           |          |
|    ep_len_mean     | 250      |
|    ep_rew_mean     | 202      |
|    success_rate    | 0        |
| time/              |          |
|    fps             | 3764     |
|    iterations      | 83       |
|    time_elapsed    | 180      |
|    total_timesteps | 679936   |
---------------------------------
----------------------------------------
| rollout/                |            |
|    ep_len_mean          | 250        |
|    ep_rew_mean          | 196        |
|    success_rate         | 0          |
| time/                   |            |
|    fps                  | 3769       |
|    iterations           | 84         |
|    time_elapsed         | 182        |
|    total_timesteps      | 688128     |
| train/                  |            |
|    approx_kl            | 0.01596094 |
|    clip_fraction        | 0.145      |
|    clip_range           | 0.2        |
|    entropy_loss         | -8.23      |
|    explained_variance   | 0.937      |
|    learning_rate        | 0.0003     |
|    loss                 | 2.49       |
|    n_updates            | 830        |
|    policy_gradient_loss | -0.00518   |
|    std                  | 0.967      |
|    value_loss           | 7.77       |
----------------------------------------
----------------------------------------
| rollout/                |            |
|    ep_len_mean          | 250        |
|    ep_rew_mean          | 195        |
|    success_rate         | 0          |
| time/                   |            |
|    fps                  | 3773       |
|    iterations           | 85         |
|    time_elapsed         | 184        |
|    total_timesteps      | 696320     |
| train/                  |            |
|    approx_kl            | 0.01353601 |
|    clip_fraction        | 0.151      |
|    clip_range           | 0.2        |
|    entropy_loss         | -8.22      |
|    explained_variance   | 0.936      |
|    learning_rate        | 0.0003     |
|    loss                 | 1.96       |
|    n_updates            | 840        |
|    policy_gradient_loss | -0.00494   |
|    std                  | 0.962      |
|    value_loss           | 5.03       |
----------------------------------------
Eval num_timesteps=700000, episode_reward=206.13 +/- 6.89
Episode length: 250.00 +/- 0.00
Success rate: 0.00%
-----------------------------------------
| eval/                   |             |
|    mean_ep_length       | 250         |
|    mean_reward          | 206         |
|    success_rate         | 0           |
| time/                   |             |
|    total_timesteps      | 700000      |
| train/                  |             |
|    approx_kl            | 0.026842175 |
|    clip_fraction        | 0.222       |
|    clip_range           | 0.2         |
|    entropy_loss         | -8.21       |
|    explained_variance   | 0.955       |
|    learning_rate        | 0.0003      |
|    loss                 | 0.819       |
|    n_updates            | 850         |
|    policy_gradient_loss | 0.00126     |
|    std                  | 0.962       |
|    value_loss           | 1.49        |
-----------------------------------------
---------------------------------
| rollout/           |          |
|    ep_len_mean     | 250      |
|    ep_rew_mean     | 195      |
|    success_rate    | 0        |
| time/              |          |
|    fps             | 3766     |
|    iterations      | 86       |
|    time_elapsed    | 187      |
|    total_timesteps | 704512   |
---------------------------------
----------------------------------------
| rollout/                |            |
|    ep_len_mean          | 250        |
|    ep_rew_mean          | 196        |
|    success_rate         | 0          |
| time/                   |            |
|    fps                  | 3771       |
|    iterations           | 87         |
|    time_elapsed         | 188        |
|    total_timesteps      | 712704     |
| train/                  |            |
|    approx_kl            | 0.01257926 |
|    clip_fraction        | 0.155      |
|    clip_range           | 0.2        |
|    entropy_loss         | -8.21      |
|    explained_variance   | 0.943      |
|    learning_rate        | 0.0003     |
|    loss                 | 0.571      |
|    n_updates            | 860        |
|    policy_gradient_loss | -0.00341   |
|    std                  | 0.965      |
|    value_loss           | 2.01       |
----------------------------------------
-----------------------------------------
| rollout/                |             |
|    ep_len_mean          | 250         |
|    ep_rew_mean          | 194         |
|    success_rate         | 0           |
| time/                   |             |
|    fps                  | 3775        |
|    iterations           | 88          |
|    time_elapsed         | 190         |
|    total_timesteps      | 720896      |
| train/                  |             |
|    approx_kl            | 0.009556254 |
|    clip_fraction        | 0.127       |
|    clip_range           | 0.2         |
|    entropy_loss         | -8.22       |
|    explained_variance   | 0.952       |
|    learning_rate        | 0.0003      |
|    loss                 | 1.7         |
|    n_updates            | 870         |
|    policy_gradient_loss | -0.00106    |
|    std                  | 0.965       |
|    value_loss           | 3.66        |
-----------------------------------------
Eval num_timesteps=725000, episode_reward=202.58 +/- 6.11
Episode length: 250.00 +/- 0.00
Success rate: 0.00%
-----------------------------------------
| eval/                   |             |
|    mean_ep_length       | 250         |
|    mean_reward          | 203         |
|    success_rate         | 0           |
| time/                   |             |
|    total_timesteps      | 725000      |
| train/                  |             |
|    approx_kl            | 0.015360767 |
|    clip_fraction        | 0.17        |
|    clip_range           | 0.2         |
|    entropy_loss         | -8.21       |
|    explained_variance   | 0.944       |
|    learning_rate        | 0.0003      |
|    loss                 | 1.94        |
|    n_updates            | 880         |
|    policy_gradient_loss | -0.00469    |
|    std                  | 0.964       |
|    value_loss           | 3.73        |
-----------------------------------------
---------------------------------
| rollout/           |          |
|    ep_len_mean     | 250      |
|    ep_rew_mean     | 193      |
|    success_rate    | 0        |
| time/              |          |
|    fps             | 3768     |
|    iterations      | 89       |
|    time_elapsed    | 193      |
|    total_timesteps | 729088   |
---------------------------------
-----------------------------------------
| rollout/                |             |
|    ep_len_mean          | 250         |
|    ep_rew_mean          | 196         |
|    success_rate         | 0           |
| time/                   |             |
|    fps                  | 3772        |
|    iterations           | 90          |
|    time_elapsed         | 195         |
|    total_timesteps      | 737280      |
| train/                  |             |
|    approx_kl            | 0.016668357 |
|    clip_fraction        | 0.214       |
|    clip_range           | 0.2         |
|    entropy_loss         | -8.2        |
|    explained_variance   | 0.968       |
|    learning_rate        | 0.0003      |
|    loss                 | 1.71        |
|    n_updates            | 890         |
|    policy_gradient_loss | -0.00205    |
|    std                  | 0.964       |
|    value_loss           | 2.06        |
-----------------------------------------
------------------------------------------
| rollout/                |              |
|    ep_len_mean          | 250          |
|    ep_rew_mean          | 199          |
|    success_rate         | 0            |
| time/                   |              |
|    fps                  | 3776         |
|    iterations           | 91           |
|    time_elapsed         | 197          |
|    total_timesteps      | 745472       |
| train/                  |              |
|    approx_kl            | 0.0122236125 |
|    clip_fraction        | 0.15         |
|    clip_range           | 0.2          |
|    entropy_loss         | -8.21        |
|    explained_variance   | 0.919        |
|    learning_rate        | 0.0003       |
|    loss                 | 2.11         |
|    n_updates            | 900          |
|    policy_gradient_loss | -0.004       |
|    std                  | 0.967        |
|    value_loss           | 6.64         |
------------------------------------------
Eval num_timesteps=750000, episode_reward=194.64 +/- 10.79
Episode length: 250.00 +/- 0.00
Success rate: 0.00%
-----------------------------------------
| eval/                   |             |
|    mean_ep_length       | 250         |
|    mean_reward          | 195         |
|    success_rate         | 0           |
| time/                   |             |
|    total_timesteps      | 750000      |
| train/                  |             |
|    approx_kl            | 0.008618264 |
|    clip_fraction        | 0.102       |
|    clip_range           | 0.2         |
|    entropy_loss         | -8.21       |
|    explained_variance   | 0.956       |
|    learning_rate        | 0.0003      |
|    loss                 | 0.541       |
|    n_updates            | 910         |
|    policy_gradient_loss | -0.00315    |
|    std                  | 0.966       |
|    value_loss           | 2.08        |
-----------------------------------------
---------------------------------
| rollout/           |          |
|    ep_len_mean     | 250      |
|    ep_rew_mean     | 200      |
|    success_rate    | 0        |
| time/              |          |
|    fps             | 3769     |
|    iterations      | 92       |
|    time_elapsed    | 199      |
|    total_timesteps | 753664   |
---------------------------------
-----------------------------------------
| rollout/                |             |
|    ep_len_mean          | 250         |
|    ep_rew_mean          | 202         |
|    success_rate         | 0           |
| time/                   |             |
|    fps                  | 3773        |
|    iterations           | 93          |
|    time_elapsed         | 201         |
|    total_timesteps      | 761856      |
| train/                  |             |
|    approx_kl            | 0.024499485 |
|    clip_fraction        | 0.175       |
|    clip_range           | 0.2         |
|    entropy_loss         | -8.21       |
|    explained_variance   | 0.958       |
|    learning_rate        | 0.0003      |
|    loss                 | 0.527       |
|    n_updates            | 920         |
|    policy_gradient_loss | 0.00151     |
|    std                  | 0.966       |
|    value_loss           | 1.53        |
-----------------------------------------
-----------------------------------------
| rollout/                |             |
|    ep_len_mean          | 250         |
|    ep_rew_mean          | 202         |
|    success_rate         | 0           |
| time/                   |             |
|    fps                  | 3777        |
|    iterations           | 94          |
|    time_elapsed         | 203         |
|    total_timesteps      | 770048      |
| train/                  |             |
|    approx_kl            | 0.013247855 |
|    clip_fraction        | 0.194       |
|    clip_range           | 0.2         |
|    entropy_loss         | -8.21       |
|    explained_variance   | 0.951       |
|    learning_rate        | 0.0003      |
|    loss                 | 1.96        |
|    n_updates            | 930         |
|    policy_gradient_loss | -0.00156    |
|    std                  | 0.968       |
|    value_loss           | 2.51        |
-----------------------------------------
Eval num_timesteps=775000, episode_reward=193.24 +/- 17.39
Episode length: 250.00 +/- 0.00
Success rate: 0.00%
-----------------------------------------
| eval/                   |             |
|    mean_ep_length       | 250         |
|    mean_reward          | 193         |
|    success_rate         | 0           |
| time/                   |             |
|    total_timesteps      | 775000      |
| train/                  |             |
|    approx_kl            | 0.015539661 |
|    clip_fraction        | 0.264       |
|    clip_range           | 0.2         |
|    entropy_loss         | -8.22       |
|    explained_variance   | 0.952       |
|    learning_rate        | 0.0003      |
|    loss                 | 0.445       |
|    n_updates            | 940         |
|    policy_gradient_loss | 0.0025      |
|    std                  | 0.968       |
|    value_loss           | 1.11        |
-----------------------------------------
---------------------------------
| rollout/           |          |
|    ep_len_mean     | 250      |
|    ep_rew_mean     | 201      |
|    success_rate    | 0        |
| time/              |          |
|    fps             | 3772     |
|    iterations      | 95       |
|    time_elapsed    | 206      |
|    total_timesteps | 778240   |
---------------------------------
----------------------------------------
| rollout/                |            |
|    ep_len_mean          | 250        |
|    ep_rew_mean          | 202        |
|    success_rate         | 0          |
| time/                   |            |
|    fps                  | 3776       |
|    iterations           | 96         |
|    time_elapsed         | 208        |
|    total_timesteps      | 786432     |
| train/                  |            |
|    approx_kl            | 0.00994428 |
|    clip_fraction        | 0.18       |
|    clip_range           | 0.2        |
|    entropy_loss         | -8.23      |
|    explained_variance   | 0.956      |
|    learning_rate        | 0.0003     |
|    loss                 | 0.492      |
|    n_updates            | 950        |
|    policy_gradient_loss | -0.00258   |
|    std                  | 0.974      |
|    value_loss           | 2.18       |
----------------------------------------
------------------------------------------
| rollout/                |              |
|    ep_len_mean          | 250          |
|    ep_rew_mean          | 203          |
|    success_rate         | 0            |
| time/                   |              |
|    fps                  | 3780         |
|    iterations           | 97           |
|    time_elapsed         | 210          |
|    total_timesteps      | 794624       |
| train/                  |              |
|    approx_kl            | 0.0111112185 |
|    clip_fraction        | 0.24         |
|    clip_range           | 0.2          |
|    entropy_loss         | -8.26        |
|    explained_variance   | 0.929        |
|    learning_rate        | 0.0003       |
|    loss                 | 0.333        |
|    n_updates            | 960          |
|    policy_gradient_loss | 0.00353      |
|    std                  | 0.975        |
|    value_loss           | 0.771        |
------------------------------------------
Eval num_timesteps=800000, episode_reward=206.92 +/- 3.14
Episode length: 250.00 +/- 0.00
Success rate: 0.00%
-----------------------------------------
| eval/                   |             |
|    mean_ep_length       | 250         |
|    mean_reward          | 207         |
|    success_rate         | 0           |
| time/                   |             |
|    total_timesteps      | 800000      |
| train/                  |             |
|    approx_kl            | 0.018538397 |
|    clip_fraction        | 0.26        |
|    clip_range           | 0.2         |
|    entropy_loss         | -8.27       |
|    explained_variance   | 0.885       |
|    learning_rate        | 0.0003      |
|    loss                 | 0.496       |
|    n_updates            | 970         |
|    policy_gradient_loss | 5.17e-05    |
|    std                  | 0.982       |
|    value_loss           | 0.901       |
-----------------------------------------
---------------------------------
| rollout/           |          |
|    ep_len_mean     | 250      |
|    ep_rew_mean     | 204      |
|    success_rate    | 0        |
| time/              |          |
|    fps             | 3774     |
|    iterations      | 98       |
|    time_elapsed    | 212      |
|    total_timesteps | 802816   |
---------------------------------
-----------------------------------------
| rollout/                |             |
|    ep_len_mean          | 250         |
|    ep_rew_mean          | 204         |
|    success_rate         | 0           |
| time/                   |             |
|    fps                  | 3777        |
|    iterations           | 99          |
|    time_elapsed         | 214         |
|    total_timesteps      | 811008      |
| train/                  |             |
|    approx_kl            | 0.011803279 |
|    clip_fraction        | 0.152       |
|    clip_range           | 0.2         |
|    entropy_loss         | -8.29       |
|    explained_variance   | 0.928       |
|    learning_rate        | 0.0003      |
|    loss                 | 0.456       |
|    n_updates            | 980         |
|    policy_gradient_loss | -0.000886   |
|    std                  | 0.983       |
|    value_loss           | 1.79        |
-----------------------------------------
-----------------------------------------
| rollout/                |             |
|    ep_len_mean          | 250         |
|    ep_rew_mean          | 202         |
|    success_rate         | 0           |
| time/                   |             |
|    fps                  | 3780        |
|    iterations           | 100         |
|    time_elapsed         | 216         |
|    total_timesteps      | 819200      |
| train/                  |             |
|    approx_kl            | 0.019184368 |
|    clip_fraction        | 0.324       |
|    clip_range           | 0.2         |
|    entropy_loss         | -8.32       |
|    explained_variance   | 0.948       |
|    learning_rate        | 0.0003      |
|    loss                 | 0.211       |
|    n_updates            | 990         |
|    policy_gradient_loss | 0.0055      |
|    std                  | 0.987       |
|    value_loss           | 0.224       |
-----------------------------------------
Eval num_timesteps=825000, episode_reward=162.64 +/- 95.13
Episode length: 250.00 +/- 0.00
Success rate: 0.00%
-----------------------------------------
| eval/                   |             |
|    mean_ep_length       | 250         |
|    mean_reward          | 163         |
|    success_rate         | 0           |
| time/                   |             |
|    total_timesteps      | 825000      |
| train/                  |             |
|    approx_kl            | 0.009943831 |
|    clip_fraction        | 0.0926      |
|    clip_range           | 0.2         |
|    entropy_loss         | -8.31       |
|    explained_variance   | 0.946       |
|    learning_rate        | 0.0003      |
|    loss                 | 0.849       |
|    n_updates            | 1000        |
|    policy_gradient_loss | -0.00542    |
|    std                  | 0.987       |
|    value_loss           | 5.45        |
-----------------------------------------
---------------------------------
| rollout/           |          |
|    ep_len_mean     | 250      |
|    ep_rew_mean     | 201      |
|    success_rate    | 0        |
| time/              |          |
|    fps             | 3773     |
|    iterations      | 101      |
|    time_elapsed    | 219      |
|    total_timesteps | 827392   |
---------------------------------
------------------------------------------
| rollout/                |              |
|    ep_len_mean          | 250          |
|    ep_rew_mean          | 201          |
|    success_rate         | 0            |
| time/                   |              |
|    fps                  | 3777         |
|    iterations           | 102          |
|    time_elapsed         | 221          |
|    total_timesteps      | 835584       |
| train/                  |              |
|    approx_kl            | 0.0069124512 |
|    clip_fraction        | 0.0875       |
|    clip_range           | 0.2          |
|    entropy_loss         | -8.32        |
|    explained_variance   | 0.968        |
|    learning_rate        | 0.0003       |
|    loss                 | 1.7          |
|    n_updates            | 1010         |
|    policy_gradient_loss | -0.00291     |
|    std                  | 0.991        |
|    value_loss           | 3.4          |
------------------------------------------
-----------------------------------------
| rollout/                |             |
|    ep_len_mean          | 250         |
|    ep_rew_mean          | 204         |
|    success_rate         | 0           |
| time/                   |             |
|    fps                  | 3780        |
|    iterations           | 103         |
|    time_elapsed         | 223         |
|    total_timesteps      | 843776      |
| train/                  |             |
|    approx_kl            | 0.014991933 |
|    clip_fraction        | 0.2         |
|    clip_range           | 0.2         |
|    entropy_loss         | -8.32       |
|    explained_variance   | 0.893       |
|    learning_rate        | 0.0003      |
|    loss                 | 0.54        |
|    n_updates            | 1020        |
|    policy_gradient_loss | 0.00334     |
|    std                  | 0.987       |
|    value_loss           | 0.421       |
-----------------------------------------
Eval num_timesteps=850000, episode_reward=206.78 +/- 4.52
Episode length: 250.00 +/- 0.00
Success rate: 0.00%
----------------------------------------
| eval/                   |            |
|    mean_ep_length       | 250        |
|    mean_reward          | 207        |
|    success_rate         | 0          |
| time/                   |            |
|    total_timesteps      | 850000     |
| train/                  |            |
|    approx_kl            | 0.01933707 |
|    clip_fraction        | 0.205      |
|    clip_range           | 0.2        |
|    entropy_loss         | -8.3       |
|    explained_variance   | 0.964      |
|    learning_rate        | 0.0003     |
|    loss                 | 0.0138     |
|    n_updates            | 1030       |
|    policy_gradient_loss | 0.00154    |
|    std                  | 0.983      |
|    value_loss           | 0.133      |
----------------------------------------
---------------------------------
| rollout/           |          |
|    ep_len_mean     | 250      |
|    ep_rew_mean     | 206      |
|    success_rate    | 0        |
| time/              |          |
|    fps             | 3774     |
|    iterations      | 104      |
|    time_elapsed    | 225      |
|    total_timesteps | 851968   |
---------------------------------
-----------------------------------------
| rollout/                |             |
|    ep_len_mean          | 250         |
|    ep_rew_mean          | 205         |
|    success_rate         | 0           |
| time/                   |             |
|    fps                  | 3778        |
|    iterations           | 105         |
|    time_elapsed         | 227         |
|    total_timesteps      | 860160      |
| train/                  |             |
|    approx_kl            | 0.013323478 |
|    clip_fraction        | 0.226       |
|    clip_range           | 0.2         |
|    entropy_loss         | -8.29       |
|    explained_variance   | 0.978       |
|    learning_rate        | 0.0003      |
|    loss                 | 0.0436      |
|    n_updates            | 1040        |
|    policy_gradient_loss | 0.00074     |
|    std                  | 0.986       |
|    value_loss           | 0.131       |
-----------------------------------------
-----------------------------------------
| rollout/                |             |
|    ep_len_mean          | 250         |
|    ep_rew_mean          | 205         |
|    success_rate         | 0           |
| time/                   |             |
|    fps                  | 3781        |
|    iterations           | 106         |
|    time_elapsed         | 229         |
|    total_timesteps      | 868352      |
| train/                  |             |
|    approx_kl            | 0.012001106 |
|    clip_fraction        | 0.153       |
|    clip_range           | 0.2         |
|    entropy_loss         | -8.31       |
|    explained_variance   | 0.95        |
|    learning_rate        | 0.0003      |
|    loss                 | 0.242       |
|    n_updates            | 1050        |
|    policy_gradient_loss | -0.00302    |
|    std                  | 0.992       |
|    value_loss           | 0.628       |
-----------------------------------------
Eval num_timesteps=875000, episode_reward=152.33 +/- 92.63
Episode length: 250.00 +/- 0.00
Success rate: 0.00%
-----------------------------------------
| eval/                   |             |
|    mean_ep_length       | 250         |
|    mean_reward          | 152         |
|    success_rate         | 0           |
| time/                   |             |
|    total_timesteps      | 875000      |
| train/                  |             |
|    approx_kl            | 0.009018777 |
|    clip_fraction        | 0.139       |
|    clip_range           | 0.2         |
|    entropy_loss         | -8.32       |
|    explained_variance   | 0.932       |
|    learning_rate        | 0.0003      |
|    loss                 | 0.291       |
|    n_updates            | 1060        |
|    policy_gradient_loss | -0.00453    |
|    std                  | 0.99        |
|    value_loss           | 0.655       |
-----------------------------------------
---------------------------------
| rollout/           |          |
|    ep_len_mean     | 250      |
|    ep_rew_mean     | 205      |
|    success_rate    | 0        |
| time/              |          |
|    fps             | 3774     |
|    iterations      | 107      |
|    time_elapsed    | 232      |
|    total_timesteps | 876544   |
---------------------------------
-----------------------------------------
| rollout/                |             |
|    ep_len_mean          | 250         |
|    ep_rew_mean          | 205         |
|    success_rate         | 0           |
| time/                   |             |
|    fps                  | 3778        |
|    iterations           | 108         |
|    time_elapsed         | 234         |
|    total_timesteps      | 884736      |
| train/                  |             |
|    approx_kl            | 0.008836059 |
|    clip_fraction        | 0.155       |
|    clip_range           | 0.2         |
|    entropy_loss         | -8.32       |
|    explained_variance   | 0.967       |
|    learning_rate        | 0.0003      |
|    loss                 | 0.0777      |
|    n_updates            | 1070        |
|    policy_gradient_loss | -0.00237    |
|    std                  | 0.992       |
|    value_loss           | 0.447       |
-----------------------------------------
-----------------------------------------
| rollout/                |             |
|    ep_len_mean          | 250         |
|    ep_rew_mean          | 205         |
|    success_rate         | 0           |
| time/                   |             |
|    fps                  | 3781        |
|    iterations           | 109         |
|    time_elapsed         | 236         |
|    total_timesteps      | 892928      |
| train/                  |             |
|    approx_kl            | 0.015516802 |
|    clip_fraction        | 0.241       |
|    clip_range           | 0.2         |
|    entropy_loss         | -8.32       |
|    explained_variance   | 0.975       |
|    learning_rate        | 0.0003      |
|    loss                 | 0.0127      |
|    n_updates            | 1080        |
|    policy_gradient_loss | 0.00681     |
|    std                  | 0.992       |
|    value_loss           | 0.0992      |
-----------------------------------------
Eval num_timesteps=900000, episode_reward=208.12 +/- 2.58
Episode length: 250.00 +/- 0.00
Success rate: 0.00%
-----------------------------------------
| eval/                   |             |
|    mean_ep_length       | 250         |
|    mean_reward          | 208         |
|    success_rate         | 0           |
| time/                   |             |
|    total_timesteps      | 900000      |
| train/                  |             |
|    approx_kl            | 0.018490415 |
|    clip_fraction        | 0.224       |
|    clip_range           | 0.2         |
|    entropy_loss         | -8.33       |
|    explained_variance   | 0.965       |
|    learning_rate        | 0.0003      |
|    loss                 | 0.011       |
|    n_updates            | 1090        |
|    policy_gradient_loss | -0.00159    |
|    std                  | 0.992       |
|    value_loss           | 0.095       |
-----------------------------------------
---------------------------------
| rollout/           |          |
|    ep_len_mean     | 250      |
|    ep_rew_mean     | 205      |
|    success_rate    | 0        |
| time/              |          |
|    fps             | 3775     |
|    iterations      | 110      |
|    time_elapsed    | 238      |
|    total_timesteps | 901120   |
---------------------------------
-----------------------------------------
| rollout/                |             |
|    ep_len_mean          | 250         |
|    ep_rew_mean          | 205         |
|    success_rate         | 0           |
| time/                   |             |
|    fps                  | 3778        |
|    iterations           | 111         |
|    time_elapsed         | 240         |
|    total_timesteps      | 909312      |
| train/                  |             |
|    approx_kl            | 0.019276425 |
|    clip_fraction        | 0.159       |
|    clip_range           | 0.2         |
|    entropy_loss         | -8.33       |
|    explained_variance   | 0.958       |
|    learning_rate        | 0.0003      |
|    loss                 | 0.0852      |
|    n_updates            | 1100        |
|    policy_gradient_loss | -0.00213    |
|    std                  | 0.994       |
|    value_loss           | 0.314       |
-----------------------------------------
-----------------------------------------
| rollout/                |             |
|    ep_len_mean          | 250         |
|    ep_rew_mean          | 204         |
|    success_rate         | 0           |
| time/                   |             |
|    fps                  | 3780        |
|    iterations           | 112         |
|    time_elapsed         | 242         |
|    total_timesteps      | 917504      |
| train/                  |             |
|    approx_kl            | 0.011330077 |
|    clip_fraction        | 0.177       |
|    clip_range           | 0.2         |
|    entropy_loss         | -8.34       |
|    explained_variance   | 0.958       |
|    learning_rate        | 0.0003      |
|    loss                 | 0.0621      |
|    n_updates            | 1110        |
|    policy_gradient_loss | -0.00301    |
|    std                  | 0.997       |
|    value_loss           | 0.336       |
-----------------------------------------
Eval num_timesteps=925000, episode_reward=202.14 +/- 7.89
Episode length: 250.00 +/- 0.00
Success rate: 0.00%
-----------------------------------------
| eval/                   |             |
|    mean_ep_length       | 250         |
|    mean_reward          | 202         |
|    success_rate         | 0           |
| time/                   |             |
|    total_timesteps      | 925000      |
| train/                  |             |
|    approx_kl            | 0.014478018 |
|    clip_fraction        | 0.173       |
|    clip_range           | 0.2         |
|    entropy_loss         | -8.34       |
|    explained_variance   | 0.927       |
|    learning_rate        | 0.0003      |
|    loss                 | 0.48        |
|    n_updates            | 1120        |
|    policy_gradient_loss | -0.00515    |
|    std                  | 0.994       |
|    value_loss           | 0.667       |
-----------------------------------------
---------------------------------
| rollout/           |          |
|    ep_len_mean     | 250      |
|    ep_rew_mean     | 205      |
|    success_rate    | 0        |
| time/              |          |
|    fps             | 3772     |
|    iterations      | 113      |
|    time_elapsed    | 245      |
|    total_timesteps | 925696   |
---------------------------------
-----------------------------------------
| rollout/                |             |
|    ep_len_mean          | 250         |
|    ep_rew_mean          | 205         |
|    success_rate         | 0           |
| time/                   |             |
|    fps                  | 3774        |
|    iterations           | 114         |
|    time_elapsed         | 247         |
|    total_timesteps      | 933888      |
| train/                  |             |
|    approx_kl            | 0.013689139 |
|    clip_fraction        | 0.217       |
|    clip_range           | 0.2         |
|    entropy_loss         | -8.33       |
|    explained_variance   | 0.937       |
|    learning_rate        | 0.0003      |
|    loss                 | 0.096       |
|    n_updates            | 1130        |
|    policy_gradient_loss | -0.00525    |
|    std                  | 0.995       |
|    value_loss           | 0.407       |
-----------------------------------------
-----------------------------------------
| rollout/                |             |
|    ep_len_mean          | 250         |
|    ep_rew_mean          | 205         |
|    success_rate         | 0           |
| time/                   |             |
|    fps                  | 3777        |
|    iterations           | 115         |
|    time_elapsed         | 249         |
|    total_timesteps      | 942080      |
| train/                  |             |
|    approx_kl            | 0.010879731 |
|    clip_fraction        | 0.19        |
|    clip_range           | 0.2         |
|    entropy_loss         | -8.34       |
|    explained_variance   | 0.962       |
|    learning_rate        | 0.0003      |
|    loss                 | 0.109       |
|    n_updates            | 1140        |
|    policy_gradient_loss | -0.00205    |
|    std                  | 0.995       |
|    value_loss           | 0.529       |
-----------------------------------------
Eval num_timesteps=950000, episode_reward=157.78 +/- 92.34
Episode length: 250.00 +/- 0.00
Success rate: 0.00%
-----------------------------------------
| eval/                   |             |
|    mean_ep_length       | 250         |
|    mean_reward          | 158         |
|    success_rate         | 0           |
| time/                   |             |
|    total_timesteps      | 950000      |
| train/                  |             |
|    approx_kl            | 0.018870786 |
|    clip_fraction        | 0.206       |
|    clip_range           | 0.2         |
|    entropy_loss         | -8.32       |
|    explained_variance   | 0.948       |
|    learning_rate        | 0.0003      |
|    loss                 | 0.077       |
|    n_updates            | 1150        |
|    policy_gradient_loss | -0.00325    |
|    std                  | 0.991       |
|    value_loss           | 0.248       |
-----------------------------------------
---------------------------------
| rollout/           |          |
|    ep_len_mean     | 250      |
|    ep_rew_mean     | 205      |
|    success_rate    | 0        |
| time/              |          |
|    fps             | 3770     |
|    iterations      | 116      |
|    time_elapsed    | 252      |
|    total_timesteps | 950272   |
---------------------------------
-----------------------------------------
| rollout/                |             |
|    ep_len_mean          | 250         |
|    ep_rew_mean          | 201         |
|    success_rate         | 0           |
| time/                   |             |
|    fps                  | 3772        |
|    iterations           | 117         |
|    time_elapsed         | 254         |
|    total_timesteps      | 958464      |
| train/                  |             |
|    approx_kl            | 0.013959451 |
|    clip_fraction        | 0.2         |
|    clip_range           | 0.2         |
|    entropy_loss         | -8.3        |
|    explained_variance   | 0.968       |
|    learning_rate        | 0.0003      |
|    loss                 | 0.163       |
|    n_updates            | 1160        |
|    policy_gradient_loss | -0.000982   |
|    std                  | 0.988       |
|    value_loss           | 0.279       |
-----------------------------------------
-----------------------------------------
| rollout/                |             |
|    ep_len_mean          | 250         |
|    ep_rew_mean          | 200         |
|    success_rate         | 0           |
| time/                   |             |
|    fps                  | 3773        |
|    iterations           | 118         |
|    time_elapsed         | 256         |
|    total_timesteps      | 966656      |
| train/                  |             |
|    approx_kl            | 0.011141518 |
|    clip_fraction        | 0.1         |
|    clip_range           | 0.2         |
|    entropy_loss         | -8.29       |
|    explained_variance   | 0.94        |
|    learning_rate        | 0.0003      |
|    loss                 | 1.11        |
|    n_updates            | 1170        |
|    policy_gradient_loss | -0.00692    |
|    std                  | 0.987       |
|    value_loss           | 3.51        |
-----------------------------------------
----------------------------------------
| rollout/                |            |
|    ep_len_mean          | 250        |
|    ep_rew_mean          | 200        |
|    success_rate         | 0          |
| time/                   |            |
|    fps                  | 3775       |
|    iterations           | 119        |
|    time_elapsed         | 258        |
|    total_timesteps      | 974848     |
| train/                  |            |
|    approx_kl            | 0.01957997 |
|    clip_fraction        | 0.213      |
|    clip_range           | 0.2        |
|    entropy_loss         | -8.29      |
|    explained_variance   | 0.877      |
|    learning_rate        | 0.0003     |
|    loss                 | 0.437      |
|    n_updates            | 1180       |
|    policy_gradient_loss | -0.00849   |
|    std                  | 0.99       |
|    value_loss           | 1.44       |
----------------------------------------
Eval num_timesteps=975000, episode_reward=203.57 +/- 4.82
Episode length: 250.00 +/- 0.00
Success rate: 0.00%
-----------------------------------------
| eval/                   |             |
|    mean_ep_length       | 250         |
|    mean_reward          | 204         |
|    success_rate         | 0           |
| time/                   |             |
|    total_timesteps      | 975000      |
| train/                  |             |
|    approx_kl            | 0.023382146 |
|    clip_fraction        | 0.187       |
|    clip_range           | 0.2         |
|    entropy_loss         | -8.3        |
|    explained_variance   | 0.91        |
|    learning_rate        | 0.0003      |
|    loss                 | 0.375       |
|    n_updates            | 1190        |
|    policy_gradient_loss | -0.00479    |
|    std                  | 0.989       |
|    value_loss           | 0.856       |
-----------------------------------------
---------------------------------
| rollout/           |          |
|    ep_len_mean     | 250      |
|    ep_rew_mean     | 204      |
|    success_rate    | 0        |
| time/              |          |
|    fps             | 3768     |
|    iterations      | 120      |
|    time_elapsed    | 260      |
|    total_timesteps | 983040   |
---------------------------------
----------------------------------------
| rollout/                |            |
|    ep_len_mean          | 250        |
|    ep_rew_mean          | 203        |
|    success_rate         | 0          |
| time/                   |            |
|    fps                  | 3770       |
|    iterations           | 121        |
|    time_elapsed         | 262        |
|    total_timesteps      | 991232     |
| train/                  |            |
|    approx_kl            | 0.02422243 |
|    clip_fraction        | 0.252      |
|    clip_range           | 0.2        |
|    entropy_loss         | -8.3       |
|    explained_variance   | 0.864      |
|    learning_rate        | 0.0003     |
|    loss                 | 0.263      |
|    n_updates            | 1200       |
|    policy_gradient_loss | 0.00152    |
|    std                  | 0.99       |
|    value_loss           | 0.546      |
----------------------------------------
-----------------------------------------
| rollout/                |             |
|    ep_len_mean          | 250         |
|    ep_rew_mean          | 203         |
|    success_rate         | 0           |
| time/                   |             |
|    fps                  | 3772        |
|    iterations           | 122         |
|    time_elapsed         | 264         |
|    total_timesteps      | 999424      |
| train/                  |             |
|    approx_kl            | 0.021208663 |
|    clip_fraction        | 0.216       |
|    clip_range           | 0.2         |
|    entropy_loss         | -8.3        |
|    explained_variance   | 0.658       |
|    learning_rate        | 0.0003      |
|    loss                 | 0.51        |
|    n_updates            | 1210        |
|    policy_gradient_loss | -0.000417   |
|    std                  | 0.99        |
|    value_loss           | 1.33        |
-----------------------------------------
Eval num_timesteps=1000000, episode_reward=206.19 +/- 4.97
Episode length: 250.00 +/- 0.00
Success rate: 0.00%
-----------------------------------------
| eval/                   |             |
|    mean_ep_length       | 250         |
|    mean_reward          | 206         |
|    success_rate         | 0           |
| time/                   |             |
|    total_timesteps      | 1000000     |
| train/                  |             |
|    approx_kl            | 0.014525864 |
|    clip_fraction        | 0.237       |
|    clip_range           | 0.2         |
|    entropy_loss         | -8.29       |
|    explained_variance   | 0.845       |
|    learning_rate        | 0.0003      |
|    loss                 | 0.105       |
|    n_updates            | 1220        |
|    policy_gradient_loss | -0.000243   |
|    std                  | 0.988       |
|    value_loss           | 0.537       |
-----------------------------------------
---------------------------------
| rollout/           |          |
|    ep_len_mean     | 250      |
|    ep_rew_mean     | 203      |
|    success_rate    | 0        |
| time/              |          |
|    fps             | 3765     |
|    iterations      | 123      |
|    time_elapsed    | 267      |
|    total_timesteps | 1007616  |
---------------------------------
-----------------------------------------
| rollout/                |             |
|    ep_len_mean          | 250         |
|    ep_rew_mean          | 205         |
|    success_rate         | 0           |
| time/                   |             |
|    fps                  | 3767        |
|    iterations           | 124         |
|    time_elapsed         | 269         |
|    total_timesteps      | 1015808     |
| train/                  |             |
|    approx_kl            | 0.020792913 |
|    clip_fraction        | 0.241       |
|    clip_range           | 0.2         |
|    entropy_loss         | -8.29       |
|    explained_variance   | 0.884       |
|    learning_rate        | 0.0003      |
|    loss                 | 0.134       |
|    n_updates            | 1230        |
|    policy_gradient_loss | -0.00182    |
|    std                  | 0.987       |
|    value_loss           | 0.43        |
-----------------------------------------
-----------------------------------------
| rollout/                |             |
|    ep_len_mean          | 250         |
|    ep_rew_mean          | 205         |
|    success_rate         | 0           |
| time/                   |             |
|    fps                  | 3769        |
|    iterations           | 125         |
|    time_elapsed         | 271         |
|    total_timesteps      | 1024000     |
| train/                  |             |
|    approx_kl            | 0.016011942 |
|    clip_fraction        | 0.235       |
|    clip_range           | 0.2         |
|    entropy_loss         | -8.3        |
|    explained_variance   | 0.914       |
|    learning_rate        | 0.0003      |
|    loss                 | 0.0101      |
|    n_updates            | 1240        |
|    policy_gradient_loss | 1.95e-06    |
|    std                  | 0.988       |
|    value_loss           | 0.218       |
-----------------------------------------
Eval num_timesteps=1025000, episode_reward=162.84 +/- 90.43
Episode length: 250.00 +/- 0.00
Success rate: 0.00%
-----------------------------------------
| eval/                   |             |
|    mean_ep_length       | 250         |
|    mean_reward          | 163         |
|    success_rate         | 0           |
| time/                   |             |
|    total_timesteps      | 1025000     |
| train/                  |             |
|    approx_kl            | 0.014748445 |
|    clip_fraction        | 0.221       |
|    clip_range           | 0.2         |
|    entropy_loss         | -8.31       |
|    explained_variance   | 0.904       |
|    learning_rate        | 0.0003      |
|    loss                 | 0.104       |
|    n_updates            | 1250        |
|    policy_gradient_loss | -0.00287    |
|    std                  | 0.989       |
|    value_loss           | 0.31        |
-----------------------------------------
---------------------------------
| rollout/           |          |
|    ep_len_mean     | 250      |
|    ep_rew_mean     | 203      |
|    success_rate    | 0        |
| time/              |          |
|    fps             | 3764     |
|    iterations      | 126      |
|    time_elapsed    | 274      |
|    total_timesteps | 1032192  |
---------------------------------
----------------------------------------
| rollout/                |            |
|    ep_len_mean          | 250        |
|    ep_rew_mean          | 203        |
|    success_rate         | 0          |
| time/                   |            |
|    fps                  | 3767       |
|    iterations           | 127        |
|    time_elapsed         | 276        |
|    total_timesteps      | 1040384    |
| train/                  |            |
|    approx_kl            | 0.01070589 |
|    clip_fraction        | 0.134      |
|    clip_range           | 0.2        |
|    entropy_loss         | -8.31      |
|    explained_variance   | 0.686      |
|    learning_rate        | 0.0003     |
|    loss                 | 3.31       |
|    n_updates            | 1260       |
|    policy_gradient_loss | -0.00719   |
|    std                  | 0.99       |
|    value_loss           | 5.2        |
----------------------------------------
-----------------------------------------
| rollout/                |             |
|    ep_len_mean          | 250         |
|    ep_rew_mean          | 203         |
|    success_rate         | 0           |
| time/                   |             |
|    fps                  | 3770        |
|    iterations           | 128         |
|    time_elapsed         | 278         |
|    total_timesteps      | 1048576     |
| train/                  |             |
|    approx_kl            | 0.012525744 |
|    clip_fraction        | 0.123       |
|    clip_range           | 0.2         |
|    entropy_loss         | -8.31       |
|    explained_variance   | 0.584       |
|    learning_rate        | 0.0003      |
|    loss                 | 1.13        |
|    n_updates            | 1270        |
|    policy_gradient_loss | -0.00441    |
|    std                  | 0.989       |
|    value_loss           | 2.69        |
-----------------------------------------
Eval num_timesteps=1050000, episode_reward=206.57 +/- 3.96
Episode length: 250.00 +/- 0.00
Success rate: 0.00%
----------------------------------------
| eval/                   |            |
|    mean_ep_length       | 250        |
|    mean_reward          | 207        |
|    success_rate         | 0          |
| time/                   |            |
|    total_timesteps      | 1050000    |
| train/                  |            |
|    approx_kl            | 0.01267595 |
|    clip_fraction        | 0.167      |
|    clip_range           | 0.2        |
|    entropy_loss         | -8.31      |
|    explained_variance   | 0.739      |
|    learning_rate        | 0.0003     |
|    loss                 | 0.788      |
|    n_updates            | 1280       |
|    policy_gradient_loss | -0.00563   |
|    std                  | 0.989      |
|    value_loss           | 1.43       |
----------------------------------------
---------------------------------
| rollout/           |          |
|    ep_len_mean     | 250      |
|    ep_rew_mean     | 204      |
|    success_rate    | 0        |
| time/              |          |
|    fps             | 3764     |
|    iterations      | 129      |
|    time_elapsed    | 280      |
|    total_timesteps | 1056768  |
---------------------------------
----------------------------------------
| rollout/                |            |
|    ep_len_mean          | 250        |
|    ep_rew_mean          | 205        |
|    success_rate         | 0          |
| time/                   |            |
|    fps                  | 3767       |
|    iterations           | 130        |
|    time_elapsed         | 282        |
|    total_timesteps      | 1064960    |
| train/                  |            |
|    approx_kl            | 0.02207173 |
|    clip_fraction        | 0.193      |
|    clip_range           | 0.2        |
|    entropy_loss         | -8.29      |
|    explained_variance   | 0.797      |
|    learning_rate        | 0.0003     |
|    loss                 | 0.561      |
|    n_updates            | 1290       |
|    policy_gradient_loss | -0.00394   |
|    std                  | 0.983      |
|    value_loss           | 0.839      |
----------------------------------------
-----------------------------------------
| rollout/                |             |
|    ep_len_mean          | 250         |
|    ep_rew_mean          | 205         |
|    success_rate         | 0           |
| time/                   |             |
|    fps                  | 3769        |
|    iterations           | 131         |
|    time_elapsed         | 284         |
|    total_timesteps      | 1073152     |
| train/                  |             |
|    approx_kl            | 0.020486284 |
|    clip_fraction        | 0.252       |
|    clip_range           | 0.2         |
|    entropy_loss         | -8.24       |
|    explained_variance   | 0.945       |
|    learning_rate        | 0.0003      |
|    loss                 | -0.0176     |
|    n_updates            | 1300        |
|    policy_gradient_loss | 0.00089     |
|    std                  | 0.977       |
|    value_loss           | 0.136       |
-----------------------------------------
Eval num_timesteps=1075000, episode_reward=177.25 +/- 61.55
Episode length: 250.00 +/- 0.00
Success rate: 0.00%
-----------------------------------------
| eval/                   |             |
|    mean_ep_length       | 250         |
|    mean_reward          | 177         |
|    success_rate         | 0           |
| time/                   |             |
|    total_timesteps      | 1075000     |
| train/                  |             |
|    approx_kl            | 0.012772435 |
|    clip_fraction        | 0.207       |
|    clip_range           | 0.2         |
|    entropy_loss         | -8.23       |
|    explained_variance   | 0.95        |
|    learning_rate        | 0.0003      |
|    loss                 | -0.0155     |
|    n_updates            | 1310        |
|    policy_gradient_loss | -0.00182    |
|    std                  | 0.974       |
|    value_loss           | 0.18        |
-----------------------------------------
---------------------------------
| rollout/           |          |
|    ep_len_mean     | 250      |
|    ep_rew_mean     | 204      |
|    success_rate    | 0        |
| time/              |          |
|    fps             | 3765     |
|    iterations      | 132      |
|    time_elapsed    | 287      |
|    total_timesteps | 1081344  |
---------------------------------
----------------------------------------
| rollout/                |            |
|    ep_len_mean          | 250        |
|    ep_rew_mean          | 204        |
|    success_rate         | 0          |
| time/                   |            |
|    fps                  | 3768       |
|    iterations           | 133        |
|    time_elapsed         | 289        |
|    total_timesteps      | 1089536    |
| train/                  |            |
|    approx_kl            | 0.01091158 |
|    clip_fraction        | 0.114      |
|    clip_range           | 0.2        |
|    entropy_loss         | -8.24      |
|    explained_variance   | 0.865      |
|    learning_rate        | 0.0003     |
|    loss                 | 0.742      |
|    n_updates            | 1320       |
|    policy_gradient_loss | -0.00286   |
|    std                  | 0.979      |
|    value_loss           | 1.26       |
----------------------------------------
-----------------------------------------
| rollout/                |             |
|    ep_len_mean          | 250         |
|    ep_rew_mean          | 204         |
|    success_rate         | 0           |
| time/                   |             |
|    fps                  | 3770        |
|    iterations           | 134         |
|    time_elapsed         | 291         |
|    total_timesteps      | 1097728     |
| train/                  |             |
|    approx_kl            | 0.016174704 |
|    clip_fraction        | 0.194       |
|    clip_range           | 0.2         |
|    entropy_loss         | -8.25       |
|    explained_variance   | 0.936       |
|    learning_rate        | 0.0003      |
|    loss                 | 0.0302      |
|    n_updates            | 1330        |
|    policy_gradient_loss | 0.00113     |
|    std                  | 0.98        |
|    value_loss           | 0.916       |
-----------------------------------------
Eval num_timesteps=1100000, episode_reward=159.65 +/- 93.77
Episode length: 250.00 +/- 0.00
Success rate: 0.00%
-----------------------------------------
| eval/                   |             |
|    mean_ep_length       | 250         |
|    mean_reward          | 160         |
|    success_rate         | 0           |
| time/                   |             |
|    total_timesteps      | 1100000     |
| train/                  |             |
|    approx_kl            | 0.014708701 |
|    clip_fraction        | 0.2         |
|    clip_range           | 0.2         |
|    entropy_loss         | -8.25       |
|    explained_variance   | 0.969       |
|    learning_rate        | 0.0003      |
|    loss                 | -0.0236     |
|    n_updates            | 1340        |
|    policy_gradient_loss | 1.6e-05     |
|    std                  | 0.978       |
|    value_loss           | 0.0592      |
-----------------------------------------
---------------------------------
| rollout/           |          |
|    ep_len_mean     | 250      |
|    ep_rew_mean     | 206      |
|    success_rate    | 0        |
| time/              |          |
|    fps             | 3766     |
|    iterations      | 135      |
|    time_elapsed    | 293      |
|    total_timesteps | 1105920  |
---------------------------------
-----------------------------------------
| rollout/                |             |
|    ep_len_mean          | 250         |
|    ep_rew_mean          | 206         |
|    success_rate         | 0           |
| time/                   |             |
|    fps                  | 3769        |
|    iterations           | 136         |
|    time_elapsed         | 295         |
|    total_timesteps      | 1114112     |
| train/                  |             |
|    approx_kl            | 0.015345721 |
|    clip_fraction        | 0.207       |
|    clip_range           | 0.2         |
|    entropy_loss         | -8.24       |
|    explained_variance   | 0.902       |
|    learning_rate        | 0.0003      |
|    loss                 | 0.101       |
|    n_updates            | 1350        |
|    policy_gradient_loss | -0.00471    |
|    std                  | 0.98        |
|    value_loss           | 0.573       |
-----------------------------------------
-----------------------------------------
| rollout/                |             |
|    ep_len_mean          | 250         |
|    ep_rew_mean          | 204         |
|    success_rate         | 0           |
| time/                   |             |
|    fps                  | 3771        |
|    iterations           | 137         |
|    time_elapsed         | 297         |
|    total_timesteps      | 1122304     |
| train/                  |             |
|    approx_kl            | 0.018333543 |
|    clip_fraction        | 0.184       |
|    clip_range           | 0.2         |
|    entropy_loss         | -8.27       |
|    explained_variance   | 0.918       |
|    learning_rate        | 0.0003      |
|    loss                 | 0.0208      |
|    n_updates            | 1360        |
|    policy_gradient_loss | -0.0022     |
|    std                  | 0.987       |
|    value_loss           | 0.237       |
-----------------------------------------
Eval num_timesteps=1125000, episode_reward=115.11 +/- 116.46
Episode length: 250.00 +/- 0.00
Success rate: 0.00%
-----------------------------------------
| eval/                   |             |
|    mean_ep_length       | 250         |
|    mean_reward          | 115         |
|    success_rate         | 0           |
| time/                   |             |
|    total_timesteps      | 1125000     |
| train/                  |             |
|    approx_kl            | 0.011095363 |
|    clip_fraction        | 0.111       |
|    clip_range           | 0.2         |
|    entropy_loss         | -8.32       |
|    explained_variance   | 0.861       |
|    learning_rate        | 0.0003      |
|    loss                 | 0.152       |
|    n_updates            | 1370        |
|    policy_gradient_loss | -0.00292    |
|    std                  | 0.998       |
|    value_loss           | 1.01        |
-----------------------------------------
---------------------------------
| rollout/           |          |
|    ep_len_mean     | 250      |
|    ep_rew_mean     | 204      |
|    success_rate    | 0        |
| time/              |          |
|    fps             | 3765     |
|    iterations      | 138      |
|    time_elapsed    | 300      |
|    total_timesteps | 1130496  |
---------------------------------
-----------------------------------------
| rollout/                |             |
|    ep_len_mean          | 250         |
|    ep_rew_mean          | 204         |
|    success_rate         | 0           |
| time/                   |             |
|    fps                  | 3767        |
|    iterations           | 139         |
|    time_elapsed         | 302         |
|    total_timesteps      | 1138688     |
| train/                  |             |
|    approx_kl            | 0.012699055 |
|    clip_fraction        | 0.206       |
|    clip_range           | 0.2         |
|    entropy_loss         | -8.35       |
|    explained_variance   | 0.86        |
|    learning_rate        | 0.0003      |
|    loss                 | 0.0253      |
|    n_updates            | 1380        |
|    policy_gradient_loss | -0.00434    |
|    std                  | 1           |
|    value_loss           | 0.96        |
-----------------------------------------
-----------------------------------------
| rollout/                |             |
|    ep_len_mean          | 250         |
|    ep_rew_mean          | 206         |
|    success_rate         | 0           |
| time/                   |             |
|    fps                  | 3770        |
|    iterations           | 140         |
|    time_elapsed         | 304         |
|    total_timesteps      | 1146880     |
| train/                  |             |
|    approx_kl            | 0.024589524 |
|    clip_fraction        | 0.238       |
|    clip_range           | 0.2         |
|    entropy_loss         | -8.37       |
|    explained_variance   | 0.891       |
|    learning_rate        | 0.0003      |
|    loss                 | 0.0934      |
|    n_updates            | 1390        |
|    policy_gradient_loss | 0.00137     |
|    std                  | 1           |
|    value_loss           | 0.225       |
-----------------------------------------
Eval num_timesteps=1150000, episode_reward=207.69 +/- 2.98
Episode length: 250.00 +/- 0.00
Success rate: 0.00%
-----------------------------------------
| eval/                   |             |
|    mean_ep_length       | 250         |
|    mean_reward          | 208         |
|    success_rate         | 0           |
| time/                   |             |
|    total_timesteps      | 1150000     |
| train/                  |             |
|    approx_kl            | 0.021584507 |
|    clip_fraction        | 0.222       |
|    clip_range           | 0.2         |
|    entropy_loss         | -8.37       |
|    explained_variance   | 0.883       |
|    learning_rate        | 0.0003      |
|    loss                 | 0.3         |
|    n_updates            | 1400        |
|    policy_gradient_loss | -0.00464    |
|    std                  | 1           |
|    value_loss           | 0.676       |
-----------------------------------------
---------------------------------
| rollout/           |          |
|    ep_len_mean     | 250      |
|    ep_rew_mean     | 205      |
|    success_rate    | 0        |
| time/              |          |
|    fps             | 3765     |
|    iterations      | 141      |
|    time_elapsed    | 306      |
|    total_timesteps | 1155072  |
---------------------------------
-----------------------------------------
| rollout/                |             |
|    ep_len_mean          | 250         |
|    ep_rew_mean          | 204         |
|    success_rate         | 0           |
| time/                   |             |
|    fps                  | 3768        |
|    iterations           | 142         |
|    time_elapsed         | 308         |
|    total_timesteps      | 1163264     |
| train/                  |             |
|    approx_kl            | 0.012061676 |
|    clip_fraction        | 0.0993      |
|    clip_range           | 0.2         |
|    entropy_loss         | -8.37       |
|    explained_variance   | 0.897       |
|    learning_rate        | 0.0003      |
|    loss                 | 1.47        |
|    n_updates            | 1410        |
|    policy_gradient_loss | -0.00552    |
|    std                  | 1           |
|    value_loss           | 4.2         |
-----------------------------------------
-----------------------------------------
| rollout/                |             |
|    ep_len_mean          | 250         |
|    ep_rew_mean          | 205         |
|    success_rate         | 0           |
| time/                   |             |
|    fps                  | 3771        |
|    iterations           | 143         |
|    time_elapsed         | 310         |
|    total_timesteps      | 1171456     |
| train/                  |             |
|    approx_kl            | 0.014435817 |
|    clip_fraction        | 0.162       |
|    clip_range           | 0.2         |
|    entropy_loss         | -8.38       |
|    explained_variance   | 0.743       |
|    learning_rate        | 0.0003      |
|    loss                 | 0.164       |
|    n_updates            | 1420        |
|    policy_gradient_loss | -0.00248    |
|    std                  | 1           |
|    value_loss           | 0.497       |
-----------------------------------------
Eval num_timesteps=1175000, episode_reward=208.23 +/- 3.31
Episode length: 250.00 +/- 0.00
Success rate: 0.00%
-----------------------------------------
| eval/                   |             |
|    mean_ep_length       | 250         |
|    mean_reward          | 208         |
|    success_rate         | 0           |
| time/                   |             |
|    total_timesteps      | 1175000     |
| train/                  |             |
|    approx_kl            | 0.034864575 |
|    clip_fraction        | 0.237       |
|    clip_range           | 0.2         |
|    entropy_loss         | -8.38       |
|    explained_variance   | 0.843       |
|    learning_rate        | 0.0003      |
|    loss                 | 0.249       |
|    n_updates            | 1430        |
|    policy_gradient_loss | 0.000189    |
|    std                  | 1           |
|    value_loss           | 0.446       |
-----------------------------------------
---------------------------------
| rollout/           |          |
|    ep_len_mean     | 250      |
|    ep_rew_mean     | 206      |
|    success_rate    | 0        |
| time/              |          |
|    fps             | 3767     |
|    iterations      | 144      |
|    time_elapsed    | 313      |
|    total_timesteps | 1179648  |
---------------------------------
----------------------------------------
| rollout/                |            |
|    ep_len_mean          | 250        |
|    ep_rew_mean          | 206        |
|    success_rate         | 0          |
| time/                   |            |
|    fps                  | 3769       |
|    iterations           | 145        |
|    time_elapsed         | 315        |
|    total_timesteps      | 1187840    |
| train/                  |            |
|    approx_kl            | 0.01293727 |
|    clip_fraction        | 0.198      |
|    clip_range           | 0.2        |
|    entropy_loss         | -8.39      |
|    explained_variance   | 0.918      |
|    learning_rate        | 0.0003     |
|    loss                 | 0.167      |
|    n_updates            | 1440       |
|    policy_gradient_loss | -0.00425   |
|    std                  | 1          |
|    value_loss           | 0.268      |
----------------------------------------
-----------------------------------------
| rollout/                |             |
|    ep_len_mean          | 250         |
|    ep_rew_mean          | 206         |
|    success_rate         | 0           |
| time/                   |             |
|    fps                  | 3772        |
|    iterations           | 146         |
|    time_elapsed         | 317         |
|    total_timesteps      | 1196032     |
| train/                  |             |
|    approx_kl            | 0.011275605 |
|    clip_fraction        | 0.208       |
|    clip_range           | 0.2         |
|    entropy_loss         | -8.41       |
|    explained_variance   | 0.938       |
|    learning_rate        | 0.0003      |
|    loss                 | 0.0436      |
|    n_updates            | 1450        |
|    policy_gradient_loss | -0.000225   |
|    std                  | 1.01        |
|    value_loss           | 0.166       |
-----------------------------------------
Eval num_timesteps=1200000, episode_reward=208.18 +/- 1.60
Episode length: 250.00 +/- 0.00
Success rate: 0.00%
-----------------------------------------
| eval/                   |             |
|    mean_ep_length       | 250         |
|    mean_reward          | 208         |
|    success_rate         | 0           |
| time/                   |             |
|    total_timesteps      | 1200000     |
| train/                  |             |
|    approx_kl            | 0.017098637 |
|    clip_fraction        | 0.213       |
|    clip_range           | 0.2         |
|    entropy_loss         | -8.4        |
|    explained_variance   | 0.969       |
|    learning_rate        | 0.0003      |
|    loss                 | -0.00917    |
|    n_updates            | 1460        |
|    policy_gradient_loss | 0.000424    |
|    std                  | 1           |
|    value_loss           | 0.0596      |
-----------------------------------------
---------------------------------
| rollout/           |          |
|    ep_len_mean     | 250      |
|    ep_rew_mean     | 207      |
|    success_rate    | 0        |
| time/              |          |
|    fps             | 3768     |
|    iterations      | 147      |
|    time_elapsed    | 319      |
|    total_timesteps | 1204224  |
---------------------------------
-----------------------------------------
| rollout/                |             |
|    ep_len_mean          | 250         |
|    ep_rew_mean          | 207         |
|    success_rate         | 0           |
| time/                   |             |
|    fps                  | 3770        |
|    iterations           | 148         |
|    time_elapsed         | 321         |
|    total_timesteps      | 1212416     |
| train/                  |             |
|    approx_kl            | 0.011349376 |
|    clip_fraction        | 0.199       |
|    clip_range           | 0.2         |
|    entropy_loss         | -8.38       |
|    explained_variance   | 0.986       |
|    learning_rate        | 0.0003      |
|    loss                 | -0.0283     |
|    n_updates            | 1470        |
|    policy_gradient_loss | 0.00115     |
|    std                  | 1           |
|    value_loss           | 0.0239      |
-----------------------------------------
-----------------------------------------
| rollout/                |             |
|    ep_len_mean          | 250         |
|    ep_rew_mean          | 207         |
|    success_rate         | 0           |
| time/                   |             |
|    fps                  | 3773        |
|    iterations           | 149         |
|    time_elapsed         | 323         |
|    total_timesteps      | 1220608     |
| train/                  |             |
|    approx_kl            | 0.011483627 |
|    clip_fraction        | 0.168       |
|    clip_range           | 0.2         |
|    entropy_loss         | -8.38       |
|    explained_variance   | 0.99        |
|    learning_rate        | 0.0003      |
|    loss                 | -0.0346     |
|    n_updates            | 1480        |
|    policy_gradient_loss | -0.000338   |
|    std                  | 1           |
|    value_loss           | 0.018       |
-----------------------------------------
Eval num_timesteps=1225000, episode_reward=206.57 +/- 3.06
Episode length: 250.00 +/- 0.00
Success rate: 0.00%
-----------------------------------------
| eval/                   |             |
|    mean_ep_length       | 250         |
|    mean_reward          | 207         |
|    success_rate         | 0           |
| time/                   |             |
|    total_timesteps      | 1225000     |
| train/                  |             |
|    approx_kl            | 0.012002225 |
|    clip_fraction        | 0.183       |
|    clip_range           | 0.2         |
|    entropy_loss         | -8.38       |
|    explained_variance   | 0.95        |
|    learning_rate        | 0.0003      |
|    loss                 | -0.0106     |
|    n_updates            | 1490        |
|    policy_gradient_loss | -0.00458    |
|    std                  | 1           |
|    value_loss           | 0.063       |
-----------------------------------------
---------------------------------
| rollout/           |          |
|    ep_len_mean     | 250      |
|    ep_rew_mean     | 207      |
|    success_rate    | 0        |
| time/              |          |
|    fps             | 3768     |
|    iterations      | 150      |
|    time_elapsed    | 326      |
|    total_timesteps | 1228800  |
---------------------------------
-----------------------------------------
| rollout/                |             |
|    ep_len_mean          | 250         |
|    ep_rew_mean          | 207         |
|    success_rate         | 0           |
| time/                   |             |
|    fps                  | 3769        |
|    iterations           | 151         |
|    time_elapsed         | 328         |
|    total_timesteps      | 1236992     |
| train/                  |             |
|    approx_kl            | 0.013034128 |
|    clip_fraction        | 0.166       |
|    clip_range           | 0.2         |
|    entropy_loss         | -8.38       |
|    explained_variance   | 0.937       |
|    learning_rate        | 0.0003      |
|    loss                 | -0.0458     |
|    n_updates            | 1500        |
|    policy_gradient_loss | -0.00503    |
|    std                  | 0.999       |
|    value_loss           | 0.109       |
-----------------------------------------
-----------------------------------------
| rollout/                |             |
|    ep_len_mean          | 250         |
|    ep_rew_mean          | 207         |
|    success_rate         | 0           |
| time/                   |             |
|    fps                  | 3771        |
|    iterations           | 152         |
|    time_elapsed         | 330         |
|    total_timesteps      | 1245184     |
| train/                  |             |
|    approx_kl            | 0.017010355 |
|    clip_fraction        | 0.184       |
|    clip_range           | 0.2         |
|    entropy_loss         | -8.36       |
|    explained_variance   | 0.962       |
|    learning_rate        | 0.0003      |
|    loss                 | 0.043       |
|    n_updates            | 1510        |
|    policy_gradient_loss | -0.00145    |
|    std                  | 0.994       |
|    value_loss           | 0.0916      |
-----------------------------------------
Eval num_timesteps=1250000, episode_reward=207.81 +/- 1.87
Episode length: 250.00 +/- 0.00
Success rate: 0.00%
-----------------------------------------
| eval/                   |             |
|    mean_ep_length       | 250         |
|    mean_reward          | 208         |
|    success_rate         | 0           |
| time/                   |             |
|    total_timesteps      | 1250000     |
| train/                  |             |
|    approx_kl            | 0.012189693 |
|    clip_fraction        | 0.179       |
|    clip_range           | 0.2         |
|    entropy_loss         | -8.31       |
|    explained_variance   | 0.978       |
|    learning_rate        | 0.0003      |
|    loss                 | -0.0322     |
|    n_updates            | 1520        |
|    policy_gradient_loss | 0.00025     |
|    std                  | 0.983       |
|    value_loss           | 0.00919     |
-----------------------------------------
---------------------------------
| rollout/           |          |
|    ep_len_mean     | 250      |
|    ep_rew_mean     | 205      |
|    success_rate    | 0        |
| time/              |          |
|    fps             | 3766     |
|    iterations      | 153      |
|    time_elapsed    | 332      |
|    total_timesteps | 1253376  |
---------------------------------
-----------------------------------------
| rollout/                |             |
|    ep_len_mean          | 250         |
|    ep_rew_mean          | 205         |
|    success_rate         | 0           |
| time/                   |             |
|    fps                  | 3769        |
|    iterations           | 154         |
|    time_elapsed         | 334         |
|    total_timesteps      | 1261568     |
| train/                  |             |
|    approx_kl            | 0.007114454 |
|    clip_fraction        | 0.107       |
|    clip_range           | 0.2         |
|    entropy_loss         | -8.29       |
|    explained_variance   | 0.669       |
|    learning_rate        | 0.0003      |
|    loss                 | 0.265       |
|    n_updates            | 1530        |
|    policy_gradient_loss | -0.0028     |
|    std                  | 0.985       |
|    value_loss           | 0.687       |
-----------------------------------------
-----------------------------------------
| rollout/                |             |
|    ep_len_mean          | 250         |
|    ep_rew_mean          | 202         |
|    success_rate         | 0           |
| time/                   |             |
|    fps                  | 3771        |
|    iterations           | 155         |
|    time_elapsed         | 336         |
|    total_timesteps      | 1269760     |
| train/                  |             |
|    approx_kl            | 0.008489427 |
|    clip_fraction        | 0.0633      |
|    clip_range           | 0.2         |
|    entropy_loss         | -8.3        |
|    explained_variance   | 0.835       |
|    learning_rate        | 0.0003      |
|    loss                 | 0.341       |
|    n_updates            | 1540        |
|    policy_gradient_loss | -0.00298    |
|    std                  | 0.99        |
|    value_loss           | 1.72        |
-----------------------------------------
Eval num_timesteps=1275000, episode_reward=207.26 +/- 2.63
Episode length: 250.00 +/- 0.00
Success rate: 0.00%
-----------------------------------------
| eval/                   |             |
|    mean_ep_length       | 250         |
|    mean_reward          | 207         |
|    success_rate         | 0           |
| time/                   |             |
|    total_timesteps      | 1275000     |
| train/                  |             |
|    approx_kl            | 0.013936466 |
|    clip_fraction        | 0.156       |
|    clip_range           | 0.2         |
|    entropy_loss         | -8.33       |
|    explained_variance   | 0.908       |
|    learning_rate        | 0.0003      |
|    loss                 | 0.0899      |
|    n_updates            | 1550        |
|    policy_gradient_loss | -0.00203    |
|    std                  | 0.993       |
|    value_loss           | 0.557       |
-----------------------------------------
---------------------------------
| rollout/           |          |
|    ep_len_mean     | 250      |
|    ep_rew_mean     | 204      |
|    success_rate    | 0        |
| time/              |          |
|    fps             | 3767     |
|    iterations      | 156      |
|    time_elapsed    | 339      |
|    total_timesteps | 1277952  |
---------------------------------
-----------------------------------------
| rollout/                |             |
|    ep_len_mean          | 250         |
|    ep_rew_mean          | 207         |
|    success_rate         | 0           |
| time/                   |             |
|    fps                  | 3769        |
|    iterations           | 157         |
|    time_elapsed         | 341         |
|    total_timesteps      | 1286144     |
| train/                  |             |
|    approx_kl            | 0.010888768 |
|    clip_fraction        | 0.205       |
|    clip_range           | 0.2         |
|    entropy_loss         | -8.35       |
|    explained_variance   | 0.973       |
|    learning_rate        | 0.0003      |
|    loss                 | -0.0349     |
|    n_updates            | 1560        |
|    policy_gradient_loss | -0.00229    |
|    std                  | 0.994       |
|    value_loss           | 0.0262      |
-----------------------------------------
-----------------------------------------
| rollout/                |             |
|    ep_len_mean          | 250         |
|    ep_rew_mean          | 207         |
|    success_rate         | 0           |
| time/                   |             |
|    fps                  | 3771        |
|    iterations           | 158         |
|    time_elapsed         | 343         |
|    total_timesteps      | 1294336     |
| train/                  |             |
|    approx_kl            | 0.016657509 |
|    clip_fraction        | 0.21        |
|    clip_range           | 0.2         |
|    entropy_loss         | -8.34       |
|    explained_variance   | 0.974       |
|    learning_rate        | 0.0003      |
|    loss                 | -0.0389     |
|    n_updates            | 1570        |
|    policy_gradient_loss | -0.00254    |
|    std                  | 0.99        |
|    value_loss           | 0.0543      |
-----------------------------------------
Eval num_timesteps=1300000, episode_reward=209.05 +/- 0.50
Episode length: 250.00 +/- 0.00
Success rate: 0.00%
----------------------------------------
| eval/                   |            |
|    mean_ep_length       | 250        |
|    mean_reward          | 209        |
|    success_rate         | 0          |
| time/                   |            |
|    total_timesteps      | 1300000    |
| train/                  |            |
|    approx_kl            | 0.01638674 |
|    clip_fraction        | 0.215      |
|    clip_range           | 0.2        |
|    entropy_loss         | -8.28      |
|    explained_variance   | 0.993      |
|    learning_rate        | 0.0003     |
|    loss                 | -0.0386    |
|    n_updates            | 1580       |
|    policy_gradient_loss | 3.96e-05   |
|    std                  | 0.977      |
|    value_loss           | 0.0104     |
----------------------------------------
---------------------------------
| rollout/           |          |
|    ep_len_mean     | 250      |
|    ep_rew_mean     | 207      |
|    success_rate    | 0        |
| time/              |          |
|    fps             | 3767     |
|    iterations      | 159      |
|    time_elapsed    | 345      |
|    total_timesteps | 1302528  |
---------------------------------
-----------------------------------------
| rollout/                |             |
|    ep_len_mean          | 250         |
|    ep_rew_mean          | 207         |
|    success_rate         | 0           |
| time/                   |             |
|    fps                  | 3769        |
|    iterations           | 160         |
|    time_elapsed         | 347         |
|    total_timesteps      | 1310720     |
| train/                  |             |
|    approx_kl            | 0.012144757 |
|    clip_fraction        | 0.202       |
|    clip_range           | 0.2         |
|    entropy_loss         | -8.27       |
|    explained_variance   | 0.989       |
|    learning_rate        | 0.0003      |
|    loss                 | -0.0279     |
|    n_updates            | 1590        |
|    policy_gradient_loss | -0.00231    |
|    std                  | 0.981       |
|    value_loss           | 0.0207      |
-----------------------------------------
----------------------------------------
| rollout/                |            |
|    ep_len_mean          | 250        |
|    ep_rew_mean          | 207        |
|    success_rate         | 0          |
| time/                   |            |
|    fps                  | 3771       |
|    iterations           | 161        |
|    time_elapsed         | 349        |
|    total_timesteps      | 1318912    |
| train/                  |            |
|    approx_kl            | 0.01215007 |
|    clip_fraction        | 0.218      |
|    clip_range           | 0.2        |
|    entropy_loss         | -8.25      |
|    explained_variance   | 0.991      |
|    learning_rate        | 0.0003     |
|    loss                 | -0.0402    |
|    n_updates            | 1600       |
|    policy_gradient_loss | -0.00267   |
|    std                  | 0.974      |
|    value_loss           | 0.0117     |
----------------------------------------
Eval num_timesteps=1325000, episode_reward=208.46 +/- 0.95
Episode length: 250.00 +/- 0.00
Success rate: 0.00%
-----------------------------------------
| eval/                   |             |
|    mean_ep_length       | 250         |
|    mean_reward          | 208         |
|    success_rate         | 0           |
| time/                   |             |
|    total_timesteps      | 1325000     |
| train/                  |             |
|    approx_kl            | 0.014838036 |
|    clip_fraction        | 0.133       |
|    clip_range           | 0.2         |
|    entropy_loss         | -8.24       |
|    explained_variance   | 0.889       |
|    learning_rate        | 0.0003      |
|    loss                 | 0.0814      |
|    n_updates            | 1610        |
|    policy_gradient_loss | -0.0062     |
|    std                  | 0.976       |
|    value_loss           | 0.72        |
-----------------------------------------
---------------------------------
| rollout/           |          |
|    ep_len_mean     | 250      |
|    ep_rew_mean     | 206      |
|    success_rate    | 0        |
| time/              |          |
|    fps             | 3767     |
|    iterations      | 162      |
|    time_elapsed    | 352      |
|    total_timesteps | 1327104  |
---------------------------------
-----------------------------------------
| rollout/                |             |
|    ep_len_mean          | 250         |
|    ep_rew_mean          | 202         |
|    success_rate         | 0           |
| time/                   |             |
|    fps                  | 3769        |
|    iterations           | 163         |
|    time_elapsed         | 354         |
|    total_timesteps      | 1335296     |
| train/                  |             |
|    approx_kl            | 0.006487171 |
|    clip_fraction        | 0.0641      |
|    clip_range           | 0.2         |
|    entropy_loss         | -8.25       |
|    explained_variance   | 0.733       |
|    learning_rate        | 0.0003      |
|    loss                 | 0.834       |
|    n_updates            | 1620        |
|    policy_gradient_loss | -0.00312    |
|    std                  | 0.977       |
|    value_loss           | 2.75        |
-----------------------------------------
-----------------------------------------
| rollout/                |             |
|    ep_len_mean          | 250         |
|    ep_rew_mean          | 203         |
|    success_rate         | 0           |
| time/                   |             |
|    fps                  | 3771        |
|    iterations           | 164         |
|    time_elapsed         | 356         |
|    total_timesteps      | 1343488     |
| train/                  |             |
|    approx_kl            | 0.014271385 |
|    clip_fraction        | 0.101       |
|    clip_range           | 0.2         |
|    entropy_loss         | -8.24       |
|    explained_variance   | 0.932       |
|    learning_rate        | 0.0003      |
|    loss                 | 0.0848      |
|    n_updates            | 1630        |
|    policy_gradient_loss | -0.00432    |
|    std                  | 0.974       |
|    value_loss           | 1.76        |
-----------------------------------------
Eval num_timesteps=1350000, episode_reward=207.54 +/- 3.67
Episode length: 250.00 +/- 0.00
Success rate: 0.00%
-----------------------------------------
| eval/                   |             |
|    mean_ep_length       | 250         |
|    mean_reward          | 208         |
|    success_rate         | 0           |
| time/                   |             |
|    total_timesteps      | 1350000     |
| train/                  |             |
|    approx_kl            | 0.012214069 |
|    clip_fraction        | 0.169       |
|    clip_range           | 0.2         |
|    entropy_loss         | -8.24       |
|    explained_variance   | 0.811       |
|    learning_rate        | 0.0003      |
|    loss                 | -0.0276     |
|    n_updates            | 1640        |
|    policy_gradient_loss | -0.00393    |
|    std                  | 0.976       |
|    value_loss           | 0.116       |
-----------------------------------------
---------------------------------
| rollout/           |          |
|    ep_len_mean     | 250      |
|    ep_rew_mean     | 204      |
|    success_rate    | 0        |
| time/              |          |
|    fps             | 3765     |
|    iterations      | 165      |
|    time_elapsed    | 358      |
|    total_timesteps | 1351680  |
---------------------------------
-----------------------------------------
| rollout/                |             |
|    ep_len_mean          | 250         |
|    ep_rew_mean          | 207         |
|    success_rate         | 0           |
| time/                   |             |
|    fps                  | 3766        |
|    iterations           | 166         |
|    time_elapsed         | 361         |
|    total_timesteps      | 1359872     |
| train/                  |             |
|    approx_kl            | 0.011606462 |
|    clip_fraction        | 0.201       |
|    clip_range           | 0.2         |
|    entropy_loss         | -8.23       |
|    explained_variance   | 0.826       |
|    learning_rate        | 0.0003      |
|    loss                 | 0.0992      |
|    n_updates            | 1650        |
|    policy_gradient_loss | 0.000702    |
|    std                  | 0.972       |
|    value_loss           | 0.158       |
-----------------------------------------
----------------------------------------
| rollout/                |            |
|    ep_len_mean          | 250        |
|    ep_rew_mean          | 205        |
|    success_rate         | 0          |
| time/                   |            |
|    fps                  | 3768       |
|    iterations           | 167        |
|    time_elapsed         | 363        |
|    total_timesteps      | 1368064    |
| train/                  |            |
|    approx_kl            | 0.01538947 |
|    clip_fraction        | 0.209      |
|    clip_range           | 0.2        |
|    entropy_loss         | -8.18      |
|    explained_variance   | 0.943      |
|    learning_rate        | 0.0003     |
|    loss                 | -0.039     |
|    n_updates            | 1660       |
|    policy_gradient_loss | -0.00385   |
|    std                  | 0.96       |
|    value_loss           | 0.0637     |
----------------------------------------
Eval num_timesteps=1375000, episode_reward=208.12 +/- 1.16
Episode length: 250.00 +/- 0.00
Success rate: 0.00%
-----------------------------------------
| eval/                   |             |
|    mean_ep_length       | 250         |
|    mean_reward          | 208         |
|    success_rate         | 0           |
| time/                   |             |
|    total_timesteps      | 1375000     |
| train/                  |             |
|    approx_kl            | 0.013086906 |
|    clip_fraction        | 0.135       |
|    clip_range           | 0.2         |
|    entropy_loss         | -8.17       |
|    explained_variance   | 0.762       |
|    learning_rate        | 0.0003      |
|    loss                 | 0.509       |
|    n_updates            | 1670        |
|    policy_gradient_loss | -0.00153    |
|    std                  | 0.965       |
|    value_loss           | 0.623       |
-----------------------------------------
---------------------------------
| rollout/           |          |
|    ep_len_mean     | 250      |
|    ep_rew_mean     | 205      |
|    success_rate    | 0        |
| time/              |          |
|    fps             | 3765     |
|    iterations      | 168      |
|    time_elapsed    | 365      |
|    total_timesteps | 1376256  |
---------------------------------
-----------------------------------------
| rollout/                |             |
|    ep_len_mean          | 250         |
|    ep_rew_mean          | 202         |
|    success_rate         | 0           |
| time/                   |             |
|    fps                  | 3767        |
|    iterations           | 169         |
|    time_elapsed         | 367         |
|    total_timesteps      | 1384448     |
| train/                  |             |
|    approx_kl            | 0.011253777 |
|    clip_fraction        | 0.171       |
|    clip_range           | 0.2         |
|    entropy_loss         | -8.19       |
|    explained_variance   | 0.914       |
|    learning_rate        | 0.0003      |
|    loss                 | 0.0637      |
|    n_updates            | 1680        |
|    policy_gradient_loss | -0.000895   |
|    std                  | 0.965       |
|    value_loss           | 0.115       |
-----------------------------------------
-----------------------------------------
| rollout/                |             |
|    ep_len_mean          | 250         |
|    ep_rew_mean          | 202         |
|    success_rate         | 0           |
| time/                   |             |
|    fps                  | 3768        |
|    iterations           | 170         |
|    time_elapsed         | 369         |
|    total_timesteps      | 1392640     |
| train/                  |             |
|    approx_kl            | 0.008184202 |
|    clip_fraction        | 0.0625      |
|    clip_range           | 0.2         |
|    entropy_loss         | -8.19       |
|    explained_variance   | 0.86        |
|    learning_rate        | 0.0003      |
|    loss                 | 0.0457      |
|    n_updates            | 1690        |
|    policy_gradient_loss | -0.00686    |
|    std                  | 0.967       |
|    value_loss           | 1.49        |
-----------------------------------------
Eval num_timesteps=1400000, episode_reward=208.74 +/- 0.62
Episode length: 250.00 +/- 0.00
Success rate: 0.00%
-----------------------------------------
| eval/                   |             |
|    mean_ep_length       | 250         |
|    mean_reward          | 209         |
|    success_rate         | 0           |
| time/                   |             |
|    total_timesteps      | 1400000     |
| train/                  |             |
|    approx_kl            | 0.012167206 |
|    clip_fraction        | 0.163       |
|    clip_range           | 0.2         |
|    entropy_loss         | -8.21       |
|    explained_variance   | 0.946       |
|    learning_rate        | 0.0003      |
|    loss                 | 0.209       |
|    n_updates            | 1700        |
|    policy_gradient_loss | -0.0021     |
|    std                  | 0.97        |
|    value_loss           | 0.44        |
-----------------------------------------
---------------------------------
| rollout/           |          |
|    ep_len_mean     | 250      |
|    ep_rew_mean     | 202      |
|    success_rate    | 0        |
| time/              |          |
|    fps             | 3765     |
|    iterations      | 171      |
|    time_elapsed    | 372      |
|    total_timesteps | 1400832  |
---------------------------------
-----------------------------------------
| rollout/                |             |
|    ep_len_mean          | 250         |
|    ep_rew_mean          | 204         |
|    success_rate         | 0           |
| time/                   |             |
|    fps                  | 3767        |
|    iterations           | 172         |
|    time_elapsed         | 374         |
|    total_timesteps      | 1409024     |
| train/                  |             |
|    approx_kl            | 0.017795503 |
|    clip_fraction        | 0.209       |
|    clip_range           | 0.2         |
|    entropy_loss         | -8.23       |
|    explained_variance   | 0.937       |
|    learning_rate        | 0.0003      |
|    loss                 | -0.033      |
|    n_updates            | 1710        |
|    policy_gradient_loss | 0.0015      |
|    std                  | 0.972       |
|    value_loss           | 0.0529      |
-----------------------------------------
-----------------------------------------
| rollout/                |             |
|    ep_len_mean          | 250         |
|    ep_rew_mean          | 207         |
|    success_rate         | 0           |
| time/                   |             |
|    fps                  | 3768        |
|    iterations           | 173         |
|    time_elapsed         | 376         |
|    total_timesteps      | 1417216     |
| train/                  |             |
|    approx_kl            | 0.012887878 |
|    clip_fraction        | 0.177       |
|    clip_range           | 0.2         |
|    entropy_loss         | -8.23       |
|    explained_variance   | 0.934       |
|    learning_rate        | 0.0003      |
|    loss                 | 0.0695      |
|    n_updates            | 1720        |
|    policy_gradient_loss | -0.00501    |
|    std                  | 0.97        |
|    value_loss           | 0.119       |
-----------------------------------------
Eval num_timesteps=1425000, episode_reward=207.04 +/- 3.24
Episode length: 250.00 +/- 0.00
Success rate: 0.00%
-----------------------------------------
| eval/                   |             |
|    mean_ep_length       | 250         |
|    mean_reward          | 207         |
|    success_rate         | 0           |
| time/                   |             |
|    total_timesteps      | 1425000     |
| train/                  |             |
|    approx_kl            | 0.020030342 |
|    clip_fraction        | 0.194       |
|    clip_range           | 0.2         |
|    entropy_loss         | -8.18       |
|    explained_variance   | 0.989       |
|    learning_rate        | 0.0003      |
|    loss                 | -0.0324     |
|    n_updates            | 1730        |
|    policy_gradient_loss | -0.000593   |
|    std                  | 0.96        |
|    value_loss           | 0.0114      |
-----------------------------------------
---------------------------------
| rollout/           |          |
|    ep_len_mean     | 250      |
|    ep_rew_mean     | 207      |
|    success_rate    | 0        |
| time/              |          |
|    fps             | 3765     |
|    iterations      | 174      |
|    time_elapsed    | 378      |
|    total_timesteps | 1425408  |
---------------------------------
-----------------------------------------
| rollout/                |             |
|    ep_len_mean          | 250         |
|    ep_rew_mean          | 207         |
|    success_rate         | 0           |
| time/                   |             |
|    fps                  | 3767        |
|    iterations           | 175         |
|    time_elapsed         | 380         |
|    total_timesteps      | 1433600     |
| train/                  |             |
|    approx_kl            | 0.015326838 |
|    clip_fraction        | 0.19        |
|    clip_range           | 0.2         |
|    entropy_loss         | -8.15       |
|    explained_variance   | 0.996       |
|    learning_rate        | 0.0003      |
|    loss                 | -0.0477     |
|    n_updates            | 1740        |
|    policy_gradient_loss | -0.00427    |
|    std                  | 0.958       |
|    value_loss           | 0.00663     |
-----------------------------------------
-----------------------------------------
| rollout/                |             |
|    ep_len_mean          | 250         |
|    ep_rew_mean          | 207         |
|    success_rate         | 0           |
| time/                   |             |
|    fps                  | 3769        |
|    iterations           | 176         |
|    time_elapsed         | 382         |
|    total_timesteps      | 1441792     |
| train/                  |             |
|    approx_kl            | 0.020903494 |
|    clip_fraction        | 0.229       |
|    clip_range           | 0.2         |
|    entropy_loss         | -8.18       |
|    explained_variance   | 0.951       |
|    learning_rate        | 0.0003      |
|    loss                 | -0.0333     |
|    n_updates            | 1750        |
|    policy_gradient_loss | -0.00212    |
|    std                  | 0.965       |
|    value_loss           | 0.0585      |
-----------------------------------------
-----------------------------------------
| rollout/                |             |
|    ep_len_mean          | 250         |
|    ep_rew_mean          | 207         |
|    success_rate         | 0           |
| time/                   |             |
|    fps                  | 3771        |
|    iterations           | 177         |
|    time_elapsed         | 384         |
|    total_timesteps      | 1449984     |
| train/                  |             |
|    approx_kl            | 0.012671528 |
|    clip_fraction        | 0.2         |
|    clip_range           | 0.2         |
|    entropy_loss         | -8.22       |
|    explained_variance   | 0.931       |
|    learning_rate        | 0.0003      |
|    loss                 | -0.0252     |
|    n_updates            | 1760        |
|    policy_gradient_loss | -0.00298    |
|    std                  | 0.972       |
|    value_loss           | 0.114       |
-----------------------------------------
Eval num_timesteps=1450000, episode_reward=209.13 +/- 0.18
Episode length: 250.00 +/- 0.00
Success rate: 0.00%
-----------------------------------------
| eval/                   |             |
|    mean_ep_length       | 250         |
|    mean_reward          | 209         |
|    success_rate         | 0           |
| time/                   |             |
|    total_timesteps      | 1450000     |
| train/                  |             |
|    approx_kl            | 0.011695789 |
|    clip_fraction        | 0.162       |
|    clip_range           | 0.2         |
|    entropy_loss         | -8.22       |
|    explained_variance   | 0.989       |
|    learning_rate        | 0.0003      |
|    loss                 | -0.0343     |
|    n_updates            | 1770        |
|    policy_gradient_loss | -0.00167    |
|    std                  | 0.967       |
|    value_loss           | 0.0184      |
-----------------------------------------
---------------------------------
| rollout/           |          |
|    ep_len_mean     | 250      |
|    ep_rew_mean     | 205      |
|    success_rate    | 0        |
| time/              |          |
|    fps             | 3767     |
|    iterations      | 178      |
|    time_elapsed    | 387      |
|    total_timesteps | 1458176  |
---------------------------------
-----------------------------------------
| rollout/                |             |
|    ep_len_mean          | 250         |
|    ep_rew_mean          | 202         |
|    success_rate         | 0           |
| time/                   |             |
|    fps                  | 3767        |
|    iterations           | 179         |
|    time_elapsed         | 389         |
|    total_timesteps      | 1466368     |
| train/                  |             |
|    approx_kl            | 0.011714105 |
|    clip_fraction        | 0.11        |
|    clip_range           | 0.2         |
|    entropy_loss         | -8.22       |
|    explained_variance   | 0.877       |
|    learning_rate        | 0.0003      |
|    loss                 | -0.0271     |
|    n_updates            | 1780        |
|    policy_gradient_loss | -0.00179    |
|    std                  | 0.967       |
|    value_loss           | 0.521       |
-----------------------------------------
-----------------------------------------
| rollout/                |             |
|    ep_len_mean          | 250         |
|    ep_rew_mean          | 202         |
|    success_rate         | 0           |
| time/                   |             |
|    fps                  | 3769        |
|    iterations           | 180         |
|    time_elapsed         | 391         |
|    total_timesteps      | 1474560     |
| train/                  |             |
|    approx_kl            | 0.006203254 |
|    clip_fraction        | 0.0521      |
|    clip_range           | 0.2         |
|    entropy_loss         | -8.22       |
|    explained_variance   | 0.922       |
|    learning_rate        | 0.0003      |
|    loss                 | 1.03        |
|    n_updates            | 1790        |
|    policy_gradient_loss | -0.00428    |
|    std                  | 0.969       |
|    value_loss           | 2.92        |
-----------------------------------------
Eval num_timesteps=1475000, episode_reward=208.22 +/- 2.10
Episode length: 250.00 +/- 0.00
Success rate: 0.00%
-----------------------------------------
| eval/                   |             |
|    mean_ep_length       | 250         |
|    mean_reward          | 208         |
|    success_rate         | 0           |
| time/                   |             |
|    total_timesteps      | 1475000     |
| train/                  |             |
|    approx_kl            | 0.012817578 |
|    clip_fraction        | 0.165       |
|    clip_range           | 0.2         |
|    entropy_loss         | -8.21       |
|    explained_variance   | 0.954       |
|    learning_rate        | 0.0003      |
|    loss                 | -0.0358     |
|    n_updates            | 1800        |
|    policy_gradient_loss | 0.000611    |
|    std                  | 0.966       |
|    value_loss           | 0.0144      |
-----------------------------------------
---------------------------------
| rollout/           |          |
|    ep_len_mean     | 250      |
|    ep_rew_mean     | 202      |
|    success_rate    | 0        |
| time/              |          |
|    fps             | 3765     |
|    iterations      | 181      |
|    time_elapsed    | 393      |
|    total_timesteps | 1482752  |
---------------------------------
-----------------------------------------
| rollout/                |             |
|    ep_len_mean          | 250         |
|    ep_rew_mean          | 205         |
|    success_rate         | 0           |
| time/                   |             |
|    fps                  | 3767        |
|    iterations           | 182         |
|    time_elapsed         | 395         |
|    total_timesteps      | 1490944     |
| train/                  |             |
|    approx_kl            | 0.005669009 |
|    clip_fraction        | 0.102       |
|    clip_range           | 0.2         |
|    entropy_loss         | -8.22       |
|    explained_variance   | 0.951       |
|    learning_rate        | 0.0003      |
|    loss                 | 1.28        |
|    n_updates            | 1810        |
|    policy_gradient_loss | -0.00264    |
|    std                  | 0.967       |
|    value_loss           | 1.35        |
-----------------------------------------
-----------------------------------------
| rollout/                |             |
|    ep_len_mean          | 250         |
|    ep_rew_mean          | 205         |
|    success_rate         | 0           |
| time/                   |             |
|    fps                  | 3769        |
|    iterations           | 183         |
|    time_elapsed         | 397         |
|    total_timesteps      | 1499136     |
| train/                  |             |
|    approx_kl            | 0.015963268 |
|    clip_fraction        | 0.217       |
|    clip_range           | 0.2         |
|    entropy_loss         | -8.26       |
|    explained_variance   | 0.949       |
|    learning_rate        | 0.0003      |
|    loss                 | -0.011      |
|    n_updates            | 1820        |
|    policy_gradient_loss | -0.00168    |
|    std                  | 0.976       |
|    value_loss           | 0.0244      |
-----------------------------------------
Eval num_timesteps=1500000, episode_reward=207.76 +/- 2.44
Episode length: 250.00 +/- 0.00
Success rate: 0.00%
-----------------------------------------
| eval/                   |             |
|    mean_ep_length       | 250         |
|    mean_reward          | 208         |
|    success_rate         | 0           |
| time/                   |             |
|    total_timesteps      | 1500000     |
| train/                  |             |
|    approx_kl            | 0.009866147 |
|    clip_fraction        | 0.192       |
|    clip_range           | 0.2         |
|    entropy_loss         | -8.28       |
|    explained_variance   | 0.956       |
|    learning_rate        | 0.0003      |
|    loss                 | -0.0376     |
|    n_updates            | 1830        |
|    policy_gradient_loss | -3.92e-05   |
|    std                  | 0.978       |
|    value_loss           | 0.037       |
-----------------------------------------
---------------------------------
| rollout/           |          |
|    ep_len_mean     | 250      |
|    ep_rew_mean     | 207      |
|    success_rate    | 0        |
| time/              |          |
|    fps             | 3766     |
|    iterations      | 184      |
|    time_elapsed    | 400      |
|    total_timesteps | 1507328  |
---------------------------------
-----------------------------------------
| rollout/                |             |
|    ep_len_mean          | 250         |
|    ep_rew_mean          | 206         |
|    success_rate         | 0           |
| time/                   |             |
|    fps                  | 3768        |
|    iterations           | 185         |
|    time_elapsed         | 402         |
|    total_timesteps      | 1515520     |
| train/                  |             |
|    approx_kl            | 0.010321235 |
|    clip_fraction        | 0.15        |
|    clip_range           | 0.2         |
|    entropy_loss         | -8.31       |
|    explained_variance   | 0.925       |
|    learning_rate        | 0.0003      |
|    loss                 | -0.0243     |
|    n_updates            | 1840        |
|    policy_gradient_loss | -0.00439    |
|    std                  | 0.985       |
|    value_loss           | 0.121       |
-----------------------------------------
-----------------------------------------
| rollout/                |             |
|    ep_len_mean          | 250         |
|    ep_rew_mean          | 206         |
|    success_rate         | 0           |
| time/                   |             |
|    fps                  | 3770        |
|    iterations           | 186         |
|    time_elapsed         | 404         |
|    total_timesteps      | 1523712     |
| train/                  |             |
|    approx_kl            | 0.010897875 |
|    clip_fraction        | 0.105       |
|    clip_range           | 0.2         |
|    entropy_loss         | -8.34       |
|    explained_variance   | 0.869       |
|    learning_rate        | 0.0003      |
|    loss                 | 2.4         |
|    n_updates            | 1850        |
|    policy_gradient_loss | -0.00473    |
|    std                  | 0.987       |
|    value_loss           | 4.4         |
-----------------------------------------
Eval num_timesteps=1525000, episode_reward=209.11 +/- 0.70
Episode length: 250.00 +/- 0.00
Success rate: 0.00%
----------------------------------------
| eval/                   |            |
|    mean_ep_length       | 250        |
|    mean_reward          | 209        |
|    success_rate         | 0          |
| time/                   |            |
|    total_timesteps      | 1525000    |
| train/                  |            |
|    approx_kl            | 0.01689123 |
|    clip_fraction        | 0.19       |
|    clip_range           | 0.2        |
|    entropy_loss         | -8.32      |
|    explained_variance   | 0.81       |
|    learning_rate        | 0.0003     |
|    loss                 | -0.00182   |
|    n_updates            | 1860       |
|    policy_gradient_loss | -0.00547   |
|    std                  | 0.982      |
|    value_loss           | 0.105      |
----------------------------------------
---------------------------------
| rollout/           |          |
|    ep_len_mean     | 250      |
|    ep_rew_mean     | 203      |
|    success_rate    | 0        |
| time/              |          |
|    fps             | 3766     |
|    iterations      | 187      |
|    time_elapsed    | 406      |
|    total_timesteps | 1531904  |
---------------------------------
------------------------------------------
| rollout/                |              |
|    ep_len_mean          | 250          |
|    ep_rew_mean          | 202          |
|    success_rate         | 0            |
| time/                   |              |
|    fps                  | 3768         |
|    iterations           | 188          |
|    time_elapsed         | 408          |
|    total_timesteps      | 1540096      |
| train/                  |              |
|    approx_kl            | 0.0058577703 |
|    clip_fraction        | 0.0571       |
|    clip_range           | 0.2          |
|    entropy_loss         | -8.31        |
|    explained_variance   | 0.817        |
|    learning_rate        | 0.0003       |
|    loss                 | 0.573        |
|    n_updates            | 1870         |
|    policy_gradient_loss | -0.000433    |
|    std                  | 0.984        |
|    value_loss           | 1.17         |
------------------------------------------
---------------------------------------
| rollout/                |           |
|    ep_len_mean          | 250       |
|    ep_rew_mean          | 202       |
|    success_rate         | 0         |
| time/                   |           |
|    fps                  | 3770      |
|    iterations           | 189       |
|    time_elapsed         | 410       |
|    total_timesteps      | 1548288   |
| train/                  |           |
|    approx_kl            | 0.0275915 |
|    clip_fraction        | 0.265     |
|    clip_range           | 0.2       |
|    entropy_loss         | -8.32     |
|    explained_variance   | 0.932     |
|    learning_rate        | 0.0003    |
|    loss                 | 0.0421    |
|    n_updates            | 1880      |
|    policy_gradient_loss | -0.00457  |
|    std                  | 0.984     |
|    value_loss           | 0.221     |
---------------------------------------
Eval num_timesteps=1550000, episode_reward=207.95 +/- 1.65
Episode length: 250.00 +/- 0.00
Success rate: 0.00%
-----------------------------------------
| eval/                   |             |
|    mean_ep_length       | 250         |
|    mean_reward          | 208         |
|    success_rate         | 0           |
| time/                   |             |
|    total_timesteps      | 1550000     |
| train/                  |             |
|    approx_kl            | 0.011907766 |
|    clip_fraction        | 0.17        |
|    clip_range           | 0.2         |
|    entropy_loss         | -8.3        |
|    explained_variance   | 0.985       |
|    learning_rate        | 0.0003      |
|    loss                 | -0.0424     |
|    n_updates            | 1890        |
|    policy_gradient_loss | -0.00302    |
|    std                  | 0.978       |
|    value_loss           | 0.0162      |
-----------------------------------------
---------------------------------
| rollout/           |          |
|    ep_len_mean     | 250      |
|    ep_rew_mean     | 207      |
|    success_rate    | 0        |
| time/              |          |
|    fps             | 3767     |
|    iterations      | 190      |
|    time_elapsed    | 413      |
|    total_timesteps | 1556480  |
---------------------------------
-----------------------------------------
| rollout/                |             |
|    ep_len_mean          | 250         |
|    ep_rew_mean          | 206         |
|    success_rate         | 0           |
| time/                   |             |
|    fps                  | 3769        |
|    iterations           | 191         |
|    time_elapsed         | 415         |
|    total_timesteps      | 1564672     |
| train/                  |             |
|    approx_kl            | 0.012316603 |
|    clip_fraction        | 0.178       |
|    clip_range           | 0.2         |
|    entropy_loss         | -8.26       |
|    explained_variance   | 0.961       |
|    learning_rate        | 0.0003      |
|    loss                 | -0.0326     |
|    n_updates            | 1900        |
|    policy_gradient_loss | -0.00532    |
|    std                  | 0.97        |
|    value_loss           | 0.0527      |
-----------------------------------------
------------------------------------------
| rollout/                |              |
|    ep_len_mean          | 250          |
|    ep_rew_mean          | 206          |
|    success_rate         | 0            |
| time/                   |              |
|    fps                  | 3770         |
|    iterations           | 192          |
|    time_elapsed         | 417          |
|    total_timesteps      | 1572864      |
| train/                  |              |
|    approx_kl            | 0.0099911075 |
|    clip_fraction        | 0.137        |
|    clip_range           | 0.2          |
|    entropy_loss         | -8.23        |
|    explained_variance   | 0.949        |
|    learning_rate        | 0.0003       |
|    loss                 | 0.14         |
|    n_updates            | 1910         |
|    policy_gradient_loss | -0.00268     |
|    std                  | 0.971        |
|    value_loss           | 1.6          |
------------------------------------------
Eval num_timesteps=1575000, episode_reward=209.03 +/- 0.40
Episode length: 250.00 +/- 0.00
Success rate: 0.00%
-----------------------------------------
| eval/                   |             |
|    mean_ep_length       | 250         |
|    mean_reward          | 209         |
|    success_rate         | 0           |
| time/                   |             |
|    total_timesteps      | 1575000     |
| train/                  |             |
|    approx_kl            | 0.014881891 |
|    clip_fraction        | 0.176       |
|    clip_range           | 0.2         |
|    entropy_loss         | -8.24       |
|    explained_variance   | 0.782       |
|    learning_rate        | 0.0003      |
|    loss                 | 0.0816      |
|    n_updates            | 1920        |
|    policy_gradient_loss | -0.00316    |
|    std                  | 0.973       |
|    value_loss           | 0.645       |
-----------------------------------------
---------------------------------
| rollout/           |          |
|    ep_len_mean     | 250      |
|    ep_rew_mean     | 205      |
|    success_rate    | 0        |
| time/              |          |
|    fps             | 3766     |
|    iterations      | 193      |
|    time_elapsed    | 419      |
|    total_timesteps | 1581056  |
---------------------------------
------------------------------------------
| rollout/                |              |
|    ep_len_mean          | 250          |
|    ep_rew_mean          | 204          |
|    success_rate         | 0            |
| time/                   |              |
|    fps                  | 3767         |
|    iterations           | 194          |
|    time_elapsed         | 421          |
|    total_timesteps      | 1589248      |
| train/                  |              |
|    approx_kl            | 0.0131159155 |
|    clip_fraction        | 0.198        |
|    clip_range           | 0.2          |
|    entropy_loss         | -8.26        |
|    explained_variance   | 0.955        |
|    learning_rate        | 0.0003       |
|    loss                 | -0.0211      |
|    n_updates            | 1930         |
|    policy_gradient_loss | -0.00153     |
|    std                  | 0.975        |
|    value_loss           | 0.185        |
------------------------------------------
----------------------------------------
| rollout/                |            |
|    ep_len_mean          | 250        |
|    ep_rew_mean          | 205        |
|    success_rate         | 0          |
| time/                   |            |
|    fps                  | 3769       |
|    iterations           | 195        |
|    time_elapsed         | 423        |
|    total_timesteps      | 1597440    |
| train/                  |            |
|    approx_kl            | 0.00892021 |
|    clip_fraction        | 0.101      |
|    clip_range           | 0.2        |
|    entropy_loss         | -8.26      |
|    explained_variance   | 0.878      |
|    learning_rate        | 0.0003     |
|    loss                 | 0.205      |
|    n_updates            | 1940       |
|    policy_gradient_loss | -0.00292   |
|    std                  | 0.978      |
|    value_loss           | 0.674      |
----------------------------------------
Eval num_timesteps=1600000, episode_reward=208.85 +/- 0.16
Episode length: 250.00 +/- 0.00
Success rate: 0.00%
-----------------------------------------
| eval/                   |             |
|    mean_ep_length       | 250         |
|    mean_reward          | 209         |
|    success_rate         | 0           |
| time/                   |             |
|    total_timesteps      | 1600000     |
| train/                  |             |
|    approx_kl            | 0.013701202 |
|    clip_fraction        | 0.25        |
|    clip_range           | 0.2         |
|    entropy_loss         | -8.27       |
|    explained_variance   | 0.946       |
|    learning_rate        | 0.0003      |
|    loss                 | -0.0398     |
|    n_updates            | 1950        |
|    policy_gradient_loss | -0.000915   |
|    std                  | 0.977       |
|    value_loss           | 0.0227      |
-----------------------------------------
---------------------------------
| rollout/           |          |
|    ep_len_mean     | 250      |
|    ep_rew_mean     | 205      |
|    success_rate    | 0        |
| time/              |          |
|    fps             | 3766     |
|    iterations      | 196      |
|    time_elapsed    | 426      |
|    total_timesteps | 1605632  |
---------------------------------
-----------------------------------------
| rollout/                |             |
|    ep_len_mean          | 250         |
|    ep_rew_mean          | 208         |
|    success_rate         | 0           |
| time/                   |             |
|    fps                  | 3768        |
|    iterations           | 197         |
|    time_elapsed         | 428         |
|    total_timesteps      | 1613824     |
| train/                  |             |
|    approx_kl            | 0.015952617 |
|    clip_fraction        | 0.211       |
|    clip_range           | 0.2         |
|    entropy_loss         | -8.23       |
|    explained_variance   | 0.994       |
|    learning_rate        | 0.0003      |
|    loss                 | -0.0357     |
|    n_updates            | 1960        |
|    policy_gradient_loss | -0.00195    |
|    std                  | 0.97        |
|    value_loss           | 0.00744     |
-----------------------------------------
-----------------------------------------
| rollout/                |             |
|    ep_len_mean          | 250         |
|    ep_rew_mean          | 207         |
|    success_rate         | 0           |
| time/                   |             |
|    fps                  | 3770        |
|    iterations           | 198         |
|    time_elapsed         | 430         |
|    total_timesteps      | 1622016     |
| train/                  |             |
|    approx_kl            | 0.016636666 |
|    clip_fraction        | 0.193       |
|    clip_range           | 0.2         |
|    entropy_loss         | -8.21       |
|    explained_variance   | 0.978       |
|    learning_rate        | 0.0003      |
|    loss                 | -0.0291     |
|    n_updates            | 1970        |
|    policy_gradient_loss | -0.0036     |
|    std                  | 0.968       |
|    value_loss           | 0.0147      |
-----------------------------------------
Eval num_timesteps=1625000, episode_reward=208.87 +/- 0.78
Episode length: 250.00 +/- 0.00
Success rate: 0.00%
------------------------------------------
| eval/                   |              |
|    mean_ep_length       | 250          |
|    mean_reward          | 209          |
|    success_rate         | 0            |
| time/                   |              |
|    total_timesteps      | 1625000      |
| train/                  |              |
|    approx_kl            | 0.0150679555 |
|    clip_fraction        | 0.187        |
|    clip_range           | 0.2          |
|    entropy_loss         | -8.19        |
|    explained_variance   | 0.977        |
|    learning_rate        | 0.0003       |
|    loss                 | -0.00593     |
|    n_updates            | 1980         |
|    policy_gradient_loss | -0.00253     |
|    std                  | 0.962        |
|    value_loss           | 0.0367       |
------------------------------------------
---------------------------------
| rollout/           |          |
|    ep_len_mean     | 250      |
|    ep_rew_mean     | 207      |
|    success_rate    | 0        |
| time/              |          |
|    fps             | 3766     |
|    iterations      | 199      |
|    time_elapsed    | 432      |
|    total_timesteps | 1630208  |
---------------------------------
-----------------------------------------
| rollout/                |             |
|    ep_len_mean          | 250         |
|    ep_rew_mean          | 207         |
|    success_rate         | 0           |
| time/                   |             |
|    fps                  | 3768        |
|    iterations           | 200         |
|    time_elapsed         | 434         |
|    total_timesteps      | 1638400     |
| train/                  |             |
|    approx_kl            | 0.020613434 |
|    clip_fraction        | 0.166       |
|    clip_range           | 0.2         |
|    entropy_loss         | -8.2        |
|    explained_variance   | 0.957       |
|    learning_rate        | 0.0003      |
|    loss                 | 0.0267      |
|    n_updates            | 1990        |
|    policy_gradient_loss | -0.00284    |
|    std                  | 0.969       |
|    value_loss           | 0.0765      |
-----------------------------------------
-----------------------------------------
| rollout/                |             |
|    ep_len_mean          | 250         |
|    ep_rew_mean          | 207         |
|    success_rate         | 0           |
| time/                   |             |
|    fps                  | 3770        |
|    iterations           | 201         |
|    time_elapsed         | 436         |
|    total_timesteps      | 1646592     |
| train/                  |             |
|    approx_kl            | 0.017574944 |
|    clip_fraction        | 0.206       |
|    clip_range           | 0.2         |
|    entropy_loss         | -8.22       |
|    explained_variance   | 0.982       |
|    learning_rate        | 0.0003      |
|    loss                 | -0.0449     |
|    n_updates            | 2000        |
|    policy_gradient_loss | -0.0045     |
|    std                  | 0.97        |
|    value_loss           | 0.0279      |
-----------------------------------------
Eval num_timesteps=1650000, episode_reward=208.97 +/- 0.14
Episode length: 250.00 +/- 0.00
Success rate: 0.00%
-----------------------------------------
| eval/                   |             |
|    mean_ep_length       | 250         |
|    mean_reward          | 209         |
|    success_rate         | 0           |
| time/                   |             |
|    total_timesteps      | 1650000     |
| train/                  |             |
|    approx_kl            | 0.012963257 |
|    clip_fraction        | 0.212       |
|    clip_range           | 0.2         |
|    entropy_loss         | -8.21       |
|    explained_variance   | 0.988       |
|    learning_rate        | 0.0003      |
|    loss                 | -0.0495     |
|    n_updates            | 2010        |
|    policy_gradient_loss | -0.00357    |
|    std                  | 0.966       |
|    value_loss           | 0.018       |
-----------------------------------------
---------------------------------
| rollout/           |          |
|    ep_len_mean     | 250      |
|    ep_rew_mean     | 207      |
|    success_rate    | 0        |
| time/              |          |
|    fps             | 3767     |
|    iterations      | 202      |
|    time_elapsed    | 439      |
|    total_timesteps | 1654784  |
---------------------------------
-----------------------------------------
| rollout/                |             |
|    ep_len_mean          | 250         |
|    ep_rew_mean          | 205         |
|    success_rate         | 0           |
| time/                   |             |
|    fps                  | 3769        |
|    iterations           | 203         |
|    time_elapsed         | 441         |
|    total_timesteps      | 1662976     |
| train/                  |             |
|    approx_kl            | 0.010870992 |
|    clip_fraction        | 0.144       |
|    clip_range           | 0.2         |
|    entropy_loss         | -8.2        |
|    explained_variance   | 0.993       |
|    learning_rate        | 0.0003      |
|    loss                 | -0.0488     |
|    n_updates            | 2020        |
|    policy_gradient_loss | -0.00458    |
|    std                  | 0.967       |
|    value_loss           | 0.0105      |
-----------------------------------------
-----------------------------------------
| rollout/                |             |
|    ep_len_mean          | 250         |
|    ep_rew_mean          | 205         |
|    success_rate         | 0           |
| time/                   |             |
|    fps                  | 3771        |
|    iterations           | 204         |
|    time_elapsed         | 443         |
|    total_timesteps      | 1671168     |
| train/                  |             |
|    approx_kl            | 0.006304238 |
|    clip_fraction        | 0.0733      |
|    clip_range           | 0.2         |
|    entropy_loss         | -8.2        |
|    explained_variance   | 0.847       |
|    learning_rate        | 0.0003      |
|    loss                 | 0.00624     |
|    n_updates            | 2030        |
|    policy_gradient_loss | -0.000669   |
|    std                  | 0.969       |
|    value_loss           | 0.547       |
-----------------------------------------
Eval num_timesteps=1675000, episode_reward=208.75 +/- 0.24
Episode length: 250.00 +/- 0.00
Success rate: 0.00%
-----------------------------------------
| eval/                   |             |
|    mean_ep_length       | 250         |
|    mean_reward          | 209         |
|    success_rate         | 0           |
| time/                   |             |
|    total_timesteps      | 1675000     |
| train/                  |             |
|    approx_kl            | 0.018154446 |
|    clip_fraction        | 0.217       |
|    clip_range           | 0.2         |
|    entropy_loss         | -8.21       |
|    explained_variance   | 0.963       |
|    learning_rate        | 0.0003      |
|    loss                 | -0.0381     |
|    n_updates            | 2040        |
|    policy_gradient_loss | -0.00352    |
|    std                  | 0.97        |
|    value_loss           | 0.0291      |
-----------------------------------------
---------------------------------
| rollout/           |          |
|    ep_len_mean     | 250      |
|    ep_rew_mean     | 205      |
|    success_rate    | 0        |
| time/              |          |
|    fps             | 3768     |
|    iterations      | 205      |
|    time_elapsed    | 445      |
|    total_timesteps | 1679360  |
---------------------------------
-----------------------------------------
| rollout/                |             |
|    ep_len_mean          | 250         |
|    ep_rew_mean          | 207         |
|    success_rate         | 0           |
| time/                   |             |
|    fps                  | 3770        |
|    iterations           | 206         |
|    time_elapsed         | 447         |
|    total_timesteps      | 1687552     |
| train/                  |             |
|    approx_kl            | 0.016360689 |
|    clip_fraction        | 0.177       |
|    clip_range           | 0.2         |
|    entropy_loss         | -8.2        |
|    explained_variance   | 0.986       |
|    learning_rate        | 0.0003      |
|    loss                 | -0.0307     |
|    n_updates            | 2050        |
|    policy_gradient_loss | -0.00252    |
|    std                  | 0.965       |
|    value_loss           | 0.0209      |
-----------------------------------------
-----------------------------------------
| rollout/                |             |
|    ep_len_mean          | 250         |
|    ep_rew_mean          | 206         |
|    success_rate         | 0           |
| time/                   |             |
|    fps                  | 3772        |
|    iterations           | 207         |
|    time_elapsed         | 449         |
|    total_timesteps      | 1695744     |
| train/                  |             |
|    approx_kl            | 0.009746244 |
|    clip_fraction        | 0.168       |
|    clip_range           | 0.2         |
|    entropy_loss         | -8.19       |
|    explained_variance   | 0.905       |
|    learning_rate        | 0.0003      |
|    loss                 | 0.737       |
|    n_updates            | 2060        |
|    policy_gradient_loss | -0.00428    |
|    std                  | 0.966       |
|    value_loss           | 0.857       |
-----------------------------------------
Eval num_timesteps=1700000, episode_reward=208.70 +/- 0.17
Episode length: 250.00 +/- 0.00
Success rate: 0.00%
-----------------------------------------
| eval/                   |             |
|    mean_ep_length       | 250         |
|    mean_reward          | 209         |
|    success_rate         | 0           |
| time/                   |             |
|    total_timesteps      | 1700000     |
| train/                  |             |
|    approx_kl            | 0.015822139 |
|    clip_fraction        | 0.159       |
|    clip_range           | 0.2         |
|    entropy_loss         | -8.2        |
|    explained_variance   | 0.949       |
|    learning_rate        | 0.0003      |
|    loss                 | -0.00466    |
|    n_updates            | 2070        |
|    policy_gradient_loss | -0.00381    |
|    std                  | 0.966       |
|    value_loss           | 1.03        |
-----------------------------------------
---------------------------------
| rollout/           |          |
|    ep_len_mean     | 250      |
|    ep_rew_mean     | 206      |
|    success_rate    | 0        |
| time/              |          |
|    fps             | 3769     |
|    iterations      | 208      |
|    time_elapsed    | 452      |
|    total_timesteps | 1703936  |
---------------------------------
----------------------------------------
| rollout/                |            |
|    ep_len_mean          | 250        |
|    ep_rew_mean          | 207        |
|    success_rate         | 0          |
| time/                   |            |
|    fps                  | 3770       |
|    iterations           | 209        |
|    time_elapsed         | 454        |
|    total_timesteps      | 1712128    |
| train/                  |            |
|    approx_kl            | 0.03883695 |
|    clip_fraction        | 0.247      |
|    clip_range           | 0.2        |
|    entropy_loss         | -8.22      |
|    explained_variance   | 0.902      |
|    learning_rate        | 0.0003     |
|    loss                 | -0.0104    |
|    n_updates            | 2080       |
|    policy_gradient_loss | -0.00403   |
|    std                  | 0.974      |
|    value_loss           | 0.1        |
----------------------------------------
-----------------------------------------
| rollout/                |             |
|    ep_len_mean          | 250         |
|    ep_rew_mean          | 207         |
|    success_rate         | 0           |
| time/                   |             |
|    fps                  | 3772        |
|    iterations           | 210         |
|    time_elapsed         | 455         |
|    total_timesteps      | 1720320     |
| train/                  |             |
|    approx_kl            | 0.012601414 |
|    clip_fraction        | 0.179       |
|    clip_range           | 0.2         |
|    entropy_loss         | -8.23       |
|    explained_variance   | 0.976       |
|    learning_rate        | 0.0003      |
|    loss                 | -0.0405     |
|    n_updates            | 2090        |
|    policy_gradient_loss | -0.00241    |
|    std                  | 0.97        |
|    value_loss           | 0.0267      |
-----------------------------------------
Eval num_timesteps=1725000, episode_reward=208.79 +/- 0.13
Episode length: 250.00 +/- 0.00
Success rate: 0.00%
-----------------------------------------
| eval/                   |             |
|    mean_ep_length       | 250         |
|    mean_reward          | 209         |
|    success_rate         | 0           |
| time/                   |             |
|    total_timesteps      | 1725000     |
| train/                  |             |
|    approx_kl            | 0.010969513 |
|    clip_fraction        | 0.18        |
|    clip_range           | 0.2         |
|    entropy_loss         | -8.19       |
|    explained_variance   | 0.994       |
|    learning_rate        | 0.0003      |
|    loss                 | -0.0563     |
|    n_updates            | 2100        |
|    policy_gradient_loss | -0.0032     |
|    std                  | 0.965       |
|    value_loss           | 0.00869     |
-----------------------------------------
---------------------------------
| rollout/           |          |
|    ep_len_mean     | 250      |
|    ep_rew_mean     | 208      |
|    success_rate    | 0        |
| time/              |          |
|    fps             | 3769     |
|    iterations      | 211      |
|    time_elapsed    | 458      |
|    total_timesteps | 1728512  |
---------------------------------
-----------------------------------------
| rollout/                |             |
|    ep_len_mean          | 250         |
|    ep_rew_mean          | 207         |
|    success_rate         | 0           |
| time/                   |             |
|    fps                  | 3771        |
|    iterations           | 212         |
|    time_elapsed         | 460         |
|    total_timesteps      | 1736704     |
| train/                  |             |
|    approx_kl            | 0.012057873 |
|    clip_fraction        | 0.218       |
|    clip_range           | 0.2         |
|    entropy_loss         | -8.15       |
|    explained_variance   | 0.987       |
|    learning_rate        | 0.0003      |
|    loss                 | -0.0279     |
|    n_updates            | 2110        |
|    policy_gradient_loss | -0.00219    |
|    std                  | 0.959       |
|    value_loss           | 0.0187      |
-----------------------------------------
-----------------------------------------
| rollout/                |             |
|    ep_len_mean          | 250         |
|    ep_rew_mean          | 206         |
|    success_rate         | 0           |
| time/                   |             |
|    fps                  | 3773        |
|    iterations           | 213         |
|    time_elapsed         | 462         |
|    total_timesteps      | 1744896     |
| train/                  |             |
|    approx_kl            | 0.009259202 |
|    clip_fraction        | 0.0864      |
|    clip_range           | 0.2         |
|    entropy_loss         | -8.15       |
|    explained_variance   | 0.952       |
|    learning_rate        | 0.0003      |
|    loss                 | 0.0661      |
|    n_updates            | 2120        |
|    policy_gradient_loss | -0.00508    |
|    std                  | 0.963       |
|    value_loss           | 0.94        |
-----------------------------------------
Eval num_timesteps=1750000, episode_reward=208.71 +/- 0.10
Episode length: 250.00 +/- 0.00
Success rate: 0.00%
-----------------------------------------
| eval/                   |             |
|    mean_ep_length       | 250         |
|    mean_reward          | 209         |
|    success_rate         | 0           |
| time/                   |             |
|    total_timesteps      | 1750000     |
| train/                  |             |
|    approx_kl            | 0.009808192 |
|    clip_fraction        | 0.132       |
|    clip_range           | 0.2         |
|    entropy_loss         | -8.13       |
|    explained_variance   | 0.987       |
|    learning_rate        | 0.0003      |
|    loss                 | -0.0529     |
|    n_updates            | 2130        |
|    policy_gradient_loss | -0.00358    |
|    std                  | 0.954       |
|    value_loss           | 0.00854     |
-----------------------------------------
---------------------------------
| rollout/           |          |
|    ep_len_mean     | 250      |
|    ep_rew_mean     | 206      |
|    success_rate    | 0        |
| time/              |          |
|    fps             | 3769     |
|    iterations      | 214      |
|    time_elapsed    | 465      |
|    total_timesteps | 1753088  |
---------------------------------
-----------------------------------------
| rollout/                |             |
|    ep_len_mean          | 250         |
|    ep_rew_mean          | 207         |
|    success_rate         | 0           |
| time/                   |             |
|    fps                  | 3770        |
|    iterations           | 215         |
|    time_elapsed         | 467         |
|    total_timesteps      | 1761280     |
| train/                  |             |
|    approx_kl            | 0.023982022 |
|    clip_fraction        | 0.194       |
|    clip_range           | 0.2         |
|    entropy_loss         | -8.13       |
|    explained_variance   | 0.976       |
|    learning_rate        | 0.0003      |
|    loss                 | -0.00889    |
|    n_updates            | 2140        |
|    policy_gradient_loss | -0.00179    |
|    std                  | 0.958       |
|    value_loss           | 0.0367      |
-----------------------------------------
------------------------------------------
| rollout/                |              |
|    ep_len_mean          | 250          |
|    ep_rew_mean          | 207          |
|    success_rate         | 0            |
| time/                   |              |
|    fps                  | 3772         |
|    iterations           | 216          |
|    time_elapsed         | 469          |
|    total_timesteps      | 1769472      |
| train/                  |              |
|    approx_kl            | 0.0099155735 |
|    clip_fraction        | 0.126        |
|    clip_range           | 0.2          |
|    entropy_loss         | -8.09        |
|    explained_variance   | 0.993        |
|    learning_rate        | 0.0003       |
|    loss                 | -0.0318      |
|    n_updates            | 2150         |
|    policy_gradient_loss | -0.00185     |
|    std                  | 0.943        |
|    value_loss           | 0.00754      |
------------------------------------------
Eval num_timesteps=1775000, episode_reward=208.92 +/- 0.17
Episode length: 250.00 +/- 0.00
Success rate: 0.00%
-----------------------------------------
| eval/                   |             |
|    mean_ep_length       | 250         |
|    mean_reward          | 209         |
|    success_rate         | 0           |
| time/                   |             |
|    total_timesteps      | 1775000     |
| train/                  |             |
|    approx_kl            | 0.015435764 |
|    clip_fraction        | 0.188       |
|    clip_range           | 0.2         |
|    entropy_loss         | -8.05       |
|    explained_variance   | 0.995       |
|    learning_rate        | 0.0003      |
|    loss                 | -0.048      |
|    n_updates            | 2160        |
|    policy_gradient_loss | -0.00465    |
|    std                  | 0.944       |
|    value_loss           | 0.00859     |
-----------------------------------------
---------------------------------
| rollout/           |          |
|    ep_len_mean     | 250      |
|    ep_rew_mean     | 207      |
|    success_rate    | 0        |
| time/              |          |
|    fps             | 3768     |
|    iterations      | 217      |
|    time_elapsed    | 471      |
|    total_timesteps | 1777664  |
---------------------------------
-----------------------------------------
| rollout/                |             |
|    ep_len_mean          | 250         |
|    ep_rew_mean          | 205         |
|    success_rate         | 0           |
| time/                   |             |
|    fps                  | 3770        |
|    iterations           | 218         |
|    time_elapsed         | 473         |
|    total_timesteps      | 1785856     |
| train/                  |             |
|    approx_kl            | 0.013001988 |
|    clip_fraction        | 0.167       |
|    clip_range           | 0.2         |
|    entropy_loss         | -8.05       |
|    explained_variance   | 0.974       |
|    learning_rate        | 0.0003      |
|    loss                 | -0.0446     |
|    n_updates            | 2170        |
|    policy_gradient_loss | -0.00525    |
|    std                  | 0.943       |
|    value_loss           | 0.0279      |
-----------------------------------------
-----------------------------------------
| rollout/                |             |
|    ep_len_mean          | 250         |
|    ep_rew_mean          | 203         |
|    success_rate         | 0           |
| time/                   |             |
|    fps                  | 3772        |
|    iterations           | 219         |
|    time_elapsed         | 475         |
|    total_timesteps      | 1794048     |
| train/                  |             |
|    approx_kl            | 0.009681012 |
|    clip_fraction        | 0.11        |
|    clip_range           | 0.2         |
|    entropy_loss         | -8.06       |
|    explained_variance   | 0.966       |
|    learning_rate        | 0.0003      |
|    loss                 | 1.53        |
|    n_updates            | 2180        |
|    policy_gradient_loss | -0.00349    |
|    std                  | 0.949       |
|    value_loss           | 1.25        |
-----------------------------------------
Eval num_timesteps=1800000, episode_reward=208.83 +/- 0.21
Episode length: 250.00 +/- 0.00
Success rate: 0.00%
------------------------------------------
| eval/                   |              |
|    mean_ep_length       | 250          |
|    mean_reward          | 209          |
|    success_rate         | 0            |
| time/                   |              |
|    total_timesteps      | 1800000      |
| train/                  |              |
|    approx_kl            | 0.0101979375 |
|    clip_fraction        | 0.0794       |
|    clip_range           | 0.2          |
|    entropy_loss         | -8.08        |
|    explained_variance   | 0.837        |
|    learning_rate        | 0.0003       |
|    loss                 | 0.0586       |
|    n_updates            | 2190         |
|    policy_gradient_loss | -0.00189     |
|    std                  | 0.95         |
|    value_loss           | 0.717        |
------------------------------------------
---------------------------------
| rollout/           |          |
|    ep_len_mean     | 250      |
|    ep_rew_mean     | 203      |
|    success_rate    | 0        |
| time/              |          |
|    fps             | 3769     |
|    iterations      | 220      |
|    time_elapsed    | 478      |
|    total_timesteps | 1802240  |
---------------------------------
----------------------------------------
| rollout/                |            |
|    ep_len_mean          | 250        |
|    ep_rew_mean          | 205        |
|    success_rate         | 0          |
| time/                   |            |
|    fps                  | 3771       |
|    iterations           | 221        |
|    time_elapsed         | 480        |
|    total_timesteps      | 1810432    |
| train/                  |            |
|    approx_kl            | 0.01412474 |
|    clip_fraction        | 0.169      |
|    clip_range           | 0.2        |
|    entropy_loss         | -8.1       |
|    explained_variance   | 0.716      |
|    learning_rate        | 0.0003     |
|    loss                 | 0.602      |
|    n_updates            | 2200       |
|    policy_gradient_loss | -0.00241   |
|    std                  | 0.956      |
|    value_loss           | 1.28       |
----------------------------------------
------------------------------------------
| rollout/                |              |
|    ep_len_mean          | 250          |
|    ep_rew_mean          | 204          |
|    success_rate         | 0            |
| time/                   |              |
|    fps                  | 3772         |
|    iterations           | 222          |
|    time_elapsed         | 482          |
|    total_timesteps      | 1818624      |
| train/                  |              |
|    approx_kl            | 0.0151030645 |
|    clip_fraction        | 0.162        |
|    clip_range           | 0.2          |
|    entropy_loss         | -8.12        |
|    explained_variance   | 0.937        |
|    learning_rate        | 0.0003       |
|    loss                 | -0.0111      |
|    n_updates            | 2210         |
|    policy_gradient_loss | -0.000734    |
|    std                  | 0.955        |
|    value_loss           | 0.338        |
------------------------------------------
Eval num_timesteps=1825000, episode_reward=208.72 +/- 0.51
Episode length: 250.00 +/- 0.00
Success rate: 0.00%
-----------------------------------------
| eval/                   |             |
|    mean_ep_length       | 250         |
|    mean_reward          | 209         |
|    success_rate         | 0           |
| time/                   |             |
|    total_timesteps      | 1825000     |
| train/                  |             |
|    approx_kl            | 0.013442927 |
|    clip_fraction        | 0.209       |
|    clip_range           | 0.2         |
|    entropy_loss         | -8.12       |
|    explained_variance   | 0.973       |
|    learning_rate        | 0.0003      |
|    loss                 | -0.0222     |
|    n_updates            | 2220        |
|    policy_gradient_loss | -0.000713   |
|    std                  | 0.955       |
|    value_loss           | 0.0403      |
-----------------------------------------
---------------------------------
| rollout/           |          |
|    ep_len_mean     | 250      |
|    ep_rew_mean     | 207      |
|    success_rate    | 0        |
| time/              |          |
|    fps             | 3769     |
|    iterations      | 223      |
|    time_elapsed    | 484      |
|    total_timesteps | 1826816  |
---------------------------------
-----------------------------------------
| rollout/                |             |
|    ep_len_mean          | 250         |
|    ep_rew_mean          | 207         |
|    success_rate         | 0           |
| time/                   |             |
|    fps                  | 3771        |
|    iterations           | 224         |
|    time_elapsed         | 486         |
|    total_timesteps      | 1835008     |
| train/                  |             |
|    approx_kl            | 0.013274378 |
|    clip_fraction        | 0.197       |
|    clip_range           | 0.2         |
|    entropy_loss         | -8.14       |
|    explained_variance   | 0.936       |
|    learning_rate        | 0.0003      |
|    loss                 | -0.0102     |
|    n_updates            | 2230        |
|    policy_gradient_loss | -0.00398    |
|    std                  | 0.961       |
|    value_loss           | 0.0778      |
-----------------------------------------
-----------------------------------------
| rollout/                |             |
|    ep_len_mean          | 250         |
|    ep_rew_mean          | 207         |
|    success_rate         | 0           |
| time/                   |             |
|    fps                  | 3772        |
|    iterations           | 225         |
|    time_elapsed         | 488         |
|    total_timesteps      | 1843200     |
| train/                  |             |
|    approx_kl            | 0.014650763 |
|    clip_fraction        | 0.197       |
|    clip_range           | 0.2         |
|    entropy_loss         | -8.2        |
|    explained_variance   | 0.914       |
|    learning_rate        | 0.0003      |
|    loss                 | -0.0218     |
|    n_updates            | 2240        |
|    policy_gradient_loss | -0.00812    |
|    std                  | 0.972       |
|    value_loss           | 0.153       |
-----------------------------------------
Eval num_timesteps=1850000, episode_reward=208.80 +/- 0.71
Episode length: 250.00 +/- 0.00
Success rate: 0.00%
-----------------------------------------
| eval/                   |             |
|    mean_ep_length       | 250         |
|    mean_reward          | 209         |
|    success_rate         | 0           |
| time/                   |             |
|    total_timesteps      | 1850000     |
| train/                  |             |
|    approx_kl            | 0.014723954 |
|    clip_fraction        | 0.24        |
|    clip_range           | 0.2         |
|    entropy_loss         | -8.24       |
|    explained_variance   | 0.843       |
|    learning_rate        | 0.0003      |
|    loss                 | 0.00726     |
|    n_updates            | 2250        |
|    policy_gradient_loss | -0.00502    |
|    std                  | 0.974       |
|    value_loss           | 0.152       |
-----------------------------------------
---------------------------------
| rollout/           |          |
|    ep_len_mean     | 250      |
|    ep_rew_mean     | 207      |
|    success_rate    | 0        |
| time/              |          |
|    fps             | 3769     |
|    iterations      | 226      |
|    time_elapsed    | 491      |
|    total_timesteps | 1851392  |
---------------------------------
----------------------------------------
| rollout/                |            |
|    ep_len_mean          | 250        |
|    ep_rew_mean          | 207        |
|    success_rate         | 0          |
| time/                   |            |
|    fps                  | 3770       |
|    iterations           | 227        |
|    time_elapsed         | 493        |
|    total_timesteps      | 1859584    |
| train/                  |            |
|    approx_kl            | 0.02042437 |
|    clip_fraction        | 0.185      |
|    clip_range           | 0.2        |
|    entropy_loss         | -8.24      |
|    explained_variance   | 0.98       |
|    learning_rate        | 0.0003     |
|    loss                 | -0.04      |
|    n_updates            | 2260       |
|    policy_gradient_loss | -0.00305   |
|    std                  | 0.97       |
|    value_loss           | 0.0272     |
----------------------------------------
-----------------------------------------
| rollout/                |             |
|    ep_len_mean          | 250         |
|    ep_rew_mean          | 208         |
|    success_rate         | 0           |
| time/                   |             |
|    fps                  | 3772        |
|    iterations           | 228         |
|    time_elapsed         | 495         |
|    total_timesteps      | 1867776     |
| train/                  |             |
|    approx_kl            | 0.014660087 |
|    clip_fraction        | 0.184       |
|    clip_range           | 0.2         |
|    entropy_loss         | -8.25       |
|    explained_variance   | 0.987       |
|    learning_rate        | 0.0003      |
|    loss                 | -0.0292     |
|    n_updates            | 2270        |
|    policy_gradient_loss | -0.00266    |
|    std                  | 0.975       |
|    value_loss           | 0.0169      |
-----------------------------------------
Eval num_timesteps=1875000, episode_reward=208.84 +/- 0.14
Episode length: 250.00 +/- 0.00
Success rate: 0.00%
------------------------------------------
| eval/                   |              |
|    mean_ep_length       | 250          |
|    mean_reward          | 209          |
|    success_rate         | 0            |
| time/                   |              |
|    total_timesteps      | 1875000      |
| train/                  |              |
|    approx_kl            | 0.0137296505 |
|    clip_fraction        | 0.186        |
|    clip_range           | 0.2          |
|    entropy_loss         | -8.26        |
|    explained_variance   | 0.975        |
|    learning_rate        | 0.0003       |
|    loss                 | -0.0363      |
|    n_updates            | 2280         |
|    policy_gradient_loss | -0.00518     |
|    std                  | 0.975        |
|    value_loss           | 0.0417       |
------------------------------------------
---------------------------------
| rollout/           |          |
|    ep_len_mean     | 250      |
|    ep_rew_mean     | 208      |
|    success_rate    | 0        |
| time/              |          |
|    fps             | 3768     |
|    iterations      | 229      |
|    time_elapsed    | 497      |
|    total_timesteps | 1875968  |
---------------------------------
-----------------------------------------
| rollout/                |             |
|    ep_len_mean          | 250         |
|    ep_rew_mean          | 208         |
|    success_rate         | 0           |
| time/                   |             |
|    fps                  | 3770        |
|    iterations           | 230         |
|    time_elapsed         | 499         |
|    total_timesteps      | 1884160     |
| train/                  |             |
|    approx_kl            | 0.013388127 |
|    clip_fraction        | 0.184       |
|    clip_range           | 0.2         |
|    entropy_loss         | -8.26       |
|    explained_variance   | 0.994       |
|    learning_rate        | 0.0003      |
|    loss                 | -0.0396     |
|    n_updates            | 2290        |
|    policy_gradient_loss | -0.0063     |
|    std                  | 0.974       |
|    value_loss           | 0.00746     |
-----------------------------------------
-----------------------------------------
| rollout/                |             |
|    ep_len_mean          | 250         |
|    ep_rew_mean          | 208         |
|    success_rate         | 0           |
| time/                   |             |
|    fps                  | 3772        |
|    iterations           | 231         |
|    time_elapsed         | 501         |
|    total_timesteps      | 1892352     |
| train/                  |             |
|    approx_kl            | 0.015065981 |
|    clip_fraction        | 0.209       |
|    clip_range           | 0.2         |
|    entropy_loss         | -8.27       |
|    explained_variance   | 0.95        |
|    learning_rate        | 0.0003      |
|    loss                 | -0.0138     |
|    n_updates            | 2300        |
|    policy_gradient_loss | -0.00319    |
|    std                  | 0.98        |
|    value_loss           | 0.0518      |
-----------------------------------------
Eval num_timesteps=1900000, episode_reward=207.82 +/- 1.88
Episode length: 250.00 +/- 0.00
Success rate: 0.00%
-----------------------------------------
| eval/                   |             |
|    mean_ep_length       | 250         |
|    mean_reward          | 208         |
|    success_rate         | 0           |
| time/                   |             |
|    total_timesteps      | 1900000     |
| train/                  |             |
|    approx_kl            | 0.011515372 |
|    clip_fraction        | 0.177       |
|    clip_range           | 0.2         |
|    entropy_loss         | -8.26       |
|    explained_variance   | 0.994       |
|    learning_rate        | 0.0003      |
|    loss                 | -0.0362     |
|    n_updates            | 2310        |
|    policy_gradient_loss | -0.00251    |
|    std                  | 0.971       |
|    value_loss           | 0.00765     |
-----------------------------------------
---------------------------------
| rollout/           |          |
|    ep_len_mean     | 250      |
|    ep_rew_mean     | 208      |
|    success_rate    | 0        |
| time/              |          |
|    fps             | 3769     |
|    iterations      | 232      |
|    time_elapsed    | 504      |
|    total_timesteps | 1900544  |
---------------------------------
-----------------------------------------
| rollout/                |             |
|    ep_len_mean          | 250         |
|    ep_rew_mean          | 208         |
|    success_rate         | 0           |
| time/                   |             |
|    fps                  | 3771        |
|    iterations           | 233         |
|    time_elapsed         | 506         |
|    total_timesteps      | 1908736     |
| train/                  |             |
|    approx_kl            | 0.010683564 |
|    clip_fraction        | 0.162       |
|    clip_range           | 0.2         |
|    entropy_loss         | -8.22       |
|    explained_variance   | 0.993       |
|    learning_rate        | 0.0003      |
|    loss                 | -0.0512     |
|    n_updates            | 2320        |
|    policy_gradient_loss | -0.00566    |
|    std                  | 0.965       |
|    value_loss           | 0.0107      |
-----------------------------------------
-----------------------------------------
| rollout/                |             |
|    ep_len_mean          | 250         |
|    ep_rew_mean          | 207         |
|    success_rate         | 0           |
| time/                   |             |
|    fps                  | 3772        |
|    iterations           | 234         |
|    time_elapsed         | 508         |
|    total_timesteps      | 1916928     |
| train/                  |             |
|    approx_kl            | 0.014658779 |
|    clip_fraction        | 0.152       |
|    clip_range           | 0.2         |
|    entropy_loss         | -8.18       |
|    explained_variance   | 0.942       |
|    learning_rate        | 0.0003      |
|    loss                 | 0.00186     |
|    n_updates            | 2330        |
|    policy_gradient_loss | -0.00444    |
|    std                  | 0.963       |
|    value_loss           | 0.0735      |
-----------------------------------------
Eval num_timesteps=1925000, episode_reward=208.67 +/- 0.64
Episode length: 250.00 +/- 0.00
Success rate: 0.00%
------------------------------------------
| eval/                   |              |
|    mean_ep_length       | 250          |
|    mean_reward          | 209          |
|    success_rate         | 0            |
| time/                   |              |
|    total_timesteps      | 1925000      |
| train/                  |              |
|    approx_kl            | 0.0076365354 |
|    clip_fraction        | 0.111        |
|    clip_range           | 0.2          |
|    entropy_loss         | -8.19        |
|    explained_variance   | 0.586        |
|    learning_rate        | 0.0003       |
|    loss                 | 0.179        |
|    n_updates            | 2340         |
|    policy_gradient_loss | -0.00314     |
|    std                  | 0.966        |
|    value_loss           | 0.541        |
------------------------------------------
---------------------------------
| rollout/           |          |
|    ep_len_mean     | 250      |
|    ep_rew_mean     | 205      |
|    success_rate    | 0        |
| time/              |          |
|    fps             | 3769     |
|    iterations      | 235      |
|    time_elapsed    | 510      |
|    total_timesteps | 1925120  |
---------------------------------
-----------------------------------------
| rollout/                |             |
|    ep_len_mean          | 250         |
|    ep_rew_mean          | 205         |
|    success_rate         | 0           |
| time/                   |             |
|    fps                  | 3771        |
|    iterations           | 236         |
|    time_elapsed         | 512         |
|    total_timesteps      | 1933312     |
| train/                  |             |
|    approx_kl            | 0.016263023 |
|    clip_fraction        | 0.151       |
|    clip_range           | 0.2         |
|    entropy_loss         | -8.22       |
|    explained_variance   | 0.964       |
|    learning_rate        | 0.0003      |
|    loss                 | -0.0401     |
|    n_updates            | 2350        |
|    policy_gradient_loss | -0.00466    |
|    std                  | 0.969       |
|    value_loss           | 0.147       |
-----------------------------------------
----------------------------------------
| rollout/                |            |
|    ep_len_mean          | 250        |
|    ep_rew_mean          | 205        |
|    success_rate         | 0          |
| time/                   |            |
|    fps                  | 3773       |
|    iterations           | 237        |
|    time_elapsed         | 514        |
|    total_timesteps      | 1941504    |
| train/                  |            |
|    approx_kl            | 0.01504479 |
|    clip_fraction        | 0.181      |
|    clip_range           | 0.2        |
|    entropy_loss         | -8.2       |
|    explained_variance   | 0.977      |
|    learning_rate        | 0.0003     |
|    loss                 | -0.0438    |
|    n_updates            | 2360       |
|    policy_gradient_loss | -0.00418   |
|    std                  | 0.963      |
|    value_loss           | 0.02       |
----------------------------------------
-----------------------------------------
| rollout/                |             |
|    ep_len_mean          | 250         |
|    ep_rew_mean          | 206         |
|    success_rate         | 0           |
| time/                   |             |
|    fps                  | 3774        |
|    iterations           | 238         |
|    time_elapsed         | 516         |
|    total_timesteps      | 1949696     |
| train/                  |             |
|    approx_kl            | 0.013037934 |
|    clip_fraction        | 0.13        |
|    clip_range           | 0.2         |
|    entropy_loss         | -8.2        |
|    explained_variance   | 0.826       |
|    learning_rate        | 0.0003      |
|    loss                 | 0.0294      |
|    n_updates            | 2370        |
|    policy_gradient_loss | -0.00756    |
|    std                  | 0.965       |
|    value_loss           | 1.15        |
-----------------------------------------
Eval num_timesteps=1950000, episode_reward=209.05 +/- 0.27
Episode length: 250.00 +/- 0.00
Success rate: 0.00%
-----------------------------------------
| eval/                   |             |
|    mean_ep_length       | 250         |
|    mean_reward          | 209         |
|    success_rate         | 0           |
| time/                   |             |
|    total_timesteps      | 1950000     |
| train/                  |             |
|    approx_kl            | 0.046537753 |
|    clip_fraction        | 0.229       |
|    clip_range           | 0.2         |
|    entropy_loss         | -8.23       |
|    explained_variance   | 0.991       |
|    learning_rate        | 0.0003      |
|    loss                 | -0.0221     |
|    n_updates            | 2380        |
|    policy_gradient_loss | -0.00505    |
|    std                  | 0.966       |
|    value_loss           | 0.0527      |
-----------------------------------------
---------------------------------
| rollout/           |          |
|    ep_len_mean     | 250      |
|    ep_rew_mean     | 206      |
|    success_rate    | 0        |
| time/              |          |
|    fps             | 3772     |
|    iterations      | 239      |
|    time_elapsed    | 519      |
|    total_timesteps | 1957888  |
---------------------------------
-----------------------------------------
| rollout/                |             |
|    ep_len_mean          | 250         |
|    ep_rew_mean          | 208         |
|    success_rate         | 0           |
| time/                   |             |
|    fps                  | 3773        |
|    iterations           | 240         |
|    time_elapsed         | 521         |
|    total_timesteps      | 1966080     |
| train/                  |             |
|    approx_kl            | 0.012578713 |
|    clip_fraction        | 0.184       |
|    clip_range           | 0.2         |
|    entropy_loss         | -8.23       |
|    explained_variance   | 0.968       |
|    learning_rate        | 0.0003      |
|    loss                 | 0.00369     |
|    n_updates            | 2390        |
|    policy_gradient_loss | -9.34e-06   |
|    std                  | 0.97        |
|    value_loss           | 0.0403      |
-----------------------------------------
-----------------------------------------
| rollout/                |             |
|    ep_len_mean          | 250         |
|    ep_rew_mean          | 205         |
|    success_rate         | 0           |
| time/                   |             |
|    fps                  | 3775        |
|    iterations           | 241         |
|    time_elapsed         | 522         |
|    total_timesteps      | 1974272     |
| train/                  |             |
|    approx_kl            | 0.010436283 |
|    clip_fraction        | 0.214       |
|    clip_range           | 0.2         |
|    entropy_loss         | -8.24       |
|    explained_variance   | 0.974       |
|    learning_rate        | 0.0003      |
|    loss                 | -0.0111     |
|    n_updates            | 2400        |
|    policy_gradient_loss | -0.00159    |
|    std                  | 0.971       |
|    value_loss           | 0.0523      |
-----------------------------------------
Eval num_timesteps=1975000, episode_reward=208.47 +/- 0.39
Episode length: 250.00 +/- 0.00
Success rate: 0.00%
-----------------------------------------
| eval/                   |             |
|    mean_ep_length       | 250         |
|    mean_reward          | 208         |
|    success_rate         | 0           |
| time/                   |             |
|    total_timesteps      | 1975000     |
| train/                  |             |
|    approx_kl            | 0.007152513 |
|    clip_fraction        | 0.0693      |
|    clip_range           | 0.2         |
|    entropy_loss         | -8.24       |
|    explained_variance   | 0.782       |
|    learning_rate        | 0.0003      |
|    loss                 | 0.19        |
|    n_updates            | 2410        |
|    policy_gradient_loss | -0.00468    |
|    std                  | 0.971       |
|    value_loss           | 1.15        |
-----------------------------------------
---------------------------------
| rollout/           |          |
|    ep_len_mean     | 250      |
|    ep_rew_mean     | 205      |
|    success_rate    | 0        |
| time/              |          |
|    fps             | 3772     |
|    iterations      | 242      |
|    time_elapsed    | 525      |
|    total_timesteps | 1982464  |
---------------------------------
-----------------------------------------
| rollout/                |             |
|    ep_len_mean          | 250         |
|    ep_rew_mean          | 205         |
|    success_rate         | 0           |
| time/                   |             |
|    fps                  | 3774        |
|    iterations           | 243         |
|    time_elapsed         | 527         |
|    total_timesteps      | 1990656     |
| train/                  |             |
|    approx_kl            | 0.013498228 |
|    clip_fraction        | 0.146       |
|    clip_range           | 0.2         |
|    entropy_loss         | -8.24       |
|    explained_variance   | 0.834       |
|    learning_rate        | 0.0003      |
|    loss                 | 0.0111      |
|    n_updates            | 2420        |
|    policy_gradient_loss | -0.00475    |
|    std                  | 0.97        |
|    value_loss           | 0.201       |
-----------------------------------------
-----------------------------------------
| rollout/                |             |
|    ep_len_mean          | 250         |
|    ep_rew_mean          | 207         |
|    success_rate         | 0           |
| time/                   |             |
|    fps                  | 3775        |
|    iterations           | 244         |
|    time_elapsed         | 529         |
|    total_timesteps      | 1998848     |
| train/                  |             |
|    approx_kl            | 0.009928381 |
|    clip_fraction        | 0.157       |
|    clip_range           | 0.2         |
|    entropy_loss         | -8.25       |
|    explained_variance   | 0.957       |
|    learning_rate        | 0.0003      |
|    loss                 | -0.0472     |
|    n_updates            | 2430        |
|    policy_gradient_loss | 0.000629    |
|    std                  | 0.971       |
|    value_loss           | 0.0241      |
-----------------------------------------
Eval num_timesteps=2000000, episode_reward=208.01 +/- 1.16
Episode length: 250.00 +/- 0.00
Success rate: 0.00%
----------------------------------------
| eval/                   |            |
|    mean_ep_length       | 250        |
|    mean_reward          | 208        |
|    success_rate         | 0          |
| time/                   |            |
|    total_timesteps      | 2000000    |
| train/                  |            |
|    approx_kl            | 0.01471401 |
|    clip_fraction        | 0.199      |
|    clip_range           | 0.2        |
|    entropy_loss         | -8.22      |
|    explained_variance   | 0.99       |
|    learning_rate        | 0.0003     |
|    loss                 | -0.0553    |
|    n_updates            | 2440       |
|    policy_gradient_loss | -0.00255   |
|    std                  | 0.963      |
|    value_loss           | 0.0115     |
----------------------------------------
---------------------------------
| rollout/           |          |
|    ep_len_mean     | 250      |
|    ep_rew_mean     | 208      |
|    success_rate    | 0        |
| time/              |          |
|    fps             | 3772     |
|    iterations      | 245      |
|    time_elapsed    | 531      |
|    total_timesteps | 2007040  |
---------------------------------
-----------------------------------------
| rollout/                |             |
|    ep_len_mean          | 250         |
|    ep_rew_mean          | 208         |
|    success_rate         | 0           |
| time/                   |             |
|    fps                  | 3774        |
|    iterations           | 246         |
|    time_elapsed         | 533         |
|    total_timesteps      | 2015232     |
| train/                  |             |
|    approx_kl            | 0.011234468 |
|    clip_fraction        | 0.153       |
|    clip_range           | 0.2         |
|    entropy_loss         | -8.17       |
|    explained_variance   | 0.996       |
|    learning_rate        | 0.0003      |
|    loss                 | -0.043      |
|    n_updates            | 2450        |
|    policy_gradient_loss | -0.0026     |
|    std                  | 0.957       |
|    value_loss           | 0.00656     |
-----------------------------------------
-----------------------------------------
| rollout/                |             |
|    ep_len_mean          | 250         |
|    ep_rew_mean          | 208         |
|    success_rate         | 0           |
| time/                   |             |
|    fps                  | 3775        |
|    iterations           | 247         |
|    time_elapsed         | 535         |
|    total_timesteps      | 2023424     |
| train/                  |             |
|    approx_kl            | 0.015151719 |
|    clip_fraction        | 0.2         |
|    clip_range           | 0.2         |
|    entropy_loss         | -8.15       |
|    explained_variance   | 0.989       |
|    learning_rate        | 0.0003      |
|    loss                 | -0.0421     |
|    n_updates            | 2460        |
|    policy_gradient_loss | -0.00638    |
|    std                  | 0.956       |
|    value_loss           | 0.0185      |
-----------------------------------------
Eval num_timesteps=2025000, episode_reward=208.73 +/- 0.06
Episode length: 250.00 +/- 0.00
Success rate: 0.00%
------------------------------------------
| eval/                   |              |
|    mean_ep_length       | 250          |
|    mean_reward          | 209          |
|    success_rate         | 0            |
| time/                   |              |
|    total_timesteps      | 2025000      |
| train/                  |              |
|    approx_kl            | 0.0149805285 |
|    clip_fraction        | 0.16         |
|    clip_range           | 0.2          |
|    entropy_loss         | -8.16        |
|    explained_variance   | 0.995        |
|    learning_rate        | 0.0003       |
|    loss                 | -0.0597      |
|    n_updates            | 2470         |
|    policy_gradient_loss | -0.00159     |
|    std                  | 0.959        |
|    value_loss           | 0.00832      |
------------------------------------------
---------------------------------
| rollout/           |          |
|    ep_len_mean     | 250      |
|    ep_rew_mean     | 208      |
|    success_rate    | 0        |
| time/              |          |
|    fps             | 3773     |
|    iterations      | 248      |
|    time_elapsed    | 538      |
|    total_timesteps | 2031616  |
---------------------------------
-----------------------------------------
| rollout/                |             |
|    ep_len_mean          | 250         |
|    ep_rew_mean          | 208         |
|    success_rate         | 0           |
| time/                   |             |
|    fps                  | 3774        |
|    iterations           | 249         |
|    time_elapsed         | 540         |
|    total_timesteps      | 2039808     |
| train/                  |             |
|    approx_kl            | 0.016189406 |
|    clip_fraction        | 0.204       |
|    clip_range           | 0.2         |
|    entropy_loss         | -8.17       |
|    explained_variance   | 0.893       |
|    learning_rate        | 0.0003      |
|    loss                 | 0.0557      |
|    n_updates            | 2480        |
|    policy_gradient_loss | -0.00299    |
|    std                  | 0.961       |
|    value_loss           | 0.156       |
-----------------------------------------
-----------------------------------------
| rollout/                |             |
|    ep_len_mean          | 250         |
|    ep_rew_mean          | 208         |
|    success_rate         | 0           |
| time/                   |             |
|    fps                  | 3776        |
|    iterations           | 250         |
|    time_elapsed         | 542         |
|    total_timesteps      | 2048000     |
| train/                  |             |
|    approx_kl            | 0.019258156 |
|    clip_fraction        | 0.218       |
|    clip_range           | 0.2         |
|    entropy_loss         | -8.16       |
|    explained_variance   | 0.849       |
|    learning_rate        | 0.0003      |
|    loss                 | -0.034      |
|    n_updates            | 2490        |
|    policy_gradient_loss | -0.00628    |
|    std                  | 0.958       |
|    value_loss           | 0.0626      |
-----------------------------------------
Eval num_timesteps=2050000, episode_reward=208.93 +/- 0.23
Episode length: 250.00 +/- 0.00
Success rate: 0.00%
-----------------------------------------
| eval/                   |             |
|    mean_ep_length       | 250         |
|    mean_reward          | 209         |
|    success_rate         | 0           |
| time/                   |             |
|    total_timesteps      | 2050000     |
| train/                  |             |
|    approx_kl            | 0.010957633 |
|    clip_fraction        | 0.172       |
|    clip_range           | 0.2         |
|    entropy_loss         | -8.11       |
|    explained_variance   | 0.988       |
|    learning_rate        | 0.0003      |
|    loss                 | -0.0139     |
|    n_updates            | 2500        |
|    policy_gradient_loss | -0.0044     |
|    std                  | 0.95        |
|    value_loss           | 0.0152      |
-----------------------------------------
---------------------------------
| rollout/           |          |
|    ep_len_mean     | 250      |
|    ep_rew_mean     | 208      |
|    success_rate    | 0        |
| time/              |          |
|    fps             | 3773     |
|    iterations      | 251      |
|    time_elapsed    | 544      |
|    total_timesteps | 2056192  |
---------------------------------
----------------------------------------
| rollout/                |            |
|    ep_len_mean          | 250        |
|    ep_rew_mean          | 208        |
|    success_rate         | 0          |
| time/                   |            |
|    fps                  | 3775       |
|    iterations           | 252        |
|    time_elapsed         | 546        |
|    total_timesteps      | 2064384    |
| train/                  |            |
|    approx_kl            | 0.01359209 |
|    clip_fraction        | 0.177      |
|    clip_range           | 0.2        |
|    entropy_loss         | -8.12      |
|    explained_variance   | 0.987      |
|    learning_rate        | 0.0003     |
|    loss                 | -0.0193    |
|    n_updates            | 2510       |
|    policy_gradient_loss | -0.00317   |
|    std                  | 0.957      |
|    value_loss           | 0.022      |
----------------------------------------
-----------------------------------------
| rollout/                |             |
|    ep_len_mean          | 250         |
|    ep_rew_mean          | 208         |
|    success_rate         | 0           |
| time/                   |             |
|    fps                  | 3776        |
|    iterations           | 253         |
|    time_elapsed         | 548         |
|    total_timesteps      | 2072576     |
| train/                  |             |
|    approx_kl            | 0.016979659 |
|    clip_fraction        | 0.211       |
|    clip_range           | 0.2         |
|    entropy_loss         | -8.13       |
|    explained_variance   | 0.984       |
|    learning_rate        | 0.0003      |
|    loss                 | -0.0353     |
|    n_updates            | 2520        |
|    policy_gradient_loss | -0.00447    |
|    std                  | 0.958       |
|    value_loss           | 0.0269      |
-----------------------------------------
Eval num_timesteps=2075000, episode_reward=208.72 +/- 0.31
Episode length: 250.00 +/- 0.00
Success rate: 0.00%
-----------------------------------------
| eval/                   |             |
|    mean_ep_length       | 250         |
|    mean_reward          | 209         |
|    success_rate         | 0           |
| time/                   |             |
|    total_timesteps      | 2075000     |
| train/                  |             |
|    approx_kl            | 0.012153264 |
|    clip_fraction        | 0.175       |
|    clip_range           | 0.2         |
|    entropy_loss         | -8.13       |
|    explained_variance   | 0.989       |
|    learning_rate        | 0.0003      |
|    loss                 | -0.0303     |
|    n_updates            | 2530        |
|    policy_gradient_loss | -0.00351    |
|    std                  | 0.955       |
|    value_loss           | 0.0214      |
-----------------------------------------
---------------------------------
| rollout/           |          |
|    ep_len_mean     | 250      |
|    ep_rew_mean     | 208      |
|    success_rate    | 0        |
| time/              |          |
|    fps             | 3773     |
|    iterations      | 254      |
|    time_elapsed    | 551      |
|    total_timesteps | 2080768  |
---------------------------------
-----------------------------------------
| rollout/                |             |
|    ep_len_mean          | 250         |
|    ep_rew_mean          | 208         |
|    success_rate         | 0           |
| time/                   |             |
|    fps                  | 3775        |
|    iterations           | 255         |
|    time_elapsed         | 553         |
|    total_timesteps      | 2088960     |
| train/                  |             |
|    approx_kl            | 0.012743337 |
|    clip_fraction        | 0.177       |
|    clip_range           | 0.2         |
|    entropy_loss         | -8.07       |
|    explained_variance   | 0.996       |
|    learning_rate        | 0.0003      |
|    loss                 | -0.0432     |
|    n_updates            | 2540        |
|    policy_gradient_loss | -0.00365    |
|    std                  | 0.945       |
|    value_loss           | 0.0055      |
-----------------------------------------
-----------------------------------------
| rollout/                |             |
|    ep_len_mean          | 250         |
|    ep_rew_mean          | 208         |
|    success_rate         | 0           |
| time/                   |             |
|    fps                  | 3776        |
|    iterations           | 256         |
|    time_elapsed         | 555         |
|    total_timesteps      | 2097152     |
| train/                  |             |
|    approx_kl            | 0.011164847 |
|    clip_fraction        | 0.164       |
|    clip_range           | 0.2         |
|    entropy_loss         | -8.02       |
|    explained_variance   | 0.996       |
|    learning_rate        | 0.0003      |
|    loss                 | -0.0568     |
|    n_updates            | 2550        |
|    policy_gradient_loss | -0.00405    |
|    std                  | 0.94        |
|    value_loss           | 0.00602     |
-----------------------------------------
Eval num_timesteps=2100000, episode_reward=207.73 +/- 1.07
Episode length: 250.00 +/- 0.00
Success rate: 0.00%
-----------------------------------------
| eval/                   |             |
|    mean_ep_length       | 250         |
|    mean_reward          | 208         |
|    success_rate         | 0           |
| time/                   |             |
|    total_timesteps      | 2100000     |
| train/                  |             |
|    approx_kl            | 0.012393298 |
|    clip_fraction        | 0.182       |
|    clip_range           | 0.2         |
|    entropy_loss         | -7.99       |
|    explained_variance   | 0.996       |
|    learning_rate        | 0.0003      |
|    loss                 | -0.0398     |
|    n_updates            | 2560        |
|    policy_gradient_loss | -0.00485    |
|    std                  | 0.935       |
|    value_loss           | 0.00656     |
-----------------------------------------
---------------------------------
| rollout/           |          |
|    ep_len_mean     | 250      |
|    ep_rew_mean     | 208      |
|    success_rate    | 0        |
| time/              |          |
|    fps             | 3774     |
|    iterations      | 257      |
|    time_elapsed    | 557      |
|    total_timesteps | 2105344  |
---------------------------------
-----------------------------------------
| rollout/                |             |
|    ep_len_mean          | 250         |
|    ep_rew_mean          | 208         |
|    success_rate         | 0           |
| time/                   |             |
|    fps                  | 3775        |
|    iterations           | 258         |
|    time_elapsed         | 559         |
|    total_timesteps      | 2113536     |
| train/                  |             |
|    approx_kl            | 0.016400378 |
|    clip_fraction        | 0.233       |
|    clip_range           | 0.2         |
|    entropy_loss         | -7.97       |
|    explained_variance   | 0.991       |
|    learning_rate        | 0.0003      |
|    loss                 | -0.0229     |
|    n_updates            | 2570        |
|    policy_gradient_loss | -0.00279    |
|    std                  | 0.934       |
|    value_loss           | 0.0119      |
-----------------------------------------
-----------------------------------------
| rollout/                |             |
|    ep_len_mean          | 250         |
|    ep_rew_mean          | 208         |
|    success_rate         | 0           |
| time/                   |             |
|    fps                  | 3777        |
|    iterations           | 259         |
|    time_elapsed         | 561         |
|    total_timesteps      | 2121728     |
| train/                  |             |
|    approx_kl            | 0.012017424 |
|    clip_fraction        | 0.153       |
|    clip_range           | 0.2         |
|    entropy_loss         | -7.96       |
|    explained_variance   | 0.997       |
|    learning_rate        | 0.0003      |
|    loss                 | -0.0459     |
|    n_updates            | 2580        |
|    policy_gradient_loss | -0.00424    |
|    std                  | 0.936       |
|    value_loss           | 0.005       |
-----------------------------------------
Eval num_timesteps=2125000, episode_reward=208.77 +/- 0.81
Episode length: 250.00 +/- 0.00
Success rate: 0.00%
-----------------------------------------
| eval/                   |             |
|    mean_ep_length       | 250         |
|    mean_reward          | 209         |
|    success_rate         | 0           |
| time/                   |             |
|    total_timesteps      | 2125000     |
| train/                  |             |
|    approx_kl            | 0.018064998 |
|    clip_fraction        | 0.233       |
|    clip_range           | 0.2         |
|    entropy_loss         | -7.99       |
|    explained_variance   | 0.942       |
|    learning_rate        | 0.0003      |
|    loss                 | -0.0484     |
|    n_updates            | 2590        |
|    policy_gradient_loss | -0.00419    |
|    std                  | 0.942       |
|    value_loss           | 0.0409      |
-----------------------------------------
---------------------------------
| rollout/           |          |
|    ep_len_mean     | 250      |
|    ep_rew_mean     | 206      |
|    success_rate    | 0        |
| time/              |          |
|    fps             | 3774     |
|    iterations      | 260      |
|    time_elapsed    | 564      |
|    total_timesteps | 2129920  |
---------------------------------
-----------------------------------------
| rollout/                |             |
|    ep_len_mean          | 250         |
|    ep_rew_mean          | 205         |
|    success_rate         | 0           |
| time/                   |             |
|    fps                  | 3776        |
|    iterations           | 261         |
|    time_elapsed         | 566         |
|    total_timesteps      | 2138112     |
| train/                  |             |
|    approx_kl            | 0.012008383 |
|    clip_fraction        | 0.106       |
|    clip_range           | 0.2         |
|    entropy_loss         | -8.02       |
|    explained_variance   | 0.752       |
|    learning_rate        | 0.0003      |
|    loss                 | 0.0181      |
|    n_updates            | 2600        |
|    policy_gradient_loss | -0.00524    |
|    std                  | 0.947       |
|    value_loss           | 0.614       |
-----------------------------------------
-----------------------------------------
| rollout/                |             |
|    ep_len_mean          | 250         |
|    ep_rew_mean          | 205         |
|    success_rate         | 0           |
| time/                   |             |
|    fps                  | 3777        |
|    iterations           | 262         |
|    time_elapsed         | 568         |
|    total_timesteps      | 2146304     |
| train/                  |             |
|    approx_kl            | 0.025199452 |
|    clip_fraction        | 0.279       |
|    clip_range           | 0.2         |
|    entropy_loss         | -8.05       |
|    explained_variance   | 0.831       |
|    learning_rate        | 0.0003      |
|    loss                 | 0.0174      |
|    n_updates            | 2610        |
|    policy_gradient_loss | -0.00315    |
|    std                  | 0.951       |
|    value_loss           | 0.302       |
-----------------------------------------
Eval num_timesteps=2150000, episode_reward=208.92 +/- 0.18
Episode length: 250.00 +/- 0.00
Success rate: 0.00%
-----------------------------------------
| eval/                   |             |
|    mean_ep_length       | 250         |
|    mean_reward          | 209         |
|    success_rate         | 0           |
| time/                   |             |
|    total_timesteps      | 2150000     |
| train/                  |             |
|    approx_kl            | 0.011922765 |
|    clip_fraction        | 0.183       |
|    clip_range           | 0.2         |
|    entropy_loss         | -8.05       |
|    explained_variance   | 0.976       |
|    learning_rate        | 0.0003      |
|    loss                 | -0.0289     |
|    n_updates            | 2620        |
|    policy_gradient_loss | -0.00402    |
|    std                  | 0.946       |
|    value_loss           | 0.0378      |
-----------------------------------------
---------------------------------
| rollout/           |          |
|    ep_len_mean     | 250      |
|    ep_rew_mean     | 207      |
|    success_rate    | 0        |
| time/              |          |
|    fps             | 3774     |
|    iterations      | 263      |
|    time_elapsed    | 570      |
|    total_timesteps | 2154496  |
---------------------------------
-----------------------------------------
| rollout/                |             |
|    ep_len_mean          | 250         |
|    ep_rew_mean          | 207         |
|    success_rate         | 0           |
| time/                   |             |
|    fps                  | 3776        |
|    iterations           | 264         |
|    time_elapsed         | 572         |
|    total_timesteps      | 2162688     |
| train/                  |             |
|    approx_kl            | 0.019165618 |
|    clip_fraction        | 0.221       |
|    clip_range           | 0.2         |
|    entropy_loss         | -8.04       |
|    explained_variance   | 0.939       |
|    learning_rate        | 0.0003      |
|    loss                 | -0.0174     |
|    n_updates            | 2630        |
|    policy_gradient_loss | -0.00483    |
|    std                  | 0.949       |
|    value_loss           | 0.0673      |
-----------------------------------------
-----------------------------------------
| rollout/                |             |
|    ep_len_mean          | 250         |
|    ep_rew_mean          | 207         |
|    success_rate         | 0           |
| time/                   |             |
|    fps                  | 3777        |
|    iterations           | 265         |
|    time_elapsed         | 574         |
|    total_timesteps      | 2170880     |
| train/                  |             |
|    approx_kl            | 0.016639091 |
|    clip_fraction        | 0.21        |
|    clip_range           | 0.2         |
|    entropy_loss         | -8.06       |
|    explained_variance   | 0.931       |
|    learning_rate        | 0.0003      |
|    loss                 | 0.0342      |
|    n_updates            | 2640        |
|    policy_gradient_loss | -0.00611    |
|    std                  | 0.95        |
|    value_loss           | 0.145       |
-----------------------------------------
Eval num_timesteps=2175000, episode_reward=208.90 +/- 0.27
Episode length: 250.00 +/- 0.00
Success rate: 0.00%
------------------------------------------
| eval/                   |              |
|    mean_ep_length       | 250          |
|    mean_reward          | 209          |
|    success_rate         | 0            |
| time/                   |              |
|    total_timesteps      | 2175000      |
| train/                  |              |
|    approx_kl            | 0.0126683405 |
|    clip_fraction        | 0.205        |
|    clip_range           | 0.2          |
|    entropy_loss         | -8.05        |
|    explained_variance   | 0.991        |
|    learning_rate        | 0.0003       |
|    loss                 | -0.0119      |
|    n_updates            | 2650         |
|    policy_gradient_loss | -0.00565     |
|    std                  | 0.947        |
|    value_loss           | 0.00997      |
------------------------------------------
---------------------------------
| rollout/           |          |
|    ep_len_mean     | 250      |
|    ep_rew_mean     | 207      |
|    success_rate    | 0        |
| time/              |          |
|    fps             | 3775     |
|    iterations      | 266      |
|    time_elapsed    | 577      |
|    total_timesteps | 2179072  |
---------------------------------
-----------------------------------------
| rollout/                |             |
|    ep_len_mean          | 250         |
|    ep_rew_mean          | 208         |
|    success_rate         | 0           |
| time/                   |             |
|    fps                  | 3776        |
|    iterations           | 267         |
|    time_elapsed         | 579         |
|    total_timesteps      | 2187264     |
| train/                  |             |
|    approx_kl            | 0.014542575 |
|    clip_fraction        | 0.212       |
|    clip_range           | 0.2         |
|    entropy_loss         | -8.05       |
|    explained_variance   | 0.996       |
|    learning_rate        | 0.0003      |
|    loss                 | -0.0362     |
|    n_updates            | 2660        |
|    policy_gradient_loss | -0.00663    |
|    std                  | 0.948       |
|    value_loss           | 0.00567     |
-----------------------------------------
------------------------------------------
| rollout/                |              |
|    ep_len_mean          | 250          |
|    ep_rew_mean          | 208          |
|    success_rate         | 0            |
| time/                   |              |
|    fps                  | 3777         |
|    iterations           | 268          |
|    time_elapsed         | 581          |
|    total_timesteps      | 2195456      |
| train/                  |              |
|    approx_kl            | 0.0133882025 |
|    clip_fraction        | 0.189        |
|    clip_range           | 0.2          |
|    entropy_loss         | -8.07        |
|    explained_variance   | 0.967        |
|    learning_rate        | 0.0003       |
|    loss                 | -0.0198      |
|    n_updates            | 2670         |
|    policy_gradient_loss | -0.00298     |
|    std                  | 0.952        |
|    value_loss           | 0.0443       |
------------------------------------------
Eval num_timesteps=2200000, episode_reward=208.51 +/- 0.77
Episode length: 250.00 +/- 0.00
Success rate: 0.00%
-----------------------------------------
| eval/                   |             |
|    mean_ep_length       | 250         |
|    mean_reward          | 209         |
|    success_rate         | 0           |
| time/                   |             |
|    total_timesteps      | 2200000     |
| train/                  |             |
|    approx_kl            | 0.016171161 |
|    clip_fraction        | 0.196       |
|    clip_range           | 0.2         |
|    entropy_loss         | -8.1        |
|    explained_variance   | 0.972       |
|    learning_rate        | 0.0003      |
|    loss                 | -0.0323     |
|    n_updates            | 2680        |
|    policy_gradient_loss | -0.00411    |
|    std                  | 0.959       |
|    value_loss           | 0.0511      |
-----------------------------------------
---------------------------------
| rollout/           |          |
|    ep_len_mean     | 250      |
|    ep_rew_mean     | 208      |
|    success_rate    | 0        |
| time/              |          |
|    fps             | 3775     |
|    iterations      | 269      |
|    time_elapsed    | 583      |
|    total_timesteps | 2203648  |
---------------------------------
-----------------------------------------
| rollout/                |             |
|    ep_len_mean          | 250         |
|    ep_rew_mean          | 205         |
|    success_rate         | 0           |
| time/                   |             |
|    fps                  | 3776        |
|    iterations           | 270         |
|    time_elapsed         | 585         |
|    total_timesteps      | 2211840     |
| train/                  |             |
|    approx_kl            | 0.017365603 |
|    clip_fraction        | 0.201       |
|    clip_range           | 0.2         |
|    entropy_loss         | -8.13       |
|    explained_variance   | 0.99        |
|    learning_rate        | 0.0003      |
|    loss                 | -0.0411     |
|    n_updates            | 2690        |
|    policy_gradient_loss | -0.00535    |
|    std                  | 0.965       |
|    value_loss           | 0.0133      |
-----------------------------------------
----------------------------------------
| rollout/                |            |
|    ep_len_mean          | 250        |
|    ep_rew_mean          | 205        |
|    success_rate         | 0          |
| time/                   |            |
|    fps                  | 3777       |
|    iterations           | 271        |
|    time_elapsed         | 587        |
|    total_timesteps      | 2220032    |
| train/                  |            |
|    approx_kl            | 0.01039485 |
|    clip_fraction        | 0.0923     |
|    clip_range           | 0.2        |
|    entropy_loss         | -8.15      |
|    explained_variance   | 0.799      |
|    learning_rate        | 0.0003     |
|    loss                 | 0.102      |
|    n_updates            | 2700       |
|    policy_gradient_loss | -0.00351   |
|    std                  | 0.968      |
|    value_loss           | 1.36       |
----------------------------------------
Eval num_timesteps=2225000, episode_reward=208.57 +/- 0.58
Episode length: 250.00 +/- 0.00
Success rate: 0.00%
-----------------------------------------
| eval/                   |             |
|    mean_ep_length       | 250         |
|    mean_reward          | 209         |
|    success_rate         | 0           |
| time/                   |             |
|    total_timesteps      | 2225000     |
| train/                  |             |
|    approx_kl            | 0.013655717 |
|    clip_fraction        | 0.19        |
|    clip_range           | 0.2         |
|    entropy_loss         | -8.15       |
|    explained_variance   | 0.943       |
|    learning_rate        | 0.0003      |
|    loss                 | -0.0351     |
|    n_updates            | 2710        |
|    policy_gradient_loss | -0.00259    |
|    std                  | 0.964       |
|    value_loss           | 0.0433      |
-----------------------------------------
---------------------------------
| rollout/           |          |
|    ep_len_mean     | 250      |
|    ep_rew_mean     | 204      |
|    success_rate    | 0        |
| time/              |          |
|    fps             | 3775     |
|    iterations      | 272      |
|    time_elapsed    | 590      |
|    total_timesteps | 2228224  |
---------------------------------
-----------------------------------------
| rollout/                |             |
|    ep_len_mean          | 250         |
|    ep_rew_mean          | 207         |
|    success_rate         | 0           |
| time/                   |             |
|    fps                  | 3776        |
|    iterations           | 273         |
|    time_elapsed         | 592         |
|    total_timesteps      | 2236416     |
| train/                  |             |
|    approx_kl            | 0.016469043 |
|    clip_fraction        | 0.132       |
|    clip_range           | 0.2         |
|    entropy_loss         | -8.16       |
|    explained_variance   | 0.872       |
|    learning_rate        | 0.0003      |
|    loss                 | 0.366       |
|    n_updates            | 2720        |
|    policy_gradient_loss | -0.00697    |
|    std                  | 0.97        |
|    value_loss           | 0.502       |
-----------------------------------------
----------------------------------------
| rollout/                |            |
|    ep_len_mean          | 250        |
|    ep_rew_mean          | 207        |
|    success_rate         | 0          |
| time/                   |            |
|    fps                  | 3778       |
|    iterations           | 274        |
|    time_elapsed         | 594        |
|    total_timesteps      | 2244608    |
| train/                  |            |
|    approx_kl            | 0.01632892 |
|    clip_fraction        | 0.172      |
|    clip_range           | 0.2        |
|    entropy_loss         | -8.18      |
|    explained_variance   | 0.796      |
|    learning_rate        | 0.0003     |
|    loss                 | 2.36       |
|    n_updates            | 2730       |
|    policy_gradient_loss | -0.00738   |
|    std                  | 0.972      |
|    value_loss           | 2.94       |
----------------------------------------
Eval num_timesteps=2250000, episode_reward=208.92 +/- 0.26
Episode length: 250.00 +/- 0.00
Success rate: 0.00%
-----------------------------------------
| eval/                   |             |
|    mean_ep_length       | 250         |
|    mean_reward          | 209         |
|    success_rate         | 0           |
| time/                   |             |
|    total_timesteps      | 2250000     |
| train/                  |             |
|    approx_kl            | 0.014339568 |
|    clip_fraction        | 0.162       |
|    clip_range           | 0.2         |
|    entropy_loss         | -8.18       |
|    explained_variance   | 0.872       |
|    learning_rate        | 0.0003      |
|    loss                 | 0.0472      |
|    n_updates            | 2740        |
|    policy_gradient_loss | -0.00425    |
|    std                  | 0.968       |
|    value_loss           | 0.285       |
-----------------------------------------
---------------------------------
| rollout/           |          |
|    ep_len_mean     | 250      |
|    ep_rew_mean     | 207      |
|    success_rate    | 0        |
| time/              |          |
|    fps             | 3775     |
|    iterations      | 275      |
|    time_elapsed    | 596      |
|    total_timesteps | 2252800  |
---------------------------------
-----------------------------------------
| rollout/                |             |
|    ep_len_mean          | 250         |
|    ep_rew_mean          | 207         |
|    success_rate         | 0           |
| time/                   |             |
|    fps                  | 3776        |
|    iterations           | 276         |
|    time_elapsed         | 598         |
|    total_timesteps      | 2260992     |
| train/                  |             |
|    approx_kl            | 0.016466474 |
|    clip_fraction        | 0.202       |
|    clip_range           | 0.2         |
|    entropy_loss         | -8.14       |
|    explained_variance   | 0.97        |
|    learning_rate        | 0.0003      |
|    loss                 | -0.0423     |
|    n_updates            | 2750        |
|    policy_gradient_loss | -0.00158    |
|    std                  | 0.962       |
|    value_loss           | 0.0336      |
-----------------------------------------
-----------------------------------------
| rollout/                |             |
|    ep_len_mean          | 250         |
|    ep_rew_mean          | 207         |
|    success_rate         | 0           |
| time/                   |             |
|    fps                  | 3777        |
|    iterations           | 277         |
|    time_elapsed         | 600         |
|    total_timesteps      | 2269184     |
| train/                  |             |
|    approx_kl            | 0.011532867 |
|    clip_fraction        | 0.179       |
|    clip_range           | 0.2         |
|    entropy_loss         | -8.13       |
|    explained_variance   | 0.982       |
|    learning_rate        | 0.0003      |
|    loss                 | -0.011      |
|    n_updates            | 2760        |
|    policy_gradient_loss | -0.00251    |
|    std                  | 0.959       |
|    value_loss           | 0.0268      |
-----------------------------------------
Eval num_timesteps=2275000, episode_reward=208.79 +/- 0.11
Episode length: 250.00 +/- 0.00
Success rate: 0.00%
-----------------------------------------
| eval/                   |             |
|    mean_ep_length       | 250         |
|    mean_reward          | 209         |
|    success_rate         | 0           |
| time/                   |             |
|    total_timesteps      | 2275000     |
| train/                  |             |
|    approx_kl            | 0.012225348 |
|    clip_fraction        | 0.173       |
|    clip_range           | 0.2         |
|    entropy_loss         | -8.1        |
|    explained_variance   | 0.988       |
|    learning_rate        | 0.0003      |
|    loss                 | -0.0403     |
|    n_updates            | 2770        |
|    policy_gradient_loss | -0.00125    |
|    std                  | 0.954       |
|    value_loss           | 0.015       |
-----------------------------------------
---------------------------------
| rollout/           |          |
|    ep_len_mean     | 250      |
|    ep_rew_mean     | 208      |
|    success_rate    | 0        |
| time/              |          |
|    fps             | 3775     |
|    iterations      | 278      |
|    time_elapsed    | 603      |
|    total_timesteps | 2277376  |
---------------------------------
-----------------------------------------
| rollout/                |             |
|    ep_len_mean          | 250         |
|    ep_rew_mean          | 208         |
|    success_rate         | 0           |
| time/                   |             |
|    fps                  | 3776        |
|    iterations           | 279         |
|    time_elapsed         | 605         |
|    total_timesteps      | 2285568     |
| train/                  |             |
|    approx_kl            | 0.013453053 |
|    clip_fraction        | 0.199       |
|    clip_range           | 0.2         |
|    entropy_loss         | -8.08       |
|    explained_variance   | 0.946       |
|    learning_rate        | 0.0003      |
|    loss                 | -0.0169     |
|    n_updates            | 2780        |
|    policy_gradient_loss | -0.00692    |
|    std                  | 0.952       |
|    value_loss           | 0.0887      |
-----------------------------------------
------------------------------------------
| rollout/                |              |
|    ep_len_mean          | 250          |
|    ep_rew_mean          | 207          |
|    success_rate         | 0            |
| time/                   |              |
|    fps                  | 3777         |
|    iterations           | 280          |
|    time_elapsed         | 607          |
|    total_timesteps      | 2293760      |
| train/                  |              |
|    approx_kl            | 0.0121852495 |
|    clip_fraction        | 0.185        |
|    clip_range           | 0.2          |
|    entropy_loss         | -8.05        |
|    explained_variance   | 0.982        |
|    learning_rate        | 0.0003       |
|    loss                 | -0.0271      |
|    n_updates            | 2790         |
|    policy_gradient_loss | -0.00282     |
|    std                  | 0.946        |
|    value_loss           | 0.0101       |
------------------------------------------
Eval num_timesteps=2300000, episode_reward=208.94 +/- 0.18
Episode length: 250.00 +/- 0.00
Success rate: 0.00%
-----------------------------------------
| eval/                   |             |
|    mean_ep_length       | 250         |
|    mean_reward          | 209         |
|    success_rate         | 0           |
| time/                   |             |
|    total_timesteps      | 2300000     |
| train/                  |             |
|    approx_kl            | 0.015720285 |
|    clip_fraction        | 0.214       |
|    clip_range           | 0.2         |
|    entropy_loss         | -8.04       |
|    explained_variance   | 0.95        |
|    learning_rate        | 0.0003      |
|    loss                 | 0.00682     |
|    n_updates            | 2800        |
|    policy_gradient_loss | -0.00242    |
|    std                  | 0.95        |
|    value_loss           | 0.0857      |
-----------------------------------------
---------------------------------
| rollout/           |          |
|    ep_len_mean     | 250      |
|    ep_rew_mean     | 206      |
|    success_rate    | 0        |
| time/              |          |
|    fps             | 3775     |
|    iterations      | 281      |
|    time_elapsed    | 609      |
|    total_timesteps | 2301952  |
---------------------------------
---------------------------------------
| rollout/                |           |
|    ep_len_mean          | 250       |
|    ep_rew_mean          | 204       |
|    success_rate         | 0         |
| time/                   |           |
|    fps                  | 3775      |
|    iterations           | 282       |
|    time_elapsed         | 611       |
|    total_timesteps      | 2310144   |
| train/                  |           |
|    approx_kl            | 0.0137015 |
|    clip_fraction        | 0.16      |
|    clip_range           | 0.2       |
|    entropy_loss         | -8.06     |
|    explained_variance   | 0.947     |
|    learning_rate        | 0.0003    |
|    loss                 | 0.245     |
|    n_updates            | 2810      |
|    policy_gradient_loss | -0.0072   |
|    std                  | 0.952     |
|    value_loss           | 0.835     |
---------------------------------------
-----------------------------------------
| rollout/                |             |
|    ep_len_mean          | 250         |
|    ep_rew_mean          | 203         |
|    success_rate         | 0           |
| time/                   |             |
|    fps                  | 3777        |
|    iterations           | 283         |
|    time_elapsed         | 613         |
|    total_timesteps      | 2318336     |
| train/                  |             |
|    approx_kl            | 0.016353773 |
|    clip_fraction        | 0.101       |
|    clip_range           | 0.2         |
|    entropy_loss         | -8.07       |
|    explained_variance   | 0.949       |
|    learning_rate        | 0.0003      |
|    loss                 | 0.209       |
|    n_updates            | 2820        |
|    policy_gradient_loss | -5.58e-05   |
|    std                  | 0.956       |
|    value_loss           | 0.671       |
-----------------------------------------
Eval num_timesteps=2325000, episode_reward=208.76 +/- 0.10
Episode length: 250.00 +/- 0.00
Success rate: 0.00%
----------------------------------------
| eval/                   |            |
|    mean_ep_length       | 250        |
|    mean_reward          | 209        |
|    success_rate         | 0          |
| time/                   |            |
|    total_timesteps      | 2325000    |
| train/                  |            |
|    approx_kl            | 0.01343975 |
|    clip_fraction        | 0.17       |
|    clip_range           | 0.2        |
|    entropy_loss         | -8.09      |
|    explained_variance   | 0.966      |
|    learning_rate        | 0.0003     |
|    loss                 | 0.00463    |
|    n_updates            | 2830       |
|    policy_gradient_loss | -0.00513   |
|    std                  | 0.96       |
|    value_loss           | 0.766      |
----------------------------------------
---------------------------------
| rollout/           |          |
|    ep_len_mean     | 250      |
|    ep_rew_mean     | 204      |
|    success_rate    | 0        |
| time/              |          |
|    fps             | 3774     |
|    iterations      | 284      |
|    time_elapsed    | 616      |
|    total_timesteps | 2326528  |
---------------------------------
-----------------------------------------
| rollout/                |             |
|    ep_len_mean          | 250         |
|    ep_rew_mean          | 205         |
|    success_rate         | 0           |
| time/                   |             |
|    fps                  | 3775        |
|    iterations           | 285         |
|    time_elapsed         | 618         |
|    total_timesteps      | 2334720     |
| train/                  |             |
|    approx_kl            | 0.021860927 |
|    clip_fraction        | 0.269       |
|    clip_range           | 0.2         |
|    entropy_loss         | -8.09       |
|    explained_variance   | 0.903       |
|    learning_rate        | 0.0003      |
|    loss                 | 0.144       |
|    n_updates            | 2840        |
|    policy_gradient_loss | -0.00198    |
|    std                  | 0.959       |
|    value_loss           | 0.18        |
-----------------------------------------
-----------------------------------------
| rollout/                |             |
|    ep_len_mean          | 250         |
|    ep_rew_mean          | 206         |
|    success_rate         | 0           |
| time/                   |             |
|    fps                  | 3777        |
|    iterations           | 286         |
|    time_elapsed         | 620         |
|    total_timesteps      | 2342912     |
| train/                  |             |
|    approx_kl            | 0.014579869 |
|    clip_fraction        | 0.138       |
|    clip_range           | 0.2         |
|    entropy_loss         | -8.11       |
|    explained_variance   | 0.948       |
|    learning_rate        | 0.0003      |
|    loss                 | 0.672       |
|    n_updates            | 2850        |
|    policy_gradient_loss | -0.00398    |
|    std                  | 0.964       |
|    value_loss           | 1.13        |
-----------------------------------------
Eval num_timesteps=2350000, episode_reward=208.89 +/- 0.09
Episode length: 250.00 +/- 0.00
Success rate: 0.00%
----------------------------------------
| eval/                   |            |
|    mean_ep_length       | 250        |
|    mean_reward          | 209        |
|    success_rate         | 0          |
| time/                   |            |
|    total_timesteps      | 2350000    |
| train/                  |            |
|    approx_kl            | 0.01821445 |
|    clip_fraction        | 0.224      |
|    clip_range           | 0.2        |
|    entropy_loss         | -8.08      |
|    explained_variance   | 0.933      |
|    learning_rate        | 0.0003     |
|    loss                 | -0.0257    |
|    n_updates            | 2860       |
|    policy_gradient_loss | -0.00651   |
|    std                  | 0.955      |
|    value_loss           | 0.0585     |
----------------------------------------
---------------------------------
| rollout/           |          |
|    ep_len_mean     | 250      |
|    ep_rew_mean     | 206      |
|    success_rate    | 0        |
| time/              |          |
|    fps             | 3774     |
|    iterations      | 287      |
|    time_elapsed    | 622      |
|    total_timesteps | 2351104  |
---------------------------------
-----------------------------------------
| rollout/                |             |
|    ep_len_mean          | 250         |
|    ep_rew_mean          | 205         |
|    success_rate         | 0           |
| time/                   |             |
|    fps                  | 3775        |
|    iterations           | 288         |
|    time_elapsed         | 624         |
|    total_timesteps      | 2359296     |
| train/                  |             |
|    approx_kl            | 0.010743042 |
|    clip_fraction        | 0.173       |
|    clip_range           | 0.2         |
|    entropy_loss         | -8.08       |
|    explained_variance   | 0.722       |
|    learning_rate        | 0.0003      |
|    loss                 | 0.217       |
|    n_updates            | 2870        |
|    policy_gradient_loss | -0.00169    |
|    std                  | 0.96        |
|    value_loss           | 0.65        |
-----------------------------------------
----------------------------------------
| rollout/                |            |
|    ep_len_mean          | 250        |
|    ep_rew_mean          | 205        |
|    success_rate         | 0          |
| time/                   |            |
|    fps                  | 3776       |
|    iterations           | 289        |
|    time_elapsed         | 626        |
|    total_timesteps      | 2367488    |
| train/                  |            |
|    approx_kl            | 0.02884773 |
|    clip_fraction        | 0.272      |
|    clip_range           | 0.2        |
|    entropy_loss         | -8.15      |
|    explained_variance   | 0.97       |
|    learning_rate        | 0.0003     |
|    loss                 | -0.0269    |
|    n_updates            | 2880       |
|    policy_gradient_loss | -0.0013    |
|    std                  | 0.979      |
|    value_loss           | 0.123      |
----------------------------------------
Eval num_timesteps=2375000, episode_reward=208.96 +/- 0.33
Episode length: 250.00 +/- 0.00
Success rate: 0.00%
-----------------------------------------
| eval/                   |             |
|    mean_ep_length       | 250         |
|    mean_reward          | 209         |
|    success_rate         | 0           |
| time/                   |             |
|    total_timesteps      | 2375000     |
| train/                  |             |
|    approx_kl            | 0.016319487 |
|    clip_fraction        | 0.139       |
|    clip_range           | 0.2         |
|    entropy_loss         | -8.2        |
|    explained_variance   | 0.93        |
|    learning_rate        | 0.0003      |
|    loss                 | 0.183       |
|    n_updates            | 2890        |
|    policy_gradient_loss | -0.00589    |
|    std                  | 0.976       |
|    value_loss           | 1.34        |
-----------------------------------------
---------------------------------
| rollout/           |          |
|    ep_len_mean     | 250      |
|    ep_rew_mean     | 205      |
|    success_rate    | 0        |
| time/              |          |
|    fps             | 3774     |
|    iterations      | 290      |
|    time_elapsed    | 629      |
|    total_timesteps | 2375680  |
---------------------------------
-----------------------------------------
| rollout/                |             |
|    ep_len_mean          | 250         |
|    ep_rew_mean          | 207         |
|    success_rate         | 0           |
| time/                   |             |
|    fps                  | 3775        |
|    iterations           | 291         |
|    time_elapsed         | 631         |
|    total_timesteps      | 2383872     |
| train/                  |             |
|    approx_kl            | 0.024090596 |
|    clip_fraction        | 0.217       |
|    clip_range           | 0.2         |
|    entropy_loss         | -8.16       |
|    explained_variance   | 0.969       |
|    learning_rate        | 0.0003      |
|    loss                 | -0.0118     |
|    n_updates            | 2900        |
|    policy_gradient_loss | -0.00122    |
|    std                  | 0.967       |
|    value_loss           | 0.185       |
-----------------------------------------
-----------------------------------------
| rollout/                |             |
|    ep_len_mean          | 250         |
|    ep_rew_mean          | 206         |
|    success_rate         | 0           |
| time/                   |             |
|    fps                  | 3776        |
|    iterations           | 292         |
|    time_elapsed         | 633         |
|    total_timesteps      | 2392064     |
| train/                  |             |
|    approx_kl            | 0.013156837 |
|    clip_fraction        | 0.229       |
|    clip_range           | 0.2         |
|    entropy_loss         | -8.15       |
|    explained_variance   | 0.955       |
|    learning_rate        | 0.0003      |
|    loss                 | 0.000756    |
|    n_updates            | 2910        |
|    policy_gradient_loss | -0.00235    |
|    std                  | 0.97        |
|    value_loss           | 0.0582      |
-----------------------------------------
Eval num_timesteps=2400000, episode_reward=208.81 +/- 0.12
Episode length: 250.00 +/- 0.00
Success rate: 0.00%
-----------------------------------------
| eval/                   |             |
|    mean_ep_length       | 250         |
|    mean_reward          | 209         |
|    success_rate         | 0           |
| time/                   |             |
|    total_timesteps      | 2400000     |
| train/                  |             |
|    approx_kl            | 0.012459947 |
|    clip_fraction        | 0.18        |
|    clip_range           | 0.2         |
|    entropy_loss         | -8.17       |
|    explained_variance   | 0.834       |
|    learning_rate        | 0.0003      |
|    loss                 | 0.245       |
|    n_updates            | 2920        |
|    policy_gradient_loss | -0.0017     |
|    std                  | 0.977       |
|    value_loss           | 0.575       |
-----------------------------------------
---------------------------------
| rollout/           |          |
|    ep_len_mean     | 250      |
|    ep_rew_mean     | 207      |
|    success_rate    | 0        |
| time/              |          |
|    fps             | 3774     |
|    iterations      | 293      |
|    time_elapsed    | 635      |
|    total_timesteps | 2400256  |
---------------------------------
-----------------------------------------
| rollout/                |             |
|    ep_len_mean          | 250         |
|    ep_rew_mean          | 207         |
|    success_rate         | 0           |
| time/                   |             |
|    fps                  | 3775        |
|    iterations           | 294         |
|    time_elapsed         | 637         |
|    total_timesteps      | 2408448     |
| train/                  |             |
|    approx_kl            | 0.014755532 |
|    clip_fraction        | 0.229       |
|    clip_range           | 0.2         |
|    entropy_loss         | -8.19       |
|    explained_variance   | 0.97        |
|    learning_rate        | 0.0003      |
|    loss                 | -0.0372     |
|    n_updates            | 2930        |
|    policy_gradient_loss | -0.00206    |
|    std                  | 0.975       |
|    value_loss           | 0.0229      |
-----------------------------------------
-----------------------------------------
| rollout/                |             |
|    ep_len_mean          | 250         |
|    ep_rew_mean          | 207         |
|    success_rate         | 0           |
| time/                   |             |
|    fps                  | 3776        |
|    iterations           | 295         |
|    time_elapsed         | 639         |
|    total_timesteps      | 2416640     |
| train/                  |             |
|    approx_kl            | 0.011760724 |
|    clip_fraction        | 0.187       |
|    clip_range           | 0.2         |
|    entropy_loss         | -8.17       |
|    explained_variance   | 0.986       |
|    learning_rate        | 0.0003      |
|    loss                 | -0.0238     |
|    n_updates            | 2940        |
|    policy_gradient_loss | -0.0037     |
|    std                  | 0.969       |
|    value_loss           | 0.0205      |
-----------------------------------------
-----------------------------------------
| rollout/                |             |
|    ep_len_mean          | 250         |
|    ep_rew_mean          | 207         |
|    success_rate         | 0           |
| time/                   |             |
|    fps                  | 3777        |
|    iterations           | 296         |
|    time_elapsed         | 641         |
|    total_timesteps      | 2424832     |
| train/                  |             |
|    approx_kl            | 0.013332373 |
|    clip_fraction        | 0.211       |
|    clip_range           | 0.2         |
|    entropy_loss         | -8.16       |
|    explained_variance   | 0.919       |
|    learning_rate        | 0.0003      |
|    loss                 | -0.000591   |
|    n_updates            | 2950        |
|    policy_gradient_loss | -0.00536    |
|    std                  | 0.97        |
|    value_loss           | 0.212       |
-----------------------------------------
Eval num_timesteps=2425000, episode_reward=208.75 +/- 0.25
Episode length: 250.00 +/- 0.00
Success rate: 0.00%
-----------------------------------------
| eval/                   |             |
|    mean_ep_length       | 250         |
|    mean_reward          | 209         |
|    success_rate         | 0           |
| time/                   |             |
|    total_timesteps      | 2425000     |
| train/                  |             |
|    approx_kl            | 0.010102447 |
|    clip_fraction        | 0.163       |
|    clip_range           | 0.2         |
|    entropy_loss         | -8.17       |
|    explained_variance   | 0.962       |
|    learning_rate        | 0.0003      |
|    loss                 | -0.03       |
|    n_updates            | 2960        |
|    policy_gradient_loss | -0.0014     |
|    std                  | 0.97        |
|    value_loss           | 0.0181      |
-----------------------------------------
---------------------------------
| rollout/           |          |
|    ep_len_mean     | 250      |
|    ep_rew_mean     | 207      |
|    success_rate    | 0        |
| time/              |          |
|    fps             | 3775     |
|    iterations      | 297      |
|    time_elapsed    | 644      |
|    total_timesteps | 2433024  |
---------------------------------
-----------------------------------------
| rollout/                |             |
|    ep_len_mean          | 250         |
|    ep_rew_mean          | 208         |
|    success_rate         | 0           |
| time/                   |             |
|    fps                  | 3776        |
|    iterations           | 298         |
|    time_elapsed         | 646         |
|    total_timesteps      | 2441216     |
| train/                  |             |
|    approx_kl            | 0.013979418 |
|    clip_fraction        | 0.199       |
|    clip_range           | 0.2         |
|    entropy_loss         | -8.17       |
|    explained_variance   | 0.991       |
|    learning_rate        | 0.0003      |
|    loss                 | -0.0358     |
|    n_updates            | 2970        |
|    policy_gradient_loss | -0.00596    |
|    std                  | 0.973       |
|    value_loss           | 0.00671     |
-----------------------------------------
-----------------------------------------
| rollout/                |             |
|    ep_len_mean          | 250         |
|    ep_rew_mean          | 205         |
|    success_rate         | 0           |
| time/                   |             |
|    fps                  | 3778        |
|    iterations           | 299         |
|    time_elapsed         | 648         |
|    total_timesteps      | 2449408     |
| train/                  |             |
|    approx_kl            | 0.016604083 |
|    clip_fraction        | 0.196       |
|    clip_range           | 0.2         |
|    entropy_loss         | -8.17       |
|    explained_variance   | 0.945       |
|    learning_rate        | 0.0003      |
|    loss                 | -0.0022     |
|    n_updates            | 2980        |
|    policy_gradient_loss | -0.0051     |
|    std                  | 0.973       |
|    value_loss           | 0.111       |
-----------------------------------------
Eval num_timesteps=2450000, episode_reward=209.00 +/- 0.26
Episode length: 250.00 +/- 0.00
Success rate: 0.00%
-----------------------------------------
| eval/                   |             |
|    mean_ep_length       | 250         |
|    mean_reward          | 209         |
|    success_rate         | 0           |
| time/                   |             |
|    total_timesteps      | 2450000     |
| train/                  |             |
|    approx_kl            | 0.008984655 |
|    clip_fraction        | 0.0952      |
|    clip_range           | 0.2         |
|    entropy_loss         | -8.19       |
|    explained_variance   | 0.837       |
|    learning_rate        | 0.0003      |
|    loss                 | 0.0458      |
|    n_updates            | 2990        |
|    policy_gradient_loss | -0.00212    |
|    std                  | 0.974       |
|    value_loss           | 0.555       |
-----------------------------------------
---------------------------------
| rollout/           |          |
|    ep_len_mean     | 250      |
|    ep_rew_mean     | 205      |
|    success_rate    | 0        |
| time/              |          |
|    fps             | 3775     |
|    iterations      | 300      |
|    time_elapsed    | 650      |
|    total_timesteps | 2457600  |
---------------------------------
-----------------------------------------
| rollout/                |             |
|    ep_len_mean          | 250         |
|    ep_rew_mean          | 205         |
|    success_rate         | 0           |
| time/                   |             |
|    fps                  | 3776        |
|    iterations           | 301         |
|    time_elapsed         | 652         |
|    total_timesteps      | 2465792     |
| train/                  |             |
|    approx_kl            | 0.018220372 |
|    clip_fraction        | 0.186       |
|    clip_range           | 0.2         |
|    entropy_loss         | -8.22       |
|    explained_variance   | 0.97        |
|    learning_rate        | 0.0003      |
|    loss                 | -0.0433     |
|    n_updates            | 3000        |
|    policy_gradient_loss | -0.00403    |
|    std                  | 0.982       |
|    value_loss           | 0.0205      |
-----------------------------------------
-----------------------------------------
| rollout/                |             |
|    ep_len_mean          | 250         |
|    ep_rew_mean          | 204         |
|    success_rate         | 0           |
| time/                   |             |
|    fps                  | 3777        |
|    iterations           | 302         |
|    time_elapsed         | 654         |
|    total_timesteps      | 2473984     |
| train/                  |             |
|    approx_kl            | 0.019732557 |
|    clip_fraction        | 0.219       |
|    clip_range           | 0.2         |
|    entropy_loss         | -8.24       |
|    explained_variance   | 0.966       |
|    learning_rate        | 0.0003      |
|    loss                 | -0.0191     |
|    n_updates            | 3010        |
|    policy_gradient_loss | -0.00577    |
|    std                  | 0.983       |
|    value_loss           | 0.0597      |
-----------------------------------------
Eval num_timesteps=2475000, episode_reward=209.08 +/- 0.18
Episode length: 250.00 +/- 0.00
Success rate: 0.00%
-----------------------------------------
| eval/                   |             |
|    mean_ep_length       | 250         |
|    mean_reward          | 209         |
|    success_rate         | 0           |
| time/                   |             |
|    total_timesteps      | 2475000     |
| train/                  |             |
|    approx_kl            | 0.005705473 |
|    clip_fraction        | 0.0488      |
|    clip_range           | 0.2         |
|    entropy_loss         | -8.24       |
|    explained_variance   | 0.884       |
|    learning_rate        | 0.0003      |
|    loss                 | 0.861       |
|    n_updates            | 3020        |
|    policy_gradient_loss | -0.00247    |
|    std                  | 0.983       |
|    value_loss           | 1.95        |
-----------------------------------------
---------------------------------
| rollout/           |          |
|    ep_len_mean     | 250      |
|    ep_rew_mean     | 203      |
|    success_rate    | 0        |
| time/              |          |
|    fps             | 3775     |
|    iterations      | 303      |
|    time_elapsed    | 657      |
|    total_timesteps | 2482176  |
---------------------------------
-----------------------------------------
| rollout/                |             |
|    ep_len_mean          | 250         |
|    ep_rew_mean          | 203         |
|    success_rate         | 0           |
| time/                   |             |
|    fps                  | 3776        |
|    iterations           | 304         |
|    time_elapsed         | 659         |
|    total_timesteps      | 2490368     |
| train/                  |             |
|    approx_kl            | 0.011921213 |
|    clip_fraction        | 0.163       |
|    clip_range           | 0.2         |
|    entropy_loss         | -8.25       |
|    explained_variance   | 0.895       |
|    learning_rate        | 0.0003      |
|    loss                 | -0.00302    |
|    n_updates            | 3030        |
|    policy_gradient_loss | -0.00461    |
|    std                  | 0.986       |
|    value_loss           | 0.122       |
-----------------------------------------
-----------------------------------------
| rollout/                |             |
|    ep_len_mean          | 250         |
|    ep_rew_mean          | 207         |
|    success_rate         | 0           |
| time/                   |             |
|    fps                  | 3778        |
|    iterations           | 305         |
|    time_elapsed         | 661         |
|    total_timesteps      | 2498560     |
| train/                  |             |
|    approx_kl            | 0.012010176 |
|    clip_fraction        | 0.162       |
|    clip_range           | 0.2         |
|    entropy_loss         | -8.25       |
|    explained_variance   | 0.978       |
|    learning_rate        | 0.0003      |
|    loss                 | -0.0483     |
|    n_updates            | 3040        |
|    policy_gradient_loss | -0.00333    |
|    std                  | 0.983       |
|    value_loss           | 0.0266      |
-----------------------------------------
Eval num_timesteps=2500000, episode_reward=207.79 +/- 1.71
Episode length: 250.00 +/- 0.00
Success rate: 0.00%
-----------------------------------------
| eval/                   |             |
|    mean_ep_length       | 250         |
|    mean_reward          | 208         |
|    success_rate         | 0           |
| time/                   |             |
|    total_timesteps      | 2500000     |
| train/                  |             |
|    approx_kl            | 0.015744178 |
|    clip_fraction        | 0.183       |
|    clip_range           | 0.2         |
|    entropy_loss         | -8.28       |
|    explained_variance   | 0.986       |
|    learning_rate        | 0.0003      |
|    loss                 | -0.0232     |
|    n_updates            | 3050        |
|    policy_gradient_loss | -0.00717    |
|    std                  | 0.991       |
|    value_loss           | 0.0211      |
-----------------------------------------
---------------------------------
| rollout/           |          |
|    ep_len_mean     | 250      |
|    ep_rew_mean     | 208      |
|    success_rate    | 0        |
| time/              |          |
|    fps             | 3775     |
|    iterations      | 306      |
|    time_elapsed    | 663      |
|    total_timesteps | 2506752  |
---------------------------------
-----------------------------------------
| rollout/                |             |
|    ep_len_mean          | 250         |
|    ep_rew_mean          | 208         |
|    success_rate         | 0           |
| time/                   |             |
|    fps                  | 3777        |
|    iterations           | 307         |
|    time_elapsed         | 665         |
|    total_timesteps      | 2514944     |
| train/                  |             |
|    approx_kl            | 0.013304591 |
|    clip_fraction        | 0.16        |
|    clip_range           | 0.2         |
|    entropy_loss         | -8.27       |
|    explained_variance   | 0.973       |
|    learning_rate        | 0.0003      |
|    loss                 | -0.0497     |
|    n_updates            | 3060        |
|    policy_gradient_loss | -0.00531    |
|    std                  | 0.987       |
|    value_loss           | 0.0322      |
-----------------------------------------
-----------------------------------------
| rollout/                |             |
|    ep_len_mean          | 250         |
|    ep_rew_mean          | 208         |
|    success_rate         | 0           |
| time/                   |             |
|    fps                  | 3778        |
|    iterations           | 308         |
|    time_elapsed         | 667         |
|    total_timesteps      | 2523136     |
| train/                  |             |
|    approx_kl            | 0.015658682 |
|    clip_fraction        | 0.194       |
|    clip_range           | 0.2         |
|    entropy_loss         | -8.24       |
|    explained_variance   | 0.986       |
|    learning_rate        | 0.0003      |
|    loss                 | -0.0348     |
|    n_updates            | 3070        |
|    policy_gradient_loss | -0.00464    |
|    std                  | 0.981       |
|    value_loss           | 0.0171      |
-----------------------------------------
Eval num_timesteps=2525000, episode_reward=207.77 +/- 1.80
Episode length: 250.00 +/- 0.00
Success rate: 0.00%
-----------------------------------------
| eval/                   |             |
|    mean_ep_length       | 250         |
|    mean_reward          | 208         |
|    success_rate         | 0           |
| time/                   |             |
|    total_timesteps      | 2525000     |
| train/                  |             |
|    approx_kl            | 0.012724208 |
|    clip_fraction        | 0.159       |
|    clip_range           | 0.2         |
|    entropy_loss         | -8.22       |
|    explained_variance   | 0.99        |
|    learning_rate        | 0.0003      |
|    loss                 | -0.048      |
|    n_updates            | 3080        |
|    policy_gradient_loss | -0.00457    |
|    std                  | 0.978       |
|    value_loss           | 0.0137      |
-----------------------------------------
---------------------------------
| rollout/           |          |
|    ep_len_mean     | 250      |
|    ep_rew_mean     | 207      |
|    success_rate    | 0        |
| time/              |          |
|    fps             | 3775     |
|    iterations      | 309      |
|    time_elapsed    | 670      |
|    total_timesteps | 2531328  |
---------------------------------
-----------------------------------------
| rollout/                |             |
|    ep_len_mean          | 250         |
|    ep_rew_mean          | 207         |
|    success_rate         | 0           |
| time/                   |             |
|    fps                  | 3777        |
|    iterations           | 310         |
|    time_elapsed         | 672         |
|    total_timesteps      | 2539520     |
| train/                  |             |
|    approx_kl            | 0.013769533 |
|    clip_fraction        | 0.159       |
|    clip_range           | 0.2         |
|    entropy_loss         | -8.22       |
|    explained_variance   | 0.88        |
|    learning_rate        | 0.0003      |
|    loss                 | -0.0212     |
|    n_updates            | 3090        |
|    policy_gradient_loss | -0.00452    |
|    std                  | 0.98        |
|    value_loss           | 0.237       |
-----------------------------------------
------------------------------------------
| rollout/                |              |
|    ep_len_mean          | 250          |
|    ep_rew_mean          | 207          |
|    success_rate         | 0            |
| time/                   |              |
|    fps                  | 3778         |
|    iterations           | 311          |
|    time_elapsed         | 674          |
|    total_timesteps      | 2547712      |
| train/                  |              |
|    approx_kl            | 0.0072636567 |
|    clip_fraction        | 0.128        |
|    clip_range           | 0.2          |
|    entropy_loss         | -8.23        |
|    explained_variance   | 0.846        |
|    learning_rate        | 0.0003       |
|    loss                 | -0.000771    |
|    n_updates            | 3100         |
|    policy_gradient_loss | -0.00587     |
|    std                  | 0.98         |
|    value_loss           | 0.499        |
------------------------------------------
Eval num_timesteps=2550000, episode_reward=208.23 +/- 1.16
Episode length: 250.00 +/- 0.00
Success rate: 0.00%
-----------------------------------------
| eval/                   |             |
|    mean_ep_length       | 250         |
|    mean_reward          | 208         |
|    success_rate         | 0           |
| time/                   |             |
|    total_timesteps      | 2550000     |
| train/                  |             |
|    approx_kl            | 0.014287337 |
|    clip_fraction        | 0.171       |
|    clip_range           | 0.2         |
|    entropy_loss         | -8.23       |
|    explained_variance   | 0.973       |
|    learning_rate        | 0.0003      |
|    loss                 | -0.0544     |
|    n_updates            | 3110        |
|    policy_gradient_loss | -0.00459    |
|    std                  | 0.981       |
|    value_loss           | 0.0325      |
-----------------------------------------
---------------------------------
| rollout/           |          |
|    ep_len_mean     | 250      |
|    ep_rew_mean     | 207      |
|    success_rate    | 0        |
| time/              |          |
|    fps             | 3776     |
|    iterations      | 312      |
|    time_elapsed    | 676      |
|    total_timesteps | 2555904  |
---------------------------------
-----------------------------------------
| rollout/                |             |
|    ep_len_mean          | 250         |
|    ep_rew_mean          | 208         |
|    success_rate         | 0           |
| time/                   |             |
|    fps                  | 3777        |
|    iterations           | 313         |
|    time_elapsed         | 678         |
|    total_timesteps      | 2564096     |
| train/                  |             |
|    approx_kl            | 0.010484958 |
|    clip_fraction        | 0.165       |
|    clip_range           | 0.2         |
|    entropy_loss         | -8.23       |
|    explained_variance   | 0.989       |
|    learning_rate        | 0.0003      |
|    loss                 | -0.0565     |
|    n_updates            | 3120        |
|    policy_gradient_loss | -0.00594    |
|    std                  | 0.98        |
|    value_loss           | 0.0144      |
-----------------------------------------
-----------------------------------------
| rollout/                |             |
|    ep_len_mean          | 250         |
|    ep_rew_mean          | 208         |
|    success_rate         | 0           |
| time/                   |             |
|    fps                  | 3778        |
|    iterations           | 314         |
|    time_elapsed         | 680         |
|    total_timesteps      | 2572288     |
| train/                  |             |
|    approx_kl            | 0.013095599 |
|    clip_fraction        | 0.226       |
|    clip_range           | 0.2         |
|    entropy_loss         | -8.23       |
|    explained_variance   | 0.992       |
|    learning_rate        | 0.0003      |
|    loss                 | -0.0305     |
|    n_updates            | 3130        |
|    policy_gradient_loss | -0.00281    |
|    std                  | 0.981       |
|    value_loss           | 0.0149      |
-----------------------------------------
Eval num_timesteps=2575000, episode_reward=209.15 +/- 0.20
Episode length: 250.00 +/- 0.00
Success rate: 0.00%
-----------------------------------------
| eval/                   |             |
|    mean_ep_length       | 250         |
|    mean_reward          | 209         |
|    success_rate         | 0           |
| time/                   |             |
|    total_timesteps      | 2575000     |
| train/                  |             |
|    approx_kl            | 0.011128477 |
|    clip_fraction        | 0.159       |
|    clip_range           | 0.2         |
|    entropy_loss         | -8.22       |
|    explained_variance   | 0.993       |
|    learning_rate        | 0.0003      |
|    loss                 | -0.0436     |
|    n_updates            | 3140        |
|    policy_gradient_loss | -0.00483    |
|    std                  | 0.981       |
|    value_loss           | 0.0124      |
-----------------------------------------
---------------------------------
| rollout/           |          |
|    ep_len_mean     | 250      |
|    ep_rew_mean     | 208      |
|    success_rate    | 0        |
| time/              |          |
|    fps             | 3776     |
|    iterations      | 315      |
|    time_elapsed    | 683      |
|    total_timesteps | 2580480  |
---------------------------------
-----------------------------------------
| rollout/                |             |
|    ep_len_mean          | 250         |
|    ep_rew_mean          | 207         |
|    success_rate         | 0           |
| time/                   |             |
|    fps                  | 3777        |
|    iterations           | 316         |
|    time_elapsed         | 685         |
|    total_timesteps      | 2588672     |
| train/                  |             |
|    approx_kl            | 0.012819944 |
|    clip_fraction        | 0.193       |
|    clip_range           | 0.2         |
|    entropy_loss         | -8.21       |
|    explained_variance   | 0.963       |
|    learning_rate        | 0.0003      |
|    loss                 | -0.0119     |
|    n_updates            | 3150        |
|    policy_gradient_loss | -0.00435    |
|    std                  | 0.979       |
|    value_loss           | 0.0576      |
-----------------------------------------
-----------------------------------------
| rollout/                |             |
|    ep_len_mean          | 250         |
|    ep_rew_mean          | 207         |
|    success_rate         | 0           |
| time/                   |             |
|    fps                  | 3778        |
|    iterations           | 317         |
|    time_elapsed         | 687         |
|    total_timesteps      | 2596864     |
| train/                  |             |
|    approx_kl            | 0.013654374 |
|    clip_fraction        | 0.187       |
|    clip_range           | 0.2         |
|    entropy_loss         | -8.22       |
|    explained_variance   | 0.931       |
|    learning_rate        | 0.0003      |
|    loss                 | -0.00167    |
|    n_updates            | 3160        |
|    policy_gradient_loss | -0.00497    |
|    std                  | 0.983       |
|    value_loss           | 0.123       |
-----------------------------------------
Eval num_timesteps=2600000, episode_reward=209.00 +/- 0.23
Episode length: 250.00 +/- 0.00
Success rate: 0.00%
----------------------------------------
| eval/                   |            |
|    mean_ep_length       | 250        |
|    mean_reward          | 209        |
|    success_rate         | 0          |
| time/                   |            |
|    total_timesteps      | 2600000    |
| train/                  |            |
|    approx_kl            | 0.01582618 |
|    clip_fraction        | 0.17       |
|    clip_range           | 0.2        |
|    entropy_loss         | -8.24      |
|    explained_variance   | 0.953      |
|    learning_rate        | 0.0003     |
|    loss                 | 0.0164     |
|    n_updates            | 3170       |
|    policy_gradient_loss | -0.00605   |
|    std                  | 0.984      |
|    value_loss           | 0.0965     |
----------------------------------------
---------------------------------
| rollout/           |          |
|    ep_len_mean     | 250      |
|    ep_rew_mean     | 207      |
|    success_rate    | 0        |
| time/              |          |
|    fps             | 3776     |
|    iterations      | 318      |
|    time_elapsed    | 689      |
|    total_timesteps | 2605056  |
---------------------------------
----------------------------------------
| rollout/                |            |
|    ep_len_mean          | 250        |
|    ep_rew_mean          | 207        |
|    success_rate         | 0          |
| time/                   |            |
|    fps                  | 3777       |
|    iterations           | 319        |
|    time_elapsed         | 691        |
|    total_timesteps      | 2613248    |
| train/                  |            |
|    approx_kl            | 0.02121694 |
|    clip_fraction        | 0.203      |
|    clip_range           | 0.2        |
|    entropy_loss         | -8.23      |
|    explained_variance   | 0.967      |
|    learning_rate        | 0.0003     |
|    loss                 | -0.0211    |
|    n_updates            | 3180       |
|    policy_gradient_loss | -0.00131   |
|    std                  | 0.983      |
|    value_loss           | 0.0498     |
----------------------------------------
-----------------------------------------
| rollout/                |             |
|    ep_len_mean          | 250         |
|    ep_rew_mean          | 208         |
|    success_rate         | 0           |
| time/                   |             |
|    fps                  | 3778        |
|    iterations           | 320         |
|    time_elapsed         | 693         |
|    total_timesteps      | 2621440     |
| train/                  |             |
|    approx_kl            | 0.011917921 |
|    clip_fraction        | 0.176       |
|    clip_range           | 0.2         |
|    entropy_loss         | -8.22       |
|    explained_variance   | 0.981       |
|    learning_rate        | 0.0003      |
|    loss                 | -0.0247     |
|    n_updates            | 3190        |
|    policy_gradient_loss | -0.00167    |
|    std                  | 0.982       |
|    value_loss           | 0.0302      |
-----------------------------------------
Eval num_timesteps=2625000, episode_reward=209.08 +/- 0.25
Episode length: 250.00 +/- 0.00
Success rate: 0.00%
----------------------------------------
| eval/                   |            |
|    mean_ep_length       | 250        |
|    mean_reward          | 209        |
|    success_rate         | 0          |
| time/                   |            |
|    total_timesteps      | 2625000    |
| train/                  |            |
|    approx_kl            | 0.01550723 |
|    clip_fraction        | 0.201      |
|    clip_range           | 0.2        |
|    entropy_loss         | -8.21      |
|    explained_variance   | 0.982      |
|    learning_rate        | 0.0003     |
|    loss                 | -0.0335    |
|    n_updates            | 3200       |
|    policy_gradient_loss | -0.00408   |
|    std                  | 0.983      |
|    value_loss           | 0.0264     |
----------------------------------------
---------------------------------
| rollout/           |          |
|    ep_len_mean     | 250      |
|    ep_rew_mean     | 207      |
|    success_rate    | 0        |
| time/              |          |
|    fps             | 3776     |
|    iterations      | 321      |
|    time_elapsed    | 696      |
|    total_timesteps | 2629632  |
---------------------------------
-----------------------------------------
| rollout/                |             |
|    ep_len_mean          | 250         |
|    ep_rew_mean          | 207         |
|    success_rate         | 0           |
| time/                   |             |
|    fps                  | 3777        |
|    iterations           | 322         |
|    time_elapsed         | 698         |
|    total_timesteps      | 2637824     |
| train/                  |             |
|    approx_kl            | 0.012990796 |
|    clip_fraction        | 0.153       |
|    clip_range           | 0.2         |
|    entropy_loss         | -8.23       |
|    explained_variance   | 0.914       |
|    learning_rate        | 0.0003      |
|    loss                 | 0.00276     |
|    n_updates            | 3210        |
|    policy_gradient_loss | -0.00592    |
|    std                  | 0.988       |
|    value_loss           | 0.138       |
-----------------------------------------
-----------------------------------------
| rollout/                |             |
|    ep_len_mean          | 250         |
|    ep_rew_mean          | 207         |
|    success_rate         | 0           |
| time/                   |             |
|    fps                  | 3778        |
|    iterations           | 323         |
|    time_elapsed         | 700         |
|    total_timesteps      | 2646016     |
| train/                  |             |
|    approx_kl            | 0.010299359 |
|    clip_fraction        | 0.151       |
|    clip_range           | 0.2         |
|    entropy_loss         | -8.23       |
|    explained_variance   | 0.991       |
|    learning_rate        | 0.0003      |
|    loss                 | -0.0528     |
|    n_updates            | 3220        |
|    policy_gradient_loss | -0.00348    |
|    std                  | 0.985       |
|    value_loss           | 0.00609     |
-----------------------------------------
Eval num_timesteps=2650000, episode_reward=209.03 +/- 0.22
Episode length: 250.00 +/- 0.00
Success rate: 0.00%
-----------------------------------------
| eval/                   |             |
|    mean_ep_length       | 250         |
|    mean_reward          | 209         |
|    success_rate         | 0           |
| time/                   |             |
|    total_timesteps      | 2650000     |
| train/                  |             |
|    approx_kl            | 0.017304756 |
|    clip_fraction        | 0.182       |
|    clip_range           | 0.2         |
|    entropy_loss         | -8.21       |
|    explained_variance   | 0.965       |
|    learning_rate        | 0.0003      |
|    loss                 | -0.0103     |
|    n_updates            | 3230        |
|    policy_gradient_loss | -0.00314    |
|    std                  | 0.981       |
|    value_loss           | 0.0681      |
-----------------------------------------
---------------------------------
| rollout/           |          |
|    ep_len_mean     | 250      |
|    ep_rew_mean     | 208      |
|    success_rate    | 0        |
| time/              |          |
|    fps             | 3777     |
|    iterations      | 324      |
|    time_elapsed    | 702      |
|    total_timesteps | 2654208  |
---------------------------------
----------------------------------------
| rollout/                |            |
|    ep_len_mean          | 250        |
|    ep_rew_mean          | 207        |
|    success_rate         | 0          |
| time/                   |            |
|    fps                  | 3778       |
|    iterations           | 325        |
|    time_elapsed         | 704        |
|    total_timesteps      | 2662400    |
| train/                  |            |
|    approx_kl            | 0.02197969 |
|    clip_fraction        | 0.25       |
|    clip_range           | 0.2        |
|    entropy_loss         | -8.22      |
|    explained_variance   | 0.949      |
|    learning_rate        | 0.0003     |
|    loss                 | 0.018      |
|    n_updates            | 3240       |
|    policy_gradient_loss | -0.00419   |
|    std                  | 0.985      |
|    value_loss           | 0.0978     |
----------------------------------------
-----------------------------------------
| rollout/                |             |
|    ep_len_mean          | 250         |
|    ep_rew_mean          | 208         |
|    success_rate         | 0           |
| time/                   |             |
|    fps                  | 3779        |
|    iterations           | 326         |
|    time_elapsed         | 706         |
|    total_timesteps      | 2670592     |
| train/                  |             |
|    approx_kl            | 0.013004023 |
|    clip_fraction        | 0.199       |
|    clip_range           | 0.2         |
|    entropy_loss         | -8.23       |
|    explained_variance   | 0.985       |
|    learning_rate        | 0.0003      |
|    loss                 | -0.0398     |
|    n_updates            | 3250        |
|    policy_gradient_loss | -0.00253    |
|    std                  | 0.983       |
|    value_loss           | 0.0224      |
-----------------------------------------
Eval num_timesteps=2675000, episode_reward=209.11 +/- 0.28
Episode length: 250.00 +/- 0.00
Success rate: 0.00%
-----------------------------------------
| eval/                   |             |
|    mean_ep_length       | 250         |
|    mean_reward          | 209         |
|    success_rate         | 0           |
| time/                   |             |
|    total_timesteps      | 2675000     |
| train/                  |             |
|    approx_kl            | 0.012214654 |
|    clip_fraction        | 0.183       |
|    clip_range           | 0.2         |
|    entropy_loss         | -8.2        |
|    explained_variance   | 0.993       |
|    learning_rate        | 0.0003      |
|    loss                 | -0.0398     |
|    n_updates            | 3260        |
|    policy_gradient_loss | -0.00323    |
|    std                  | 0.98        |
|    value_loss           | 0.0103      |
-----------------------------------------
---------------------------------
| rollout/           |          |
|    ep_len_mean     | 250      |
|    ep_rew_mean     | 208      |
|    success_rate    | 0        |
| time/              |          |
|    fps             | 3777     |
|    iterations      | 327      |
|    time_elapsed    | 709      |
|    total_timesteps | 2678784  |
---------------------------------
-----------------------------------------
| rollout/                |             |
|    ep_len_mean          | 250         |
|    ep_rew_mean          | 208         |
|    success_rate         | 0           |
| time/                   |             |
|    fps                  | 3778        |
|    iterations           | 328         |
|    time_elapsed         | 711         |
|    total_timesteps      | 2686976     |
| train/                  |             |
|    approx_kl            | 0.012282014 |
|    clip_fraction        | 0.187       |
|    clip_range           | 0.2         |
|    entropy_loss         | -8.2        |
|    explained_variance   | 0.991       |
|    learning_rate        | 0.0003      |
|    loss                 | -0.0476     |
|    n_updates            | 3270        |
|    policy_gradient_loss | -0.00407    |
|    std                  | 0.984       |
|    value_loss           | 0.0119      |
-----------------------------------------
-----------------------------------------
| rollout/                |             |
|    ep_len_mean          | 250         |
|    ep_rew_mean          | 208         |
|    success_rate         | 0           |
| time/                   |             |
|    fps                  | 3779        |
|    iterations           | 329         |
|    time_elapsed         | 713         |
|    total_timesteps      | 2695168     |
| train/                  |             |
|    approx_kl            | 0.016614392 |
|    clip_fraction        | 0.215       |
|    clip_range           | 0.2         |
|    entropy_loss         | -8.23       |
|    explained_variance   | 0.983       |
|    learning_rate        | 0.0003      |
|    loss                 | -0.0417     |
|    n_updates            | 3280        |
|    policy_gradient_loss | -0.00632    |
|    std                  | 0.986       |
|    value_loss           | 0.0239      |
-----------------------------------------
Eval num_timesteps=2700000, episode_reward=208.98 +/- 0.26
Episode length: 250.00 +/- 0.00
Success rate: 0.00%
-----------------------------------------
| eval/                   |             |
|    mean_ep_length       | 250         |
|    mean_reward          | 209         |
|    success_rate         | 0           |
| time/                   |             |
|    total_timesteps      | 2700000     |
| train/                  |             |
|    approx_kl            | 0.010459938 |
|    clip_fraction        | 0.177       |
|    clip_range           | 0.2         |
|    entropy_loss         | -8.24       |
|    explained_variance   | 0.964       |
|    learning_rate        | 0.0003      |
|    loss                 | -0.0259     |
|    n_updates            | 3290        |
|    policy_gradient_loss | -0.00227    |
|    std                  | 0.988       |
|    value_loss           | 0.0542      |
-----------------------------------------
---------------------------------
| rollout/           |          |
|    ep_len_mean     | 250      |
|    ep_rew_mean     | 207      |
|    success_rate    | 0        |
| time/              |          |
|    fps             | 3777     |
|    iterations      | 330      |
|    time_elapsed    | 715      |
|    total_timesteps | 2703360  |
---------------------------------
-----------------------------------------
| rollout/                |             |
|    ep_len_mean          | 250         |
|    ep_rew_mean          | 207         |
|    success_rate         | 0           |
| time/                   |             |
|    fps                  | 3778        |
|    iterations           | 331         |
|    time_elapsed         | 717         |
|    total_timesteps      | 2711552     |
| train/                  |             |
|    approx_kl            | 0.010874598 |
|    clip_fraction        | 0.134       |
|    clip_range           | 0.2         |
|    entropy_loss         | -8.26       |
|    explained_variance   | 0.917       |
|    learning_rate        | 0.0003      |
|    loss                 | -0.00332    |
|    n_updates            | 3300        |
|    policy_gradient_loss | -0.00496    |
|    std                  | 0.995       |
|    value_loss           | 0.758       |
-----------------------------------------
-----------------------------------------
| rollout/                |             |
|    ep_len_mean          | 250         |
|    ep_rew_mean          | 207         |
|    success_rate         | 0           |
| time/                   |             |
|    fps                  | 3779        |
|    iterations           | 332         |
|    time_elapsed         | 719         |
|    total_timesteps      | 2719744     |
| train/                  |             |
|    approx_kl            | 0.010597751 |
|    clip_fraction        | 0.182       |
|    clip_range           | 0.2         |
|    entropy_loss         | -8.28       |
|    explained_variance   | 0.966       |
|    learning_rate        | 0.0003      |
|    loss                 | -0.0491     |
|    n_updates            | 3310        |
|    policy_gradient_loss | -0.00434    |
|    std                  | 0.992       |
|    value_loss           | 0.027       |
-----------------------------------------
Eval num_timesteps=2725000, episode_reward=208.86 +/- 0.18
Episode length: 250.00 +/- 0.00
Success rate: 0.00%
----------------------------------------
| eval/                   |            |
|    mean_ep_length       | 250        |
|    mean_reward          | 209        |
|    success_rate         | 0          |
| time/                   |            |
|    total_timesteps      | 2725000    |
| train/                  |            |
|    approx_kl            | 0.01560724 |
|    clip_fraction        | 0.201      |
|    clip_range           | 0.2        |
|    entropy_loss         | -8.27      |
|    explained_variance   | 0.95       |
|    learning_rate        | 0.0003     |
|    loss                 | 0.0136     |
|    n_updates            | 3320       |
|    policy_gradient_loss | -0.00222   |
|    std                  | 0.992      |
|    value_loss           | 0.0799     |
----------------------------------------
---------------------------------
| rollout/           |          |
|    ep_len_mean     | 250      |
|    ep_rew_mean     | 205      |
|    success_rate    | 0        |
| time/              |          |
|    fps             | 3777     |
|    iterations      | 333      |
|    time_elapsed    | 722      |
|    total_timesteps | 2727936  |
---------------------------------
------------------------------------------
| rollout/                |              |
|    ep_len_mean          | 250          |
|    ep_rew_mean          | 205          |
|    success_rate         | 0            |
| time/                   |              |
|    fps                  | 3778         |
|    iterations           | 334          |
|    time_elapsed         | 724          |
|    total_timesteps      | 2736128      |
| train/                  |              |
|    approx_kl            | 0.0110214595 |
|    clip_fraction        | 0.116        |
|    clip_range           | 0.2          |
|    entropy_loss         | -8.29        |
|    explained_variance   | 0.919        |
|    learning_rate        | 0.0003       |
|    loss                 | 0.00479      |
|    n_updates            | 3330         |
|    policy_gradient_loss | -0.004       |
|    std                  | 0.996        |
|    value_loss           | 1.23         |
------------------------------------------
-----------------------------------------
| rollout/                |             |
|    ep_len_mean          | 250         |
|    ep_rew_mean          | 204         |
|    success_rate         | 0           |
| time/                   |             |
|    fps                  | 3779        |
|    iterations           | 335         |
|    time_elapsed         | 726         |
|    total_timesteps      | 2744320     |
| train/                  |             |
|    approx_kl            | 0.018897738 |
|    clip_fraction        | 0.216       |
|    clip_range           | 0.2         |
|    entropy_loss         | -8.31       |
|    explained_variance   | 0.917       |
|    learning_rate        | 0.0003      |
|    loss                 | -0.0433     |
|    n_updates            | 3340        |
|    policy_gradient_loss | -0.00276    |
|    std                  | 0.997       |
|    value_loss           | 0.059       |
-----------------------------------------
Eval num_timesteps=2750000, episode_reward=208.96 +/- 0.17
Episode length: 250.00 +/- 0.00
Success rate: 0.00%
-----------------------------------------
| eval/                   |             |
|    mean_ep_length       | 250         |
|    mean_reward          | 209         |
|    success_rate         | 0           |
| time/                   |             |
|    total_timesteps      | 2750000     |
| train/                  |             |
|    approx_kl            | 0.020718196 |
|    clip_fraction        | 0.168       |
|    clip_range           | 0.2         |
|    entropy_loss         | -8.32       |
|    explained_variance   | 0.67        |
|    learning_rate        | 0.0003      |
|    loss                 | 0.0858      |
|    n_updates            | 3350        |
|    policy_gradient_loss | -0.00539    |
|    std                  | 1           |
|    value_loss           | 1.05        |
-----------------------------------------
---------------------------------
| rollout/           |          |
|    ep_len_mean     | 250      |
|    ep_rew_mean     | 206      |
|    success_rate    | 0        |
| time/              |          |
|    fps             | 3777     |
|    iterations      | 336      |
|    time_elapsed    | 728      |
|    total_timesteps | 2752512  |
---------------------------------
-----------------------------------------
| rollout/                |             |
|    ep_len_mean          | 250         |
|    ep_rew_mean          | 206         |
|    success_rate         | 0           |
| time/                   |             |
|    fps                  | 3778        |
|    iterations           | 337         |
|    time_elapsed         | 730         |
|    total_timesteps      | 2760704     |
| train/                  |             |
|    approx_kl            | 0.021542316 |
|    clip_fraction        | 0.271       |
|    clip_range           | 0.2         |
|    entropy_loss         | -8.36       |
|    explained_variance   | 0.922       |
|    learning_rate        | 0.0003      |
|    loss                 | 0.0685      |
|    n_updates            | 3360        |
|    policy_gradient_loss | -0.00636    |
|    std                  | 1.01        |
|    value_loss           | 0.103       |
-----------------------------------------
-----------------------------------------
| rollout/                |             |
|    ep_len_mean          | 250         |
|    ep_rew_mean          | 206         |
|    success_rate         | 0           |
| time/                   |             |
|    fps                  | 3779        |
|    iterations           | 338         |
|    time_elapsed         | 732         |
|    total_timesteps      | 2768896     |
| train/                  |             |
|    approx_kl            | 0.012436863 |
|    clip_fraction        | 0.172       |
|    clip_range           | 0.2         |
|    entropy_loss         | -8.37       |
|    explained_variance   | 0.991       |
|    learning_rate        | 0.0003      |
|    loss                 | -0.0411     |
|    n_updates            | 3370        |
|    policy_gradient_loss | -0.00401    |
|    std                  | 1.01        |
|    value_loss           | 0.0108      |
-----------------------------------------
Eval num_timesteps=2775000, episode_reward=208.92 +/- 0.24
Episode length: 250.00 +/- 0.00
Success rate: 0.00%
-----------------------------------------
| eval/                   |             |
|    mean_ep_length       | 250         |
|    mean_reward          | 209         |
|    success_rate         | 0           |
| time/                   |             |
|    total_timesteps      | 2775000     |
| train/                  |             |
|    approx_kl            | 0.013421508 |
|    clip_fraction        | 0.172       |
|    clip_range           | 0.2         |
|    entropy_loss         | -8.36       |
|    explained_variance   | 0.986       |
|    learning_rate        | 0.0003      |
|    loss                 | -0.0502     |
|    n_updates            | 3380        |
|    policy_gradient_loss | -0.00533    |
|    std                  | 1           |
|    value_loss           | 0.0258      |
-----------------------------------------
---------------------------------
| rollout/           |          |
|    ep_len_mean     | 250      |
|    ep_rew_mean     | 207      |
|    success_rate    | 0        |
| time/              |          |
|    fps             | 3777     |
|    iterations      | 339      |
|    time_elapsed    | 735      |
|    total_timesteps | 2777088  |
---------------------------------
-----------------------------------------
| rollout/                |             |
|    ep_len_mean          | 250         |
|    ep_rew_mean          | 207         |
|    success_rate         | 0           |
| time/                   |             |
|    fps                  | 3778        |
|    iterations           | 340         |
|    time_elapsed         | 737         |
|    total_timesteps      | 2785280     |
| train/                  |             |
|    approx_kl            | 0.016711302 |
|    clip_fraction        | 0.189       |
|    clip_range           | 0.2         |
|    entropy_loss         | -8.35       |
|    explained_variance   | 0.987       |
|    learning_rate        | 0.0003      |
|    loss                 | -0.0382     |
|    n_updates            | 3390        |
|    policy_gradient_loss | -0.00471    |
|    std                  | 1           |
|    value_loss           | 0.0172      |
-----------------------------------------
-----------------------------------------
| rollout/                |             |
|    ep_len_mean          | 250         |
|    ep_rew_mean          | 207         |
|    success_rate         | 0           |
| time/                   |             |
|    fps                  | 3779        |
|    iterations           | 341         |
|    time_elapsed         | 739         |
|    total_timesteps      | 2793472     |
| train/                  |             |
|    approx_kl            | 0.010919607 |
|    clip_fraction        | 0.165       |
|    clip_range           | 0.2         |
|    entropy_loss         | -8.36       |
|    explained_variance   | 0.937       |
|    learning_rate        | 0.0003      |
|    loss                 | 0.093       |
|    n_updates            | 3400        |
|    policy_gradient_loss | -0.00532    |
|    std                  | 1.01        |
|    value_loss           | 0.11        |
-----------------------------------------
Eval num_timesteps=2800000, episode_reward=208.73 +/- 0.29
Episode length: 250.00 +/- 0.00
Success rate: 0.00%
-----------------------------------------
| eval/                   |             |
|    mean_ep_length       | 250         |
|    mean_reward          | 209         |
|    success_rate         | 0           |
| time/                   |             |
|    total_timesteps      | 2800000     |
| train/                  |             |
|    approx_kl            | 0.012543372 |
|    clip_fraction        | 0.143       |
|    clip_range           | 0.2         |
|    entropy_loss         | -8.4        |
|    explained_variance   | 0.963       |
|    learning_rate        | 0.0003      |
|    loss                 | -0.0149     |
|    n_updates            | 3410        |
|    policy_gradient_loss | -0.00409    |
|    std                  | 1.02        |
|    value_loss           | 0.059       |
-----------------------------------------
---------------------------------
| rollout/           |          |
|    ep_len_mean     | 250      |
|    ep_rew_mean     | 207      |
|    success_rate    | 0        |
| time/              |          |
|    fps             | 3777     |
|    iterations      | 342      |
|    time_elapsed    | 741      |
|    total_timesteps | 2801664  |
---------------------------------
-----------------------------------------
| rollout/                |             |
|    ep_len_mean          | 250         |
|    ep_rew_mean          | 207         |
|    success_rate         | 0           |
| time/                   |             |
|    fps                  | 3778        |
|    iterations           | 343         |
|    time_elapsed         | 743         |
|    total_timesteps      | 2809856     |
| train/                  |             |
|    approx_kl            | 0.017337684 |
|    clip_fraction        | 0.25        |
|    clip_range           | 0.2         |
|    entropy_loss         | -8.43       |
|    explained_variance   | 0.912       |
|    learning_rate        | 0.0003      |
|    loss                 | -0.0331     |
|    n_updates            | 3420        |
|    policy_gradient_loss | -0.00469    |
|    std                  | 1.02        |
|    value_loss           | 0.07        |
-----------------------------------------
-----------------------------------------
| rollout/                |             |
|    ep_len_mean          | 250         |
|    ep_rew_mean          | 205         |
|    success_rate         | 0           |
| time/                   |             |
|    fps                  | 3779        |
|    iterations           | 344         |
|    time_elapsed         | 745         |
|    total_timesteps      | 2818048     |
| train/                  |             |
|    approx_kl            | 0.016513012 |
|    clip_fraction        | 0.176       |
|    clip_range           | 0.2         |
|    entropy_loss         | -8.42       |
|    explained_variance   | 0.958       |
|    learning_rate        | 0.0003      |
|    loss                 | -0.0322     |
|    n_updates            | 3430        |
|    policy_gradient_loss | -0.00464    |
|    std                  | 1.02        |
|    value_loss           | 0.071       |
-----------------------------------------
Eval num_timesteps=2825000, episode_reward=208.91 +/- 0.20
Episode length: 250.00 +/- 0.00
Success rate: 0.00%
-----------------------------------------
| eval/                   |             |
|    mean_ep_length       | 250         |
|    mean_reward          | 209         |
|    success_rate         | 0           |
| time/                   |             |
|    total_timesteps      | 2825000     |
| train/                  |             |
|    approx_kl            | 0.009413872 |
|    clip_fraction        | 0.1         |
|    clip_range           | 0.2         |
|    entropy_loss         | -8.43       |
|    explained_variance   | 0.811       |
|    learning_rate        | 0.0003      |
|    loss                 | -0.0298     |
|    n_updates            | 3440        |
|    policy_gradient_loss | -0.00287    |
|    std                  | 1.02        |
|    value_loss           | 0.628       |
-----------------------------------------
---------------------------------
| rollout/           |          |
|    ep_len_mean     | 250      |
|    ep_rew_mean     | 205      |
|    success_rate    | 0        |
| time/              |          |
|    fps             | 3777     |
|    iterations      | 345      |
|    time_elapsed    | 748      |
|    total_timesteps | 2826240  |
---------------------------------
-----------------------------------------
| rollout/                |             |
|    ep_len_mean          | 250         |
|    ep_rew_mean          | 205         |
|    success_rate         | 0           |
| time/                   |             |
|    fps                  | 3779        |
|    iterations           | 346         |
|    time_elapsed         | 750         |
|    total_timesteps      | 2834432     |
| train/                  |             |
|    approx_kl            | 0.013326835 |
|    clip_fraction        | 0.175       |
|    clip_range           | 0.2         |
|    entropy_loss         | -8.45       |
|    explained_variance   | 0.991       |
|    learning_rate        | 0.0003      |
|    loss                 | -0.0492     |
|    n_updates            | 3450        |
|    policy_gradient_loss | -0.00369    |
|    std                  | 1.02        |
|    value_loss           | 0.00633     |
-----------------------------------------
-----------------------------------------
| rollout/                |             |
|    ep_len_mean          | 250         |
|    ep_rew_mean          | 208         |
|    success_rate         | 0           |
| time/                   |             |
|    fps                  | 3780        |
|    iterations           | 347         |
|    time_elapsed         | 751         |
|    total_timesteps      | 2842624     |
| train/                  |             |
|    approx_kl            | 0.011674394 |
|    clip_fraction        | 0.167       |
|    clip_range           | 0.2         |
|    entropy_loss         | -8.45       |
|    explained_variance   | 0.988       |
|    learning_rate        | 0.0003      |
|    loss                 | -0.0383     |
|    n_updates            | 3460        |
|    policy_gradient_loss | -0.00481    |
|    std                  | 1.02        |
|    value_loss           | 0.0143      |
-----------------------------------------
Eval num_timesteps=2850000, episode_reward=209.17 +/- 0.39
Episode length: 250.00 +/- 0.00
Success rate: 0.00%
------------------------------------------
| eval/                   |              |
|    mean_ep_length       | 250          |
|    mean_reward          | 209          |
|    success_rate         | 0            |
| time/                   |              |
|    total_timesteps      | 2850000      |
| train/                  |              |
|    approx_kl            | 0.0117757525 |
|    clip_fraction        | 0.19         |
|    clip_range           | 0.2          |
|    entropy_loss         | -8.43        |
|    explained_variance   | 0.987        |
|    learning_rate        | 0.0003       |
|    loss                 | -0.0519      |
|    n_updates            | 3470         |
|    policy_gradient_loss | -0.00507     |
|    std                  | 1.02         |
|    value_loss           | 0.0186       |
------------------------------------------
---------------------------------
| rollout/           |          |
|    ep_len_mean     | 250      |
|    ep_rew_mean     | 205      |
|    success_rate    | 0        |
| time/              |          |
|    fps             | 3778     |
|    iterations      | 348      |
|    time_elapsed    | 754      |
|    total_timesteps | 2850816  |
---------------------------------
-----------------------------------------
| rollout/                |             |
|    ep_len_mean          | 250         |
|    ep_rew_mean          | 205         |
|    success_rate         | 0           |
| time/                   |             |
|    fps                  | 3779        |
|    iterations           | 349         |
|    time_elapsed         | 756         |
|    total_timesteps      | 2859008     |
| train/                  |             |
|    approx_kl            | 0.008572177 |
|    clip_fraction        | 0.0839      |
|    clip_range           | 0.2         |
|    entropy_loss         | -8.42       |
|    explained_variance   | 0.902       |
|    learning_rate        | 0.0003      |
|    loss                 | 0.214       |
|    n_updates            | 3480        |
|    policy_gradient_loss | -0.00959    |
|    std                  | 1.02        |
|    value_loss           | 1.26        |
-----------------------------------------
-----------------------------------------
| rollout/                |             |
|    ep_len_mean          | 250         |
|    ep_rew_mean          | 205         |
|    success_rate         | 0           |
| time/                   |             |
|    fps                  | 3780        |
|    iterations           | 350         |
|    time_elapsed         | 758         |
|    total_timesteps      | 2867200     |
| train/                  |             |
|    approx_kl            | 0.009763954 |
|    clip_fraction        | 0.143       |
|    clip_range           | 0.2         |
|    entropy_loss         | -8.41       |
|    explained_variance   | 0.929       |
|    learning_rate        | 0.0003      |
|    loss                 | -0.0456     |
|    n_updates            | 3490        |
|    policy_gradient_loss | -0.00535    |
|    std                  | 1.02        |
|    value_loss           | 0.0363      |
-----------------------------------------
Eval num_timesteps=2875000, episode_reward=209.33 +/- 0.14
Episode length: 250.00 +/- 0.00
Success rate: 0.00%
-----------------------------------------
| eval/                   |             |
|    mean_ep_length       | 250         |
|    mean_reward          | 209         |
|    success_rate         | 0           |
| time/                   |             |
|    total_timesteps      | 2875000     |
| train/                  |             |
|    approx_kl            | 0.020811982 |
|    clip_fraction        | 0.184       |
|    clip_range           | 0.2         |
|    entropy_loss         | -8.37       |
|    explained_variance   | 0.983       |
|    learning_rate        | 0.0003      |
|    loss                 | -0.0586     |
|    n_updates            | 3500        |
|    policy_gradient_loss | -0.00528    |
|    std                  | 1           |
|    value_loss           | 0.0153      |
-----------------------------------------
---------------------------------
| rollout/           |          |
|    ep_len_mean     | 250      |
|    ep_rew_mean     | 206      |
|    success_rate    | 0        |
| time/              |          |
|    fps             | 3778     |
|    iterations      | 351      |
|    time_elapsed    | 761      |
|    total_timesteps | 2875392  |
---------------------------------
----------------------------------------
| rollout/                |            |
|    ep_len_mean          | 250        |
|    ep_rew_mean          | 208        |
|    success_rate         | 0          |
| time/                   |            |
|    fps                  | 3779       |
|    iterations           | 352        |
|    time_elapsed         | 762        |
|    total_timesteps      | 2883584    |
| train/                  |            |
|    approx_kl            | 0.01348592 |
|    clip_fraction        | 0.203      |
|    clip_range           | 0.2        |
|    entropy_loss         | -8.32      |
|    explained_variance   | 0.995      |
|    learning_rate        | 0.0003     |
|    loss                 | -0.0202    |
|    n_updates            | 3510       |
|    policy_gradient_loss | -0.00444   |
|    std                  | 0.999      |
|    value_loss           | 0.00844    |
----------------------------------------
-----------------------------------------
| rollout/                |             |
|    ep_len_mean          | 250         |
|    ep_rew_mean          | 206         |
|    success_rate         | 0           |
| time/                   |             |
|    fps                  | 3780        |
|    iterations           | 353         |
|    time_elapsed         | 764         |
|    total_timesteps      | 2891776     |
| train/                  |             |
|    approx_kl            | 0.014273157 |
|    clip_fraction        | 0.178       |
|    clip_range           | 0.2         |
|    entropy_loss         | -8.28       |
|    explained_variance   | 0.994       |
|    learning_rate        | 0.0003      |
|    loss                 | -0.0447     |
|    n_updates            | 3520        |
|    policy_gradient_loss | -0.00472    |
|    std                  | 0.996       |
|    value_loss           | 0.00974     |
-----------------------------------------
-----------------------------------------
| rollout/                |             |
|    ep_len_mean          | 250         |
|    ep_rew_mean          | 206         |
|    success_rate         | 0           |
| time/                   |             |
|    fps                  | 3781        |
|    iterations           | 354         |
|    time_elapsed         | 766         |
|    total_timesteps      | 2899968     |
| train/                  |             |
|    approx_kl            | 0.013763102 |
|    clip_fraction        | 0.135       |
|    clip_range           | 0.2         |
|    entropy_loss         | -8.26       |
|    explained_variance   | 0.942       |
|    learning_rate        | 0.0003      |
|    loss                 | 0.222       |
|    n_updates            | 3530        |
|    policy_gradient_loss | -0.0069     |
|    std                  | 0.995       |
|    value_loss           | 2.16        |
-----------------------------------------
Eval num_timesteps=2900000, episode_reward=208.34 +/- 1.44
Episode length: 250.00 +/- 0.00
Success rate: 0.00%
----------------------------------------
| eval/                   |            |
|    mean_ep_length       | 250        |
|    mean_reward          | 208        |
|    success_rate         | 0          |
| time/                   |            |
|    total_timesteps      | 2900000    |
| train/                  |            |
|    approx_kl            | 0.01194228 |
|    clip_fraction        | 0.178      |
|    clip_range           | 0.2        |
|    entropy_loss         | -8.27      |
|    explained_variance   | 0.552      |
|    learning_rate        | 0.0003     |
|    loss                 | 0.0954     |
|    n_updates            | 3540       |
|    policy_gradient_loss | -0.00703   |
|    std                  | 0.998      |
|    value_loss           | 0.484      |
----------------------------------------
---------------------------------
| rollout/           |          |
|    ep_len_mean     | 250      |
|    ep_rew_mean     | 206      |
|    success_rate    | 0        |
| time/              |          |
|    fps             | 3779     |
|    iterations      | 355      |
|    time_elapsed    | 769      |
|    total_timesteps | 2908160  |
---------------------------------
-----------------------------------------
| rollout/                |             |
|    ep_len_mean          | 250         |
|    ep_rew_mean          | 208         |
|    success_rate         | 0           |
| time/                   |             |
|    fps                  | 3780        |
|    iterations           | 356         |
|    time_elapsed         | 771         |
|    total_timesteps      | 2916352     |
| train/                  |             |
|    approx_kl            | 0.012917811 |
|    clip_fraction        | 0.182       |
|    clip_range           | 0.2         |
|    entropy_loss         | -8.29       |
|    explained_variance   | 0.98        |
|    learning_rate        | 0.0003      |
|    loss                 | -0.0393     |
|    n_updates            | 3550        |
|    policy_gradient_loss | -0.00459    |
|    std                  | 0.999       |
|    value_loss           | 0.024       |
-----------------------------------------
-----------------------------------------
| rollout/                |             |
|    ep_len_mean          | 250         |
|    ep_rew_mean          | 205         |
|    success_rate         | 0           |
| time/                   |             |
|    fps                  | 3781        |
|    iterations           | 357         |
|    time_elapsed         | 773         |
|    total_timesteps      | 2924544     |
| train/                  |             |
|    approx_kl            | 0.016308289 |
|    clip_fraction        | 0.183       |
|    clip_range           | 0.2         |
|    entropy_loss         | -8.31       |
|    explained_variance   | 0.741       |
|    learning_rate        | 0.0003      |
|    loss                 | 0.121       |
|    n_updates            | 3560        |
|    policy_gradient_loss | -0.006      |
|    std                  | 1           |
|    value_loss           | 0.323       |
-----------------------------------------
Eval num_timesteps=2925000, episode_reward=208.97 +/- 0.13
Episode length: 250.00 +/- 0.00
Success rate: 0.00%
------------------------------------------
| eval/                   |              |
|    mean_ep_length       | 250          |
|    mean_reward          | 209          |
|    success_rate         | 0            |
| time/                   |              |
|    total_timesteps      | 2925000      |
| train/                  |              |
|    approx_kl            | 0.0114504965 |
|    clip_fraction        | 0.13         |
|    clip_range           | 0.2          |
|    entropy_loss         | -8.33        |
|    explained_variance   | 0.897        |
|    learning_rate        | 0.0003       |
|    loss                 | -0.0322      |
|    n_updates            | 3570         |
|    policy_gradient_loss | -0.000975    |
|    std                  | 1.01         |
|    value_loss           | 0.251        |
------------------------------------------
---------------------------------
| rollout/           |          |
|    ep_len_mean     | 250      |
|    ep_rew_mean     | 205      |
|    success_rate    | 0        |
| time/              |          |
|    fps             | 3779     |
|    iterations      | 358      |
|    time_elapsed    | 776      |
|    total_timesteps | 2932736  |
---------------------------------
-----------------------------------------
| rollout/                |             |
|    ep_len_mean          | 250         |
|    ep_rew_mean          | 205         |
|    success_rate         | 0           |
| time/                   |             |
|    fps                  | 3780        |
|    iterations           | 359         |
|    time_elapsed         | 778         |
|    total_timesteps      | 2940928     |
| train/                  |             |
|    approx_kl            | 0.015330529 |
|    clip_fraction        | 0.194       |
|    clip_range           | 0.2         |
|    entropy_loss         | -8.3        |
|    explained_variance   | 0.99        |
|    learning_rate        | 0.0003      |
|    loss                 | -0.0475     |
|    n_updates            | 3580        |
|    policy_gradient_loss | -0.005      |
|    std                  | 0.996       |
|    value_loss           | 0.00805     |
-----------------------------------------
-----------------------------------------
| rollout/                |             |
|    ep_len_mean          | 250         |
|    ep_rew_mean          | 208         |
|    success_rate         | 0           |
| time/                   |             |
|    fps                  | 3781        |
|    iterations           | 360         |
|    time_elapsed         | 779         |
|    total_timesteps      | 2949120     |
| train/                  |             |
|    approx_kl            | 0.012270942 |
|    clip_fraction        | 0.179       |
|    clip_range           | 0.2         |
|    entropy_loss         | -8.25       |
|    explained_variance   | 0.986       |
|    learning_rate        | 0.0003      |
|    loss                 | -0.0507     |
|    n_updates            | 3590        |
|    policy_gradient_loss | -0.00673    |
|    std                  | 0.988       |
|    value_loss           | 0.0163      |
-----------------------------------------
Eval num_timesteps=2950000, episode_reward=208.26 +/- 0.88
Episode length: 250.00 +/- 0.00
Success rate: 0.00%
-----------------------------------------
| eval/                   |             |
|    mean_ep_length       | 250         |
|    mean_reward          | 208         |
|    success_rate         | 0           |
| time/                   |             |
|    total_timesteps      | 2950000     |
| train/                  |             |
|    approx_kl            | 0.013961164 |
|    clip_fraction        | 0.178       |
|    clip_range           | 0.2         |
|    entropy_loss         | -8.22       |
|    explained_variance   | 0.833       |
|    learning_rate        | 0.0003      |
|    loss                 | 0.0379      |
|    n_updates            | 3600        |
|    policy_gradient_loss | -0.00654    |
|    std                  | 0.986       |
|    value_loss           | 0.379       |
-----------------------------------------
---------------------------------
| rollout/           |          |
|    ep_len_mean     | 250      |
|    ep_rew_mean     | 208      |
|    success_rate    | 0        |
| time/              |          |
|    fps             | 3779     |
|    iterations      | 361      |
|    time_elapsed    | 782      |
|    total_timesteps | 2957312  |
---------------------------------
-----------------------------------------
| rollout/                |             |
|    ep_len_mean          | 250         |
|    ep_rew_mean          | 207         |
|    success_rate         | 0           |
| time/                   |             |
|    fps                  | 3780        |
|    iterations           | 362         |
|    time_elapsed         | 784         |
|    total_timesteps      | 2965504     |
| train/                  |             |
|    approx_kl            | 0.013341542 |
|    clip_fraction        | 0.158       |
|    clip_range           | 0.2         |
|    entropy_loss         | -8.22       |
|    explained_variance   | 0.983       |
|    learning_rate        | 0.0003      |
|    loss                 | -0.025      |
|    n_updates            | 3610        |
|    policy_gradient_loss | -0.0019     |
|    std                  | 0.988       |
|    value_loss           | 0.0091      |
-----------------------------------------
-----------------------------------------
| rollout/                |             |
|    ep_len_mean          | 250         |
|    ep_rew_mean          | 207         |
|    success_rate         | 0           |
| time/                   |             |
|    fps                  | 3781        |
|    iterations           | 363         |
|    time_elapsed         | 786         |
|    total_timesteps      | 2973696     |
| train/                  |             |
|    approx_kl            | 0.016447037 |
|    clip_fraction        | 0.236       |
|    clip_range           | 0.2         |
|    entropy_loss         | -8.23       |
|    explained_variance   | 0.73        |
|    learning_rate        | 0.0003      |
|    loss                 | 0.158       |
|    n_updates            | 3620        |
|    policy_gradient_loss | -0.00464    |
|    std                  | 0.993       |
|    value_loss           | 0.454       |
-----------------------------------------
Eval num_timesteps=2975000, episode_reward=208.68 +/- 0.19
Episode length: 250.00 +/- 0.00
Success rate: 0.00%
-----------------------------------------
| eval/                   |             |
|    mean_ep_length       | 250         |
|    mean_reward          | 209         |
|    success_rate         | 0           |
| time/                   |             |
|    total_timesteps      | 2975000     |
| train/                  |             |
|    approx_kl            | 0.017564137 |
|    clip_fraction        | 0.19        |
|    clip_range           | 0.2         |
|    entropy_loss         | -8.24       |
|    explained_variance   | 0.938       |
|    learning_rate        | 0.0003      |
|    loss                 | 9.56e-05    |
|    n_updates            | 3630        |
|    policy_gradient_loss | -0.00599    |
|    std                  | 0.994       |
|    value_loss           | 0.823       |
-----------------------------------------
---------------------------------
| rollout/           |          |
|    ep_len_mean     | 250      |
|    ep_rew_mean     | 207      |
|    success_rate    | 0        |
| time/              |          |
|    fps             | 3779     |
|    iterations      | 364      |
|    time_elapsed    | 788      |
|    total_timesteps | 2981888  |
---------------------------------
----------------------------------------
| rollout/                |            |
|    ep_len_mean          | 250        |
|    ep_rew_mean          | 207        |
|    success_rate         | 0          |
| time/                   |            |
|    fps                  | 3780       |
|    iterations           | 365        |
|    time_elapsed         | 790        |
|    total_timesteps      | 2990080    |
| train/                  |            |
|    approx_kl            | 0.01687321 |
|    clip_fraction        | 0.216      |
|    clip_range           | 0.2        |
|    entropy_loss         | -8.24      |
|    explained_variance   | 0.835      |
|    learning_rate        | 0.0003     |
|    loss                 | 0.00565    |
|    n_updates            | 3640       |
|    policy_gradient_loss | -0.00544   |
|    std                  | 0.993      |
|    value_loss           | 0.429      |
----------------------------------------
-----------------------------------------
| rollout/                |             |
|    ep_len_mean          | 250         |
|    ep_rew_mean          | 207         |
|    success_rate         | 0           |
| time/                   |             |
|    fps                  | 3781        |
|    iterations           | 366         |
|    time_elapsed         | 792         |
|    total_timesteps      | 2998272     |
| train/                  |             |
|    approx_kl            | 0.015136521 |
|    clip_fraction        | 0.233       |
|    clip_range           | 0.2         |
|    entropy_loss         | -8.23       |
|    explained_variance   | 0.982       |
|    learning_rate        | 0.0003      |
|    loss                 | -0.025      |
|    n_updates            | 3650        |
|    policy_gradient_loss | -0.00602    |
|    std                  | 0.99        |
|    value_loss           | 0.0225      |
-----------------------------------------
Eval num_timesteps=3000000, episode_reward=208.26 +/- 0.41
Episode length: 250.00 +/- 0.00
Success rate: 0.00%
-----------------------------------------
| eval/                   |             |
|    mean_ep_length       | 250         |
|    mean_reward          | 208         |
|    success_rate         | 0           |
| time/                   |             |
|    total_timesteps      | 3000000     |
| train/                  |             |
|    approx_kl            | 0.011862593 |
|    clip_fraction        | 0.157       |
|    clip_range           | 0.2         |
|    entropy_loss         | -8.22       |
|    explained_variance   | 0.786       |
|    learning_rate        | 0.0003      |
|    loss                 | 1.19        |
|    n_updates            | 3660        |
|    policy_gradient_loss | -0.00243    |
|    std                  | 0.992       |
|    value_loss           | 1.52        |
-----------------------------------------
---------------------------------
| rollout/           |          |
|    ep_len_mean     | 250      |
|    ep_rew_mean     | 207      |
|    success_rate    | 0        |
| time/              |          |
|    fps             | 3779     |
|    iterations      | 367      |
|    time_elapsed    | 795      |
|    total_timesteps | 3006464  |
---------------------------------
 100% ------------------ 3,006,464/3,000,000 [ 0:13:14 < 0:00:00 , 3,827 it/s ]
Saved final model to C:\Users\Haikal\Desktop\Tech Learning\so101-rl-poc\runs\ppo_v4\final.zip
C:\Users\Haikal\miniforge3\envs\so101-rl\Lib\site-packages\stable_baselines3\common\callbacks.py:419: UserWarning: Training and eval env are not of the same type<stable_baselines3.common.vec_env.subproc_vec_env.SubprocVecEnv object at 0x0000018589EE5290> != <stable_baselines3.common.vec_env.dummy_vec_env.DummyVecEnv object at 0x0000018589F2C9D0>
  warnings.warn("Training and eval env are not of the same type" f"{self.training_env} != {self.eval_env}")
