Using cpu device
Logging to C:\Users\Haikal\Desktop\Tech Learning\so101-rl-poc\runs\ppo_v5\tb\PPO_1
---------------------------------
| rollout/           |          |
|    ep_len_mean     | 250      |
|    ep_rew_mean     | -46.2    |
|    success_rate    | 0        |
| time/              |          |
|    fps             | 6828     |
|    iterations      | 1        |
|    time_elapsed    | 1        |
|    total_timesteps | 8192     |
---------------------------------
----------------------------------------
| rollout/                |            |
|    ep_len_mean          | 250        |
|    ep_rew_mean          | -39.8      |
|    success_rate         | 0          |
| time/                   |            |
|    fps                  | 4886       |
|    iterations           | 2          |
|    time_elapsed         | 3          |
|    total_timesteps      | 16384      |
| train/                  |            |
|    approx_kl            | 0.00720518 |
|    clip_fraction        | 0.101      |
|    clip_range           | 0.2        |
|    entropy_loss         | -8.52      |
|    explained_variance   | 0.00805    |
|    learning_rate        | 0.0003     |
|    loss                 | 0.707      |
|    n_updates            | 10         |
|    policy_gradient_loss | -0.00816   |
|    std                  | 1          |
|    value_loss           | 1.64       |
----------------------------------------
------------------------------------------
| rollout/                |              |
|    ep_len_mean          | 250          |
|    ep_rew_mean          | -34.9        |
|    success_rate         | 0            |
| time/                   |              |
|    fps                  | 4377         |
|    iterations           | 3            |
|    time_elapsed         | 5            |
|    total_timesteps      | 24576        |
| train/                  |              |
|    approx_kl            | 0.0076268525 |
|    clip_fraction        | 0.12         |
|    clip_range           | 0.2          |
|    entropy_loss         | -8.52        |
|    explained_variance   | 0.539        |
|    learning_rate        | 0.0003       |
|    loss                 | 2.17         |
|    n_updates            | 20           |
|    policy_gradient_loss | -0.00803     |
|    std                  | 1            |
|    value_loss           | 4.13         |
------------------------------------------
Eval num_timesteps=25000, episode_reward=-17.17 +/- 0.28
Episode length: 250.00 +/- 0.00
Success rate: 0.00%
-----------------------------------------
| eval/                   |             |
|    mean_ep_length       | 250         |
|    mean_reward          | -17.2       |
|    success_rate         | 0           |
| time/                   |             |
|    total_timesteps      | 25000       |
| train/                  |             |
|    approx_kl            | 0.012353447 |
|    clip_fraction        | 0.162       |
|    clip_range           | 0.2         |
|    entropy_loss         | -8.5        |
|    explained_variance   | 0.74        |
|    learning_rate        | 0.0003      |
|    loss                 | 1.83        |
|    n_updates            | 30          |
|    policy_gradient_loss | -0.0104     |
|    std                  | 0.996       |
|    value_loss           | 3.92        |
-----------------------------------------
New best mean reward!
---------------------------------
| rollout/           |          |
|    ep_len_mean     | 250      |
|    ep_rew_mean     | -22.5    |
|    success_rate    | 0        |
| time/              |          |
|    fps             | 3762     |
|    iterations      | 4        |
|    time_elapsed    | 8        |
|    total_timesteps | 32768    |
---------------------------------
------------------------------------------
| rollout/                |              |
|    ep_len_mean          | 250          |
|    ep_rew_mean          | -11.8        |
|    success_rate         | 0            |
| time/                   |              |
|    fps                  | 3727         |
|    iterations           | 5            |
|    time_elapsed         | 10           |
|    total_timesteps      | 40960        |
| train/                  |              |
|    approx_kl            | 0.0078051984 |
|    clip_fraction        | 0.0786       |
|    clip_range           | 0.2          |
|    entropy_loss         | -8.49        |
|    explained_variance   | 0.668        |
|    learning_rate        | 0.0003       |
|    loss                 | 4.76         |
|    n_updates            | 40           |
|    policy_gradient_loss | -0.00679     |
|    std                  | 0.997        |
|    value_loss           | 12           |
------------------------------------------
-----------------------------------------
| rollout/                |             |
|    ep_len_mean          | 250         |
|    ep_rew_mean          | 6.76        |
|    success_rate         | 0           |
| time/                   |             |
|    fps                  | 3719        |
|    iterations           | 6           |
|    time_elapsed         | 13          |
|    total_timesteps      | 49152       |
| train/                  |             |
|    approx_kl            | 0.008396872 |
|    clip_fraction        | 0.0919      |
|    clip_range           | 0.2         |
|    entropy_loss         | -8.49       |
|    explained_variance   | 0.58        |
|    learning_rate        | 0.0003      |
|    loss                 | 12.5        |
|    n_updates            | 50          |
|    policy_gradient_loss | -0.00817    |
|    std                  | 0.995       |
|    value_loss           | 19.9        |
-----------------------------------------
Eval num_timesteps=50000, episode_reward=195.53 +/- 5.23
Episode length: 250.00 +/- 0.00
Success rate: 0.00%
------------------------------------------
| eval/                   |              |
|    mean_ep_length       | 250          |
|    mean_reward          | 196          |
|    success_rate         | 0            |
| time/                   |              |
|    total_timesteps      | 50000        |
| train/                  |              |
|    approx_kl            | 0.0079454435 |
|    clip_fraction        | 0.0752       |
|    clip_range           | 0.2          |
|    entropy_loss         | -8.48        |
|    explained_variance   | 0.643        |
|    learning_rate        | 0.0003       |
|    loss                 | 11.1         |
|    n_updates            | 60           |
|    policy_gradient_loss | -0.00719     |
|    std                  | 0.994        |
|    value_loss           | 27.8         |
------------------------------------------
New best mean reward!
---------------------------------
| rollout/           |          |
|    ep_len_mean     | 250      |
|    ep_rew_mean     | 19.1     |
|    success_rate    | 0        |
| time/              |          |
|    fps             | 3560     |
|    iterations      | 7        |
|    time_elapsed    | 16       |
|    total_timesteps | 57344    |
---------------------------------
------------------------------------------
| rollout/                |              |
|    ep_len_mean          | 250          |
|    ep_rew_mean          | 35.8         |
|    success_rate         | 0            |
| time/                   |              |
|    fps                  | 3556         |
|    iterations           | 8            |
|    time_elapsed         | 18           |
|    total_timesteps      | 65536        |
| train/                  |              |
|    approx_kl            | 0.0074308123 |
|    clip_fraction        | 0.0668       |
|    clip_range           | 0.2          |
|    entropy_loss         | -8.48        |
|    explained_variance   | 0.611        |
|    learning_rate        | 0.0003       |
|    loss                 | 17.6         |
|    n_updates            | 70           |
|    policy_gradient_loss | -0.00762     |
|    std                  | 0.994        |
|    value_loss           | 40.7         |
------------------------------------------
------------------------------------------
| rollout/                |              |
|    ep_len_mean          | 250          |
|    ep_rew_mean          | 42.8         |
|    success_rate         | 0            |
| time/                   |              |
|    fps                  | 3548         |
|    iterations           | 9            |
|    time_elapsed         | 20           |
|    total_timesteps      | 73728        |
| train/                  |              |
|    approx_kl            | 0.0071657887 |
|    clip_fraction        | 0.0572       |
|    clip_range           | 0.2          |
|    entropy_loss         | -8.47        |
|    explained_variance   | 0.7          |
|    learning_rate        | 0.0003       |
|    loss                 | 15           |
|    n_updates            | 80           |
|    policy_gradient_loss | -0.00664     |
|    std                  | 0.993        |
|    value_loss           | 40           |
------------------------------------------
Eval num_timesteps=75000, episode_reward=198.98 +/- 5.79
Episode length: 250.00 +/- 0.00
Success rate: 0.00%
------------------------------------------
| eval/                   |              |
|    mean_ep_length       | 250          |
|    mean_reward          | 199          |
|    success_rate         | 0            |
| time/                   |              |
|    total_timesteps      | 75000        |
| train/                  |              |
|    approx_kl            | 0.0067974264 |
|    clip_fraction        | 0.0546       |
|    clip_range           | 0.2          |
|    entropy_loss         | -8.46        |
|    explained_variance   | 0.723        |
|    learning_rate        | 0.0003       |
|    loss                 | 18.3         |
|    n_updates            | 90           |
|    policy_gradient_loss | -0.00544     |
|    std                  | 0.991        |
|    value_loss           | 47.5         |
------------------------------------------
New best mean reward!
---------------------------------
| rollout/           |          |
|    ep_len_mean     | 250      |
|    ep_rew_mean     | 52.2     |
|    success_rate    | 0        |
| time/              |          |
|    fps             | 3457     |
|    iterations      | 10       |
|    time_elapsed    | 23       |
|    total_timesteps | 81920    |
---------------------------------
------------------------------------------
| rollout/                |              |
|    ep_len_mean          | 250          |
|    ep_rew_mean          | 66.1         |
|    success_rate         | 0            |
| time/                   |              |
|    fps                  | 3467         |
|    iterations           | 11           |
|    time_elapsed         | 25           |
|    total_timesteps      | 90112        |
| train/                  |              |
|    approx_kl            | 0.0077192197 |
|    clip_fraction        | 0.0697       |
|    clip_range           | 0.2          |
|    entropy_loss         | -8.45        |
|    explained_variance   | 0.755        |
|    learning_rate        | 0.0003       |
|    loss                 | 24.5         |
|    n_updates            | 100          |
|    policy_gradient_loss | -0.00535     |
|    std                  | 0.991        |
|    value_loss           | 49.5         |
------------------------------------------
------------------------------------------
| rollout/                |              |
|    ep_len_mean          | 250          |
|    ep_rew_mean          | 70.7         |
|    success_rate         | 0            |
| time/                   |              |
|    fps                  | 3484         |
|    iterations           | 12           |
|    time_elapsed         | 28           |
|    total_timesteps      | 98304        |
| train/                  |              |
|    approx_kl            | 0.0087995455 |
|    clip_fraction        | 0.0773       |
|    clip_range           | 0.2          |
|    entropy_loss         | -8.45        |
|    explained_variance   | 0.727        |
|    learning_rate        | 0.0003       |
|    loss                 | 20.1         |
|    n_updates            | 110          |
|    policy_gradient_loss | -0.00744     |
|    std                  | 0.989        |
|    value_loss           | 48.7         |
------------------------------------------
Eval num_timesteps=100000, episode_reward=216.54 +/- 9.49
Episode length: 250.00 +/- 0.00
Success rate: 0.00%
----------------------------------------
| eval/                   |            |
|    mean_ep_length       | 250        |
|    mean_reward          | 217        |
|    success_rate         | 0          |
| time/                   |            |
|    total_timesteps      | 100000     |
| train/                  |            |
|    approx_kl            | 0.00860457 |
|    clip_fraction        | 0.0694     |
|    clip_range           | 0.2        |
|    entropy_loss         | -8.44      |
|    explained_variance   | 0.821      |
|    learning_rate        | 0.0003     |
|    loss                 | 20.6       |
|    n_updates            | 120        |
|    policy_gradient_loss | -0.00657   |
|    std                  | 0.988      |
|    value_loss           | 52.5       |
----------------------------------------
New best mean reward!
---------------------------------
| rollout/           |          |
|    ep_len_mean     | 250      |
|    ep_rew_mean     | 68.9     |
|    success_rate    | 0        |
| time/              |          |
|    fps             | 3453     |
|    iterations      | 13       |
|    time_elapsed    | 30       |
|    total_timesteps | 106496   |
---------------------------------
----------------------------------------
| rollout/                |            |
|    ep_len_mean          | 250        |
|    ep_rew_mean          | 65.8       |
|    success_rate         | 0          |
| time/                   |            |
|    fps                  | 3491       |
|    iterations           | 14         |
|    time_elapsed         | 32         |
|    total_timesteps      | 114688     |
| train/                  |            |
|    approx_kl            | 0.00868188 |
|    clip_fraction        | 0.097      |
|    clip_range           | 0.2        |
|    entropy_loss         | -8.44      |
|    explained_variance   | 0.813      |
|    learning_rate        | 0.0003     |
|    loss                 | 23.5       |
|    n_updates            | 130        |
|    policy_gradient_loss | -0.00816   |
|    std                  | 0.989      |
|    value_loss           | 56.8       |
----------------------------------------
------------------------------------------
| rollout/                |              |
|    ep_len_mean          | 250          |
|    ep_rew_mean          | 73           |
|    success_rate         | 0            |
| time/                   |              |
|    fps                  | 3518         |
|    iterations           | 15           |
|    time_elapsed         | 34           |
|    total_timesteps      | 122880       |
| train/                  |              |
|    approx_kl            | 0.0072609745 |
|    clip_fraction        | 0.0713       |
|    clip_range           | 0.2          |
|    entropy_loss         | -8.45        |
|    explained_variance   | 0.844        |
|    learning_rate        | 0.0003       |
|    loss                 | 27.6         |
|    n_updates            | 140          |
|    policy_gradient_loss | -0.00577     |
|    std                  | 0.991        |
|    value_loss           | 54.1         |
------------------------------------------
Eval num_timesteps=125000, episode_reward=170.60 +/- 52.47
Episode length: 250.00 +/- 0.00
Success rate: 0.00%
----------------------------------------
| eval/                   |            |
|    mean_ep_length       | 250        |
|    mean_reward          | 171        |
|    success_rate         | 0          |
| time/                   |            |
|    total_timesteps      | 125000     |
| train/                  |            |
|    approx_kl            | 0.00918808 |
|    clip_fraction        | 0.106      |
|    clip_range           | 0.2        |
|    entropy_loss         | -8.46      |
|    explained_variance   | 0.834      |
|    learning_rate        | 0.0003     |
|    loss                 | 23.5       |
|    n_updates            | 150        |
|    policy_gradient_loss | -0.0075    |
|    std                  | 0.992      |
|    value_loss           | 48.9       |
----------------------------------------
---------------------------------
| rollout/           |          |
|    ep_len_mean     | 250      |
|    ep_rew_mean     | 79.2     |
|    success_rate    | 0        |
| time/              |          |
|    fps             | 3488     |
|    iterations      | 16       |
|    time_elapsed    | 37       |
|    total_timesteps | 131072   |
---------------------------------
-----------------------------------------
| rollout/                |             |
|    ep_len_mean          | 250         |
|    ep_rew_mean          | 101         |
|    success_rate         | 0           |
| time/                   |             |
|    fps                  | 3514        |
|    iterations           | 17          |
|    time_elapsed         | 39          |
|    total_timesteps      | 139264      |
| train/                  |             |
|    approx_kl            | 0.008079439 |
|    clip_fraction        | 0.0882      |
|    clip_range           | 0.2         |
|    entropy_loss         | -8.46       |
|    explained_variance   | 0.856       |
|    learning_rate        | 0.0003      |
|    loss                 | 20.9        |
|    n_updates            | 160         |
|    policy_gradient_loss | -0.00711    |
|    std                  | 0.992       |
|    value_loss           | 54.4        |
-----------------------------------------
-----------------------------------------
| rollout/                |             |
|    ep_len_mean          | 250         |
|    ep_rew_mean          | 107         |
|    success_rate         | 0           |
| time/                   |             |
|    fps                  | 3535        |
|    iterations           | 18          |
|    time_elapsed         | 41          |
|    total_timesteps      | 147456      |
| train/                  |             |
|    approx_kl            | 0.009380101 |
|    clip_fraction        | 0.122       |
|    clip_range           | 0.2         |
|    entropy_loss         | -8.46       |
|    explained_variance   | 0.835       |
|    learning_rate        | 0.0003      |
|    loss                 | 27.5        |
|    n_updates            | 170         |
|    policy_gradient_loss | -0.0091     |
|    std                  | 0.99        |
|    value_loss           | 57.8        |
-----------------------------------------
Eval num_timesteps=150000, episode_reward=219.80 +/- 13.71
Episode length: 250.00 +/- 0.00
Success rate: 0.00%
-----------------------------------------
| eval/                   |             |
|    mean_ep_length       | 250         |
|    mean_reward          | 220         |
|    success_rate         | 0           |
| time/                   |             |
|    total_timesteps      | 150000      |
| train/                  |             |
|    approx_kl            | 0.007934209 |
|    clip_fraction        | 0.0991      |
|    clip_range           | 0.2         |
|    entropy_loss         | -8.46       |
|    explained_variance   | 0.817       |
|    learning_rate        | 0.0003      |
|    loss                 | 30.4        |
|    n_updates            | 180         |
|    policy_gradient_loss | -0.00655    |
|    std                  | 0.993       |
|    value_loss           | 64.2        |
-----------------------------------------
New best mean reward!
---------------------------------
| rollout/           |          |
|    ep_len_mean     | 250      |
|    ep_rew_mean     | 114      |
|    success_rate    | 0        |
| time/              |          |
|    fps             | 3510     |
|    iterations      | 19       |
|    time_elapsed    | 44       |
|    total_timesteps | 155648   |
---------------------------------
-----------------------------------------
| rollout/                |             |
|    ep_len_mean          | 250         |
|    ep_rew_mean          | 108         |
|    success_rate         | 0           |
| time/                   |             |
|    fps                  | 3530        |
|    iterations           | 20          |
|    time_elapsed         | 46          |
|    total_timesteps      | 163840      |
| train/                  |             |
|    approx_kl            | 0.009352604 |
|    clip_fraction        | 0.102       |
|    clip_range           | 0.2         |
|    entropy_loss         | -8.48       |
|    explained_variance   | 0.809       |
|    learning_rate        | 0.0003      |
|    loss                 | 25.9        |
|    n_updates            | 190         |
|    policy_gradient_loss | -0.00647    |
|    std                  | 0.995       |
|    value_loss           | 62.3        |
-----------------------------------------
-----------------------------------------
| rollout/                |             |
|    ep_len_mean          | 250         |
|    ep_rew_mean          | 102         |
|    success_rate         | 0           |
| time/                   |             |
|    fps                  | 3549        |
|    iterations           | 21          |
|    time_elapsed         | 48          |
|    total_timesteps      | 172032      |
| train/                  |             |
|    approx_kl            | 0.010722883 |
|    clip_fraction        | 0.0864      |
|    clip_range           | 0.2         |
|    entropy_loss         | -8.48       |
|    explained_variance   | 0.85        |
|    learning_rate        | 0.0003      |
|    loss                 | 29.5        |
|    n_updates            | 200         |
|    policy_gradient_loss | -0.00518    |
|    std                  | 0.994       |
|    value_loss           | 55.3        |
-----------------------------------------
Eval num_timesteps=175000, episode_reward=215.63 +/- 6.36
Episode length: 250.00 +/- 0.00
Success rate: 0.00%
-----------------------------------------
| eval/                   |             |
|    mean_ep_length       | 250         |
|    mean_reward          | 216         |
|    success_rate         | 0           |
| time/                   |             |
|    total_timesteps      | 175000      |
| train/                  |             |
|    approx_kl            | 0.009654845 |
|    clip_fraction        | 0.103       |
|    clip_range           | 0.2         |
|    entropy_loss         | -8.46       |
|    explained_variance   | 0.832       |
|    learning_rate        | 0.0003      |
|    loss                 | 25.6        |
|    n_updates            | 210         |
|    policy_gradient_loss | -0.00592    |
|    std                  | 0.991       |
|    value_loss           | 64          |
-----------------------------------------
---------------------------------
| rollout/           |          |
|    ep_len_mean     | 250      |
|    ep_rew_mean     | 109      |
|    success_rate    | 0        |
| time/              |          |
|    fps             | 3526     |
|    iterations      | 22       |
|    time_elapsed    | 51       |
|    total_timesteps | 180224   |
---------------------------------
-----------------------------------------
| rollout/                |             |
|    ep_len_mean          | 250         |
|    ep_rew_mean          | 125         |
|    success_rate         | 0           |
| time/                   |             |
|    fps                  | 3545        |
|    iterations           | 23          |
|    time_elapsed         | 53          |
|    total_timesteps      | 188416      |
| train/                  |             |
|    approx_kl            | 0.009688511 |
|    clip_fraction        | 0.118       |
|    clip_range           | 0.2         |
|    entropy_loss         | -8.46       |
|    explained_variance   | 0.845       |
|    learning_rate        | 0.0003      |
|    loss                 | 21.6        |
|    n_updates            | 220         |
|    policy_gradient_loss | -0.00683    |
|    std                  | 0.991       |
|    value_loss           | 54.8        |
-----------------------------------------
-----------------------------------------
| rollout/                |             |
|    ep_len_mean          | 250         |
|    ep_rew_mean          | 132         |
|    success_rate         | 0           |
| time/                   |             |
|    fps                  | 3562        |
|    iterations           | 24          |
|    time_elapsed         | 55          |
|    total_timesteps      | 196608      |
| train/                  |             |
|    approx_kl            | 0.008019017 |
|    clip_fraction        | 0.116       |
|    clip_range           | 0.2         |
|    entropy_loss         | -8.46       |
|    explained_variance   | 0.803       |
|    learning_rate        | 0.0003      |
|    loss                 | 33.7        |
|    n_updates            | 230         |
|    policy_gradient_loss | -0.00525    |
|    std                  | 0.992       |
|    value_loss           | 50.4        |
-----------------------------------------
Eval num_timesteps=200000, episode_reward=221.67 +/- 11.26
Episode length: 250.00 +/- 0.00
Success rate: 0.00%
------------------------------------------
| eval/                   |              |
|    mean_ep_length       | 250          |
|    mean_reward          | 222          |
|    success_rate         | 0            |
| time/                   |              |
|    total_timesteps      | 200000       |
| train/                  |              |
|    approx_kl            | 0.0090316795 |
|    clip_fraction        | 0.109        |
|    clip_range           | 0.2          |
|    entropy_loss         | -8.46        |
|    explained_variance   | 0.852        |
|    learning_rate        | 0.0003       |
|    loss                 | 19.9         |
|    n_updates            | 240          |
|    policy_gradient_loss | -0.00599     |
|    std                  | 0.991        |
|    value_loss           | 47.4         |
------------------------------------------
New best mean reward!
---------------------------------
| rollout/           |          |
|    ep_len_mean     | 250      |
|    ep_rew_mean     | 139      |
|    success_rate    | 0        |
| time/              |          |
|    fps             | 3542     |
|    iterations      | 25       |
|    time_elapsed    | 57       |
|    total_timesteps | 204800   |
---------------------------------
-----------------------------------------
| rollout/                |             |
|    ep_len_mean          | 250         |
|    ep_rew_mean          | 148         |
|    success_rate         | 0           |
| time/                   |             |
|    fps                  | 3558        |
|    iterations           | 26          |
|    time_elapsed         | 59          |
|    total_timesteps      | 212992      |
| train/                  |             |
|    approx_kl            | 0.009738836 |
|    clip_fraction        | 0.11        |
|    clip_range           | 0.2         |
|    entropy_loss         | -8.45       |
|    explained_variance   | 0.805       |
|    learning_rate        | 0.0003      |
|    loss                 | 20.8        |
|    n_updates            | 250         |
|    policy_gradient_loss | -0.00639    |
|    std                  | 0.99        |
|    value_loss           | 40.4        |
-----------------------------------------
-----------------------------------------
| rollout/                |             |
|    ep_len_mean          | 250         |
|    ep_rew_mean          | 160         |
|    success_rate         | 0           |
| time/                   |             |
|    fps                  | 3571        |
|    iterations           | 27          |
|    time_elapsed         | 61          |
|    total_timesteps      | 221184      |
| train/                  |             |
|    approx_kl            | 0.010155181 |
|    clip_fraction        | 0.111       |
|    clip_range           | 0.2         |
|    entropy_loss         | -8.43       |
|    explained_variance   | 0.825       |
|    learning_rate        | 0.0003      |
|    loss                 | 16.1        |
|    n_updates            | 260         |
|    policy_gradient_loss | -0.00656    |
|    std                  | 0.987       |
|    value_loss           | 40.7        |
-----------------------------------------
Eval num_timesteps=225000, episode_reward=206.51 +/- 37.25
Episode length: 250.00 +/- 0.00
Success rate: 0.00%
-----------------------------------------
| eval/                   |             |
|    mean_ep_length       | 250         |
|    mean_reward          | 207         |
|    success_rate         | 0           |
| time/                   |             |
|    total_timesteps      | 225000      |
| train/                  |             |
|    approx_kl            | 0.011512497 |
|    clip_fraction        | 0.119       |
|    clip_range           | 0.2         |
|    entropy_loss         | -8.43       |
|    explained_variance   | 0.822       |
|    learning_rate        | 0.0003      |
|    loss                 | 18.7        |
|    n_updates            | 270         |
|    policy_gradient_loss | -0.00589    |
|    std                  | 0.988       |
|    value_loss           | 41.2        |
-----------------------------------------
---------------------------------
| rollout/           |          |
|    ep_len_mean     | 250      |
|    ep_rew_mean     | 166      |
|    success_rate    | 0        |
| time/              |          |
|    fps             | 3554     |
|    iterations      | 28       |
|    time_elapsed    | 64       |
|    total_timesteps | 229376   |
---------------------------------
-----------------------------------------
| rollout/                |             |
|    ep_len_mean          | 250         |
|    ep_rew_mean          | 162         |
|    success_rate         | 0           |
| time/                   |             |
|    fps                  | 3566        |
|    iterations           | 29          |
|    time_elapsed         | 66          |
|    total_timesteps      | 237568      |
| train/                  |             |
|    approx_kl            | 0.009301651 |
|    clip_fraction        | 0.102       |
|    clip_range           | 0.2         |
|    entropy_loss         | -8.44       |
|    explained_variance   | 0.798       |
|    learning_rate        | 0.0003      |
|    loss                 | 31.2        |
|    n_updates            | 280         |
|    policy_gradient_loss | -0.0058     |
|    std                  | 0.99        |
|    value_loss           | 59.4        |
-----------------------------------------
-----------------------------------------
| rollout/                |             |
|    ep_len_mean          | 250         |
|    ep_rew_mean          | 165         |
|    success_rate         | 0           |
| time/                   |             |
|    fps                  | 3580        |
|    iterations           | 30          |
|    time_elapsed         | 68          |
|    total_timesteps      | 245760      |
| train/                  |             |
|    approx_kl            | 0.008884374 |
|    clip_fraction        | 0.11        |
|    clip_range           | 0.2         |
|    entropy_loss         | -8.46       |
|    explained_variance   | 0.893       |
|    learning_rate        | 0.0003      |
|    loss                 | 14.7        |
|    n_updates            | 290         |
|    policy_gradient_loss | -0.0067     |
|    std                  | 0.993       |
|    value_loss           | 33.9        |
-----------------------------------------
Eval num_timesteps=250000, episode_reward=230.52 +/- 16.70
Episode length: 250.00 +/- 0.00
Success rate: 0.00%
-----------------------------------------
| eval/                   |             |
|    mean_ep_length       | 250         |
|    mean_reward          | 231         |
|    success_rate         | 0           |
| time/                   |             |
|    total_timesteps      | 250000      |
| train/                  |             |
|    approx_kl            | 0.009441866 |
|    clip_fraction        | 0.117       |
|    clip_range           | 0.2         |
|    entropy_loss         | -8.46       |
|    explained_variance   | 0.855       |
|    learning_rate        | 0.0003      |
|    loss                 | 17.8        |
|    n_updates            | 300         |
|    policy_gradient_loss | -0.00646    |
|    std                  | 0.992       |
|    value_loss           | 38          |
-----------------------------------------
New best mean reward!
---------------------------------
| rollout/           |          |
|    ep_len_mean     | 250      |
|    ep_rew_mean     | 159      |
|    success_rate    | 0        |
| time/              |          |
|    fps             | 3565     |
|    iterations      | 31       |
|    time_elapsed    | 71       |
|    total_timesteps | 253952   |
---------------------------------
-----------------------------------------
| rollout/                |             |
|    ep_len_mean          | 250         |
|    ep_rew_mean          | 162         |
|    success_rate         | 0           |
| time/                   |             |
|    fps                  | 3579        |
|    iterations           | 32          |
|    time_elapsed         | 73          |
|    total_timesteps      | 262144      |
| train/                  |             |
|    approx_kl            | 0.008693118 |
|    clip_fraction        | 0.111       |
|    clip_range           | 0.2         |
|    entropy_loss         | -8.46       |
|    explained_variance   | 0.869       |
|    learning_rate        | 0.0003      |
|    loss                 | 11.5        |
|    n_updates            | 310         |
|    policy_gradient_loss | -0.00386    |
|    std                  | 0.992       |
|    value_loss           | 29.6        |
-----------------------------------------
-----------------------------------------
| rollout/                |             |
|    ep_len_mean          | 250         |
|    ep_rew_mean          | 167         |
|    success_rate         | 0           |
| time/                   |             |
|    fps                  | 3593        |
|    iterations           | 33          |
|    time_elapsed         | 75          |
|    total_timesteps      | 270336      |
| train/                  |             |
|    approx_kl            | 0.009694593 |
|    clip_fraction        | 0.0973      |
|    clip_range           | 0.2         |
|    entropy_loss         | -8.46       |
|    explained_variance   | 0.852       |
|    learning_rate        | 0.0003      |
|    loss                 | 17.6        |
|    n_updates            | 320         |
|    policy_gradient_loss | -0.00454    |
|    std                  | 0.993       |
|    value_loss           | 43.6        |
-----------------------------------------
Eval num_timesteps=275000, episode_reward=211.71 +/- 4.91
Episode length: 250.00 +/- 0.00
Success rate: 0.00%
-----------------------------------------
| eval/                   |             |
|    mean_ep_length       | 250         |
|    mean_reward          | 212         |
|    success_rate         | 0           |
| time/                   |             |
|    total_timesteps      | 275000      |
| train/                  |             |
|    approx_kl            | 0.010415431 |
|    clip_fraction        | 0.127       |
|    clip_range           | 0.2         |
|    entropy_loss         | -8.49       |
|    explained_variance   | 0.875       |
|    learning_rate        | 0.0003      |
|    loss                 | 8.7         |
|    n_updates            | 330         |
|    policy_gradient_loss | -0.00602    |
|    std                  | 1           |
|    value_loss           | 30          |
-----------------------------------------
---------------------------------
| rollout/           |          |
|    ep_len_mean     | 250      |
|    ep_rew_mean     | 165      |
|    success_rate    | 0        |
| time/              |          |
|    fps             | 3579     |
|    iterations      | 34       |
|    time_elapsed    | 77       |
|    total_timesteps | 278528   |
---------------------------------
-----------------------------------------
| rollout/                |             |
|    ep_len_mean          | 250         |
|    ep_rew_mean          | 174         |
|    success_rate         | 0           |
| time/                   |             |
|    fps                  | 3589        |
|    iterations           | 35          |
|    time_elapsed         | 79          |
|    total_timesteps      | 286720      |
| train/                  |             |
|    approx_kl            | 0.009241352 |
|    clip_fraction        | 0.113       |
|    clip_range           | 0.2         |
|    entropy_loss         | -8.51       |
|    explained_variance   | 0.868       |
|    learning_rate        | 0.0003      |
|    loss                 | 16.8        |
|    n_updates            | 340         |
|    policy_gradient_loss | -0.00568    |
|    std                  | 1           |
|    value_loss           | 35.6        |
-----------------------------------------
-----------------------------------------
| rollout/                |             |
|    ep_len_mean          | 250         |
|    ep_rew_mean          | 179         |
|    success_rate         | 0           |
| time/                   |             |
|    fps                  | 3599        |
|    iterations           | 36          |
|    time_elapsed         | 81          |
|    total_timesteps      | 294912      |
| train/                  |             |
|    approx_kl            | 0.008097246 |
|    clip_fraction        | 0.115       |
|    clip_range           | 0.2         |
|    entropy_loss         | -8.51       |
|    explained_variance   | 0.819       |
|    learning_rate        | 0.0003      |
|    loss                 | 12.3        |
|    n_updates            | 350         |
|    policy_gradient_loss | -0.00412    |
|    std                  | 1           |
|    value_loss           | 28.5        |
-----------------------------------------
Eval num_timesteps=300000, episode_reward=222.60 +/- 16.66
Episode length: 250.00 +/- 0.00
Success rate: 0.00%
-----------------------------------------
| eval/                   |             |
|    mean_ep_length       | 250         |
|    mean_reward          | 223         |
|    success_rate         | 0           |
| time/                   |             |
|    total_timesteps      | 300000      |
| train/                  |             |
|    approx_kl            | 0.009073392 |
|    clip_fraction        | 0.0992      |
|    clip_range           | 0.2         |
|    entropy_loss         | -8.51       |
|    explained_variance   | 0.769       |
|    learning_rate        | 0.0003      |
|    loss                 | 18.2        |
|    n_updates            | 360         |
|    policy_gradient_loss | -0.00465    |
|    std                  | 1           |
|    value_loss           | 60.4        |
-----------------------------------------
---------------------------------
| rollout/           |          |
|    ep_len_mean     | 250      |
|    ep_rew_mean     | 187      |
|    success_rate    | 0        |
| time/              |          |
|    fps             | 3587     |
|    iterations      | 37       |
|    time_elapsed    | 84       |
|    total_timesteps | 303104   |
---------------------------------
-----------------------------------------
| rollout/                |             |
|    ep_len_mean          | 250         |
|    ep_rew_mean          | 185         |
|    success_rate         | 0           |
| time/                   |             |
|    fps                  | 3600        |
|    iterations           | 38          |
|    time_elapsed         | 86          |
|    total_timesteps      | 311296      |
| train/                  |             |
|    approx_kl            | 0.010098907 |
|    clip_fraction        | 0.119       |
|    clip_range           | 0.2         |
|    entropy_loss         | -8.5        |
|    explained_variance   | 0.907       |
|    learning_rate        | 0.0003      |
|    loss                 | 13.5        |
|    n_updates            | 370         |
|    policy_gradient_loss | -0.00518    |
|    std                  | 0.999       |
|    value_loss           | 23.8        |
-----------------------------------------
-----------------------------------------
| rollout/                |             |
|    ep_len_mean          | 250         |
|    ep_rew_mean          | 183         |
|    success_rate         | 0           |
| time/                   |             |
|    fps                  | 3611        |
|    iterations           | 39          |
|    time_elapsed         | 88          |
|    total_timesteps      | 319488      |
| train/                  |             |
|    approx_kl            | 0.009784107 |
|    clip_fraction        | 0.107       |
|    clip_range           | 0.2         |
|    entropy_loss         | -8.52       |
|    explained_variance   | 0.79        |
|    learning_rate        | 0.0003      |
|    loss                 | 6.84        |
|    n_updates            | 380         |
|    policy_gradient_loss | -0.00449    |
|    std                  | 1           |
|    value_loss           | 18.9        |
-----------------------------------------
Eval num_timesteps=325000, episode_reward=221.68 +/- 15.87
Episode length: 250.00 +/- 0.00
Success rate: 0.00%
-----------------------------------------
| eval/                   |             |
|    mean_ep_length       | 250         |
|    mean_reward          | 222         |
|    success_rate         | 0           |
| time/                   |             |
|    total_timesteps      | 325000      |
| train/                  |             |
|    approx_kl            | 0.011056105 |
|    clip_fraction        | 0.117       |
|    clip_range           | 0.2         |
|    entropy_loss         | -8.52       |
|    explained_variance   | 0.852       |
|    learning_rate        | 0.0003      |
|    loss                 | 7.65        |
|    n_updates            | 390         |
|    policy_gradient_loss | -0.00393    |
|    std                  | 1           |
|    value_loss           | 20          |
-----------------------------------------
---------------------------------
| rollout/           |          |
|    ep_len_mean     | 250      |
|    ep_rew_mean     | 184      |
|    success_rate    | 0        |
| time/              |          |
|    fps             | 3602     |
|    iterations      | 40       |
|    time_elapsed    | 90       |
|    total_timesteps | 327680   |
---------------------------------
----------------------------------------
| rollout/                |            |
|    ep_len_mean          | 250        |
|    ep_rew_mean          | 181        |
|    success_rate         | 0          |
| time/                   |            |
|    fps                  | 3614       |
|    iterations           | 41         |
|    time_elapsed         | 92         |
|    total_timesteps      | 335872     |
| train/                  |            |
|    approx_kl            | 0.01033963 |
|    clip_fraction        | 0.133      |
|    clip_range           | 0.2        |
|    entropy_loss         | -8.51      |
|    explained_variance   | 0.847      |
|    learning_rate        | 0.0003     |
|    loss                 | 11.3       |
|    n_updates            | 400        |
|    policy_gradient_loss | -0.00548   |
|    std                  | 0.999      |
|    value_loss           | 17.6       |
----------------------------------------
-----------------------------------------
| rollout/                |             |
|    ep_len_mean          | 250         |
|    ep_rew_mean          | 177         |
|    success_rate         | 0           |
| time/                   |             |
|    fps                  | 3625        |
|    iterations           | 42          |
|    time_elapsed         | 94          |
|    total_timesteps      | 344064      |
| train/                  |             |
|    approx_kl            | 0.008518938 |
|    clip_fraction        | 0.0928      |
|    clip_range           | 0.2         |
|    entropy_loss         | -8.51       |
|    explained_variance   | 0.877       |
|    learning_rate        | 0.0003      |
|    loss                 | 11.1        |
|    n_updates            | 410         |
|    policy_gradient_loss | -0.00281    |
|    std                  | 1           |
|    value_loss           | 24.8        |
-----------------------------------------
Eval num_timesteps=350000, episode_reward=223.44 +/- 16.90
Episode length: 250.00 +/- 0.00
Success rate: 0.00%
----------------------------------------
| eval/                   |            |
|    mean_ep_length       | 250        |
|    mean_reward          | 223        |
|    success_rate         | 0          |
| time/                   |            |
|    total_timesteps      | 350000     |
| train/                  |            |
|    approx_kl            | 0.01067229 |
|    clip_fraction        | 0.12       |
|    clip_range           | 0.2        |
|    entropy_loss         | -8.5       |
|    explained_variance   | 0.889      |
|    learning_rate        | 0.0003     |
|    loss                 | 6.69       |
|    n_updates            | 420        |
|    policy_gradient_loss | -0.00436   |
|    std                  | 0.997      |
|    value_loss           | 23         |
----------------------------------------
---------------------------------
| rollout/           |          |
|    ep_len_mean     | 250      |
|    ep_rew_mean     | 173      |
|    success_rate    | 0        |
| time/              |          |
|    fps             | 3613     |
|    iterations      | 43       |
|    time_elapsed    | 97       |
|    total_timesteps | 352256   |
---------------------------------
------------------------------------------
| rollout/                |              |
|    ep_len_mean          | 250          |
|    ep_rew_mean          | 183          |
|    success_rate         | 0            |
| time/                   |              |
|    fps                  | 3624         |
|    iterations           | 44           |
|    time_elapsed         | 99           |
|    total_timesteps      | 360448       |
| train/                  |              |
|    approx_kl            | 0.0098861875 |
|    clip_fraction        | 0.112        |
|    clip_range           | 0.2          |
|    entropy_loss         | -8.5         |
|    explained_variance   | 0.875        |
|    learning_rate        | 0.0003       |
|    loss                 | 8.17         |
|    n_updates            | 430          |
|    policy_gradient_loss | -0.00503     |
|    std                  | 0.998        |
|    value_loss           | 20.9         |
------------------------------------------
-----------------------------------------
| rollout/                |             |
|    ep_len_mean          | 250         |
|    ep_rew_mean          | 188         |
|    success_rate         | 0           |
| time/                   |             |
|    fps                  | 3634        |
|    iterations           | 45          |
|    time_elapsed         | 101         |
|    total_timesteps      | 368640      |
| train/                  |             |
|    approx_kl            | 0.010296019 |
|    clip_fraction        | 0.13        |
|    clip_range           | 0.2         |
|    entropy_loss         | -8.49       |
|    explained_variance   | 0.886       |
|    learning_rate        | 0.0003      |
|    loss                 | 5.18        |
|    n_updates            | 440         |
|    policy_gradient_loss | -0.00552    |
|    std                  | 0.998       |
|    value_loss           | 13.9        |
-----------------------------------------
Eval num_timesteps=375000, episode_reward=217.19 +/- 13.07
Episode length: 250.00 +/- 0.00
Success rate: 0.00%
------------------------------------------
| eval/                   |              |
|    mean_ep_length       | 250          |
|    mean_reward          | 217          |
|    success_rate         | 0            |
| time/                   |              |
|    total_timesteps      | 375000       |
| train/                  |              |
|    approx_kl            | 0.0107957665 |
|    clip_fraction        | 0.13         |
|    clip_range           | 0.2          |
|    entropy_loss         | -8.5         |
|    explained_variance   | 0.867        |
|    learning_rate        | 0.0003       |
|    loss                 | 6.2          |
|    n_updates            | 450          |
|    policy_gradient_loss | -0.00505     |
|    std                  | 1            |
|    value_loss           | 13.4         |
------------------------------------------
---------------------------------
| rollout/           |          |
|    ep_len_mean     | 250      |
|    ep_rew_mean     | 186      |
|    success_rate    | 0        |
| time/              |          |
|    fps             | 3623     |
|    iterations      | 46       |
|    time_elapsed    | 103      |
|    total_timesteps | 376832   |
---------------------------------
-----------------------------------------
| rollout/                |             |
|    ep_len_mean          | 250         |
|    ep_rew_mean          | 183         |
|    success_rate         | 0           |
| time/                   |             |
|    fps                  | 3632        |
|    iterations           | 47          |
|    time_elapsed         | 106         |
|    total_timesteps      | 385024      |
| train/                  |             |
|    approx_kl            | 0.010196172 |
|    clip_fraction        | 0.13        |
|    clip_range           | 0.2         |
|    entropy_loss         | -8.52       |
|    explained_variance   | 0.896       |
|    learning_rate        | 0.0003      |
|    loss                 | 9.72        |
|    n_updates            | 460         |
|    policy_gradient_loss | -0.00809    |
|    std                  | 1           |
|    value_loss           | 28.2        |
-----------------------------------------
-----------------------------------------
| rollout/                |             |
|    ep_len_mean          | 250         |
|    ep_rew_mean          | 186         |
|    success_rate         | 0           |
| time/                   |             |
|    fps                  | 3641        |
|    iterations           | 48          |
|    time_elapsed         | 107         |
|    total_timesteps      | 393216      |
| train/                  |             |
|    approx_kl            | 0.007938898 |
|    clip_fraction        | 0.0959      |
|    clip_range           | 0.2         |
|    entropy_loss         | -8.51       |
|    explained_variance   | 0.902       |
|    learning_rate        | 0.0003      |
|    loss                 | 15.9        |
|    n_updates            | 470         |
|    policy_gradient_loss | -0.00482    |
|    std                  | 1           |
|    value_loss           | 26.9        |
-----------------------------------------
Eval num_timesteps=400000, episode_reward=224.28 +/- 9.26
Episode length: 250.00 +/- 0.00
Success rate: 0.00%
-----------------------------------------
| eval/                   |             |
|    mean_ep_length       | 250         |
|    mean_reward          | 224         |
|    success_rate         | 0           |
| time/                   |             |
|    total_timesteps      | 400000      |
| train/                  |             |
|    approx_kl            | 0.010285502 |
|    clip_fraction        | 0.136       |
|    clip_range           | 0.2         |
|    entropy_loss         | -8.5        |
|    explained_variance   | 0.897       |
|    learning_rate        | 0.0003      |
|    loss                 | 7.07        |
|    n_updates            | 480         |
|    policy_gradient_loss | -0.00285    |
|    std                  | 0.999       |
|    value_loss           | 18.3        |
-----------------------------------------
---------------------------------
| rollout/           |          |
|    ep_len_mean     | 250      |
|    ep_rew_mean     | 191      |
|    success_rate    | 0        |
| time/              |          |
|    fps             | 3631     |
|    iterations      | 49       |
|    time_elapsed    | 110      |
|    total_timesteps | 401408   |
---------------------------------
-----------------------------------------
| rollout/                |             |
|    ep_len_mean          | 250         |
|    ep_rew_mean          | 196         |
|    success_rate         | 0           |
| time/                   |             |
|    fps                  | 3640        |
|    iterations           | 50          |
|    time_elapsed         | 112         |
|    total_timesteps      | 409600      |
| train/                  |             |
|    approx_kl            | 0.010406934 |
|    clip_fraction        | 0.11        |
|    clip_range           | 0.2         |
|    entropy_loss         | -8.5        |
|    explained_variance   | 0.899       |
|    learning_rate        | 0.0003      |
|    loss                 | 10.3        |
|    n_updates            | 490         |
|    policy_gradient_loss | -0.00624    |
|    std                  | 1           |
|    value_loss           | 23.5        |
-----------------------------------------
----------------------------------------
| rollout/                |            |
|    ep_len_mean          | 250        |
|    ep_rew_mean          | 192        |
|    success_rate         | 0          |
| time/                   |            |
|    fps                  | 3648       |
|    iterations           | 51         |
|    time_elapsed         | 114        |
|    total_timesteps      | 417792     |
| train/                  |            |
|    approx_kl            | 0.01023175 |
|    clip_fraction        | 0.125      |
|    clip_range           | 0.2        |
|    entropy_loss         | -8.49      |
|    explained_variance   | 0.893      |
|    learning_rate        | 0.0003     |
|    loss                 | 5.58       |
|    n_updates            | 500        |
|    policy_gradient_loss | -0.00414   |
|    std                  | 0.997      |
|    value_loss           | 15.6       |
----------------------------------------
Eval num_timesteps=425000, episode_reward=234.70 +/- 12.70
Episode length: 250.00 +/- 0.00
Success rate: 0.00%
-----------------------------------------
| eval/                   |             |
|    mean_ep_length       | 250         |
|    mean_reward          | 235         |
|    success_rate         | 0           |
| time/                   |             |
|    total_timesteps      | 425000      |
| train/                  |             |
|    approx_kl            | 0.012308758 |
|    clip_fraction        | 0.129       |
|    clip_range           | 0.2         |
|    entropy_loss         | -8.48       |
|    explained_variance   | 0.92        |
|    learning_rate        | 0.0003      |
|    loss                 | 7.11        |
|    n_updates            | 510         |
|    policy_gradient_loss | -0.00332    |
|    std                  | 0.997       |
|    value_loss           | 20.7        |
-----------------------------------------
New best mean reward!
---------------------------------
| rollout/           |          |
|    ep_len_mean     | 250      |
|    ep_rew_mean     | 195      |
|    success_rate    | 0        |
| time/              |          |
|    fps             | 3639     |
|    iterations      | 52       |
|    time_elapsed    | 117      |
|    total_timesteps | 425984   |
---------------------------------
-----------------------------------------
| rollout/                |             |
|    ep_len_mean          | 250         |
|    ep_rew_mean          | 198         |
|    success_rate         | 0           |
| time/                   |             |
|    fps                  | 3648        |
|    iterations           | 53          |
|    time_elapsed         | 119         |
|    total_timesteps      | 434176      |
| train/                  |             |
|    approx_kl            | 0.012051223 |
|    clip_fraction        | 0.125       |
|    clip_range           | 0.2         |
|    entropy_loss         | -8.47       |
|    explained_variance   | 0.921       |
|    learning_rate        | 0.0003      |
|    loss                 | 10.4        |
|    n_updates            | 520         |
|    policy_gradient_loss | -0.00509    |
|    std                  | 0.994       |
|    value_loss           | 24.7        |
-----------------------------------------
-----------------------------------------
| rollout/                |             |
|    ep_len_mean          | 250         |
|    ep_rew_mean          | 203         |
|    success_rate         | 0           |
| time/                   |             |
|    fps                  | 3657        |
|    iterations           | 54          |
|    time_elapsed         | 120         |
|    total_timesteps      | 442368      |
| train/                  |             |
|    approx_kl            | 0.008686256 |
|    clip_fraction        | 0.108       |
|    clip_range           | 0.2         |
|    entropy_loss         | -8.47       |
|    explained_variance   | 0.914       |
|    learning_rate        | 0.0003      |
|    loss                 | 5.99        |
|    n_updates            | 530         |
|    policy_gradient_loss | -0.00233    |
|    std                  | 0.997       |
|    value_loss           | 18.6        |
-----------------------------------------
Eval num_timesteps=450000, episode_reward=209.54 +/- 0.42
Episode length: 250.00 +/- 0.00
Success rate: 0.00%
-----------------------------------------
| eval/                   |             |
|    mean_ep_length       | 250         |
|    mean_reward          | 210         |
|    success_rate         | 0           |
| time/                   |             |
|    total_timesteps      | 450000      |
| train/                  |             |
|    approx_kl            | 0.010146778 |
|    clip_fraction        | 0.131       |
|    clip_range           | 0.2         |
|    entropy_loss         | -8.47       |
|    explained_variance   | 0.879       |
|    learning_rate        | 0.0003      |
|    loss                 | 6.54        |
|    n_updates            | 540         |
|    policy_gradient_loss | -0.00504    |
|    std                  | 0.995       |
|    value_loss           | 22.7        |
-----------------------------------------
---------------------------------
| rollout/           |          |
|    ep_len_mean     | 250      |
|    ep_rew_mean     | 204      |
|    success_rate    | 0        |
| time/              |          |
|    fps             | 3648     |
|    iterations      | 55       |
|    time_elapsed    | 123      |
|    total_timesteps | 450560   |
---------------------------------
-----------------------------------------
| rollout/                |             |
|    ep_len_mean          | 250         |
|    ep_rew_mean          | 203         |
|    success_rate         | 0           |
| time/                   |             |
|    fps                  | 3656        |
|    iterations           | 56          |
|    time_elapsed         | 125         |
|    total_timesteps      | 458752      |
| train/                  |             |
|    approx_kl            | 0.012466481 |
|    clip_fraction        | 0.15        |
|    clip_range           | 0.2         |
|    entropy_loss         | -8.47       |
|    explained_variance   | 0.903       |
|    learning_rate        | 0.0003      |
|    loss                 | 6.92        |
|    n_updates            | 550         |
|    policy_gradient_loss | -0.00662    |
|    std                  | 0.994       |
|    value_loss           | 15.5        |
-----------------------------------------
----------------------------------------
| rollout/                |            |
|    ep_len_mean          | 250        |
|    ep_rew_mean          | 203        |
|    success_rate         | 0          |
| time/                   |            |
|    fps                  | 3663       |
|    iterations           | 57         |
|    time_elapsed         | 127        |
|    total_timesteps      | 466944     |
| train/                  |            |
|    approx_kl            | 0.01035418 |
|    clip_fraction        | 0.151      |
|    clip_range           | 0.2        |
|    entropy_loss         | -8.46      |
|    explained_variance   | 0.933      |
|    learning_rate        | 0.0003     |
|    loss                 | 8.19       |
|    n_updates            | 560        |
|    policy_gradient_loss | -0.00275   |
|    std                  | 0.996      |
|    value_loss           | 15.4       |
----------------------------------------
Eval num_timesteps=475000, episode_reward=216.50 +/- 13.48
Episode length: 250.00 +/- 0.00
Success rate: 0.00%
-----------------------------------------
| eval/                   |             |
|    mean_ep_length       | 250         |
|    mean_reward          | 216         |
|    success_rate         | 0           |
| time/                   |             |
|    total_timesteps      | 475000      |
| train/                  |             |
|    approx_kl            | 0.014140533 |
|    clip_fraction        | 0.158       |
|    clip_range           | 0.2         |
|    entropy_loss         | -8.46       |
|    explained_variance   | 0.93        |
|    learning_rate        | 0.0003      |
|    loss                 | 10.2        |
|    n_updates            | 570         |
|    policy_gradient_loss | -0.00691    |
|    std                  | 0.994       |
|    value_loss           | 16.7        |
-----------------------------------------
---------------------------------
| rollout/           |          |
|    ep_len_mean     | 250      |
|    ep_rew_mean     | 214      |
|    success_rate    | 0        |
| time/              |          |
|    fps             | 3656     |
|    iterations      | 58       |
|    time_elapsed    | 129      |
|    total_timesteps | 475136   |
---------------------------------
-----------------------------------------
| rollout/                |             |
|    ep_len_mean          | 250         |
|    ep_rew_mean          | 214         |
|    success_rate         | 0           |
| time/                   |             |
|    fps                  | 3664        |
|    iterations           | 59          |
|    time_elapsed         | 131         |
|    total_timesteps      | 483328      |
| train/                  |             |
|    approx_kl            | 0.013737489 |
|    clip_fraction        | 0.177       |
|    clip_range           | 0.2         |
|    entropy_loss         | -8.46       |
|    explained_variance   | 0.907       |
|    learning_rate        | 0.0003      |
|    loss                 | 2.26        |
|    n_updates            | 580         |
|    policy_gradient_loss | -0.0038     |
|    std                  | 0.996       |
|    value_loss           | 6.09        |
-----------------------------------------
-----------------------------------------
| rollout/                |             |
|    ep_len_mean          | 250         |
|    ep_rew_mean          | 215         |
|    success_rate         | 0           |
| time/                   |             |
|    fps                  | 3671        |
|    iterations           | 60          |
|    time_elapsed         | 133         |
|    total_timesteps      | 491520      |
| train/                  |             |
|    approx_kl            | 0.010470474 |
|    clip_fraction        | 0.124       |
|    clip_range           | 0.2         |
|    entropy_loss         | -8.49       |
|    explained_variance   | 0.935       |
|    learning_rate        | 0.0003      |
|    loss                 | 4.23        |
|    n_updates            | 590         |
|    policy_gradient_loss | -0.00473    |
|    std                  | 1           |
|    value_loss           | 12.9        |
-----------------------------------------
-----------------------------------------
| rollout/                |             |
|    ep_len_mean          | 250         |
|    ep_rew_mean          | 207         |
|    success_rate         | 0           |
| time/                   |             |
|    fps                  | 3678        |
|    iterations           | 61          |
|    time_elapsed         | 135         |
|    total_timesteps      | 499712      |
| train/                  |             |
|    approx_kl            | 0.010873839 |
|    clip_fraction        | 0.132       |
|    clip_range           | 0.2         |
|    entropy_loss         | -8.51       |
|    explained_variance   | 0.937       |
|    learning_rate        | 0.0003      |
|    loss                 | 3.9         |
|    n_updates            | 600         |
|    policy_gradient_loss | -0.00553    |
|    std                  | 1           |
|    value_loss           | 11.3        |
-----------------------------------------
Eval num_timesteps=500000, episode_reward=229.62 +/- 15.70
Episode length: 250.00 +/- 0.00
Success rate: 0.00%
------------------------------------------
| eval/                   |              |
|    mean_ep_length       | 250          |
|    mean_reward          | 230          |
|    success_rate         | 0            |
| time/                   |              |
|    total_timesteps      | 500000       |
| train/                  |              |
|    approx_kl            | 0.0089092245 |
|    clip_fraction        | 0.0927       |
|    clip_range           | 0.2          |
|    entropy_loss         | -8.51        |
|    explained_variance   | 0.936        |
|    learning_rate        | 0.0003       |
|    loss                 | 12.4         |
|    n_updates            | 610          |
|    policy_gradient_loss | -0.00533     |
|    std                  | 1            |
|    value_loss           | 23           |
------------------------------------------
---------------------------------
| rollout/           |          |
|    ep_len_mean     | 250      |
|    ep_rew_mean     | 209      |
|    success_rate    | 0        |
| time/              |          |
|    fps             | 3670     |
|    iterations      | 62       |
|    time_elapsed    | 138      |
|    total_timesteps | 507904   |
---------------------------------
-----------------------------------------
| rollout/                |             |
|    ep_len_mean          | 250         |
|    ep_rew_mean          | 211         |
|    success_rate         | 0           |
| time/                   |             |
|    fps                  | 3677        |
|    iterations           | 63          |
|    time_elapsed         | 140         |
|    total_timesteps      | 516096      |
| train/                  |             |
|    approx_kl            | 0.010142325 |
|    clip_fraction        | 0.13        |
|    clip_range           | 0.2         |
|    entropy_loss         | -8.51       |
|    explained_variance   | 0.916       |
|    learning_rate        | 0.0003      |
|    loss                 | 7.97        |
|    n_updates            | 620         |
|    policy_gradient_loss | -0.00447    |
|    std                  | 1           |
|    value_loss           | 17.6        |
-----------------------------------------
-----------------------------------------
| rollout/                |             |
|    ep_len_mean          | 250         |
|    ep_rew_mean          | 217         |
|    success_rate         | 0           |
| time/                   |             |
|    fps                  | 3684        |
|    iterations           | 64          |
|    time_elapsed         | 142         |
|    total_timesteps      | 524288      |
| train/                  |             |
|    approx_kl            | 0.010505568 |
|    clip_fraction        | 0.12        |
|    clip_range           | 0.2         |
|    entropy_loss         | -8.48       |
|    explained_variance   | 0.91        |
|    learning_rate        | 0.0003      |
|    loss                 | 3.73        |
|    n_updates            | 630         |
|    policy_gradient_loss | -0.00346    |
|    std                  | 0.994       |
|    value_loss           | 14.2        |
-----------------------------------------
Eval num_timesteps=525000, episode_reward=230.60 +/- 17.77
Episode length: 250.00 +/- 0.00
Success rate: 0.00%
-----------------------------------------
| eval/                   |             |
|    mean_ep_length       | 250         |
|    mean_reward          | 231         |
|    success_rate         | 0           |
| time/                   |             |
|    total_timesteps      | 525000      |
| train/                  |             |
|    approx_kl            | 0.012204018 |
|    clip_fraction        | 0.148       |
|    clip_range           | 0.2         |
|    entropy_loss         | -8.45       |
|    explained_variance   | 0.913       |
|    learning_rate        | 0.0003      |
|    loss                 | 7.28        |
|    n_updates            | 640         |
|    policy_gradient_loss | -0.00347    |
|    std                  | 0.992       |
|    value_loss           | 12.6        |
-----------------------------------------
---------------------------------
| rollout/           |          |
|    ep_len_mean     | 250      |
|    ep_rew_mean     | 218      |
|    success_rate    | 0        |
| time/              |          |
|    fps             | 3677     |
|    iterations      | 65       |
|    time_elapsed    | 144      |
|    total_timesteps | 532480   |
---------------------------------
-----------------------------------------
| rollout/                |             |
|    ep_len_mean          | 250         |
|    ep_rew_mean          | 221         |
|    success_rate         | 0           |
| time/                   |             |
|    fps                  | 3683        |
|    iterations           | 66          |
|    time_elapsed         | 146         |
|    total_timesteps      | 540672      |
| train/                  |             |
|    approx_kl            | 0.009438277 |
|    clip_fraction        | 0.144       |
|    clip_range           | 0.2         |
|    entropy_loss         | -8.42       |
|    explained_variance   | 0.862       |
|    learning_rate        | 0.0003      |
|    loss                 | 5.16        |
|    n_updates            | 650         |
|    policy_gradient_loss | -0.00468    |
|    std                  | 0.987       |
|    value_loss           | 11.5        |
-----------------------------------------
-----------------------------------------
| rollout/                |             |
|    ep_len_mean          | 250         |
|    ep_rew_mean          | 220         |
|    success_rate         | 0           |
| time/                   |             |
|    fps                  | 3690        |
|    iterations           | 67          |
|    time_elapsed         | 148         |
|    total_timesteps      | 548864      |
| train/                  |             |
|    approx_kl            | 0.012761693 |
|    clip_fraction        | 0.149       |
|    clip_range           | 0.2         |
|    entropy_loss         | -8.4        |
|    explained_variance   | 0.913       |
|    learning_rate        | 0.0003      |
|    loss                 | 1.91        |
|    n_updates            | 660         |
|    policy_gradient_loss | -0.00232    |
|    std                  | 0.987       |
|    value_loss           | 10.7        |
-----------------------------------------
Eval num_timesteps=550000, episode_reward=223.01 +/- 16.85
Episode length: 250.00 +/- 0.00
Success rate: 0.00%
-----------------------------------------
| eval/                   |             |
|    mean_ep_length       | 250         |
|    mean_reward          | 223         |
|    success_rate         | 0           |
| time/                   |             |
|    total_timesteps      | 550000      |
| train/                  |             |
|    approx_kl            | 0.011886362 |
|    clip_fraction        | 0.177       |
|    clip_range           | 0.2         |
|    entropy_loss         | -8.42       |
|    explained_variance   | 0.954       |
|    learning_rate        | 0.0003      |
|    loss                 | 9.3         |
|    n_updates            | 670         |
|    policy_gradient_loss | -0.004      |
|    std                  | 0.99        |
|    value_loss           | 12.7        |
-----------------------------------------
---------------------------------
| rollout/           |          |
|    ep_len_mean     | 250      |
|    ep_rew_mean     | 220      |
|    success_rate    | 0        |
| time/              |          |
|    fps             | 3682     |
|    iterations      | 68       |
|    time_elapsed    | 151      |
|    total_timesteps | 557056   |
---------------------------------
-----------------------------------------
| rollout/                |             |
|    ep_len_mean          | 250         |
|    ep_rew_mean          | 222         |
|    success_rate         | 0           |
| time/                   |             |
|    fps                  | 3689        |
|    iterations           | 69          |
|    time_elapsed         | 153         |
|    total_timesteps      | 565248      |
| train/                  |             |
|    approx_kl            | 0.012823951 |
|    clip_fraction        | 0.135       |
|    clip_range           | 0.2         |
|    entropy_loss         | -8.44       |
|    explained_variance   | 0.923       |
|    learning_rate        | 0.0003      |
|    loss                 | 6.24        |
|    n_updates            | 680         |
|    policy_gradient_loss | -0.00259    |
|    std                  | 0.998       |
|    value_loss           | 13.4        |
-----------------------------------------
-----------------------------------------
| rollout/                |             |
|    ep_len_mean          | 250         |
|    ep_rew_mean          | 224         |
|    success_rate         | 0           |
| time/                   |             |
|    fps                  | 3695        |
|    iterations           | 70          |
|    time_elapsed         | 155         |
|    total_timesteps      | 573440      |
| train/                  |             |
|    approx_kl            | 0.010026688 |
|    clip_fraction        | 0.189       |
|    clip_range           | 0.2         |
|    entropy_loss         | -8.45       |
|    explained_variance   | 0.958       |
|    learning_rate        | 0.0003      |
|    loss                 | 0.819       |
|    n_updates            | 690         |
|    policy_gradient_loss | -0.000586   |
|    std                  | 0.996       |
|    value_loss           | 5.44        |
-----------------------------------------
Eval num_timesteps=575000, episode_reward=216.21 +/- 13.68
Episode length: 250.00 +/- 0.00
Success rate: 0.00%
-----------------------------------------
| eval/                   |             |
|    mean_ep_length       | 250         |
|    mean_reward          | 216         |
|    success_rate         | 0           |
| time/                   |             |
|    total_timesteps      | 575000      |
| train/                  |             |
|    approx_kl            | 0.013609992 |
|    clip_fraction        | 0.151       |
|    clip_range           | 0.2         |
|    entropy_loss         | -8.47       |
|    explained_variance   | 0.934       |
|    learning_rate        | 0.0003      |
|    loss                 | 2.24        |
|    n_updates            | 700         |
|    policy_gradient_loss | -0.00242    |
|    std                  | 1           |
|    value_loss           | 7.14        |
-----------------------------------------
---------------------------------
| rollout/           |          |
|    ep_len_mean     | 250      |
|    ep_rew_mean     | 223      |
|    success_rate    | 0        |
| time/              |          |
|    fps             | 3688     |
|    iterations      | 71       |
|    time_elapsed    | 157      |
|    total_timesteps | 581632   |
---------------------------------
-----------------------------------------
| rollout/                |             |
|    ep_len_mean          | 250         |
|    ep_rew_mean          | 224         |
|    success_rate         | 0           |
| time/                   |             |
|    fps                  | 3694        |
|    iterations           | 72          |
|    time_elapsed         | 159         |
|    total_timesteps      | 589824      |
| train/                  |             |
|    approx_kl            | 0.016763315 |
|    clip_fraction        | 0.151       |
|    clip_range           | 0.2         |
|    entropy_loss         | -8.47       |
|    explained_variance   | 0.923       |
|    learning_rate        | 0.0003      |
|    loss                 | 5.02        |
|    n_updates            | 710         |
|    policy_gradient_loss | -0.00519    |
|    std                  | 0.998       |
|    value_loss           | 8.21        |
-----------------------------------------
-----------------------------------------
| rollout/                |             |
|    ep_len_mean          | 250         |
|    ep_rew_mean          | 223         |
|    success_rate         | 0           |
| time/                   |             |
|    fps                  | 3700        |
|    iterations           | 73          |
|    time_elapsed         | 161         |
|    total_timesteps      | 598016      |
| train/                  |             |
|    approx_kl            | 0.017159909 |
|    clip_fraction        | 0.201       |
|    clip_range           | 0.2         |
|    entropy_loss         | -8.46       |
|    explained_variance   | 0.928       |
|    learning_rate        | 0.0003      |
|    loss                 | 2.72        |
|    n_updates            | 720         |
|    policy_gradient_loss | -0.0012     |
|    std                  | 0.999       |
|    value_loss           | 4.57        |
-----------------------------------------
Eval num_timesteps=600000, episode_reward=228.89 +/- 16.18
Episode length: 250.00 +/- 0.00
Success rate: 0.00%
-----------------------------------------
| eval/                   |             |
|    mean_ep_length       | 250         |
|    mean_reward          | 229         |
|    success_rate         | 0           |
| time/                   |             |
|    total_timesteps      | 600000      |
| train/                  |             |
|    approx_kl            | 0.011625186 |
|    clip_fraction        | 0.145       |
|    clip_range           | 0.2         |
|    entropy_loss         | -8.46       |
|    explained_variance   | 0.93        |
|    learning_rate        | 0.0003      |
|    loss                 | 2.71        |
|    n_updates            | 730         |
|    policy_gradient_loss | -0.00405    |
|    std                  | 0.998       |
|    value_loss           | 6.21        |
-----------------------------------------
---------------------------------
| rollout/           |          |
|    ep_len_mean     | 250      |
|    ep_rew_mean     | 223      |
|    success_rate    | 0        |
| time/              |          |
|    fps             | 3694     |
|    iterations      | 74       |
|    time_elapsed    | 164      |
|    total_timesteps | 606208   |
---------------------------------
-----------------------------------------
| rollout/                |             |
|    ep_len_mean          | 250         |
|    ep_rew_mean          | 220         |
|    success_rate         | 0           |
| time/                   |             |
|    fps                  | 3699        |
|    iterations           | 75          |
|    time_elapsed         | 166         |
|    total_timesteps      | 614400      |
| train/                  |             |
|    approx_kl            | 0.008303288 |
|    clip_fraction        | 0.107       |
|    clip_range           | 0.2         |
|    entropy_loss         | -8.46       |
|    explained_variance   | 0.918       |
|    learning_rate        | 0.0003      |
|    loss                 | 1.88        |
|    n_updates            | 740         |
|    policy_gradient_loss | -0.00126    |
|    std                  | 0.997       |
|    value_loss           | 6.71        |
-----------------------------------------
-----------------------------------------
| rollout/                |             |
|    ep_len_mean          | 250         |
|    ep_rew_mean          | 219         |
|    success_rate         | 0           |
| time/                   |             |
|    fps                  | 3704        |
|    iterations           | 76          |
|    time_elapsed         | 168         |
|    total_timesteps      | 622592      |
| train/                  |             |
|    approx_kl            | 0.012248633 |
|    clip_fraction        | 0.134       |
|    clip_range           | 0.2         |
|    entropy_loss         | -8.46       |
|    explained_variance   | 0.937       |
|    learning_rate        | 0.0003      |
|    loss                 | 2.27        |
|    n_updates            | 750         |
|    policy_gradient_loss | -0.0039     |
|    std                  | 1           |
|    value_loss           | 6.93        |
-----------------------------------------
Eval num_timesteps=625000, episode_reward=216.38 +/- 12.69
Episode length: 250.00 +/- 0.00
Success rate: 0.00%
-----------------------------------------
| eval/                   |             |
|    mean_ep_length       | 250         |
|    mean_reward          | 216         |
|    success_rate         | 0           |
| time/                   |             |
|    total_timesteps      | 625000      |
| train/                  |             |
|    approx_kl            | 0.007904991 |
|    clip_fraction        | 0.0796      |
|    clip_range           | 0.2         |
|    entropy_loss         | -8.49       |
|    explained_variance   | 0.917       |
|    learning_rate        | 0.0003      |
|    loss                 | 3.38        |
|    n_updates            | 760         |
|    policy_gradient_loss | -0.0045     |
|    std                  | 1.01        |
|    value_loss           | 11.8        |
-----------------------------------------
---------------------------------
| rollout/           |          |
|    ep_len_mean     | 250      |
|    ep_rew_mean     | 221      |
|    success_rate    | 0        |
| time/              |          |
|    fps             | 3697     |
|    iterations      | 77       |
|    time_elapsed    | 170      |
|    total_timesteps | 630784   |
---------------------------------
-----------------------------------------
| rollout/                |             |
|    ep_len_mean          | 250         |
|    ep_rew_mean          | 210         |
|    success_rate         | 0           |
| time/                   |             |
|    fps                  | 3701        |
|    iterations           | 78          |
|    time_elapsed         | 172         |
|    total_timesteps      | 638976      |
| train/                  |             |
|    approx_kl            | 0.010623161 |
|    clip_fraction        | 0.112       |
|    clip_range           | 0.2         |
|    entropy_loss         | -8.51       |
|    explained_variance   | 0.915       |
|    learning_rate        | 0.0003      |
|    loss                 | 3.9         |
|    n_updates            | 770         |
|    policy_gradient_loss | -0.00555    |
|    std                  | 1.01        |
|    value_loss           | 7.74        |
-----------------------------------------
------------------------------------------
| rollout/                |              |
|    ep_len_mean          | 250          |
|    ep_rew_mean          | 211          |
|    success_rate         | 0            |
| time/                   |              |
|    fps                  | 3706         |
|    iterations           | 79           |
|    time_elapsed         | 174          |
|    total_timesteps      | 647168       |
| train/                  |              |
|    approx_kl            | 0.0066843824 |
|    clip_fraction        | 0.0666       |
|    clip_range           | 0.2          |
|    entropy_loss         | -8.51        |
|    explained_variance   | 0.909        |
|    learning_rate        | 0.0003       |
|    loss                 | 5.63         |
|    n_updates            | 780          |
|    policy_gradient_loss | -0.00398     |
|    std                  | 1.01         |
|    value_loss           | 20.8         |
------------------------------------------
Eval num_timesteps=650000, episode_reward=228.12 +/- 16.28
Episode length: 250.00 +/- 0.00
Success rate: 0.00%
----------------------------------------
| eval/                   |            |
|    mean_ep_length       | 250        |
|    mean_reward          | 228        |
|    success_rate         | 0          |
| time/                   |            |
|    total_timesteps      | 650000     |
| train/                  |            |
|    approx_kl            | 0.01271506 |
|    clip_fraction        | 0.122      |
|    clip_range           | 0.2        |
|    entropy_loss         | -8.52      |
|    explained_variance   | 0.926      |
|    learning_rate        | 0.0003     |
|    loss                 | 8.66       |
|    n_updates            | 790        |
|    policy_gradient_loss | -0.00437   |
|    std                  | 1.01       |
|    value_loss           | 19.2       |
----------------------------------------
---------------------------------
| rollout/           |          |
|    ep_len_mean     | 250      |
|    ep_rew_mean     | 210      |
|    success_rate    | 0        |
| time/              |          |
|    fps             | 3699     |
|    iterations      | 80       |
|    time_elapsed    | 177      |
|    total_timesteps | 655360   |
---------------------------------
-----------------------------------------
| rollout/                |             |
|    ep_len_mean          | 250         |
|    ep_rew_mean          | 219         |
|    success_rate         | 0           |
| time/                   |             |
|    fps                  | 3704        |
|    iterations           | 81          |
|    time_elapsed         | 179         |
|    total_timesteps      | 663552      |
| train/                  |             |
|    approx_kl            | 0.011682477 |
|    clip_fraction        | 0.154       |
|    clip_range           | 0.2         |
|    entropy_loss         | -8.53       |
|    explained_variance   | 0.944       |
|    learning_rate        | 0.0003      |
|    loss                 | 2.91        |
|    n_updates            | 800         |
|    policy_gradient_loss | -0.00434    |
|    std                  | 1.01        |
|    value_loss           | 12          |
-----------------------------------------
-----------------------------------------
| rollout/                |             |
|    ep_len_mean          | 250         |
|    ep_rew_mean          | 226         |
|    success_rate         | 0           |
| time/                   |             |
|    fps                  | 3709        |
|    iterations           | 82          |
|    time_elapsed         | 181         |
|    total_timesteps      | 671744      |
| train/                  |             |
|    approx_kl            | 0.014940266 |
|    clip_fraction        | 0.216       |
|    clip_range           | 0.2         |
|    entropy_loss         | -8.51       |
|    explained_variance   | 0.92        |
|    learning_rate        | 0.0003      |
|    loss                 | 1.03        |
|    n_updates            | 810         |
|    policy_gradient_loss | 0.00191     |
|    std                  | 1.01        |
|    value_loss           | 3.05        |
-----------------------------------------
Eval num_timesteps=675000, episode_reward=216.09 +/- 13.34
Episode length: 250.00 +/- 0.00
Success rate: 0.00%
-----------------------------------------
| eval/                   |             |
|    mean_ep_length       | 250         |
|    mean_reward          | 216         |
|    success_rate         | 0           |
| time/                   |             |
|    total_timesteps      | 675000      |
| train/                  |             |
|    approx_kl            | 0.014646504 |
|    clip_fraction        | 0.187       |
|    clip_range           | 0.2         |
|    entropy_loss         | -8.5        |
|    explained_variance   | 0.9         |
|    learning_rate        | 0.0003      |
|    loss                 | 1.39        |
|    n_updates            | 820         |
|    policy_gradient_loss | -0.00256    |
|    std                  | 1.01        |
|    value_loss           | 2.81        |
-----------------------------------------
---------------------------------
| rollout/           |          |
|    ep_len_mean     | 250      |
|    ep_rew_mean     | 229      |
|    success_rate    | 0        |
| time/              |          |
|    fps             | 3702     |
|    iterations      | 83       |
|    time_elapsed    | 183      |
|    total_timesteps | 679936   |
---------------------------------
------------------------------------------
| rollout/                |              |
|    ep_len_mean          | 250          |
|    ep_rew_mean          | 229          |
|    success_rate         | 0            |
| time/                   |              |
|    fps                  | 3707         |
|    iterations           | 84           |
|    time_elapsed         | 185          |
|    total_timesteps      | 688128       |
| train/                  |              |
|    approx_kl            | 0.0153033305 |
|    clip_fraction        | 0.128        |
|    clip_range           | 0.2          |
|    entropy_loss         | -8.52        |
|    explained_variance   | 0.949        |
|    learning_rate        | 0.0003       |
|    loss                 | 0.841        |
|    n_updates            | 830          |
|    policy_gradient_loss | -0.006       |
|    std                  | 1.01         |
|    value_loss           | 5.13         |
------------------------------------------
-----------------------------------------
| rollout/                |             |
|    ep_len_mean          | 250         |
|    ep_rew_mean          | 221         |
|    success_rate         | 0           |
| time/                   |             |
|    fps                  | 3711        |
|    iterations           | 85          |
|    time_elapsed         | 187         |
|    total_timesteps      | 696320      |
| train/                  |             |
|    approx_kl            | 0.011970632 |
|    clip_fraction        | 0.139       |
|    clip_range           | 0.2         |
|    entropy_loss         | -8.53       |
|    explained_variance   | 0.924       |
|    learning_rate        | 0.0003      |
|    loss                 | 4.4         |
|    n_updates            | 840         |
|    policy_gradient_loss | -0.00459    |
|    std                  | 1.01        |
|    value_loss           | 8.33        |
-----------------------------------------
Eval num_timesteps=700000, episode_reward=242.01 +/- 0.83
Episode length: 250.00 +/- 0.00
Success rate: 0.00%
-----------------------------------------
| eval/                   |             |
|    mean_ep_length       | 250         |
|    mean_reward          | 242         |
|    success_rate         | 0           |
| time/                   |             |
|    total_timesteps      | 700000      |
| train/                  |             |
|    approx_kl            | 0.008391714 |
|    clip_fraction        | 0.0806      |
|    clip_range           | 0.2         |
|    entropy_loss         | -8.56       |
|    explained_variance   | 0.95        |
|    learning_rate        | 0.0003      |
|    loss                 | 2.31        |
|    n_updates            | 850         |
|    policy_gradient_loss | -0.0047     |
|    std                  | 1.02        |
|    value_loss           | 14          |
-----------------------------------------
New best mean reward!
---------------------------------
| rollout/           |          |
|    ep_len_mean     | 250      |
|    ep_rew_mean     | 225      |
|    success_rate    | 0        |
| time/              |          |
|    fps             | 3706     |
|    iterations      | 86       |
|    time_elapsed    | 190      |
|    total_timesteps | 704512   |
---------------------------------
-----------------------------------------
| rollout/                |             |
|    ep_len_mean          | 250         |
|    ep_rew_mean          | 227         |
|    success_rate         | 0           |
| time/                   |             |
|    fps                  | 3711        |
|    iterations           | 87          |
|    time_elapsed         | 192         |
|    total_timesteps      | 712704      |
| train/                  |             |
|    approx_kl            | 0.012271963 |
|    clip_fraction        | 0.172       |
|    clip_range           | 0.2         |
|    entropy_loss         | -8.57       |
|    explained_variance   | 0.9         |
|    learning_rate        | 0.0003      |
|    loss                 | 1.29        |
|    n_updates            | 860         |
|    policy_gradient_loss | -0.00299    |
|    std                  | 1.02        |
|    value_loss           | 5.27        |
-----------------------------------------
-----------------------------------------
| rollout/                |             |
|    ep_len_mean          | 250         |
|    ep_rew_mean          | 227         |
|    success_rate         | 0           |
| time/                   |             |
|    fps                  | 3716        |
|    iterations           | 88          |
|    time_elapsed         | 193         |
|    total_timesteps      | 720896      |
| train/                  |             |
|    approx_kl            | 0.014387496 |
|    clip_fraction        | 0.158       |
|    clip_range           | 0.2         |
|    entropy_loss         | -8.56       |
|    explained_variance   | 0.919       |
|    learning_rate        | 0.0003      |
|    loss                 | 1.15        |
|    n_updates            | 870         |
|    policy_gradient_loss | -0.00402    |
|    std                  | 1.02        |
|    value_loss           | 5.79        |
-----------------------------------------
Eval num_timesteps=725000, episode_reward=215.96 +/- 14.00
Episode length: 250.00 +/- 0.00
Success rate: 0.00%
------------------------------------------
| eval/                   |              |
|    mean_ep_length       | 250          |
|    mean_reward          | 216          |
|    success_rate         | 0            |
| time/                   |              |
|    total_timesteps      | 725000       |
| train/                  |              |
|    approx_kl            | 0.0112904515 |
|    clip_fraction        | 0.138        |
|    clip_range           | 0.2          |
|    entropy_loss         | -8.55        |
|    explained_variance   | 0.945        |
|    learning_rate        | 0.0003       |
|    loss                 | 3.87         |
|    n_updates            | 880          |
|    policy_gradient_loss | -0.00308     |
|    std                  | 1.01         |
|    value_loss           | 10.4         |
------------------------------------------
---------------------------------
| rollout/           |          |
|    ep_len_mean     | 250      |
|    ep_rew_mean     | 226      |
|    success_rate    | 0        |
| time/              |          |
|    fps             | 3709     |
|    iterations      | 89       |
|    time_elapsed    | 196      |
|    total_timesteps | 729088   |
---------------------------------
-----------------------------------------
| rollout/                |             |
|    ep_len_mean          | 250         |
|    ep_rew_mean          | 224         |
|    success_rate         | 0           |
| time/                   |             |
|    fps                  | 3714        |
|    iterations           | 90          |
|    time_elapsed         | 198         |
|    total_timesteps      | 737280      |
| train/                  |             |
|    approx_kl            | 0.020002663 |
|    clip_fraction        | 0.191       |
|    clip_range           | 0.2         |
|    entropy_loss         | -8.52       |
|    explained_variance   | 0.95        |
|    learning_rate        | 0.0003      |
|    loss                 | 3.63        |
|    n_updates            | 890         |
|    policy_gradient_loss | 0.00157     |
|    std                  | 1.01        |
|    value_loss           | 4.38        |
-----------------------------------------
-----------------------------------------
| rollout/                |             |
|    ep_len_mean          | 250         |
|    ep_rew_mean          | 228         |
|    success_rate         | 0           |
| time/                   |             |
|    fps                  | 3718        |
|    iterations           | 91          |
|    time_elapsed         | 200         |
|    total_timesteps      | 745472      |
| train/                  |             |
|    approx_kl            | 0.010353348 |
|    clip_fraction        | 0.141       |
|    clip_range           | 0.2         |
|    entropy_loss         | -8.52       |
|    explained_variance   | 0.95        |
|    learning_rate        | 0.0003      |
|    loss                 | 2.27        |
|    n_updates            | 900         |
|    policy_gradient_loss | -0.00441    |
|    std                  | 1.01        |
|    value_loss           | 9.45        |
-----------------------------------------
Eval num_timesteps=750000, episode_reward=220.86 +/- 11.50
Episode length: 250.00 +/- 0.00
Success rate: 0.00%
-----------------------------------------
| eval/                   |             |
|    mean_ep_length       | 250         |
|    mean_reward          | 221         |
|    success_rate         | 0           |
| time/                   |             |
|    total_timesteps      | 750000      |
| train/                  |             |
|    approx_kl            | 0.014414946 |
|    clip_fraction        | 0.172       |
|    clip_range           | 0.2         |
|    entropy_loss         | -8.53       |
|    explained_variance   | 0.941       |
|    learning_rate        | 0.0003      |
|    loss                 | 1.85        |
|    n_updates            | 910         |
|    policy_gradient_loss | -0.00164    |
|    std                  | 1.02        |
|    value_loss           | 8.62        |
-----------------------------------------
---------------------------------
| rollout/           |          |
|    ep_len_mean     | 250      |
|    ep_rew_mean     | 229      |
|    success_rate    | 0        |
| time/              |          |
|    fps             | 3713     |
|    iterations      | 92       |
|    time_elapsed    | 202      |
|    total_timesteps | 753664   |
---------------------------------
----------------------------------------
| rollout/                |            |
|    ep_len_mean          | 250        |
|    ep_rew_mean          | 232        |
|    success_rate         | 0          |
| time/                   |            |
|    fps                  | 3717       |
|    iterations           | 93         |
|    time_elapsed         | 204        |
|    total_timesteps      | 761856     |
| train/                  |            |
|    approx_kl            | 0.01243832 |
|    clip_fraction        | 0.174      |
|    clip_range           | 0.2        |
|    entropy_loss         | -8.52      |
|    explained_variance   | 0.934      |
|    learning_rate        | 0.0003     |
|    loss                 | 1.04       |
|    n_updates            | 920        |
|    policy_gradient_loss | -0.00332   |
|    std                  | 1.01       |
|    value_loss           | 5.51       |
----------------------------------------
----------------------------------------
| rollout/                |            |
|    ep_len_mean          | 250        |
|    ep_rew_mean          | 233        |
|    success_rate         | 0          |
| time/                   |            |
|    fps                  | 3721       |
|    iterations           | 94         |
|    time_elapsed         | 206        |
|    total_timesteps      | 770048     |
| train/                  |            |
|    approx_kl            | 0.01847535 |
|    clip_fraction        | 0.208      |
|    clip_range           | 0.2        |
|    entropy_loss         | -8.5       |
|    explained_variance   | 0.953      |
|    learning_rate        | 0.0003     |
|    loss                 | 0.637      |
|    n_updates            | 930        |
|    policy_gradient_loss | 0.000897   |
|    std                  | 1.01       |
|    value_loss           | 1.45       |
----------------------------------------
Eval num_timesteps=775000, episode_reward=224.96 +/- 8.00
Episode length: 250.00 +/- 0.00
Success rate: 0.00%
-----------------------------------------
| eval/                   |             |
|    mean_ep_length       | 250         |
|    mean_reward          | 225         |
|    success_rate         | 0           |
| time/                   |             |
|    total_timesteps      | 775000      |
| train/                  |             |
|    approx_kl            | 0.013760015 |
|    clip_fraction        | 0.173       |
|    clip_range           | 0.2         |
|    entropy_loss         | -8.49       |
|    explained_variance   | 0.939       |
|    learning_rate        | 0.0003      |
|    loss                 | 0.803       |
|    n_updates            | 940         |
|    policy_gradient_loss | -0.00327    |
|    std                  | 1.01        |
|    value_loss           | 3.75        |
-----------------------------------------
---------------------------------
| rollout/           |          |
|    ep_len_mean     | 250      |
|    ep_rew_mean     | 231      |
|    success_rate    | 0        |
| time/              |          |
|    fps             | 3716     |
|    iterations      | 95       |
|    time_elapsed    | 209      |
|    total_timesteps | 778240   |
---------------------------------
-----------------------------------------
| rollout/                |             |
|    ep_len_mean          | 250         |
|    ep_rew_mean          | 230         |
|    success_rate         | 0           |
| time/                   |             |
|    fps                  | 3720        |
|    iterations           | 96          |
|    time_elapsed         | 211         |
|    total_timesteps      | 786432      |
| train/                  |             |
|    approx_kl            | 0.013925208 |
|    clip_fraction        | 0.181       |
|    clip_range           | 0.2         |
|    entropy_loss         | -8.49       |
|    explained_variance   | 0.965       |
|    learning_rate        | 0.0003      |
|    loss                 | 0.76        |
|    n_updates            | 950         |
|    policy_gradient_loss | -0.00299    |
|    std                  | 1.01        |
|    value_loss           | 2.78        |
-----------------------------------------
-----------------------------------------
| rollout/                |             |
|    ep_len_mean          | 250         |
|    ep_rew_mean          | 230         |
|    success_rate         | 0           |
| time/                   |             |
|    fps                  | 3724        |
|    iterations           | 97          |
|    time_elapsed         | 213         |
|    total_timesteps      | 794624      |
| train/                  |             |
|    approx_kl            | 0.011298849 |
|    clip_fraction        | 0.132       |
|    clip_range           | 0.2         |
|    entropy_loss         | -8.48       |
|    explained_variance   | 0.945       |
|    learning_rate        | 0.0003      |
|    loss                 | 1.36        |
|    n_updates            | 960         |
|    policy_gradient_loss | -0.00469    |
|    std                  | 1.01        |
|    value_loss           | 5.37        |
-----------------------------------------
Eval num_timesteps=800000, episode_reward=215.77 +/- 3.51
Episode length: 250.00 +/- 0.00
Success rate: 0.00%
-----------------------------------------
| eval/                   |             |
|    mean_ep_length       | 250         |
|    mean_reward          | 216         |
|    success_rate         | 0           |
| time/                   |             |
|    total_timesteps      | 800000      |
| train/                  |             |
|    approx_kl            | 0.014277771 |
|    clip_fraction        | 0.177       |
|    clip_range           | 0.2         |
|    entropy_loss         | -8.49       |
|    explained_variance   | 0.937       |
|    learning_rate        | 0.0003      |
|    loss                 | 0.148       |
|    n_updates            | 970         |
|    policy_gradient_loss | -0.00308    |
|    std                  | 1.01        |
|    value_loss           | 2.69        |
-----------------------------------------
---------------------------------
| rollout/           |          |
|    ep_len_mean     | 250      |
|    ep_rew_mean     | 232      |
|    success_rate    | 0        |
| time/              |          |
|    fps             | 3719     |
|    iterations      | 98       |
|    time_elapsed    | 215      |
|    total_timesteps | 802816   |
---------------------------------
-----------------------------------------
| rollout/                |             |
|    ep_len_mean          | 250         |
|    ep_rew_mean          | 234         |
|    success_rate         | 0           |
| time/                   |             |
|    fps                  | 3721        |
|    iterations           | 99          |
|    time_elapsed         | 217         |
|    total_timesteps      | 811008      |
| train/                  |             |
|    approx_kl            | 0.012019247 |
|    clip_fraction        | 0.169       |
|    clip_range           | 0.2         |
|    entropy_loss         | -8.52       |
|    explained_variance   | 0.959       |
|    learning_rate        | 0.0003      |
|    loss                 | 0.311       |
|    n_updates            | 980         |
|    policy_gradient_loss | -0.00223    |
|    std                  | 1.01        |
|    value_loss           | 4.27        |
-----------------------------------------
----------------------------------------
| rollout/                |            |
|    ep_len_mean          | 250        |
|    ep_rew_mean          | 230        |
|    success_rate         | 0          |
| time/                   |            |
|    fps                  | 3724       |
|    iterations           | 100        |
|    time_elapsed         | 219        |
|    total_timesteps      | 819200     |
| train/                  |            |
|    approx_kl            | 0.01758923 |
|    clip_fraction        | 0.164      |
|    clip_range           | 0.2        |
|    entropy_loss         | -8.52      |
|    explained_variance   | 0.933      |
|    learning_rate        | 0.0003     |
|    loss                 | 1.22       |
|    n_updates            | 990        |
|    policy_gradient_loss | -0.00219   |
|    std                  | 1.02       |
|    value_loss           | 3.79       |
----------------------------------------
Eval num_timesteps=825000, episode_reward=217.02 +/- 13.16
Episode length: 250.00 +/- 0.00
Success rate: 0.00%
-----------------------------------------
| eval/                   |             |
|    mean_ep_length       | 250         |
|    mean_reward          | 217         |
|    success_rate         | 0           |
| time/                   |             |
|    total_timesteps      | 825000      |
| train/                  |             |
|    approx_kl            | 0.013303019 |
|    clip_fraction        | 0.146       |
|    clip_range           | 0.2         |
|    entropy_loss         | -8.54       |
|    explained_variance   | 0.94        |
|    learning_rate        | 0.0003      |
|    loss                 | 4.42        |
|    n_updates            | 1000        |
|    policy_gradient_loss | -0.0065     |
|    std                  | 1.02        |
|    value_loss           | 10.7        |
-----------------------------------------
---------------------------------
| rollout/           |          |
|    ep_len_mean     | 250      |
|    ep_rew_mean     | 230      |
|    success_rate    | 0        |
| time/              |          |
|    fps             | 3719     |
|    iterations      | 101      |
|    time_elapsed    | 222      |
|    total_timesteps | 827392   |
---------------------------------
-----------------------------------------
| rollout/                |             |
|    ep_len_mean          | 250         |
|    ep_rew_mean          | 231         |
|    success_rate         | 0           |
| time/                   |             |
|    fps                  | 3722        |
|    iterations           | 102         |
|    time_elapsed         | 224         |
|    total_timesteps      | 835584      |
| train/                  |             |
|    approx_kl            | 0.014493356 |
|    clip_fraction        | 0.2         |
|    clip_range           | 0.2         |
|    entropy_loss         | -8.55       |
|    explained_variance   | 0.945       |
|    learning_rate        | 0.0003      |
|    loss                 | 1.37        |
|    n_updates            | 1010        |
|    policy_gradient_loss | 0.000243    |
|    std                  | 1.02        |
|    value_loss           | 2.85        |
-----------------------------------------
-----------------------------------------
| rollout/                |             |
|    ep_len_mean          | 250         |
|    ep_rew_mean          | 234         |
|    success_rate         | 0           |
| time/                   |             |
|    fps                  | 3726        |
|    iterations           | 103         |
|    time_elapsed         | 226         |
|    total_timesteps      | 843776      |
| train/                  |             |
|    approx_kl            | 0.011843702 |
|    clip_fraction        | 0.19        |
|    clip_range           | 0.2         |
|    entropy_loss         | -8.55       |
|    explained_variance   | 0.92        |
|    learning_rate        | 0.0003      |
|    loss                 | 2.27        |
|    n_updates            | 1020        |
|    policy_gradient_loss | -0.0033     |
|    std                  | 1.02        |
|    value_loss           | 2.46        |
-----------------------------------------
Eval num_timesteps=850000, episode_reward=224.88 +/- 14.97
Episode length: 250.00 +/- 0.00
Success rate: 0.00%
-----------------------------------------
| eval/                   |             |
|    mean_ep_length       | 250         |
|    mean_reward          | 225         |
|    success_rate         | 0           |
| time/                   |             |
|    total_timesteps      | 850000      |
| train/                  |             |
|    approx_kl            | 0.013743864 |
|    clip_fraction        | 0.141       |
|    clip_range           | 0.2         |
|    entropy_loss         | -8.55       |
|    explained_variance   | 0.914       |
|    learning_rate        | 0.0003      |
|    loss                 | 1.72        |
|    n_updates            | 1030        |
|    policy_gradient_loss | -0.00262    |
|    std                  | 1.02        |
|    value_loss           | 4.53        |
-----------------------------------------
---------------------------------
| rollout/           |          |
|    ep_len_mean     | 250      |
|    ep_rew_mean     | 237      |
|    success_rate    | 0        |
| time/              |          |
|    fps             | 3720     |
|    iterations      | 104      |
|    time_elapsed    | 228      |
|    total_timesteps | 851968   |
---------------------------------
----------------------------------------
| rollout/                |            |
|    ep_len_mean          | 250        |
|    ep_rew_mean          | 235        |
|    success_rate         | 0          |
| time/                   |            |
|    fps                  | 3724       |
|    iterations           | 105        |
|    time_elapsed         | 230        |
|    total_timesteps      | 860160     |
| train/                  |            |
|    approx_kl            | 0.01721575 |
|    clip_fraction        | 0.168      |
|    clip_range           | 0.2        |
|    entropy_loss         | -8.54      |
|    explained_variance   | 0.865      |
|    learning_rate        | 0.0003     |
|    loss                 | 0.463      |
|    n_updates            | 1040       |
|    policy_gradient_loss | -0.00333   |
|    std                  | 1.02       |
|    value_loss           | 3.79       |
----------------------------------------
----------------------------------------
| rollout/                |            |
|    ep_len_mean          | 250        |
|    ep_rew_mean          | 236        |
|    success_rate         | 0          |
| time/                   |            |
|    fps                  | 3727       |
|    iterations           | 106        |
|    time_elapsed         | 232        |
|    total_timesteps      | 868352     |
| train/                  |            |
|    approx_kl            | 0.01583419 |
|    clip_fraction        | 0.207      |
|    clip_range           | 0.2        |
|    entropy_loss         | -8.52      |
|    explained_variance   | 0.907      |
|    learning_rate        | 0.0003     |
|    loss                 | 1.22       |
|    n_updates            | 1050       |
|    policy_gradient_loss | -0.00448   |
|    std                  | 1.02       |
|    value_loss           | 3.36       |
----------------------------------------
Eval num_timesteps=875000, episode_reward=209.02 +/- 0.61
Episode length: 250.00 +/- 0.00
Success rate: 0.00%
-----------------------------------------
| eval/                   |             |
|    mean_ep_length       | 250         |
|    mean_reward          | 209         |
|    success_rate         | 0           |
| time/                   |             |
|    total_timesteps      | 875000      |
| train/                  |             |
|    approx_kl            | 0.013583246 |
|    clip_fraction        | 0.164       |
|    clip_range           | 0.2         |
|    entropy_loss         | -8.51       |
|    explained_variance   | 0.939       |
|    learning_rate        | 0.0003      |
|    loss                 | 0.662       |
|    n_updates            | 1060        |
|    policy_gradient_loss | -0.00264    |
|    std                  | 1.02        |
|    value_loss           | 2.48        |
-----------------------------------------
---------------------------------
| rollout/           |          |
|    ep_len_mean     | 250      |
|    ep_rew_mean     | 234      |
|    success_rate    | 0        |
| time/              |          |
|    fps             | 3722     |
|    iterations      | 107      |
|    time_elapsed    | 235      |
|    total_timesteps | 876544   |
---------------------------------
-----------------------------------------
| rollout/                |             |
|    ep_len_mean          | 250         |
|    ep_rew_mean          | 235         |
|    success_rate         | 0           |
| time/                   |             |
|    fps                  | 3725        |
|    iterations           | 108         |
|    time_elapsed         | 237         |
|    total_timesteps      | 884736      |
| train/                  |             |
|    approx_kl            | 0.013392538 |
|    clip_fraction        | 0.168       |
|    clip_range           | 0.2         |
|    entropy_loss         | -8.51       |
|    explained_variance   | 0.911       |
|    learning_rate        | 0.0003      |
|    loss                 | 1.36        |
|    n_updates            | 1070        |
|    policy_gradient_loss | -0.00469    |
|    std                  | 1.02        |
|    value_loss           | 3.56        |
-----------------------------------------
-----------------------------------------
| rollout/                |             |
|    ep_len_mean          | 250         |
|    ep_rew_mean          | 234         |
|    success_rate         | 0           |
| time/                   |             |
|    fps                  | 3728        |
|    iterations           | 109         |
|    time_elapsed         | 239         |
|    total_timesteps      | 892928      |
| train/                  |             |
|    approx_kl            | 0.014252968 |
|    clip_fraction        | 0.195       |
|    clip_range           | 0.2         |
|    entropy_loss         | -8.5        |
|    explained_variance   | 0.934       |
|    learning_rate        | 0.0003      |
|    loss                 | 1.5         |
|    n_updates            | 1080        |
|    policy_gradient_loss | -0.00213    |
|    std                  | 1.01        |
|    value_loss           | 2.46        |
-----------------------------------------
Eval num_timesteps=900000, episode_reward=209.43 +/- 0.31
Episode length: 250.00 +/- 0.00
Success rate: 0.00%
-----------------------------------------
| eval/                   |             |
|    mean_ep_length       | 250         |
|    mean_reward          | 209         |
|    success_rate         | 0           |
| time/                   |             |
|    total_timesteps      | 900000      |
| train/                  |             |
|    approx_kl            | 0.020443903 |
|    clip_fraction        | 0.201       |
|    clip_range           | 0.2         |
|    entropy_loss         | -8.47       |
|    explained_variance   | 0.949       |
|    learning_rate        | 0.0003      |
|    loss                 | 0.423       |
|    n_updates            | 1090        |
|    policy_gradient_loss | -0.00318    |
|    std                  | 1.01        |
|    value_loss           | 2.31        |
-----------------------------------------
---------------------------------
| rollout/           |          |
|    ep_len_mean     | 250      |
|    ep_rew_mean     | 234      |
|    success_rate    | 0        |
| time/              |          |
|    fps             | 3723     |
|    iterations      | 110      |
|    time_elapsed    | 242      |
|    total_timesteps | 901120   |
---------------------------------
-----------------------------------------
| rollout/                |             |
|    ep_len_mean          | 250         |
|    ep_rew_mean          | 230         |
|    success_rate         | 0           |
| time/                   |             |
|    fps                  | 3726        |
|    iterations           | 111         |
|    time_elapsed         | 243         |
|    total_timesteps      | 909312      |
| train/                  |             |
|    approx_kl            | 0.015159227 |
|    clip_fraction        | 0.185       |
|    clip_range           | 0.2         |
|    entropy_loss         | -8.46       |
|    explained_variance   | 0.955       |
|    learning_rate        | 0.0003      |
|    loss                 | 0.62        |
|    n_updates            | 1100        |
|    policy_gradient_loss | -0.0009     |
|    std                  | 1.01        |
|    value_loss           | 1.84        |
-----------------------------------------
-----------------------------------------
| rollout/                |             |
|    ep_len_mean          | 250         |
|    ep_rew_mean          | 228         |
|    success_rate         | 0           |
| time/                   |             |
|    fps                  | 3730        |
|    iterations           | 112         |
|    time_elapsed         | 245         |
|    total_timesteps      | 917504      |
| train/                  |             |
|    approx_kl            | 0.013582492 |
|    clip_fraction        | 0.16        |
|    clip_range           | 0.2         |
|    entropy_loss         | -8.46       |
|    explained_variance   | 0.876       |
|    learning_rate        | 0.0003      |
|    loss                 | 0.973       |
|    n_updates            | 1110        |
|    policy_gradient_loss | -0.0022     |
|    std                  | 1.01        |
|    value_loss           | 3.61        |
-----------------------------------------
Eval num_timesteps=925000, episode_reward=208.14 +/- 0.84
Episode length: 250.00 +/- 0.00
Success rate: 0.00%
-----------------------------------------
| eval/                   |             |
|    mean_ep_length       | 250         |
|    mean_reward          | 208         |
|    success_rate         | 0           |
| time/                   |             |
|    total_timesteps      | 925000      |
| train/                  |             |
|    approx_kl            | 0.016631886 |
|    clip_fraction        | 0.191       |
|    clip_range           | 0.2         |
|    entropy_loss         | -8.45       |
|    explained_variance   | 0.969       |
|    learning_rate        | 0.0003      |
|    loss                 | 0.867       |
|    n_updates            | 1120        |
|    policy_gradient_loss | -0.00182    |
|    std                  | 1           |
|    value_loss           | 2.02        |
-----------------------------------------
---------------------------------
| rollout/           |          |
|    ep_len_mean     | 250      |
|    ep_rew_mean     | 230      |
|    success_rate    | 0        |
| time/              |          |
|    fps             | 3724     |
|    iterations      | 113      |
|    time_elapsed    | 248      |
|    total_timesteps | 925696   |
---------------------------------
-----------------------------------------
| rollout/                |             |
|    ep_len_mean          | 250         |
|    ep_rew_mean          | 235         |
|    success_rate         | 0           |
| time/                   |             |
|    fps                  | 3728        |
|    iterations           | 114         |
|    time_elapsed         | 250         |
|    total_timesteps      | 933888      |
| train/                  |             |
|    approx_kl            | 0.014843899 |
|    clip_fraction        | 0.186       |
|    clip_range           | 0.2         |
|    entropy_loss         | -8.46       |
|    explained_variance   | 0.956       |
|    learning_rate        | 0.0003      |
|    loss                 | 0.623       |
|    n_updates            | 1130        |
|    policy_gradient_loss | -0.00397    |
|    std                  | 1.01        |
|    value_loss           | 1.31        |
-----------------------------------------
-----------------------------------------
| rollout/                |             |
|    ep_len_mean          | 250         |
|    ep_rew_mean          | 236         |
|    success_rate         | 0           |
| time/                   |             |
|    fps                  | 3731        |
|    iterations           | 115         |
|    time_elapsed         | 252         |
|    total_timesteps      | 942080      |
| train/                  |             |
|    approx_kl            | 0.012642352 |
|    clip_fraction        | 0.189       |
|    clip_range           | 0.2         |
|    entropy_loss         | -8.45       |
|    explained_variance   | 0.934       |
|    learning_rate        | 0.0003      |
|    loss                 | 1.28        |
|    n_updates            | 1140        |
|    policy_gradient_loss | -0.00591    |
|    std                  | 1           |
|    value_loss           | 1.22        |
-----------------------------------------
Eval num_timesteps=950000, episode_reward=215.82 +/- 13.36
Episode length: 250.00 +/- 0.00
Success rate: 0.00%
----------------------------------------
| eval/                   |            |
|    mean_ep_length       | 250        |
|    mean_reward          | 216        |
|    success_rate         | 0          |
| time/                   |            |
|    total_timesteps      | 950000     |
| train/                  |            |
|    approx_kl            | 0.01349948 |
|    clip_fraction        | 0.162      |
|    clip_range           | 0.2        |
|    entropy_loss         | -8.45      |
|    explained_variance   | 0.921      |
|    learning_rate        | 0.0003     |
|    loss                 | 1.81       |
|    n_updates            | 1150       |
|    policy_gradient_loss | -0.00376   |
|    std                  | 1.01       |
|    value_loss           | 2.76       |
----------------------------------------
---------------------------------
| rollout/           |          |
|    ep_len_mean     | 250      |
|    ep_rew_mean     | 237      |
|    success_rate    | 0        |
| time/              |          |
|    fps             | 3726     |
|    iterations      | 116      |
|    time_elapsed    | 254      |
|    total_timesteps | 950272   |
---------------------------------
----------------------------------------
| rollout/                |            |
|    ep_len_mean          | 250        |
|    ep_rew_mean          | 231        |
|    success_rate         | 0          |
| time/                   |            |
|    fps                  | 3729       |
|    iterations           | 117        |
|    time_elapsed         | 256        |
|    total_timesteps      | 958464     |
| train/                  |            |
|    approx_kl            | 0.01331451 |
|    clip_fraction        | 0.211      |
|    clip_range           | 0.2        |
|    entropy_loss         | -8.48      |
|    explained_variance   | 0.908      |
|    learning_rate        | 0.0003     |
|    loss                 | 0.39       |
|    n_updates            | 1160       |
|    policy_gradient_loss | 0.000453   |
|    std                  | 1.01       |
|    value_loss           | 1.77       |
----------------------------------------
-----------------------------------------
| rollout/                |             |
|    ep_len_mean          | 250         |
|    ep_rew_mean          | 230         |
|    success_rate         | 0           |
| time/                   |             |
|    fps                  | 3733        |
|    iterations           | 118         |
|    time_elapsed         | 258         |
|    total_timesteps      | 966656      |
| train/                  |             |
|    approx_kl            | 0.009564689 |
|    clip_fraction        | 0.0888      |
|    clip_range           | 0.2         |
|    entropy_loss         | -8.49       |
|    explained_variance   | 0.92        |
|    learning_rate        | 0.0003      |
|    loss                 | 0.968       |
|    n_updates            | 1170        |
|    policy_gradient_loss | -0.00419    |
|    std                  | 1.01        |
|    value_loss           | 6.54        |
-----------------------------------------
-----------------------------------------
| rollout/                |             |
|    ep_len_mean          | 250         |
|    ep_rew_mean          | 227         |
|    success_rate         | 0           |
| time/                   |             |
|    fps                  | 3736        |
|    iterations           | 119         |
|    time_elapsed         | 260         |
|    total_timesteps      | 974848      |
| train/                  |             |
|    approx_kl            | 0.016221032 |
|    clip_fraction        | 0.15        |
|    clip_range           | 0.2         |
|    entropy_loss         | -8.5        |
|    explained_variance   | 0.925       |
|    learning_rate        | 0.0003      |
|    loss                 | 1.03        |
|    n_updates            | 1180        |
|    policy_gradient_loss | -0.0049     |
|    std                  | 1.01        |
|    value_loss           | 4.41        |
-----------------------------------------
Eval num_timesteps=975000, episode_reward=208.81 +/- 0.44
Episode length: 250.00 +/- 0.00
Success rate: 0.00%
-----------------------------------------
| eval/                   |             |
|    mean_ep_length       | 250         |
|    mean_reward          | 209         |
|    success_rate         | 0           |
| time/                   |             |
|    total_timesteps      | 975000      |
| train/                  |             |
|    approx_kl            | 0.015377485 |
|    clip_fraction        | 0.193       |
|    clip_range           | 0.2         |
|    entropy_loss         | -8.48       |
|    explained_variance   | 0.95        |
|    learning_rate        | 0.0003      |
|    loss                 | 0.936       |
|    n_updates            | 1190        |
|    policy_gradient_loss | -0.00348    |
|    std                  | 1.01        |
|    value_loss           | 3.05        |
-----------------------------------------
---------------------------------
| rollout/           |          |
|    ep_len_mean     | 250      |
|    ep_rew_mean     | 233      |
|    success_rate    | 0        |
| time/              |          |
|    fps             | 3731     |
|    iterations      | 120      |
|    time_elapsed    | 263      |
|    total_timesteps | 983040   |
---------------------------------
-----------------------------------------
| rollout/                |             |
|    ep_len_mean          | 250         |
|    ep_rew_mean          | 235         |
|    success_rate         | 0           |
| time/                   |             |
|    fps                  | 3734        |
|    iterations           | 121         |
|    time_elapsed         | 265         |
|    total_timesteps      | 991232      |
| train/                  |             |
|    approx_kl            | 0.017481547 |
|    clip_fraction        | 0.215       |
|    clip_range           | 0.2         |
|    entropy_loss         | -8.48       |
|    explained_variance   | 0.941       |
|    learning_rate        | 0.0003      |
|    loss                 | 1.31        |
|    n_updates            | 1200        |
|    policy_gradient_loss | -0.00229    |
|    std                  | 1.01        |
|    value_loss           | 1.69        |
-----------------------------------------
-----------------------------------------
| rollout/                |             |
|    ep_len_mean          | 250         |
|    ep_rew_mean          | 238         |
|    success_rate         | 0           |
| time/                   |             |
|    fps                  | 3737        |
|    iterations           | 122         |
|    time_elapsed         | 267         |
|    total_timesteps      | 999424      |
| train/                  |             |
|    approx_kl            | 0.011567911 |
|    clip_fraction        | 0.198       |
|    clip_range           | 0.2         |
|    entropy_loss         | -8.49       |
|    explained_variance   | 0.911       |
|    learning_rate        | 0.0003      |
|    loss                 | 0.468       |
|    n_updates            | 1210        |
|    policy_gradient_loss | -0.00303    |
|    std                  | 1.01        |
|    value_loss           | 1.71        |
-----------------------------------------
Eval num_timesteps=1000000, episode_reward=229.75 +/- 17.12
Episode length: 250.00 +/- 0.00
Success rate: 0.00%
-----------------------------------------
| eval/                   |             |
|    mean_ep_length       | 250         |
|    mean_reward          | 230         |
|    success_rate         | 0           |
| time/                   |             |
|    total_timesteps      | 1000000     |
| train/                  |             |
|    approx_kl            | 0.019919913 |
|    clip_fraction        | 0.208       |
|    clip_range           | 0.2         |
|    entropy_loss         | -8.5        |
|    explained_variance   | 0.929       |
|    learning_rate        | 0.0003      |
|    loss                 | 0.234       |
|    n_updates            | 1220        |
|    policy_gradient_loss | -0.00424    |
|    std                  | 1.02        |
|    value_loss           | 1.67        |
-----------------------------------------
---------------------------------
| rollout/           |          |
|    ep_len_mean     | 250      |
|    ep_rew_mean     | 235      |
|    success_rate    | 0        |
| time/              |          |
|    fps             | 3732     |
|    iterations      | 123      |
|    time_elapsed    | 269      |
|    total_timesteps | 1007616  |
---------------------------------
----------------------------------------
| rollout/                |            |
|    ep_len_mean          | 250        |
|    ep_rew_mean          | 235        |
|    success_rate         | 0          |
| time/                   |            |
|    fps                  | 3735       |
|    iterations           | 124        |
|    time_elapsed         | 271        |
|    total_timesteps      | 1015808    |
| train/                  |            |
|    approx_kl            | 0.01671943 |
|    clip_fraction        | 0.214      |
|    clip_range           | 0.2        |
|    entropy_loss         | -8.54      |
|    explained_variance   | 0.954      |
|    learning_rate        | 0.0003     |
|    loss                 | 0.933      |
|    n_updates            | 1230       |
|    policy_gradient_loss | -0.0038    |
|    std                  | 1.02       |
|    value_loss           | 1.77       |
----------------------------------------
----------------------------------------
| rollout/                |            |
|    ep_len_mean          | 250        |
|    ep_rew_mean          | 236        |
|    success_rate         | 0          |
| time/                   |            |
|    fps                  | 3738       |
|    iterations           | 125        |
|    time_elapsed         | 273        |
|    total_timesteps      | 1024000    |
| train/                  |            |
|    approx_kl            | 0.01271566 |
|    clip_fraction        | 0.174      |
|    clip_range           | 0.2        |
|    entropy_loss         | -8.58      |
|    explained_variance   | 0.944      |
|    learning_rate        | 0.0003     |
|    loss                 | 0.518      |
|    n_updates            | 1240       |
|    policy_gradient_loss | -0.00479   |
|    std                  | 1.03       |
|    value_loss           | 2.42       |
----------------------------------------
Eval num_timesteps=1025000, episode_reward=237.15 +/- 12.54
Episode length: 250.00 +/- 0.00
Success rate: 0.00%
-----------------------------------------
| eval/                   |             |
|    mean_ep_length       | 250         |
|    mean_reward          | 237         |
|    success_rate         | 0           |
| time/                   |             |
|    total_timesteps      | 1025000     |
| train/                  |             |
|    approx_kl            | 0.018893521 |
|    clip_fraction        | 0.274       |
|    clip_range           | 0.2         |
|    entropy_loss         | -8.6        |
|    explained_variance   | 0.938       |
|    learning_rate        | 0.0003      |
|    loss                 | 0.192       |
|    n_updates            | 1250        |
|    policy_gradient_loss | 0.00216     |
|    std                  | 1.03        |
|    value_loss           | 0.778       |
-----------------------------------------
---------------------------------
| rollout/           |          |
|    ep_len_mean     | 250      |
|    ep_rew_mean     | 239      |
|    success_rate    | 0        |
| time/              |          |
|    fps             | 3734     |
|    iterations      | 126      |
|    time_elapsed    | 276      |
|    total_timesteps | 1032192  |
---------------------------------
-----------------------------------------
| rollout/                |             |
|    ep_len_mean          | 250         |
|    ep_rew_mean          | 240         |
|    success_rate         | 0           |
| time/                   |             |
|    fps                  | 3738        |
|    iterations           | 127         |
|    time_elapsed         | 278         |
|    total_timesteps      | 1040384     |
| train/                  |             |
|    approx_kl            | 0.014496047 |
|    clip_fraction        | 0.183       |
|    clip_range           | 0.2         |
|    entropy_loss         | -8.62       |
|    explained_variance   | 0.929       |
|    learning_rate        | 0.0003      |
|    loss                 | 0.801       |
|    n_updates            | 1260        |
|    policy_gradient_loss | -0.00332    |
|    std                  | 1.03        |
|    value_loss           | 0.805       |
-----------------------------------------
-----------------------------------------
| rollout/                |             |
|    ep_len_mean          | 250         |
|    ep_rew_mean          | 236         |
|    success_rate         | 0           |
| time/                   |             |
|    fps                  | 3741        |
|    iterations           | 128         |
|    time_elapsed         | 280         |
|    total_timesteps      | 1048576     |
| train/                  |             |
|    approx_kl            | 0.016209738 |
|    clip_fraction        | 0.233       |
|    clip_range           | 0.2         |
|    entropy_loss         | -8.62       |
|    explained_variance   | 0.973       |
|    learning_rate        | 0.0003      |
|    loss                 | 0.0149      |
|    n_updates            | 1270        |
|    policy_gradient_loss | -9.85e-05   |
|    std                  | 1.04        |
|    value_loss           | 0.335       |
-----------------------------------------
Eval num_timesteps=1050000, episode_reward=238.91 +/- 9.12
Episode length: 250.00 +/- 0.00
Success rate: 0.00%
----------------------------------------
| eval/                   |            |
|    mean_ep_length       | 250        |
|    mean_reward          | 239        |
|    success_rate         | 0          |
| time/                   |            |
|    total_timesteps      | 1050000    |
| train/                  |            |
|    approx_kl            | 0.00926036 |
|    clip_fraction        | 0.129      |
|    clip_range           | 0.2        |
|    entropy_loss         | -8.64      |
|    explained_variance   | 0.942      |
|    learning_rate        | 0.0003     |
|    loss                 | 1.57       |
|    n_updates            | 1280       |
|    policy_gradient_loss | -0.00703   |
|    std                  | 1.04       |
|    value_loss           | 4.32       |
----------------------------------------
---------------------------------
| rollout/           |          |
|    ep_len_mean     | 250      |
|    ep_rew_mean     | 235      |
|    success_rate    | 0        |
| time/              |          |
|    fps             | 3737     |
|    iterations      | 129      |
|    time_elapsed    | 282      |
|    total_timesteps | 1056768  |
---------------------------------
-----------------------------------------
| rollout/                |             |
|    ep_len_mean          | 250         |
|    ep_rew_mean          | 233         |
|    success_rate         | 0           |
| time/                   |             |
|    fps                  | 3740        |
|    iterations           | 130         |
|    time_elapsed         | 284         |
|    total_timesteps      | 1064960     |
| train/                  |             |
|    approx_kl            | 0.012695032 |
|    clip_fraction        | 0.151       |
|    clip_range           | 0.2         |
|    entropy_loss         | -8.66       |
|    explained_variance   | 0.94        |
|    learning_rate        | 0.0003      |
|    loss                 | 0.625       |
|    n_updates            | 1290        |
|    policy_gradient_loss | -0.00579    |
|    std                  | 1.04        |
|    value_loss           | 2.61        |
-----------------------------------------
-----------------------------------------
| rollout/                |             |
|    ep_len_mean          | 250         |
|    ep_rew_mean          | 236         |
|    success_rate         | 0           |
| time/                   |             |
|    fps                  | 3744        |
|    iterations           | 131         |
|    time_elapsed         | 286         |
|    total_timesteps      | 1073152     |
| train/                  |             |
|    approx_kl            | 0.015197616 |
|    clip_fraction        | 0.179       |
|    clip_range           | 0.2         |
|    entropy_loss         | -8.67       |
|    explained_variance   | 0.95        |
|    learning_rate        | 0.0003      |
|    loss                 | 0.0469      |
|    n_updates            | 1300        |
|    policy_gradient_loss | -0.00119    |
|    std                  | 1.04        |
|    value_loss           | 2.52        |
-----------------------------------------
Eval num_timesteps=1075000, episode_reward=243.59 +/- 1.06
Episode length: 250.00 +/- 0.00
Success rate: 0.00%
-----------------------------------------
| eval/                   |             |
|    mean_ep_length       | 250         |
|    mean_reward          | 244         |
|    success_rate         | 0           |
| time/                   |             |
|    total_timesteps      | 1075000     |
| train/                  |             |
|    approx_kl            | 0.010314563 |
|    clip_fraction        | 0.159       |
|    clip_range           | 0.2         |
|    entropy_loss         | -8.68       |
|    explained_variance   | 0.921       |
|    learning_rate        | 0.0003      |
|    loss                 | 4.87        |
|    n_updates            | 1310        |
|    policy_gradient_loss | -0.00553    |
|    std                  | 1.04        |
|    value_loss           | 5.21        |
-----------------------------------------
New best mean reward!
---------------------------------
| rollout/           |          |
|    ep_len_mean     | 250      |
|    ep_rew_mean     | 236      |
|    success_rate    | 0        |
| time/              |          |
|    fps             | 3740     |
|    iterations      | 132      |
|    time_elapsed    | 289      |
|    total_timesteps | 1081344  |
---------------------------------
-----------------------------------------
| rollout/                |             |
|    ep_len_mean          | 250         |
|    ep_rew_mean          | 239         |
|    success_rate         | 0           |
| time/                   |             |
|    fps                  | 3744        |
|    iterations           | 133         |
|    time_elapsed         | 290         |
|    total_timesteps      | 1089536     |
| train/                  |             |
|    approx_kl            | 0.012872668 |
|    clip_fraction        | 0.183       |
|    clip_range           | 0.2         |
|    entropy_loss         | -8.68       |
|    explained_variance   | 0.95        |
|    learning_rate        | 0.0003      |
|    loss                 | 0.237       |
|    n_updates            | 1320        |
|    policy_gradient_loss | -0.00277    |
|    std                  | 1.04        |
|    value_loss           | 1.21        |
-----------------------------------------
----------------------------------------
| rollout/                |            |
|    ep_len_mean          | 250        |
|    ep_rew_mean          | 241        |
|    success_rate         | 0          |
| time/                   |            |
|    fps                  | 3748       |
|    iterations           | 134        |
|    time_elapsed         | 292        |
|    total_timesteps      | 1097728    |
| train/                  |            |
|    approx_kl            | 0.01758813 |
|    clip_fraction        | 0.241      |
|    clip_range           | 0.2        |
|    entropy_loss         | -8.66      |
|    explained_variance   | 0.933      |
|    learning_rate        | 0.0003     |
|    loss                 | 0.0544     |
|    n_updates            | 1330       |
|    policy_gradient_loss | 0.00152    |
|    std                  | 1.04       |
|    value_loss           | 0.198      |
----------------------------------------
Eval num_timesteps=1100000, episode_reward=244.07 +/- 0.97
Episode length: 250.00 +/- 0.00
Success rate: 0.00%
-----------------------------------------
| eval/                   |             |
|    mean_ep_length       | 250         |
|    mean_reward          | 244         |
|    success_rate         | 0           |
| time/                   |             |
|    total_timesteps      | 1100000     |
| train/                  |             |
|    approx_kl            | 0.017152824 |
|    clip_fraction        | 0.236       |
|    clip_range           | 0.2         |
|    entropy_loss         | -8.63       |
|    explained_variance   | 0.914       |
|    learning_rate        | 0.0003      |
|    loss                 | 0.111       |
|    n_updates            | 1340        |
|    policy_gradient_loss | 0.000484    |
|    std                  | 1.03        |
|    value_loss           | 0.362       |
-----------------------------------------
New best mean reward!
---------------------------------
| rollout/           |          |
|    ep_len_mean     | 250      |
|    ep_rew_mean     | 242      |
|    success_rate    | 0        |
| time/              |          |
|    fps             | 3744     |
|    iterations      | 135      |
|    time_elapsed    | 295      |
|    total_timesteps | 1105920  |
---------------------------------
-----------------------------------------
| rollout/                |             |
|    ep_len_mean          | 250         |
|    ep_rew_mean          | 241         |
|    success_rate         | 0           |
| time/                   |             |
|    fps                  | 3747        |
|    iterations           | 136         |
|    time_elapsed         | 297         |
|    total_timesteps      | 1114112     |
| train/                  |             |
|    approx_kl            | 0.018288767 |
|    clip_fraction        | 0.224       |
|    clip_range           | 0.2         |
|    entropy_loss         | -8.57       |
|    explained_variance   | 0.966       |
|    learning_rate        | 0.0003      |
|    loss                 | -0.00627    |
|    n_updates            | 1350        |
|    policy_gradient_loss | -0.00214    |
|    std                  | 1.03        |
|    value_loss           | 0.124       |
-----------------------------------------
------------------------------------------
| rollout/                |              |
|    ep_len_mean          | 250          |
|    ep_rew_mean          | 241          |
|    success_rate         | 0            |
| time/                   |              |
|    fps                  | 3750         |
|    iterations           | 137          |
|    time_elapsed         | 299          |
|    total_timesteps      | 1122304      |
| train/                  |              |
|    approx_kl            | 0.0147185065 |
|    clip_fraction        | 0.195        |
|    clip_range           | 0.2          |
|    entropy_loss         | -8.57        |
|    explained_variance   | 0.952        |
|    learning_rate        | 0.0003       |
|    loss                 | 0.107        |
|    n_updates            | 1360         |
|    policy_gradient_loss | -0.00546     |
|    std                  | 1.03         |
|    value_loss           | 0.791        |
------------------------------------------
Eval num_timesteps=1125000, episode_reward=227.09 +/- 31.80
Episode length: 250.00 +/- 0.00
Success rate: 0.00%
-----------------------------------------
| eval/                   |             |
|    mean_ep_length       | 250         |
|    mean_reward          | 227         |
|    success_rate         | 0           |
| time/                   |             |
|    total_timesteps      | 1125000     |
| train/                  |             |
|    approx_kl            | 0.017414786 |
|    clip_fraction        | 0.183       |
|    clip_range           | 0.2         |
|    entropy_loss         | -8.56       |
|    explained_variance   | 0.976       |
|    learning_rate        | 0.0003      |
|    loss                 | 0.0174      |
|    n_updates            | 1370        |
|    policy_gradient_loss | -0.00438    |
|    std                  | 1.02        |
|    value_loss           | 0.29        |
-----------------------------------------
---------------------------------
| rollout/           |          |
|    ep_len_mean     | 250      |
|    ep_rew_mean     | 241      |
|    success_rate    | 0        |
| time/              |          |
|    fps             | 3746     |
|    iterations      | 138      |
|    time_elapsed    | 301      |
|    total_timesteps | 1130496  |
---------------------------------
-----------------------------------------
| rollout/                |             |
|    ep_len_mean          | 250         |
|    ep_rew_mean          | 241         |
|    success_rate         | 0           |
| time/                   |             |
|    fps                  | 3749        |
|    iterations           | 139         |
|    time_elapsed         | 303         |
|    total_timesteps      | 1138688     |
| train/                  |             |
|    approx_kl            | 0.012825727 |
|    clip_fraction        | 0.206       |
|    clip_range           | 0.2         |
|    entropy_loss         | -8.54       |
|    explained_variance   | 0.964       |
|    learning_rate        | 0.0003      |
|    loss                 | 0.0319      |
|    n_updates            | 1380        |
|    policy_gradient_loss | -0.000915   |
|    std                  | 1.02        |
|    value_loss           | 0.0704      |
-----------------------------------------
-----------------------------------------
| rollout/                |             |
|    ep_len_mean          | 250         |
|    ep_rew_mean          | 241         |
|    success_rate         | 0           |
| time/                   |             |
|    fps                  | 3752        |
|    iterations           | 140         |
|    time_elapsed         | 305         |
|    total_timesteps      | 1146880     |
| train/                  |             |
|    approx_kl            | 0.010772025 |
|    clip_fraction        | 0.167       |
|    clip_range           | 0.2         |
|    entropy_loss         | -8.54       |
|    explained_variance   | 0.952       |
|    learning_rate        | 0.0003      |
|    loss                 | 0.041       |
|    n_updates            | 1390        |
|    policy_gradient_loss | -0.00259    |
|    std                  | 1.03        |
|    value_loss           | 0.209       |
-----------------------------------------
Eval num_timesteps=1150000, episode_reward=243.32 +/- 0.81
Episode length: 250.00 +/- 0.00
Success rate: 0.00%
-----------------------------------------
| eval/                   |             |
|    mean_ep_length       | 250         |
|    mean_reward          | 243         |
|    success_rate         | 0           |
| time/                   |             |
|    total_timesteps      | 1150000     |
| train/                  |             |
|    approx_kl            | 0.014569959 |
|    clip_fraction        | 0.184       |
|    clip_range           | 0.2         |
|    entropy_loss         | -8.55       |
|    explained_variance   | 0.977       |
|    learning_rate        | 0.0003      |
|    loss                 | 0.0822      |
|    n_updates            | 1400        |
|    policy_gradient_loss | -0.00485    |
|    std                  | 1.02        |
|    value_loss           | 0.159       |
-----------------------------------------
---------------------------------
| rollout/           |          |
|    ep_len_mean     | 250      |
|    ep_rew_mean     | 241      |
|    success_rate    | 0        |
| time/              |          |
|    fps             | 3748     |
|    iterations      | 141      |
|    time_elapsed    | 308      |
|    total_timesteps | 1155072  |
---------------------------------
-----------------------------------------
| rollout/                |             |
|    ep_len_mean          | 250         |
|    ep_rew_mean          | 241         |
|    success_rate         | 0           |
| time/                   |             |
|    fps                  | 3750        |
|    iterations           | 142         |
|    time_elapsed         | 310         |
|    total_timesteps      | 1163264     |
| train/                  |             |
|    approx_kl            | 0.013855641 |
|    clip_fraction        | 0.211       |
|    clip_range           | 0.2         |
|    entropy_loss         | -8.54       |
|    explained_variance   | 0.972       |
|    learning_rate        | 0.0003      |
|    loss                 | -0.0262     |
|    n_updates            | 1410        |
|    policy_gradient_loss | -4.19e-05   |
|    std                  | 1.02        |
|    value_loss           | 0.0515      |
-----------------------------------------
-----------------------------------------
| rollout/                |             |
|    ep_len_mean          | 250         |
|    ep_rew_mean          | 242         |
|    success_rate         | 0           |
| time/                   |             |
|    fps                  | 3753        |
|    iterations           | 143         |
|    time_elapsed         | 312         |
|    total_timesteps      | 1171456     |
| train/                  |             |
|    approx_kl            | 0.013800535 |
|    clip_fraction        | 0.167       |
|    clip_range           | 0.2         |
|    entropy_loss         | -8.54       |
|    explained_variance   | 0.837       |
|    learning_rate        | 0.0003      |
|    loss                 | 0.78        |
|    n_updates            | 1420        |
|    policy_gradient_loss | -0.00439    |
|    std                  | 1.02        |
|    value_loss           | 1.02        |
-----------------------------------------
Eval num_timesteps=1175000, episode_reward=242.97 +/- 1.11
Episode length: 250.00 +/- 0.00
Success rate: 0.00%
-----------------------------------------
| eval/                   |             |
|    mean_ep_length       | 250         |
|    mean_reward          | 243         |
|    success_rate         | 0           |
| time/                   |             |
|    total_timesteps      | 1175000     |
| train/                  |             |
|    approx_kl            | 0.014503893 |
|    clip_fraction        | 0.162       |
|    clip_range           | 0.2         |
|    entropy_loss         | -8.53       |
|    explained_variance   | 0.971       |
|    learning_rate        | 0.0003      |
|    loss                 | 0.0172      |
|    n_updates            | 1430        |
|    policy_gradient_loss | -0.00133    |
|    std                  | 1.02        |
|    value_loss           | 0.076       |
-----------------------------------------
---------------------------------
| rollout/           |          |
|    ep_len_mean     | 250      |
|    ep_rew_mean     | 240      |
|    success_rate    | 0        |
| time/              |          |
|    fps             | 3750     |
|    iterations      | 144      |
|    time_elapsed    | 314      |
|    total_timesteps | 1179648  |
---------------------------------
-----------------------------------------
| rollout/                |             |
|    ep_len_mean          | 250         |
|    ep_rew_mean          | 240         |
|    success_rate         | 0           |
| time/                   |             |
|    fps                  | 3753        |
|    iterations           | 145         |
|    time_elapsed         | 316         |
|    total_timesteps      | 1187840     |
| train/                  |             |
|    approx_kl            | 0.014374211 |
|    clip_fraction        | 0.183       |
|    clip_range           | 0.2         |
|    entropy_loss         | -8.52       |
|    explained_variance   | 0.906       |
|    learning_rate        | 0.0003      |
|    loss                 | 0.00803     |
|    n_updates            | 1440        |
|    policy_gradient_loss | -0.00503    |
|    std                  | 1.02        |
|    value_loss           | 0.308       |
-----------------------------------------
-----------------------------------------
| rollout/                |             |
|    ep_len_mean          | 250         |
|    ep_rew_mean          | 240         |
|    success_rate         | 0           |
| time/                   |             |
|    fps                  | 3756        |
|    iterations           | 146         |
|    time_elapsed         | 318         |
|    total_timesteps      | 1196032     |
| train/                  |             |
|    approx_kl            | 0.012382997 |
|    clip_fraction        | 0.179       |
|    clip_range           | 0.2         |
|    entropy_loss         | -8.52       |
|    explained_variance   | 0.981       |
|    learning_rate        | 0.0003      |
|    loss                 | -0.018      |
|    n_updates            | 1450        |
|    policy_gradient_loss | -0.00215    |
|    std                  | 1.02        |
|    value_loss           | 0.0433      |
-----------------------------------------
Eval num_timesteps=1200000, episode_reward=243.39 +/- 0.39
Episode length: 250.00 +/- 0.00
Success rate: 0.00%
-----------------------------------------
| eval/                   |             |
|    mean_ep_length       | 250         |
|    mean_reward          | 243         |
|    success_rate         | 0           |
| time/                   |             |
|    total_timesteps      | 1200000     |
| train/                  |             |
|    approx_kl            | 0.013707298 |
|    clip_fraction        | 0.164       |
|    clip_range           | 0.2         |
|    entropy_loss         | -8.52       |
|    explained_variance   | 0.947       |
|    learning_rate        | 0.0003      |
|    loss                 | 0.124       |
|    n_updates            | 1460        |
|    policy_gradient_loss | -0.00515    |
|    std                  | 1.02        |
|    value_loss           | 0.622       |
-----------------------------------------
---------------------------------
| rollout/           |          |
|    ep_len_mean     | 250      |
|    ep_rew_mean     | 242      |
|    success_rate    | 0        |
| time/              |          |
|    fps             | 3753     |
|    iterations      | 147      |
|    time_elapsed    | 320      |
|    total_timesteps | 1204224  |
---------------------------------
-----------------------------------------
| rollout/                |             |
|    ep_len_mean          | 250         |
|    ep_rew_mean          | 241         |
|    success_rate         | 0           |
| time/                   |             |
|    fps                  | 3756        |
|    iterations           | 148         |
|    time_elapsed         | 322         |
|    total_timesteps      | 1212416     |
| train/                  |             |
|    approx_kl            | 0.012614964 |
|    clip_fraction        | 0.179       |
|    clip_range           | 0.2         |
|    entropy_loss         | -8.51       |
|    explained_variance   | 0.978       |
|    learning_rate        | 0.0003      |
|    loss                 | -0.037      |
|    n_updates            | 1470        |
|    policy_gradient_loss | -0.00296    |
|    std                  | 1.02        |
|    value_loss           | 0.0492      |
-----------------------------------------
-----------------------------------------
| rollout/                |             |
|    ep_len_mean          | 250         |
|    ep_rew_mean          | 241         |
|    success_rate         | 0           |
| time/                   |             |
|    fps                  | 3759        |
|    iterations           | 149         |
|    time_elapsed         | 324         |
|    total_timesteps      | 1220608     |
| train/                  |             |
|    approx_kl            | 0.015153909 |
|    clip_fraction        | 0.197       |
|    clip_range           | 0.2         |
|    entropy_loss         | -8.51       |
|    explained_variance   | 0.905       |
|    learning_rate        | 0.0003      |
|    loss                 | 0.326       |
|    n_updates            | 1480        |
|    policy_gradient_loss | -0.00336    |
|    std                  | 1.02        |
|    value_loss           | 0.469       |
-----------------------------------------
Eval num_timesteps=1225000, episode_reward=230.88 +/- 14.39
Episode length: 250.00 +/- 0.00
Success rate: 0.00%
-----------------------------------------
| eval/                   |             |
|    mean_ep_length       | 250         |
|    mean_reward          | 231         |
|    success_rate         | 0           |
| time/                   |             |
|    total_timesteps      | 1225000     |
| train/                  |             |
|    approx_kl            | 0.017423082 |
|    clip_fraction        | 0.195       |
|    clip_range           | 0.2         |
|    entropy_loss         | -8.49       |
|    explained_variance   | 0.951       |
|    learning_rate        | 0.0003      |
|    loss                 | 0.024       |
|    n_updates            | 1490        |
|    policy_gradient_loss | -0.004      |
|    std                  | 1.01        |
|    value_loss           | 0.148       |
-----------------------------------------
---------------------------------
| rollout/           |          |
|    ep_len_mean     | 250      |
|    ep_rew_mean     | 237      |
|    success_rate    | 0        |
| time/              |          |
|    fps             | 3755     |
|    iterations      | 150      |
|    time_elapsed    | 327      |
|    total_timesteps | 1228800  |
---------------------------------
-----------------------------------------
| rollout/                |             |
|    ep_len_mean          | 250         |
|    ep_rew_mean          | 237         |
|    success_rate         | 0           |
| time/                   |             |
|    fps                  | 3758        |
|    iterations           | 151         |
|    time_elapsed         | 329         |
|    total_timesteps      | 1236992     |
| train/                  |             |
|    approx_kl            | 0.008210243 |
|    clip_fraction        | 0.106       |
|    clip_range           | 0.2         |
|    entropy_loss         | -8.47       |
|    explained_variance   | 0.914       |
|    learning_rate        | 0.0003      |
|    loss                 | 0.678       |
|    n_updates            | 1500        |
|    policy_gradient_loss | -0.00593    |
|    std                  | 1.01        |
|    value_loss           | 2.55        |
-----------------------------------------
----------------------------------------
| rollout/                |            |
|    ep_len_mean          | 250        |
|    ep_rew_mean          | 238        |
|    success_rate         | 0          |
| time/                   |            |
|    fps                  | 3761       |
|    iterations           | 152        |
|    time_elapsed         | 331        |
|    total_timesteps      | 1245184    |
| train/                  |            |
|    approx_kl            | 0.01241087 |
|    clip_fraction        | 0.169      |
|    clip_range           | 0.2        |
|    entropy_loss         | -8.47      |
|    explained_variance   | 0.964      |
|    learning_rate        | 0.0003     |
|    loss                 | 0.385      |
|    n_updates            | 1510       |
|    policy_gradient_loss | -0.00275   |
|    std                  | 1.01       |
|    value_loss           | 0.373      |
----------------------------------------
Eval num_timesteps=1250000, episode_reward=236.42 +/- 13.99
Episode length: 250.00 +/- 0.00
Success rate: 0.00%
-----------------------------------------
| eval/                   |             |
|    mean_ep_length       | 250         |
|    mean_reward          | 236         |
|    success_rate         | 0           |
| time/                   |             |
|    total_timesteps      | 1250000     |
| train/                  |             |
|    approx_kl            | 0.015102114 |
|    clip_fraction        | 0.197       |
|    clip_range           | 0.2         |
|    entropy_loss         | -8.46       |
|    explained_variance   | 0.957       |
|    learning_rate        | 0.0003      |
|    loss                 | -0.0109     |
|    n_updates            | 1520        |
|    policy_gradient_loss | -0.001      |
|    std                  | 1.01        |
|    value_loss           | 0.152       |
-----------------------------------------
---------------------------------
| rollout/           |          |
|    ep_len_mean     | 250      |
|    ep_rew_mean     | 241      |
|    success_rate    | 0        |
| time/              |          |
|    fps             | 3757     |
|    iterations      | 153      |
|    time_elapsed    | 333      |
|    total_timesteps | 1253376  |
---------------------------------
-----------------------------------------
| rollout/                |             |
|    ep_len_mean          | 250         |
|    ep_rew_mean          | 238         |
|    success_rate         | 0           |
| time/                   |             |
|    fps                  | 3760        |
|    iterations           | 154         |
|    time_elapsed         | 335         |
|    total_timesteps      | 1261568     |
| train/                  |             |
|    approx_kl            | 0.016798384 |
|    clip_fraction        | 0.189       |
|    clip_range           | 0.2         |
|    entropy_loss         | -8.49       |
|    explained_variance   | 0.934       |
|    learning_rate        | 0.0003      |
|    loss                 | 0.109       |
|    n_updates            | 1530        |
|    policy_gradient_loss | -0.00262    |
|    std                  | 1.02        |
|    value_loss           | 0.373       |
-----------------------------------------
-----------------------------------------
| rollout/                |             |
|    ep_len_mean          | 250         |
|    ep_rew_mean          | 237         |
|    success_rate         | 0           |
| time/                   |             |
|    fps                  | 3763        |
|    iterations           | 155         |
|    time_elapsed         | 337         |
|    total_timesteps      | 1269760     |
| train/                  |             |
|    approx_kl            | 0.010009032 |
|    clip_fraction        | 0.119       |
|    clip_range           | 0.2         |
|    entropy_loss         | -8.54       |
|    explained_variance   | 0.894       |
|    learning_rate        | 0.0003      |
|    loss                 | 0.34        |
|    n_updates            | 1540        |
|    policy_gradient_loss | -0.00701    |
|    std                  | 1.03        |
|    value_loss           | 2.11        |
-----------------------------------------
Eval num_timesteps=1275000, episode_reward=242.84 +/- 0.78
Episode length: 250.00 +/- 0.00
Success rate: 0.00%
-----------------------------------------
| eval/                   |             |
|    mean_ep_length       | 250         |
|    mean_reward          | 243         |
|    success_rate         | 0           |
| time/                   |             |
|    total_timesteps      | 1275000     |
| train/                  |             |
|    approx_kl            | 0.009564956 |
|    clip_fraction        | 0.134       |
|    clip_range           | 0.2         |
|    entropy_loss         | -8.56       |
|    explained_variance   | 0.932       |
|    learning_rate        | 0.0003      |
|    loss                 | 0.294       |
|    n_updates            | 1550        |
|    policy_gradient_loss | -0.00696    |
|    std                  | 1.03        |
|    value_loss           | 0.974       |
-----------------------------------------
---------------------------------
| rollout/           |          |
|    ep_len_mean     | 250      |
|    ep_rew_mean     | 237      |
|    success_rate    | 0        |
| time/              |          |
|    fps             | 3760     |
|    iterations      | 156      |
|    time_elapsed    | 339      |
|    total_timesteps | 1277952  |
---------------------------------
-----------------------------------------
| rollout/                |             |
|    ep_len_mean          | 250         |
|    ep_rew_mean          | 241         |
|    success_rate         | 0           |
| time/                   |             |
|    fps                  | 3763        |
|    iterations           | 157         |
|    time_elapsed         | 341         |
|    total_timesteps      | 1286144     |
| train/                  |             |
|    approx_kl            | 0.012920584 |
|    clip_fraction        | 0.227       |
|    clip_range           | 0.2         |
|    entropy_loss         | -8.57       |
|    explained_variance   | 0.947       |
|    learning_rate        | 0.0003      |
|    loss                 | -0.0265     |
|    n_updates            | 1560        |
|    policy_gradient_loss | 8.83e-05    |
|    std                  | 1.03        |
|    value_loss           | 0.0703      |
-----------------------------------------
----------------------------------------
| rollout/                |            |
|    ep_len_mean          | 250        |
|    ep_rew_mean          | 241        |
|    success_rate         | 0          |
| time/                   |            |
|    fps                  | 3764       |
|    iterations           | 158        |
|    time_elapsed         | 343        |
|    total_timesteps      | 1294336    |
| train/                  |            |
|    approx_kl            | 0.01313444 |
|    clip_fraction        | 0.194      |
|    clip_range           | 0.2        |
|    entropy_loss         | -8.51      |
|    explained_variance   | 0.975      |
|    learning_rate        | 0.0003     |
|    loss                 | -0.017     |
|    n_updates            | 1570       |
|    policy_gradient_loss | -0.00274   |
|    std                  | 1.02       |
|    value_loss           | 0.0629     |
----------------------------------------
Eval num_timesteps=1300000, episode_reward=243.93 +/- 0.75
Episode length: 250.00 +/- 0.00
Success rate: 0.00%
-----------------------------------------
| eval/                   |             |
|    mean_ep_length       | 250         |
|    mean_reward          | 244         |
|    success_rate         | 0           |
| time/                   |             |
|    total_timesteps      | 1300000     |
| train/                  |             |
|    approx_kl            | 0.021175029 |
|    clip_fraction        | 0.21        |
|    clip_range           | 0.2         |
|    entropy_loss         | -8.49       |
|    explained_variance   | 0.939       |
|    learning_rate        | 0.0003      |
|    loss                 | 0.0416      |
|    n_updates            | 1580        |
|    policy_gradient_loss | -0.000656   |
|    std                  | 1.02        |
|    value_loss           | 0.421       |
-----------------------------------------
---------------------------------
| rollout/           |          |
|    ep_len_mean     | 250      |
|    ep_rew_mean     | 240      |
|    success_rate    | 0        |
| time/              |          |
|    fps             | 3761     |
|    iterations      | 159      |
|    time_elapsed    | 346      |
|    total_timesteps | 1302528  |
---------------------------------
-----------------------------------------
| rollout/                |             |
|    ep_len_mean          | 250         |
|    ep_rew_mean          | 240         |
|    success_rate         | 0           |
| time/                   |             |
|    fps                  | 3763        |
|    iterations           | 160         |
|    time_elapsed         | 348         |
|    total_timesteps      | 1310720     |
| train/                  |             |
|    approx_kl            | 0.017403293 |
|    clip_fraction        | 0.25        |
|    clip_range           | 0.2         |
|    entropy_loss         | -8.51       |
|    explained_variance   | 0.944       |
|    learning_rate        | 0.0003      |
|    loss                 | -0.0299     |
|    n_updates            | 1590        |
|    policy_gradient_loss | -0.00238    |
|    std                  | 1.02        |
|    value_loss           | 0.0798      |
-----------------------------------------
-----------------------------------------
| rollout/                |             |
|    ep_len_mean          | 250         |
|    ep_rew_mean          | 242         |
|    success_rate         | 0           |
| time/                   |             |
|    fps                  | 3766        |
|    iterations           | 161         |
|    time_elapsed         | 350         |
|    total_timesteps      | 1318912     |
| train/                  |             |
|    approx_kl            | 0.020802714 |
|    clip_fraction        | 0.209       |
|    clip_range           | 0.2         |
|    entropy_loss         | -8.51       |
|    explained_variance   | 0.882       |
|    learning_rate        | 0.0003      |
|    loss                 | 0.0179      |
|    n_updates            | 1600        |
|    policy_gradient_loss | -0.00565    |
|    std                  | 1.02        |
|    value_loss           | 0.4         |
-----------------------------------------
Eval num_timesteps=1325000, episode_reward=242.73 +/- 1.10
Episode length: 250.00 +/- 0.00
Success rate: 0.00%
-----------------------------------------
| eval/                   |             |
|    mean_ep_length       | 250         |
|    mean_reward          | 243         |
|    success_rate         | 0           |
| time/                   |             |
|    total_timesteps      | 1325000     |
| train/                  |             |
|    approx_kl            | 0.018495515 |
|    clip_fraction        | 0.188       |
|    clip_range           | 0.2         |
|    entropy_loss         | -8.51       |
|    explained_variance   | 0.961       |
|    learning_rate        | 0.0003      |
|    loss                 | 0.0236      |
|    n_updates            | 1610        |
|    policy_gradient_loss | -0.00108    |
|    std                  | 1.02        |
|    value_loss           | 0.166       |
-----------------------------------------
---------------------------------
| rollout/           |          |
|    ep_len_mean     | 250      |
|    ep_rew_mean     | 240      |
|    success_rate    | 0        |
| time/              |          |
|    fps             | 3763     |
|    iterations      | 162      |
|    time_elapsed    | 352      |
|    total_timesteps | 1327104  |
---------------------------------
-----------------------------------------
| rollout/                |             |
|    ep_len_mean          | 250         |
|    ep_rew_mean          | 240         |
|    success_rate         | 0           |
| time/                   |             |
|    fps                  | 3766        |
|    iterations           | 163         |
|    time_elapsed         | 354         |
|    total_timesteps      | 1335296     |
| train/                  |             |
|    approx_kl            | 0.014153097 |
|    clip_fraction        | 0.159       |
|    clip_range           | 0.2         |
|    entropy_loss         | -8.53       |
|    explained_variance   | 0.925       |
|    learning_rate        | 0.0003      |
|    loss                 | 0.672       |
|    n_updates            | 1620        |
|    policy_gradient_loss | -0.00553    |
|    std                  | 1.03        |
|    value_loss           | 1.16        |
-----------------------------------------
------------------------------------------
| rollout/                |              |
|    ep_len_mean          | 250          |
|    ep_rew_mean          | 240          |
|    success_rate         | 0            |
| time/                   |              |
|    fps                  | 3768         |
|    iterations           | 164          |
|    time_elapsed         | 356          |
|    total_timesteps      | 1343488      |
| train/                  |              |
|    approx_kl            | 0.0126560405 |
|    clip_fraction        | 0.159        |
|    clip_range           | 0.2          |
|    entropy_loss         | -8.53        |
|    explained_variance   | 0.974        |
|    learning_rate        | 0.0003       |
|    loss                 | -0.0258      |
|    n_updates            | 1630         |
|    policy_gradient_loss | -0.00199     |
|    std                  | 1.02         |
|    value_loss           | 0.0539       |
------------------------------------------
Eval num_timesteps=1350000, episode_reward=227.48 +/- 12.70
Episode length: 250.00 +/- 0.00
Success rate: 0.00%
-----------------------------------------
| eval/                   |             |
|    mean_ep_length       | 250         |
|    mean_reward          | 227         |
|    success_rate         | 0           |
| time/                   |             |
|    total_timesteps      | 1350000     |
| train/                  |             |
|    approx_kl            | 0.016790979 |
|    clip_fraction        | 0.189       |
|    clip_range           | 0.2         |
|    entropy_loss         | -8.52       |
|    explained_variance   | 0.983       |
|    learning_rate        | 0.0003      |
|    loss                 | 0.0315      |
|    n_updates            | 1640        |
|    policy_gradient_loss | -0.00298    |
|    std                  | 1.02        |
|    value_loss           | 0.107       |
-----------------------------------------
---------------------------------
| rollout/           |          |
|    ep_len_mean     | 250      |
|    ep_rew_mean     | 239      |
|    success_rate    | 0        |
| time/              |          |
|    fps             | 3765     |
|    iterations      | 165      |
|    time_elapsed    | 358      |
|    total_timesteps | 1351680  |
---------------------------------
-----------------------------------------
| rollout/                |             |
|    ep_len_mean          | 250         |
|    ep_rew_mean          | 240         |
|    success_rate         | 0           |
| time/                   |             |
|    fps                  | 3768        |
|    iterations           | 166         |
|    time_elapsed         | 360         |
|    total_timesteps      | 1359872     |
| train/                  |             |
|    approx_kl            | 0.013159167 |
|    clip_fraction        | 0.166       |
|    clip_range           | 0.2         |
|    entropy_loss         | -8.53       |
|    explained_variance   | 0.979       |
|    learning_rate        | 0.0003      |
|    loss                 | 0.0527      |
|    n_updates            | 1650        |
|    policy_gradient_loss | -0.00431    |
|    std                  | 1.03        |
|    value_loss           | 0.192       |
-----------------------------------------
-----------------------------------------
| rollout/                |             |
|    ep_len_mean          | 250         |
|    ep_rew_mean          | 240         |
|    success_rate         | 0           |
| time/                   |             |
|    fps                  | 3770        |
|    iterations           | 167         |
|    time_elapsed         | 362         |
|    total_timesteps      | 1368064     |
| train/                  |             |
|    approx_kl            | 0.009933276 |
|    clip_fraction        | 0.114       |
|    clip_range           | 0.2         |
|    entropy_loss         | -8.55       |
|    explained_variance   | 0.945       |
|    learning_rate        | 0.0003      |
|    loss                 | 0.681       |
|    n_updates            | 1660        |
|    policy_gradient_loss | -0.00625    |
|    std                  | 1.03        |
|    value_loss           | 2.35        |
-----------------------------------------
Eval num_timesteps=1375000, episode_reward=242.65 +/- 0.57
Episode length: 250.00 +/- 0.00
Success rate: 0.00%
-----------------------------------------
| eval/                   |             |
|    mean_ep_length       | 250         |
|    mean_reward          | 243         |
|    success_rate         | 0           |
| time/                   |             |
|    total_timesteps      | 1375000     |
| train/                  |             |
|    approx_kl            | 0.012739797 |
|    clip_fraction        | 0.182       |
|    clip_range           | 0.2         |
|    entropy_loss         | -8.56       |
|    explained_variance   | 0.952       |
|    learning_rate        | 0.0003      |
|    loss                 | 0.175       |
|    n_updates            | 1670        |
|    policy_gradient_loss | -0.00415    |
|    std                  | 1.03        |
|    value_loss           | 0.302       |
-----------------------------------------
---------------------------------
| rollout/           |          |
|    ep_len_mean     | 250      |
|    ep_rew_mean     | 240      |
|    success_rate    | 0        |
| time/              |          |
|    fps             | 3767     |
|    iterations      | 168      |
|    time_elapsed    | 365      |
|    total_timesteps | 1376256  |
---------------------------------
-----------------------------------------
| rollout/                |             |
|    ep_len_mean          | 250         |
|    ep_rew_mean          | 238         |
|    success_rate         | 0           |
| time/                   |             |
|    fps                  | 3769        |
|    iterations           | 169         |
|    time_elapsed         | 367         |
|    total_timesteps      | 1384448     |
| train/                  |             |
|    approx_kl            | 0.016202476 |
|    clip_fraction        | 0.188       |
|    clip_range           | 0.2         |
|    entropy_loss         | -8.54       |
|    explained_variance   | 0.905       |
|    learning_rate        | 0.0003      |
|    loss                 | 0.103       |
|    n_updates            | 1680        |
|    policy_gradient_loss | -0.00278    |
|    std                  | 1.03        |
|    value_loss           | 0.378       |
-----------------------------------------
--------------------------------------
| rollout/                |          |
|    ep_len_mean          | 250      |
|    ep_rew_mean          | 235      |
|    success_rate         | 0        |
| time/                   |          |
|    fps                  | 3772     |
|    iterations           | 170      |
|    time_elapsed         | 369      |
|    total_timesteps      | 1392640  |
| train/                  |          |
|    approx_kl            | 0.009855 |
|    clip_fraction        | 0.112    |
|    clip_range           | 0.2      |
|    entropy_loss         | -8.53    |
|    explained_variance   | 0.957    |
|    learning_rate        | 0.0003   |
|    loss                 | 0.48     |
|    n_updates            | 1690     |
|    policy_gradient_loss | -0.00653 |
|    std                  | 1.03     |
|    value_loss           | 2.57     |
--------------------------------------
Eval num_timesteps=1400000, episode_reward=243.47 +/- 1.18
Episode length: 250.00 +/- 0.00
Success rate: 0.00%
------------------------------------------
| eval/                   |              |
|    mean_ep_length       | 250          |
|    mean_reward          | 243          |
|    success_rate         | 0            |
| time/                   |              |
|    total_timesteps      | 1400000      |
| train/                  |              |
|    approx_kl            | 0.0096832495 |
|    clip_fraction        | 0.113        |
|    clip_range           | 0.2          |
|    entropy_loss         | -8.56        |
|    explained_variance   | 0.961        |
|    learning_rate        | 0.0003       |
|    loss                 | 0.354        |
|    n_updates            | 1700         |
|    policy_gradient_loss | -0.00562     |
|    std                  | 1.03         |
|    value_loss           | 2.21         |
------------------------------------------
---------------------------------
| rollout/           |          |
|    ep_len_mean     | 250      |
|    ep_rew_mean     | 233      |
|    success_rate    | 0        |
| time/              |          |
|    fps             | 3769     |
|    iterations      | 171      |
|    time_elapsed    | 371      |
|    total_timesteps | 1400832  |
---------------------------------
-----------------------------------------
| rollout/                |             |
|    ep_len_mean          | 250         |
|    ep_rew_mean          | 231         |
|    success_rate         | 0           |
| time/                   |             |
|    fps                  | 3771        |
|    iterations           | 172         |
|    time_elapsed         | 373         |
|    total_timesteps      | 1409024     |
| train/                  |             |
|    approx_kl            | 0.013555968 |
|    clip_fraction        | 0.216       |
|    clip_range           | 0.2         |
|    entropy_loss         | -8.6        |
|    explained_variance   | 0.959       |
|    learning_rate        | 0.0003      |
|    loss                 | 0.103       |
|    n_updates            | 1710        |
|    policy_gradient_loss | -2.46e-05   |
|    std                  | 1.04        |
|    value_loss           | 0.787       |
-----------------------------------------
-----------------------------------------
| rollout/                |             |
|    ep_len_mean          | 250         |
|    ep_rew_mean          | 235         |
|    success_rate         | 0           |
| time/                   |             |
|    fps                  | 3773        |
|    iterations           | 173         |
|    time_elapsed         | 375         |
|    total_timesteps      | 1417216     |
| train/                  |             |
|    approx_kl            | 0.010766683 |
|    clip_fraction        | 0.126       |
|    clip_range           | 0.2         |
|    entropy_loss         | -8.62       |
|    explained_variance   | 0.953       |
|    learning_rate        | 0.0003      |
|    loss                 | 1.59        |
|    n_updates            | 1720        |
|    policy_gradient_loss | -0.00694    |
|    std                  | 1.04        |
|    value_loss           | 4.58        |
-----------------------------------------
Eval num_timesteps=1425000, episode_reward=243.38 +/- 1.22
Episode length: 250.00 +/- 0.00
Success rate: 0.00%
-----------------------------------------
| eval/                   |             |
|    mean_ep_length       | 250         |
|    mean_reward          | 243         |
|    success_rate         | 0           |
| time/                   |             |
|    total_timesteps      | 1425000     |
| train/                  |             |
|    approx_kl            | 0.008454874 |
|    clip_fraction        | 0.1         |
|    clip_range           | 0.2         |
|    entropy_loss         | -8.62       |
|    explained_variance   | 0.796       |
|    learning_rate        | 0.0003      |
|    loss                 | 5.59        |
|    n_updates            | 1730        |
|    policy_gradient_loss | -0.00465    |
|    std                  | 1.04        |
|    value_loss           | 9.3         |
-----------------------------------------
---------------------------------
| rollout/           |          |
|    ep_len_mean     | 250      |
|    ep_rew_mean     | 237      |
|    success_rate    | 0        |
| time/              |          |
|    fps             | 3770     |
|    iterations      | 174      |
|    time_elapsed    | 378      |
|    total_timesteps | 1425408  |
---------------------------------
-----------------------------------------
| rollout/                |             |
|    ep_len_mean          | 250         |
|    ep_rew_mean          | 240         |
|    success_rate         | 0           |
| time/                   |             |
|    fps                  | 3772        |
|    iterations           | 175         |
|    time_elapsed         | 379         |
|    total_timesteps      | 1433600     |
| train/                  |             |
|    approx_kl            | 0.014798157 |
|    clip_fraction        | 0.178       |
|    clip_range           | 0.2         |
|    entropy_loss         | -8.61       |
|    explained_variance   | 0.896       |
|    learning_rate        | 0.0003      |
|    loss                 | 0.427       |
|    n_updates            | 1740        |
|    policy_gradient_loss | -0.00451    |
|    std                  | 1.04        |
|    value_loss           | 1.69        |
-----------------------------------------
-----------------------------------------
| rollout/                |             |
|    ep_len_mean          | 250         |
|    ep_rew_mean          | 238         |
|    success_rate         | 0           |
| time/                   |             |
|    fps                  | 3775        |
|    iterations           | 176         |
|    time_elapsed         | 381         |
|    total_timesteps      | 1441792     |
| train/                  |             |
|    approx_kl            | 0.023692207 |
|    clip_fraction        | 0.203       |
|    clip_range           | 0.2         |
|    entropy_loss         | -8.61       |
|    explained_variance   | 0.98        |
|    learning_rate        | 0.0003      |
|    loss                 | 2.17        |
|    n_updates            | 1750        |
|    policy_gradient_loss | -0.00377    |
|    std                  | 1.04        |
|    value_loss           | 1.92        |
-----------------------------------------
-----------------------------------------
| rollout/                |             |
|    ep_len_mean          | 250         |
|    ep_rew_mean          | 234         |
|    success_rate         | 0           |
| time/                   |             |
|    fps                  | 3777        |
|    iterations           | 177         |
|    time_elapsed         | 383         |
|    total_timesteps      | 1449984     |
| train/                  |             |
|    approx_kl            | 0.011226927 |
|    clip_fraction        | 0.159       |
|    clip_range           | 0.2         |
|    entropy_loss         | -8.6        |
|    explained_variance   | 0.946       |
|    learning_rate        | 0.0003      |
|    loss                 | 0.529       |
|    n_updates            | 1760        |
|    policy_gradient_loss | -0.00191    |
|    std                  | 1.04        |
|    value_loss           | 3.51        |
-----------------------------------------
Eval num_timesteps=1450000, episode_reward=244.49 +/- 0.73
Episode length: 250.00 +/- 0.00
Success rate: 0.00%
-----------------------------------------
| eval/                   |             |
|    mean_ep_length       | 250         |
|    mean_reward          | 244         |
|    success_rate         | 0           |
| time/                   |             |
|    total_timesteps      | 1450000     |
| train/                  |             |
|    approx_kl            | 0.022671271 |
|    clip_fraction        | 0.201       |
|    clip_range           | 0.2         |
|    entropy_loss         | -8.6        |
|    explained_variance   | 0.942       |
|    learning_rate        | 0.0003      |
|    loss                 | 10.8        |
|    n_updates            | 1770        |
|    policy_gradient_loss | -0.00123    |
|    std                  | 1.04        |
|    value_loss           | 6.97        |
-----------------------------------------
New best mean reward!
---------------------------------
| rollout/           |          |
|    ep_len_mean     | 250      |
|    ep_rew_mean     | 235      |
|    success_rate    | 0        |
| time/              |          |
|    fps             | 3774     |
|    iterations      | 178      |
|    time_elapsed    | 386      |
|    total_timesteps | 1458176  |
---------------------------------
-----------------------------------------
| rollout/                |             |
|    ep_len_mean          | 250         |
|    ep_rew_mean          | 231         |
|    success_rate         | 0           |
| time/                   |             |
|    fps                  | 3775        |
|    iterations           | 179         |
|    time_elapsed         | 388         |
|    total_timesteps      | 1466368     |
| train/                  |             |
|    approx_kl            | 0.020189177 |
|    clip_fraction        | 0.277       |
|    clip_range           | 0.2         |
|    entropy_loss         | -8.57       |
|    explained_variance   | 0.854       |
|    learning_rate        | 0.0003      |
|    loss                 | 0.0364      |
|    n_updates            | 1780        |
|    policy_gradient_loss | -7.5e-07    |
|    std                  | 1.03        |
|    value_loss           | 0.345       |
-----------------------------------------
-----------------------------------------
| rollout/                |             |
|    ep_len_mean          | 250         |
|    ep_rew_mean          | 236         |
|    success_rate         | 0           |
| time/                   |             |
|    fps                  | 3777        |
|    iterations           | 180         |
|    time_elapsed         | 390         |
|    total_timesteps      | 1474560     |
| train/                  |             |
|    approx_kl            | 0.014387172 |
|    clip_fraction        | 0.202       |
|    clip_range           | 0.2         |
|    entropy_loss         | -8.54       |
|    explained_variance   | 0.965       |
|    learning_rate        | 0.0003      |
|    loss                 | 3.82        |
|    n_updates            | 1790        |
|    policy_gradient_loss | -0.00266    |
|    std                  | 1.03        |
|    value_loss           | 5.95        |
-----------------------------------------
Eval num_timesteps=1475000, episode_reward=238.73 +/- 10.54
Episode length: 250.00 +/- 0.00
Success rate: 0.00%
-----------------------------------------
| eval/                   |             |
|    mean_ep_length       | 250         |
|    mean_reward          | 239         |
|    success_rate         | 0           |
| time/                   |             |
|    total_timesteps      | 1475000     |
| train/                  |             |
|    approx_kl            | 0.021672733 |
|    clip_fraction        | 0.182       |
|    clip_range           | 0.2         |
|    entropy_loss         | -8.56       |
|    explained_variance   | 0.956       |
|    learning_rate        | 0.0003      |
|    loss                 | 1.38        |
|    n_updates            | 1800        |
|    policy_gradient_loss | -0.00502    |
|    std                  | 1.03        |
|    value_loss           | 2.85        |
-----------------------------------------
---------------------------------
| rollout/           |          |
|    ep_len_mean     | 250      |
|    ep_rew_mean     | 234      |
|    success_rate    | 0        |
| time/              |          |
|    fps             | 3773     |
|    iterations      | 181      |
|    time_elapsed    | 392      |
|    total_timesteps | 1482752  |
---------------------------------
----------------------------------------
| rollout/                |            |
|    ep_len_mean          | 250        |
|    ep_rew_mean          | 235        |
|    success_rate         | 0          |
| time/                   |            |
|    fps                  | 3775       |
|    iterations           | 182        |
|    time_elapsed         | 394        |
|    total_timesteps      | 1490944    |
| train/                  |            |
|    approx_kl            | 0.01650982 |
|    clip_fraction        | 0.219      |
|    clip_range           | 0.2        |
|    entropy_loss         | -8.57      |
|    explained_variance   | 0.958      |
|    learning_rate        | 0.0003     |
|    loss                 | 1.27       |
|    n_updates            | 1810       |
|    policy_gradient_loss | -0.00405   |
|    std                  | 1.03       |
|    value_loss           | 3          |
----------------------------------------
-----------------------------------------
| rollout/                |             |
|    ep_len_mean          | 250         |
|    ep_rew_mean          | 236         |
|    success_rate         | 0           |
| time/                   |             |
|    fps                  | 3777        |
|    iterations           | 183         |
|    time_elapsed         | 396         |
|    total_timesteps      | 1499136     |
| train/                  |             |
|    approx_kl            | 0.017478932 |
|    clip_fraction        | 0.238       |
|    clip_range           | 0.2         |
|    entropy_loss         | -8.57       |
|    explained_variance   | 0.98        |
|    learning_rate        | 0.0003      |
|    loss                 | 4.67        |
|    n_updates            | 1820        |
|    policy_gradient_loss | -0.0023     |
|    std                  | 1.03        |
|    value_loss           | 3.1         |
-----------------------------------------
Eval num_timesteps=1500000, episode_reward=242.81 +/- 1.00
Episode length: 250.00 +/- 0.00
Success rate: 0.00%
-----------------------------------------
| eval/                   |             |
|    mean_ep_length       | 250         |
|    mean_reward          | 243         |
|    success_rate         | 0           |
| time/                   |             |
|    total_timesteps      | 1500000     |
| train/                  |             |
|    approx_kl            | 0.026495887 |
|    clip_fraction        | 0.277       |
|    clip_range           | 0.2         |
|    entropy_loss         | -8.58       |
|    explained_variance   | 0.972       |
|    learning_rate        | 0.0003      |
|    loss                 | 0.0949      |
|    n_updates            | 1830        |
|    policy_gradient_loss | 0.000972    |
|    std                  | 1.04        |
|    value_loss           | 0.579       |
-----------------------------------------
---------------------------------
| rollout/           |          |
|    ep_len_mean     | 250      |
|    ep_rew_mean     | 234      |
|    success_rate    | 0        |
| time/              |          |
|    fps             | 3773     |
|    iterations      | 184      |
|    time_elapsed    | 399      |
|    total_timesteps | 1507328  |
---------------------------------
-----------------------------------------
| rollout/                |             |
|    ep_len_mean          | 250         |
|    ep_rew_mean          | 234         |
|    success_rate         | 0           |
| time/                   |             |
|    fps                  | 3775        |
|    iterations           | 185         |
|    time_elapsed         | 401         |
|    total_timesteps      | 1515520     |
| train/                  |             |
|    approx_kl            | 0.009707502 |
|    clip_fraction        | 0.154       |
|    clip_range           | 0.2         |
|    entropy_loss         | -8.6        |
|    explained_variance   | 0.975       |
|    learning_rate        | 0.0003      |
|    loss                 | 1.47        |
|    n_updates            | 1840        |
|    policy_gradient_loss | -0.00688    |
|    std                  | 1.04        |
|    value_loss           | 4.78        |
-----------------------------------------
------------------------------------------
| rollout/                |              |
|    ep_len_mean          | 250          |
|    ep_rew_mean          | 235          |
|    success_rate         | 0            |
| time/                   |              |
|    fps                  | 3776         |
|    iterations           | 186          |
|    time_elapsed         | 403          |
|    total_timesteps      | 1523712      |
| train/                  |              |
|    approx_kl            | 0.0131034255 |
|    clip_fraction        | 0.183        |
|    clip_range           | 0.2          |
|    entropy_loss         | -8.61        |
|    explained_variance   | 0.945        |
|    learning_rate        | 0.0003       |
|    loss                 | 0.279        |
|    n_updates            | 1850         |
|    policy_gradient_loss | -0.00519     |
|    std                  | 1.04         |
|    value_loss           | 3.55         |
------------------------------------------
Eval num_timesteps=1525000, episode_reward=243.63 +/- 0.29
Episode length: 250.00 +/- 0.00
Success rate: 0.00%
-----------------------------------------
| eval/                   |             |
|    mean_ep_length       | 250         |
|    mean_reward          | 244         |
|    success_rate         | 0           |
| time/                   |             |
|    total_timesteps      | 1525000     |
| train/                  |             |
|    approx_kl            | 0.018596053 |
|    clip_fraction        | 0.295       |
|    clip_range           | 0.2         |
|    entropy_loss         | -8.63       |
|    explained_variance   | 0.975       |
|    learning_rate        | 0.0003      |
|    loss                 | -0.0219     |
|    n_updates            | 1860        |
|    policy_gradient_loss | -0.00467    |
|    std                  | 1.05        |
|    value_loss           | 0.756       |
-----------------------------------------
---------------------------------
| rollout/           |          |
|    ep_len_mean     | 250      |
|    ep_rew_mean     | 233      |
|    success_rate    | 0        |
| time/              |          |
|    fps             | 3772     |
|    iterations      | 187      |
|    time_elapsed    | 406      |
|    total_timesteps | 1531904  |
---------------------------------
------------------------------------------
| rollout/                |              |
|    ep_len_mean          | 250          |
|    ep_rew_mean          | 237          |
|    success_rate         | 0            |
| time/                   |              |
|    fps                  | 3774         |
|    iterations           | 188          |
|    time_elapsed         | 408          |
|    total_timesteps      | 1540096      |
| train/                  |              |
|    approx_kl            | 0.0105893975 |
|    clip_fraction        | 0.188        |
|    clip_range           | 0.2          |
|    entropy_loss         | -8.65        |
|    explained_variance   | 0.963        |
|    learning_rate        | 0.0003       |
|    loss                 | 5.37         |
|    n_updates            | 1870         |
|    policy_gradient_loss | -0.00328     |
|    std                  | 1.05         |
|    value_loss           | 6.67         |
------------------------------------------
-----------------------------------------
| rollout/                |             |
|    ep_len_mean          | 250         |
|    ep_rew_mean          | 238         |
|    success_rate         | 0           |
| time/                   |             |
|    fps                  | 3776        |
|    iterations           | 189         |
|    time_elapsed         | 410         |
|    total_timesteps      | 1548288     |
| train/                  |             |
|    approx_kl            | 0.024375826 |
|    clip_fraction        | 0.279       |
|    clip_range           | 0.2         |
|    entropy_loss         | -8.67       |
|    explained_variance   | 0.979       |
|    learning_rate        | 0.0003      |
|    loss                 | 0.144       |
|    n_updates            | 1880        |
|    policy_gradient_loss | 0.000337    |
|    std                  | 1.05        |
|    value_loss           | 0.351       |
-----------------------------------------
Eval num_timesteps=1550000, episode_reward=242.88 +/- 0.96
Episode length: 250.00 +/- 0.00
Success rate: 0.00%
-----------------------------------------
| eval/                   |             |
|    mean_ep_length       | 250         |
|    mean_reward          | 243         |
|    success_rate         | 0           |
| time/                   |             |
|    total_timesteps      | 1550000     |
| train/                  |             |
|    approx_kl            | 0.017018085 |
|    clip_fraction        | 0.269       |
|    clip_range           | 0.2         |
|    entropy_loss         | -8.67       |
|    explained_variance   | 0.974       |
|    learning_rate        | 0.0003      |
|    loss                 | 0.014       |
|    n_updates            | 1890        |
|    policy_gradient_loss | -0.000987   |
|    std                  | 1.05        |
|    value_loss           | 0.213       |
-----------------------------------------
---------------------------------
| rollout/           |          |
|    ep_len_mean     | 250      |
|    ep_rew_mean     | 242      |
|    success_rate    | 0        |
| time/              |          |
|    fps             | 3772     |
|    iterations      | 190      |
|    time_elapsed    | 412      |
|    total_timesteps | 1556480  |
---------------------------------
-----------------------------------------
| rollout/                |             |
|    ep_len_mean          | 250         |
|    ep_rew_mean          | 242         |
|    success_rate         | 0           |
| time/                   |             |
|    fps                  | 3774        |
|    iterations           | 191         |
|    time_elapsed         | 414         |
|    total_timesteps      | 1564672     |
| train/                  |             |
|    approx_kl            | 0.021149205 |
|    clip_fraction        | 0.192       |
|    clip_range           | 0.2         |
|    entropy_loss         | -8.67       |
|    explained_variance   | 0.933       |
|    learning_rate        | 0.0003      |
|    loss                 | 0.416       |
|    n_updates            | 1900        |
|    policy_gradient_loss | -0.00485    |
|    std                  | 1.05        |
|    value_loss           | 1.05        |
-----------------------------------------
-----------------------------------------
| rollout/                |             |
|    ep_len_mean          | 250         |
|    ep_rew_mean          | 241         |
|    success_rate         | 0           |
| time/                   |             |
|    fps                  | 3775        |
|    iterations           | 192         |
|    time_elapsed         | 416         |
|    total_timesteps      | 1572864     |
| train/                  |             |
|    approx_kl            | 0.013574468 |
|    clip_fraction        | 0.205       |
|    clip_range           | 0.2         |
|    entropy_loss         | -8.66       |
|    explained_variance   | 0.912       |
|    learning_rate        | 0.0003      |
|    loss                 | 8.7         |
|    n_updates            | 1910        |
|    policy_gradient_loss | -0.00209    |
|    std                  | 1.05        |
|    value_loss           | 3.36        |
-----------------------------------------
Eval num_timesteps=1575000, episode_reward=243.25 +/- 0.66
Episode length: 250.00 +/- 0.00
Success rate: 0.00%
----------------------------------------
| eval/                   |            |
|    mean_ep_length       | 250        |
|    mean_reward          | 243        |
|    success_rate         | 0          |
| time/                   |            |
|    total_timesteps      | 1575000    |
| train/                  |            |
|    approx_kl            | 0.00967417 |
|    clip_fraction        | 0.111      |
|    clip_range           | 0.2        |
|    entropy_loss         | -8.66      |
|    explained_variance   | 0.924      |
|    learning_rate        | 0.0003     |
|    loss                 | 0.437      |
|    n_updates            | 1920       |
|    policy_gradient_loss | -0.00607   |
|    std                  | 1.05       |
|    value_loss           | 4.33       |
----------------------------------------
---------------------------------
| rollout/           |          |
|    ep_len_mean     | 250      |
|    ep_rew_mean     | 238      |
|    success_rate    | 0        |
| time/              |          |
|    fps             | 3772     |
|    iterations      | 193      |
|    time_elapsed    | 419      |
|    total_timesteps | 1581056  |
---------------------------------
-----------------------------------------
| rollout/                |             |
|    ep_len_mean          | 250         |
|    ep_rew_mean          | 231         |
|    success_rate         | 0           |
| time/                   |             |
|    fps                  | 3774        |
|    iterations           | 194         |
|    time_elapsed         | 421         |
|    total_timesteps      | 1589248     |
| train/                  |             |
|    approx_kl            | 0.011694163 |
|    clip_fraction        | 0.128       |
|    clip_range           | 0.2         |
|    entropy_loss         | -8.68       |
|    explained_variance   | 0.938       |
|    learning_rate        | 0.0003      |
|    loss                 | 2.3         |
|    n_updates            | 1930        |
|    policy_gradient_loss | -0.00542    |
|    std                  | 1.06        |
|    value_loss           | 10.7        |
-----------------------------------------
------------------------------------------
| rollout/                |              |
|    ep_len_mean          | 250          |
|    ep_rew_mean          | 230          |
|    success_rate         | 0            |
| time/                   |              |
|    fps                  | 3777         |
|    iterations           | 195          |
|    time_elapsed         | 422          |
|    total_timesteps      | 1597440      |
| train/                  |              |
|    approx_kl            | 0.0128449295 |
|    clip_fraction        | 0.141        |
|    clip_range           | 0.2          |
|    entropy_loss         | -8.69        |
|    explained_variance   | 0.976        |
|    learning_rate        | 0.0003       |
|    loss                 | 1.1          |
|    n_updates            | 1940         |
|    policy_gradient_loss | -0.00583     |
|    std                  | 1.05         |
|    value_loss           | 8.64         |
------------------------------------------
Eval num_timesteps=1600000, episode_reward=244.19 +/- 0.81
Episode length: 250.00 +/- 0.00
Success rate: 0.00%
----------------------------------------
| eval/                   |            |
|    mean_ep_length       | 250        |
|    mean_reward          | 244        |
|    success_rate         | 0          |
| time/                   |            |
|    total_timesteps      | 1600000    |
| train/                  |            |
|    approx_kl            | 0.01609495 |
|    clip_fraction        | 0.18       |
|    clip_range           | 0.2        |
|    entropy_loss         | -8.7       |
|    explained_variance   | 0.976      |
|    learning_rate        | 0.0003     |
|    loss                 | 0.603      |
|    n_updates            | 1950       |
|    policy_gradient_loss | -0.00402   |
|    std                  | 1.06       |
|    value_loss           | 2          |
----------------------------------------
---------------------------------
| rollout/           |          |
|    ep_len_mean     | 250      |
|    ep_rew_mean     | 228      |
|    success_rate    | 0        |
| time/              |          |
|    fps             | 3774     |
|    iterations      | 196      |
|    time_elapsed    | 425      |
|    total_timesteps | 1605632  |
---------------------------------
-----------------------------------------
| rollout/                |             |
|    ep_len_mean          | 250         |
|    ep_rew_mean          | 237         |
|    success_rate         | 0           |
| time/                   |             |
|    fps                  | 3776        |
|    iterations           | 197         |
|    time_elapsed         | 427         |
|    total_timesteps      | 1613824     |
| train/                  |             |
|    approx_kl            | 0.009887576 |
|    clip_fraction        | 0.149       |
|    clip_range           | 0.2         |
|    entropy_loss         | -8.72       |
|    explained_variance   | 0.95        |
|    learning_rate        | 0.0003      |
|    loss                 | 3.28        |
|    n_updates            | 1960        |
|    policy_gradient_loss | -0.00578    |
|    std                  | 1.06        |
|    value_loss           | 5.12        |
-----------------------------------------
-----------------------------------------
| rollout/                |             |
|    ep_len_mean          | 250         |
|    ep_rew_mean          | 240         |
|    success_rate         | 0           |
| time/                   |             |
|    fps                  | 3778        |
|    iterations           | 198         |
|    time_elapsed         | 429         |
|    total_timesteps      | 1622016     |
| train/                  |             |
|    approx_kl            | 0.014272111 |
|    clip_fraction        | 0.282       |
|    clip_range           | 0.2         |
|    entropy_loss         | -8.69       |
|    explained_variance   | 0.876       |
|    learning_rate        | 0.0003      |
|    loss                 | 0.0199      |
|    n_updates            | 1970        |
|    policy_gradient_loss | 0.00025     |
|    std                  | 1.05        |
|    value_loss           | 0.223       |
-----------------------------------------
Eval num_timesteps=1625000, episode_reward=244.15 +/- 1.03
Episode length: 250.00 +/- 0.00
Success rate: 0.00%
-----------------------------------------
| eval/                   |             |
|    mean_ep_length       | 250         |
|    mean_reward          | 244         |
|    success_rate         | 0           |
| time/                   |             |
|    total_timesteps      | 1625000     |
| train/                  |             |
|    approx_kl            | 0.018538278 |
|    clip_fraction        | 0.226       |
|    clip_range           | 0.2         |
|    entropy_loss         | -8.65       |
|    explained_variance   | 0.98        |
|    learning_rate        | 0.0003      |
|    loss                 | 0.00453     |
|    n_updates            | 1980        |
|    policy_gradient_loss | -0.00283    |
|    std                  | 1.05        |
|    value_loss           | 0.0524      |
-----------------------------------------
---------------------------------
| rollout/           |          |
|    ep_len_mean     | 250      |
|    ep_rew_mean     | 243      |
|    success_rate    | 0        |
| time/              |          |
|    fps             | 3776     |
|    iterations      | 199      |
|    time_elapsed    | 431      |
|    total_timesteps | 1630208  |
---------------------------------
-----------------------------------------
| rollout/                |             |
|    ep_len_mean          | 250         |
|    ep_rew_mean          | 238         |
|    success_rate         | 0           |
| time/                   |             |
|    fps                  | 3778        |
|    iterations           | 200         |
|    time_elapsed         | 433         |
|    total_timesteps      | 1638400     |
| train/                  |             |
|    approx_kl            | 0.013398746 |
|    clip_fraction        | 0.195       |
|    clip_range           | 0.2         |
|    entropy_loss         | -8.65       |
|    explained_variance   | 0.976       |
|    learning_rate        | 0.0003      |
|    loss                 | 0.00237     |
|    n_updates            | 1990        |
|    policy_gradient_loss | -0.00202    |
|    std                  | 1.05        |
|    value_loss           | 0.275       |
-----------------------------------------
-----------------------------------------
| rollout/                |             |
|    ep_len_mean          | 250         |
|    ep_rew_mean          | 236         |
|    success_rate         | 0           |
| time/                   |             |
|    fps                  | 3780        |
|    iterations           | 201         |
|    time_elapsed         | 435         |
|    total_timesteps      | 1646592     |
| train/                  |             |
|    approx_kl            | 0.009609489 |
|    clip_fraction        | 0.0766      |
|    clip_range           | 0.2         |
|    entropy_loss         | -8.67       |
|    explained_variance   | 0.945       |
|    learning_rate        | 0.0003      |
|    loss                 | 1.04        |
|    n_updates            | 2000        |
|    policy_gradient_loss | -0.00513    |
|    std                  | 1.05        |
|    value_loss           | 3.66        |
-----------------------------------------
Eval num_timesteps=1650000, episode_reward=244.52 +/- 0.23
Episode length: 250.00 +/- 0.00
Success rate: 0.00%
-----------------------------------------
| eval/                   |             |
|    mean_ep_length       | 250         |
|    mean_reward          | 245         |
|    success_rate         | 0           |
| time/                   |             |
|    total_timesteps      | 1650000     |
| train/                  |             |
|    approx_kl            | 0.012482349 |
|    clip_fraction        | 0.164       |
|    clip_range           | 0.2         |
|    entropy_loss         | -8.68       |
|    explained_variance   | 0.904       |
|    learning_rate        | 0.0003      |
|    loss                 | 2.44        |
|    n_updates            | 2010        |
|    policy_gradient_loss | -0.0031     |
|    std                  | 1.05        |
|    value_loss           | 4.47        |
-----------------------------------------
New best mean reward!
---------------------------------
| rollout/           |          |
|    ep_len_mean     | 250      |
|    ep_rew_mean     | 235      |
|    success_rate    | 0        |
| time/              |          |
|    fps             | 3777     |
|    iterations      | 202      |
|    time_elapsed    | 438      |
|    total_timesteps | 1654784  |
---------------------------------
----------------------------------------
| rollout/                |            |
|    ep_len_mean          | 250        |
|    ep_rew_mean          | 239        |
|    success_rate         | 0          |
| time/                   |            |
|    fps                  | 3779       |
|    iterations           | 203        |
|    time_elapsed         | 439        |
|    total_timesteps      | 1662976    |
| train/                  |            |
|    approx_kl            | 0.01870149 |
|    clip_fraction        | 0.229      |
|    clip_range           | 0.2        |
|    entropy_loss         | -8.67      |
|    explained_variance   | 0.957      |
|    learning_rate        | 0.0003     |
|    loss                 | 0.248      |
|    n_updates            | 2020       |
|    policy_gradient_loss | -0.0045    |
|    std                  | 1.05       |
|    value_loss           | 3.42       |
----------------------------------------
-----------------------------------------
| rollout/                |             |
|    ep_len_mean          | 250         |
|    ep_rew_mean          | 241         |
|    success_rate         | 0           |
| time/                   |             |
|    fps                  | 3781        |
|    iterations           | 204         |
|    time_elapsed         | 441         |
|    total_timesteps      | 1671168     |
| train/                  |             |
|    approx_kl            | 0.016432721 |
|    clip_fraction        | 0.206       |
|    clip_range           | 0.2         |
|    entropy_loss         | -8.67       |
|    explained_variance   | 0.974       |
|    learning_rate        | 0.0003      |
|    loss                 | 0.00812     |
|    n_updates            | 2030        |
|    policy_gradient_loss | -0.00262    |
|    std                  | 1.06        |
|    value_loss           | 0.338       |
-----------------------------------------
Eval num_timesteps=1675000, episode_reward=243.76 +/- 0.76
Episode length: 250.00 +/- 0.00
Success rate: 0.00%
-----------------------------------------
| eval/                   |             |
|    mean_ep_length       | 250         |
|    mean_reward          | 244         |
|    success_rate         | 0           |
| time/                   |             |
|    total_timesteps      | 1675000     |
| train/                  |             |
|    approx_kl            | 0.019659135 |
|    clip_fraction        | 0.19        |
|    clip_range           | 0.2         |
|    entropy_loss         | -8.68       |
|    explained_variance   | 0.631       |
|    learning_rate        | 0.0003      |
|    loss                 | 0.0143      |
|    n_updates            | 2040        |
|    policy_gradient_loss | -0.00671    |
|    std                  | 1.06        |
|    value_loss           | 1.51        |
-----------------------------------------
---------------------------------
| rollout/           |          |
|    ep_len_mean     | 250      |
|    ep_rew_mean     | 242      |
|    success_rate    | 0        |
| time/              |          |
|    fps             | 3778     |
|    iterations      | 205      |
|    time_elapsed    | 444      |
|    total_timesteps | 1679360  |
---------------------------------
-----------------------------------------
| rollout/                |             |
|    ep_len_mean          | 250         |
|    ep_rew_mean          | 242         |
|    success_rate         | 0           |
| time/                   |             |
|    fps                  | 3779        |
|    iterations           | 206         |
|    time_elapsed         | 446         |
|    total_timesteps      | 1687552     |
| train/                  |             |
|    approx_kl            | 0.025260832 |
|    clip_fraction        | 0.307       |
|    clip_range           | 0.2         |
|    entropy_loss         | -8.68       |
|    explained_variance   | 0.979       |
|    learning_rate        | 0.0003      |
|    loss                 | 0.0755      |
|    n_updates            | 2050        |
|    policy_gradient_loss | -0.000346   |
|    std                  | 1.06        |
|    value_loss           | 0.193       |
-----------------------------------------
-----------------------------------------
| rollout/                |             |
|    ep_len_mean          | 250         |
|    ep_rew_mean          | 240         |
|    success_rate         | 0           |
| time/                   |             |
|    fps                  | 3781        |
|    iterations           | 207         |
|    time_elapsed         | 448         |
|    total_timesteps      | 1695744     |
| train/                  |             |
|    approx_kl            | 0.014799712 |
|    clip_fraction        | 0.199       |
|    clip_range           | 0.2         |
|    entropy_loss         | -8.69       |
|    explained_variance   | 0.935       |
|    learning_rate        | 0.0003      |
|    loss                 | 0.25        |
|    n_updates            | 2060        |
|    policy_gradient_loss | -0.00292    |
|    std                  | 1.06        |
|    value_loss           | 1.58        |
-----------------------------------------
Eval num_timesteps=1700000, episode_reward=243.88 +/- 0.66
Episode length: 250.00 +/- 0.00
Success rate: 0.00%
----------------------------------------
| eval/                   |            |
|    mean_ep_length       | 250        |
|    mean_reward          | 244        |
|    success_rate         | 0          |
| time/                   |            |
|    total_timesteps      | 1700000    |
| train/                  |            |
|    approx_kl            | 0.00975089 |
|    clip_fraction        | 0.174      |
|    clip_range           | 0.2        |
|    entropy_loss         | -8.71      |
|    explained_variance   | 0.96       |
|    learning_rate        | 0.0003     |
|    loss                 | 0.0291     |
|    n_updates            | 2070       |
|    policy_gradient_loss | -0.00277   |
|    std                  | 1.06       |
|    value_loss           | 1.98       |
----------------------------------------
---------------------------------
| rollout/           |          |
|    ep_len_mean     | 250      |
|    ep_rew_mean     | 240      |
|    success_rate    | 0        |
| time/              |          |
|    fps             | 3779     |
|    iterations      | 208      |
|    time_elapsed    | 450      |
|    total_timesteps | 1703936  |
---------------------------------
----------------------------------------
| rollout/                |            |
|    ep_len_mean          | 250        |
|    ep_rew_mean          | 238        |
|    success_rate         | 0          |
| time/                   |            |
|    fps                  | 3781       |
|    iterations           | 209        |
|    time_elapsed         | 452        |
|    total_timesteps      | 1712128    |
| train/                  |            |
|    approx_kl            | 0.01718006 |
|    clip_fraction        | 0.241      |
|    clip_range           | 0.2        |
|    entropy_loss         | -8.72      |
|    explained_variance   | 0.905      |
|    learning_rate        | 0.0003     |
|    loss                 | -0.00241   |
|    n_updates            | 2080       |
|    policy_gradient_loss | -0.00125   |
|    std                  | 1.06       |
|    value_loss           | 0.0967     |
----------------------------------------
-----------------------------------------
| rollout/                |             |
|    ep_len_mean          | 250         |
|    ep_rew_mean          | 241         |
|    success_rate         | 0           |
| time/                   |             |
|    fps                  | 3783        |
|    iterations           | 210         |
|    time_elapsed         | 454         |
|    total_timesteps      | 1720320     |
| train/                  |             |
|    approx_kl            | 0.019075014 |
|    clip_fraction        | 0.216       |
|    clip_range           | 0.2         |
|    entropy_loss         | -8.73       |
|    explained_variance   | 0.98        |
|    learning_rate        | 0.0003      |
|    loss                 | 2.24        |
|    n_updates            | 2090        |
|    policy_gradient_loss | -0.00553    |
|    std                  | 1.06        |
|    value_loss           | 1.8         |
-----------------------------------------
Eval num_timesteps=1725000, episode_reward=243.73 +/- 0.71
Episode length: 250.00 +/- 0.00
Success rate: 0.00%
----------------------------------------
| eval/                   |            |
|    mean_ep_length       | 250        |
|    mean_reward          | 244        |
|    success_rate         | 0          |
| time/                   |            |
|    total_timesteps      | 1725000    |
| train/                  |            |
|    approx_kl            | 0.01467749 |
|    clip_fraction        | 0.245      |
|    clip_range           | 0.2        |
|    entropy_loss         | -8.72      |
|    explained_variance   | 0.977      |
|    learning_rate        | 0.0003     |
|    loss                 | -0.00906   |
|    n_updates            | 2100       |
|    policy_gradient_loss | -0.000226  |
|    std                  | 1.05       |
|    value_loss           | 0.0542     |
----------------------------------------
---------------------------------
| rollout/           |          |
|    ep_len_mean     | 250      |
|    ep_rew_mean     | 240      |
|    success_rate    | 0        |
| time/              |          |
|    fps             | 3781     |
|    iterations      | 211      |
|    time_elapsed    | 457      |
|    total_timesteps | 1728512  |
---------------------------------
-----------------------------------------
| rollout/                |             |
|    ep_len_mean          | 250         |
|    ep_rew_mean          | 242         |
|    success_rate         | 0           |
| time/                   |             |
|    fps                  | 3783        |
|    iterations           | 212         |
|    time_elapsed         | 459         |
|    total_timesteps      | 1736704     |
| train/                  |             |
|    approx_kl            | 0.013807542 |
|    clip_fraction        | 0.191       |
|    clip_range           | 0.2         |
|    entropy_loss         | -8.71       |
|    explained_variance   | 0.985       |
|    learning_rate        | 0.0003      |
|    loss                 | 0.0696      |
|    n_updates            | 2110        |
|    policy_gradient_loss | -0.00436    |
|    std                  | 1.06        |
|    value_loss           | 0.243       |
-----------------------------------------
-----------------------------------------
| rollout/                |             |
|    ep_len_mean          | 250         |
|    ep_rew_mean          | 238         |
|    success_rate         | 0           |
| time/                   |             |
|    fps                  | 3784        |
|    iterations           | 213         |
|    time_elapsed         | 461         |
|    total_timesteps      | 1744896     |
| train/                  |             |
|    approx_kl            | 0.013759028 |
|    clip_fraction        | 0.15        |
|    clip_range           | 0.2         |
|    entropy_loss         | -8.72       |
|    explained_variance   | 0.883       |
|    learning_rate        | 0.0003      |
|    loss                 | 0.0124      |
|    n_updates            | 2120        |
|    policy_gradient_loss | -0.00698    |
|    std                  | 1.06        |
|    value_loss           | 2.85        |
-----------------------------------------
Eval num_timesteps=1750000, episode_reward=243.03 +/- 1.20
Episode length: 250.00 +/- 0.00
Success rate: 0.00%
-----------------------------------------
| eval/                   |             |
|    mean_ep_length       | 250         |
|    mean_reward          | 243         |
|    success_rate         | 0           |
| time/                   |             |
|    total_timesteps      | 1750000     |
| train/                  |             |
|    approx_kl            | 0.011396935 |
|    clip_fraction        | 0.166       |
|    clip_range           | 0.2         |
|    entropy_loss         | -8.75       |
|    explained_variance   | 0.979       |
|    learning_rate        | 0.0003      |
|    loss                 | 0.0798      |
|    n_updates            | 2130        |
|    policy_gradient_loss | -0.00315    |
|    std                  | 1.07        |
|    value_loss           | 2.59        |
-----------------------------------------
---------------------------------
| rollout/           |          |
|    ep_len_mean     | 250      |
|    ep_rew_mean     | 235      |
|    success_rate    | 0        |
| time/              |          |
|    fps             | 3782     |
|    iterations      | 214      |
|    time_elapsed    | 463      |
|    total_timesteps | 1753088  |
---------------------------------
-----------------------------------------
| rollout/                |             |
|    ep_len_mean          | 250         |
|    ep_rew_mean          | 235         |
|    success_rate         | 0           |
| time/                   |             |
|    fps                  | 3784        |
|    iterations           | 215         |
|    time_elapsed         | 465         |
|    total_timesteps      | 1761280     |
| train/                  |             |
|    approx_kl            | 0.008213136 |
|    clip_fraction        | 0.0822      |
|    clip_range           | 0.2         |
|    entropy_loss         | -8.77       |
|    explained_variance   | 0.95        |
|    learning_rate        | 0.0003      |
|    loss                 | 1.08        |
|    n_updates            | 2140        |
|    policy_gradient_loss | -0.00543    |
|    std                  | 1.07        |
|    value_loss           | 3.83        |
-----------------------------------------
----------------------------------------
| rollout/                |            |
|    ep_len_mean          | 250        |
|    ep_rew_mean          | 240        |
|    success_rate         | 0          |
| time/                   |            |
|    fps                  | 3786       |
|    iterations           | 216        |
|    time_elapsed         | 467        |
|    total_timesteps      | 1769472    |
| train/                  |            |
|    approx_kl            | 0.01660839 |
|    clip_fraction        | 0.219      |
|    clip_range           | 0.2        |
|    entropy_loss         | -8.77      |
|    explained_variance   | 0.961      |
|    learning_rate        | 0.0003     |
|    loss                 | 0.0945     |
|    n_updates            | 2150       |
|    policy_gradient_loss | 0.000205   |
|    std                  | 1.06       |
|    value_loss           | 0.39       |
----------------------------------------
Eval num_timesteps=1775000, episode_reward=244.43 +/- 0.46
Episode length: 250.00 +/- 0.00
Success rate: 0.00%
-----------------------------------------
| eval/                   |             |
|    mean_ep_length       | 250         |
|    mean_reward          | 244         |
|    success_rate         | 0           |
| time/                   |             |
|    total_timesteps      | 1775000     |
| train/                  |             |
|    approx_kl            | 0.015479932 |
|    clip_fraction        | 0.222       |
|    clip_range           | 0.2         |
|    entropy_loss         | -8.77       |
|    explained_variance   | 0.947       |
|    learning_rate        | 0.0003      |
|    loss                 | 0.168       |
|    n_updates            | 2160        |
|    policy_gradient_loss | -0.0021     |
|    std                  | 1.07        |
|    value_loss           | 0.617       |
-----------------------------------------
---------------------------------
| rollout/           |          |
|    ep_len_mean     | 250      |
|    ep_rew_mean     | 241      |
|    success_rate    | 0        |
| time/              |          |
|    fps             | 3784     |
|    iterations      | 217      |
|    time_elapsed    | 469      |
|    total_timesteps | 1777664  |
---------------------------------
-----------------------------------------
| rollout/                |             |
|    ep_len_mean          | 250         |
|    ep_rew_mean          | 238         |
|    success_rate         | 0           |
| time/                   |             |
|    fps                  | 3786        |
|    iterations           | 218         |
|    time_elapsed         | 471         |
|    total_timesteps      | 1785856     |
| train/                  |             |
|    approx_kl            | 0.020452287 |
|    clip_fraction        | 0.233       |
|    clip_range           | 0.2         |
|    entropy_loss         | -8.77       |
|    explained_variance   | 0.96        |
|    learning_rate        | 0.0003      |
|    loss                 | 0.00378     |
|    n_updates            | 2170        |
|    policy_gradient_loss | -0.00475    |
|    std                  | 1.06        |
|    value_loss           | 0.241       |
-----------------------------------------
------------------------------------------
| rollout/                |              |
|    ep_len_mean          | 250          |
|    ep_rew_mean          | 238          |
|    success_rate         | 0            |
| time/                   |              |
|    fps                  | 3787         |
|    iterations           | 219          |
|    time_elapsed         | 473          |
|    total_timesteps      | 1794048      |
| train/                  |              |
|    approx_kl            | 0.0112762265 |
|    clip_fraction        | 0.0994       |
|    clip_range           | 0.2          |
|    entropy_loss         | -8.76        |
|    explained_variance   | 0.973        |
|    learning_rate        | 0.0003       |
|    loss                 | 2.88         |
|    n_updates            | 2180         |
|    policy_gradient_loss | -0.00541     |
|    std                  | 1.07         |
|    value_loss           | 4.04         |
------------------------------------------
Eval num_timesteps=1800000, episode_reward=243.10 +/- 2.47
Episode length: 250.00 +/- 0.00
Success rate: 0.00%
-----------------------------------------
| eval/                   |             |
|    mean_ep_length       | 250         |
|    mean_reward          | 243         |
|    success_rate         | 0           |
| time/                   |             |
|    total_timesteps      | 1800000     |
| train/                  |             |
|    approx_kl            | 0.014720483 |
|    clip_fraction        | 0.222       |
|    clip_range           | 0.2         |
|    entropy_loss         | -8.77       |
|    explained_variance   | 0.968       |
|    learning_rate        | 0.0003      |
|    loss                 | 0.0184      |
|    n_updates            | 2190        |
|    policy_gradient_loss | -0.000773   |
|    std                  | 1.07        |
|    value_loss           | 0.127       |
-----------------------------------------
---------------------------------
| rollout/           |          |
|    ep_len_mean     | 250      |
|    ep_rew_mean     | 239      |
|    success_rate    | 0        |
| time/              |          |
|    fps             | 3784     |
|    iterations      | 220      |
|    time_elapsed    | 476      |
|    total_timesteps | 1802240  |
---------------------------------
-----------------------------------------
| rollout/                |             |
|    ep_len_mean          | 250         |
|    ep_rew_mean          | 243         |
|    success_rate         | 0           |
| time/                   |             |
|    fps                  | 3786        |
|    iterations           | 221         |
|    time_elapsed         | 478         |
|    total_timesteps      | 1810432     |
| train/                  |             |
|    approx_kl            | 0.009367019 |
|    clip_fraction        | 0.176       |
|    clip_range           | 0.2         |
|    entropy_loss         | -8.78       |
|    explained_variance   | 0.915       |
|    learning_rate        | 0.0003      |
|    loss                 | 0.358       |
|    n_updates            | 2200        |
|    policy_gradient_loss | -0.00153    |
|    std                  | 1.07        |
|    value_loss           | 1.61        |
-----------------------------------------
-----------------------------------------
| rollout/                |             |
|    ep_len_mean          | 250         |
|    ep_rew_mean          | 243         |
|    success_rate         | 0           |
| time/                   |             |
|    fps                  | 3788        |
|    iterations           | 222         |
|    time_elapsed         | 480         |
|    total_timesteps      | 1818624     |
| train/                  |             |
|    approx_kl            | 0.017741177 |
|    clip_fraction        | 0.237       |
|    clip_range           | 0.2         |
|    entropy_loss         | -8.8        |
|    explained_variance   | 0.855       |
|    learning_rate        | 0.0003      |
|    loss                 | 0.0228      |
|    n_updates            | 2210        |
|    policy_gradient_loss | -0.000604   |
|    std                  | 1.07        |
|    value_loss           | 0.117       |
-----------------------------------------
Eval num_timesteps=1825000, episode_reward=241.40 +/- 4.25
Episode length: 250.00 +/- 0.00
Success rate: 0.00%
-----------------------------------------
| eval/                   |             |
|    mean_ep_length       | 250         |
|    mean_reward          | 241         |
|    success_rate         | 0           |
| time/                   |             |
|    total_timesteps      | 1825000     |
| train/                  |             |
|    approx_kl            | 0.013975992 |
|    clip_fraction        | 0.177       |
|    clip_range           | 0.2         |
|    entropy_loss         | -8.81       |
|    explained_variance   | 0.889       |
|    learning_rate        | 0.0003      |
|    loss                 | 0.288       |
|    n_updates            | 2220        |
|    policy_gradient_loss | -0.00592    |
|    std                  | 1.08        |
|    value_loss           | 2.59        |
-----------------------------------------
---------------------------------
| rollout/           |          |
|    ep_len_mean     | 250      |
|    ep_rew_mean     | 241      |
|    success_rate    | 0        |
| time/              |          |
|    fps             | 3785     |
|    iterations      | 223      |
|    time_elapsed    | 482      |
|    total_timesteps | 1826816  |
---------------------------------
-----------------------------------------
| rollout/                |             |
|    ep_len_mean          | 250         |
|    ep_rew_mean          | 240         |
|    success_rate         | 0           |
| time/                   |             |
|    fps                  | 3787        |
|    iterations           | 224         |
|    time_elapsed         | 484         |
|    total_timesteps      | 1835008     |
| train/                  |             |
|    approx_kl            | 0.011655248 |
|    clip_fraction        | 0.134       |
|    clip_range           | 0.2         |
|    entropy_loss         | -8.81       |
|    explained_variance   | 0.965       |
|    learning_rate        | 0.0003      |
|    loss                 | 0.306       |
|    n_updates            | 2230        |
|    policy_gradient_loss | -0.00614    |
|    std                  | 1.07        |
|    value_loss           | 1.66        |
-----------------------------------------
----------------------------------------
| rollout/                |            |
|    ep_len_mean          | 250        |
|    ep_rew_mean          | 239        |
|    success_rate         | 0          |
| time/                   |            |
|    fps                  | 3789       |
|    iterations           | 225        |
|    time_elapsed         | 486        |
|    total_timesteps      | 1843200    |
| train/                  |            |
|    approx_kl            | 0.01606411 |
|    clip_fraction        | 0.213      |
|    clip_range           | 0.2        |
|    entropy_loss         | -8.79      |
|    explained_variance   | 0.97       |
|    learning_rate        | 0.0003     |
|    loss                 | -0.0186    |
|    n_updates            | 2240       |
|    policy_gradient_loss | -0.0041    |
|    std                  | 1.07       |
|    value_loss           | 0.211      |
----------------------------------------
Eval num_timesteps=1850000, episode_reward=243.51 +/- 0.71
Episode length: 250.00 +/- 0.00
Success rate: 0.00%
-----------------------------------------
| eval/                   |             |
|    mean_ep_length       | 250         |
|    mean_reward          | 244         |
|    success_rate         | 0           |
| time/                   |             |
|    total_timesteps      | 1850000     |
| train/                  |             |
|    approx_kl            | 0.014956638 |
|    clip_fraction        | 0.178       |
|    clip_range           | 0.2         |
|    entropy_loss         | -8.78       |
|    explained_variance   | 0.955       |
|    learning_rate        | 0.0003      |
|    loss                 | 1.78        |
|    n_updates            | 2250        |
|    policy_gradient_loss | -0.00591    |
|    std                  | 1.07        |
|    value_loss           | 2.65        |
-----------------------------------------
---------------------------------
| rollout/           |          |
|    ep_len_mean     | 250      |
|    ep_rew_mean     | 240      |
|    success_rate    | 0        |
| time/              |          |
|    fps             | 3787     |
|    iterations      | 226      |
|    time_elapsed    | 488      |
|    total_timesteps | 1851392  |
---------------------------------
-----------------------------------------
| rollout/                |             |
|    ep_len_mean          | 250         |
|    ep_rew_mean          | 241         |
|    success_rate         | 0           |
| time/                   |             |
|    fps                  | 3789        |
|    iterations           | 227         |
|    time_elapsed         | 490         |
|    total_timesteps      | 1859584     |
| train/                  |             |
|    approx_kl            | 0.026377112 |
|    clip_fraction        | 0.242       |
|    clip_range           | 0.2         |
|    entropy_loss         | -8.79       |
|    explained_variance   | 0.941       |
|    learning_rate        | 0.0003      |
|    loss                 | 0.45        |
|    n_updates            | 2260        |
|    policy_gradient_loss | -0.00371    |
|    std                  | 1.07        |
|    value_loss           | 1.71        |
-----------------------------------------
-----------------------------------------
| rollout/                |             |
|    ep_len_mean          | 250         |
|    ep_rew_mean          | 240         |
|    success_rate         | 0           |
| time/                   |             |
|    fps                  | 3791        |
|    iterations           | 228         |
|    time_elapsed         | 492         |
|    total_timesteps      | 1867776     |
| train/                  |             |
|    approx_kl            | 0.019178342 |
|    clip_fraction        | 0.273       |
|    clip_range           | 0.2         |
|    entropy_loss         | -8.76       |
|    explained_variance   | 0.98        |
|    learning_rate        | 0.0003      |
|    loss                 | -0.0145     |
|    n_updates            | 2270        |
|    policy_gradient_loss | -0.00659    |
|    std                  | 1.06        |
|    value_loss           | 0.0325      |
-----------------------------------------
Eval num_timesteps=1875000, episode_reward=243.81 +/- 0.97
Episode length: 250.00 +/- 0.00
Success rate: 0.00%
-----------------------------------------
| eval/                   |             |
|    mean_ep_length       | 250         |
|    mean_reward          | 244         |
|    success_rate         | 0           |
| time/                   |             |
|    total_timesteps      | 1875000     |
| train/                  |             |
|    approx_kl            | 0.013279023 |
|    clip_fraction        | 0.157       |
|    clip_range           | 0.2         |
|    entropy_loss         | -8.74       |
|    explained_variance   | 0.979       |
|    learning_rate        | 0.0003      |
|    loss                 | 0.789       |
|    n_updates            | 2280        |
|    policy_gradient_loss | -0.00907    |
|    std                  | 1.06        |
|    value_loss           | 2.01        |
-----------------------------------------
---------------------------------
| rollout/           |          |
|    ep_len_mean     | 250      |
|    ep_rew_mean     | 241      |
|    success_rate    | 0        |
| time/              |          |
|    fps             | 3788     |
|    iterations      | 229      |
|    time_elapsed    | 495      |
|    total_timesteps | 1875968  |
---------------------------------
-----------------------------------------
| rollout/                |             |
|    ep_len_mean          | 250         |
|    ep_rew_mean          | 239         |
|    success_rate         | 0           |
| time/                   |             |
|    fps                  | 3790        |
|    iterations           | 230         |
|    time_elapsed         | 497         |
|    total_timesteps      | 1884160     |
| train/                  |             |
|    approx_kl            | 0.011316808 |
|    clip_fraction        | 0.131       |
|    clip_range           | 0.2         |
|    entropy_loss         | -8.74       |
|    explained_variance   | 0.975       |
|    learning_rate        | 0.0003      |
|    loss                 | 0.291       |
|    n_updates            | 2290        |
|    policy_gradient_loss | -0.0038     |
|    std                  | 1.06        |
|    value_loss           | 0.96        |
-----------------------------------------
----------------------------------------
| rollout/                |            |
|    ep_len_mean          | 250        |
|    ep_rew_mean          | 241        |
|    success_rate         | 0          |
| time/                   |            |
|    fps                  | 3792       |
|    iterations           | 231        |
|    time_elapsed         | 498        |
|    total_timesteps      | 1892352    |
| train/                  |            |
|    approx_kl            | 0.02014396 |
|    clip_fraction        | 0.179      |
|    clip_range           | 0.2        |
|    entropy_loss         | -8.74      |
|    explained_variance   | 0.943      |
|    learning_rate        | 0.0003     |
|    loss                 | 0.283      |
|    n_updates            | 2300       |
|    policy_gradient_loss | -0.00705   |
|    std                  | 1.06       |
|    value_loss           | 2.22       |
----------------------------------------
Eval num_timesteps=1900000, episode_reward=243.66 +/- 1.14
Episode length: 250.00 +/- 0.00
Success rate: 0.00%
-----------------------------------------
| eval/                   |             |
|    mean_ep_length       | 250         |
|    mean_reward          | 244         |
|    success_rate         | 0           |
| time/                   |             |
|    total_timesteps      | 1900000     |
| train/                  |             |
|    approx_kl            | 0.016110864 |
|    clip_fraction        | 0.221       |
|    clip_range           | 0.2         |
|    entropy_loss         | -8.72       |
|    explained_variance   | 0.976       |
|    learning_rate        | 0.0003      |
|    loss                 | 0.113       |
|    n_updates            | 2310        |
|    policy_gradient_loss | -0.00148    |
|    std                  | 1.06        |
|    value_loss           | 0.179       |
-----------------------------------------
---------------------------------
| rollout/           |          |
|    ep_len_mean     | 250      |
|    ep_rew_mean     | 242      |
|    success_rate    | 0        |
| time/              |          |
|    fps             | 3790     |
|    iterations      | 232      |
|    time_elapsed    | 501      |
|    total_timesteps | 1900544  |
---------------------------------
-----------------------------------------
| rollout/                |             |
|    ep_len_mean          | 250         |
|    ep_rew_mean          | 241         |
|    success_rate         | 0           |
| time/                   |             |
|    fps                  | 3791        |
|    iterations           | 233         |
|    time_elapsed         | 503         |
|    total_timesteps      | 1908736     |
| train/                  |             |
|    approx_kl            | 0.012244133 |
|    clip_fraction        | 0.283       |
|    clip_range           | 0.2         |
|    entropy_loss         | -8.73       |
|    explained_variance   | 0.833       |
|    learning_rate        | 0.0003      |
|    loss                 | 0.0986      |
|    n_updates            | 2320        |
|    policy_gradient_loss | 5.05e-05    |
|    std                  | 1.06        |
|    value_loss           | 2.66        |
-----------------------------------------
-----------------------------------------
| rollout/                |             |
|    ep_len_mean          | 250         |
|    ep_rew_mean          | 239         |
|    success_rate         | 0           |
| time/                   |             |
|    fps                  | 3792        |
|    iterations           | 234         |
|    time_elapsed         | 505         |
|    total_timesteps      | 1916928     |
| train/                  |             |
|    approx_kl            | 0.009643266 |
|    clip_fraction        | 0.175       |
|    clip_range           | 0.2         |
|    entropy_loss         | -8.76       |
|    explained_variance   | 0.903       |
|    learning_rate        | 0.0003      |
|    loss                 | 4.67        |
|    n_updates            | 2330        |
|    policy_gradient_loss | -0.00203    |
|    std                  | 1.07        |
|    value_loss           | 3.78        |
-----------------------------------------
Eval num_timesteps=1925000, episode_reward=243.06 +/- 0.84
Episode length: 250.00 +/- 0.00
Success rate: 0.00%
-----------------------------------------
| eval/                   |             |
|    mean_ep_length       | 250         |
|    mean_reward          | 243         |
|    success_rate         | 0           |
| time/                   |             |
|    total_timesteps      | 1925000     |
| train/                  |             |
|    approx_kl            | 0.017942782 |
|    clip_fraction        | 0.238       |
|    clip_range           | 0.2         |
|    entropy_loss         | -8.75       |
|    explained_variance   | 0.974       |
|    learning_rate        | 0.0003      |
|    loss                 | 0.515       |
|    n_updates            | 2340        |
|    policy_gradient_loss | -0.00387    |
|    std                  | 1.06        |
|    value_loss           | 1.76        |
-----------------------------------------
---------------------------------
| rollout/           |          |
|    ep_len_mean     | 250      |
|    ep_rew_mean     | 237      |
|    success_rate    | 0        |
| time/              |          |
|    fps             | 3790     |
|    iterations      | 235      |
|    time_elapsed    | 507      |
|    total_timesteps | 1925120  |
---------------------------------
----------------------------------------
| rollout/                |            |
|    ep_len_mean          | 250        |
|    ep_rew_mean          | 238        |
|    success_rate         | 0          |
| time/                   |            |
|    fps                  | 3792       |
|    iterations           | 236        |
|    time_elapsed         | 509        |
|    total_timesteps      | 1933312    |
| train/                  |            |
|    approx_kl            | 0.01564076 |
|    clip_fraction        | 0.175      |
|    clip_range           | 0.2        |
|    entropy_loss         | -8.75      |
|    explained_variance   | 0.966      |
|    learning_rate        | 0.0003     |
|    loss                 | 2.31       |
|    n_updates            | 2350       |
|    policy_gradient_loss | -0.00815   |
|    std                  | 1.07       |
|    value_loss           | 1.93       |
----------------------------------------
-----------------------------------------
| rollout/                |             |
|    ep_len_mean          | 250         |
|    ep_rew_mean          | 240         |
|    success_rate         | 0           |
| time/                   |             |
|    fps                  | 3793        |
|    iterations           | 237         |
|    time_elapsed         | 511         |
|    total_timesteps      | 1941504     |
| train/                  |             |
|    approx_kl            | 0.018870417 |
|    clip_fraction        | 0.256       |
|    clip_range           | 0.2         |
|    entropy_loss         | -8.73       |
|    explained_variance   | 0.924       |
|    learning_rate        | 0.0003      |
|    loss                 | -0.0275     |
|    n_updates            | 2360        |
|    policy_gradient_loss | 0.000111    |
|    std                  | 1.06        |
|    value_loss           | 0.0934      |
-----------------------------------------
-----------------------------------------
| rollout/                |             |
|    ep_len_mean          | 250         |
|    ep_rew_mean          | 241         |
|    success_rate         | 0           |
| time/                   |             |
|    fps                  | 3795        |
|    iterations           | 238         |
|    time_elapsed         | 513         |
|    total_timesteps      | 1949696     |
| train/                  |             |
|    approx_kl            | 0.017651679 |
|    clip_fraction        | 0.231       |
|    clip_range           | 0.2         |
|    entropy_loss         | -8.69       |
|    explained_variance   | 0.987       |
|    learning_rate        | 0.0003      |
|    loss                 | -0.00944    |
|    n_updates            | 2370        |
|    policy_gradient_loss | -0.00143    |
|    std                  | 1.05        |
|    value_loss           | 0.0319      |
-----------------------------------------
Eval num_timesteps=1950000, episode_reward=243.99 +/- 0.84
Episode length: 250.00 +/- 0.00
Success rate: 0.00%
-----------------------------------------
| eval/                   |             |
|    mean_ep_length       | 250         |
|    mean_reward          | 244         |
|    success_rate         | 0           |
| time/                   |             |
|    total_timesteps      | 1950000     |
| train/                  |             |
|    approx_kl            | 0.010830758 |
|    clip_fraction        | 0.126       |
|    clip_range           | 0.2         |
|    entropy_loss         | -8.67       |
|    explained_variance   | 0.936       |
|    learning_rate        | 0.0003      |
|    loss                 | 6.17        |
|    n_updates            | 2380        |
|    policy_gradient_loss | -0.00747    |
|    std                  | 1.05        |
|    value_loss           | 5.22        |
-----------------------------------------
---------------------------------
| rollout/           |          |
|    ep_len_mean     | 250      |
|    ep_rew_mean     | 241      |
|    success_rate    | 0        |
| time/              |          |
|    fps             | 3793     |
|    iterations      | 239      |
|    time_elapsed    | 516      |
|    total_timesteps | 1957888  |
---------------------------------
-----------------------------------------
| rollout/                |             |
|    ep_len_mean          | 250         |
|    ep_rew_mean          | 241         |
|    success_rate         | 0           |
| time/                   |             |
|    fps                  | 3794        |
|    iterations           | 240         |
|    time_elapsed         | 518         |
|    total_timesteps      | 1966080     |
| train/                  |             |
|    approx_kl            | 0.011962643 |
|    clip_fraction        | 0.111       |
|    clip_range           | 0.2         |
|    entropy_loss         | -8.68       |
|    explained_variance   | 0.924       |
|    learning_rate        | 0.0003      |
|    loss                 | 1.14        |
|    n_updates            | 2390        |
|    policy_gradient_loss | -0.0036     |
|    std                  | 1.06        |
|    value_loss           | 3.91        |
-----------------------------------------
-----------------------------------------
| rollout/                |             |
|    ep_len_mean          | 250         |
|    ep_rew_mean          | 242         |
|    success_rate         | 0           |
| time/                   |             |
|    fps                  | 3796        |
|    iterations           | 241         |
|    time_elapsed         | 520         |
|    total_timesteps      | 1974272     |
| train/                  |             |
|    approx_kl            | 0.014524943 |
|    clip_fraction        | 0.194       |
|    clip_range           | 0.2         |
|    entropy_loss         | -8.69       |
|    explained_variance   | 0.958       |
|    learning_rate        | 0.0003      |
|    loss                 | -0.0126     |
|    n_updates            | 2400        |
|    policy_gradient_loss | -0.00287    |
|    std                  | 1.06        |
|    value_loss           | 0.162       |
-----------------------------------------
Eval num_timesteps=1975000, episode_reward=243.66 +/- 0.87
Episode length: 250.00 +/- 0.00
Success rate: 0.00%
-----------------------------------------
| eval/                   |             |
|    mean_ep_length       | 250         |
|    mean_reward          | 244         |
|    success_rate         | 0           |
| time/                   |             |
|    total_timesteps      | 1975000     |
| train/                  |             |
|    approx_kl            | 0.009667086 |
|    clip_fraction        | 0.139       |
|    clip_range           | 0.2         |
|    entropy_loss         | -8.69       |
|    explained_variance   | 0.882       |
|    learning_rate        | 0.0003      |
|    loss                 | 0.261       |
|    n_updates            | 2410        |
|    policy_gradient_loss | -0.00806    |
|    std                  | 1.06        |
|    value_loss           | 1.97        |
-----------------------------------------
---------------------------------
| rollout/           |          |
|    ep_len_mean     | 250      |
|    ep_rew_mean     | 242      |
|    success_rate    | 0        |
| time/              |          |
|    fps             | 3794     |
|    iterations      | 242      |
|    time_elapsed    | 522      |
|    total_timesteps | 1982464  |
---------------------------------
-----------------------------------------
| rollout/                |             |
|    ep_len_mean          | 250         |
|    ep_rew_mean          | 242         |
|    success_rate         | 0           |
| time/                   |             |
|    fps                  | 3796        |
|    iterations           | 243         |
|    time_elapsed         | 524         |
|    total_timesteps      | 1990656     |
| train/                  |             |
|    approx_kl            | 0.012825856 |
|    clip_fraction        | 0.118       |
|    clip_range           | 0.2         |
|    entropy_loss         | -8.68       |
|    explained_variance   | 0.951       |
|    learning_rate        | 0.0003      |
|    loss                 | 0.289       |
|    n_updates            | 2420        |
|    policy_gradient_loss | -0.00223    |
|    std                  | 1.05        |
|    value_loss           | 1.68        |
-----------------------------------------
-----------------------------------------
| rollout/                |             |
|    ep_len_mean          | 250         |
|    ep_rew_mean          | 243         |
|    success_rate         | 0           |
| time/                   |             |
|    fps                  | 3797        |
|    iterations           | 244         |
|    time_elapsed         | 526         |
|    total_timesteps      | 1998848     |
| train/                  |             |
|    approx_kl            | 0.014779892 |
|    clip_fraction        | 0.252       |
|    clip_range           | 0.2         |
|    entropy_loss         | -8.66       |
|    explained_variance   | 0.956       |
|    learning_rate        | 0.0003      |
|    loss                 | -0.00336    |
|    n_updates            | 2430        |
|    policy_gradient_loss | -0.000949   |
|    std                  | 1.05        |
|    value_loss           | 0.0787      |
-----------------------------------------
Eval num_timesteps=2000000, episode_reward=243.58 +/- 0.49
Episode length: 250.00 +/- 0.00
Success rate: 0.00%
---------------------------------------
| eval/                   |           |
|    mean_ep_length       | 250       |
|    mean_reward          | 244       |
|    success_rate         | 0         |
| time/                   |           |
|    total_timesteps      | 2000000   |
| train/                  |           |
|    approx_kl            | 0.0149704 |
|    clip_fraction        | 0.198     |
|    clip_range           | 0.2       |
|    entropy_loss         | -8.65     |
|    explained_variance   | 0.981     |
|    learning_rate        | 0.0003    |
|    loss                 | -0.0261   |
|    n_updates            | 2440      |
|    policy_gradient_loss | -0.000245 |
|    std                  | 1.05      |
|    value_loss           | 0.0446    |
---------------------------------------
---------------------------------
| rollout/           |          |
|    ep_len_mean     | 250      |
|    ep_rew_mean     | 242      |
|    success_rate    | 0        |
| time/              |          |
|    fps             | 3795     |
|    iterations      | 245      |
|    time_elapsed    | 528      |
|    total_timesteps | 2007040  |
---------------------------------
------------------------------------------
| rollout/                |              |
|    ep_len_mean          | 250          |
|    ep_rew_mean          | 240          |
|    success_rate         | 0            |
| time/                   |              |
|    fps                  | 3797         |
|    iterations           | 246          |
|    time_elapsed         | 530          |
|    total_timesteps      | 2015232      |
| train/                  |              |
|    approx_kl            | 0.0155029595 |
|    clip_fraction        | 0.188        |
|    clip_range           | 0.2          |
|    entropy_loss         | -8.64        |
|    explained_variance   | 0.816        |
|    learning_rate        | 0.0003       |
|    loss                 | 1.58         |
|    n_updates            | 2450         |
|    policy_gradient_loss | -0.003       |
|    std                  | 1.05         |
|    value_loss           | 2.73         |
------------------------------------------
-----------------------------------------
| rollout/                |             |
|    ep_len_mean          | 250         |
|    ep_rew_mean          | 240         |
|    success_rate         | 0           |
| time/                   |             |
|    fps                  | 3798        |
|    iterations           | 247         |
|    time_elapsed         | 532         |
|    total_timesteps      | 2023424     |
| train/                  |             |
|    approx_kl            | 0.014077036 |
|    clip_fraction        | 0.168       |
|    clip_range           | 0.2         |
|    entropy_loss         | -8.64       |
|    explained_variance   | 0.963       |
|    learning_rate        | 0.0003      |
|    loss                 | 0.453       |
|    n_updates            | 2460        |
|    policy_gradient_loss | -0.00601    |
|    std                  | 1.05        |
|    value_loss           | 3.92        |
-----------------------------------------
Eval num_timesteps=2025000, episode_reward=244.50 +/- 0.38
Episode length: 250.00 +/- 0.00
Success rate: 0.00%
-----------------------------------------
| eval/                   |             |
|    mean_ep_length       | 250         |
|    mean_reward          | 244         |
|    success_rate         | 0           |
| time/                   |             |
|    total_timesteps      | 2025000     |
| train/                  |             |
|    approx_kl            | 0.015047267 |
|    clip_fraction        | 0.218       |
|    clip_range           | 0.2         |
|    entropy_loss         | -8.65       |
|    explained_variance   | 0.956       |
|    learning_rate        | 0.0003      |
|    loss                 | -0.0353     |
|    n_updates            | 2470        |
|    policy_gradient_loss | -0.00202    |
|    std                  | 1.05        |
|    value_loss           | 0.0485      |
-----------------------------------------
---------------------------------
| rollout/           |          |
|    ep_len_mean     | 250      |
|    ep_rew_mean     | 240      |
|    success_rate    | 0        |
| time/              |          |
|    fps             | 3795     |
|    iterations      | 248      |
|    time_elapsed    | 535      |
|    total_timesteps | 2031616  |
---------------------------------
-----------------------------------------
| rollout/                |             |
|    ep_len_mean          | 250         |
|    ep_rew_mean          | 243         |
|    success_rate         | 0           |
| time/                   |             |
|    fps                  | 3797        |
|    iterations           | 249         |
|    time_elapsed         | 537         |
|    total_timesteps      | 2039808     |
| train/                  |             |
|    approx_kl            | 0.018482722 |
|    clip_fraction        | 0.204       |
|    clip_range           | 0.2         |
|    entropy_loss         | -8.66       |
|    explained_variance   | 0.972       |
|    learning_rate        | 0.0003      |
|    loss                 | -0.0405     |
|    n_updates            | 2480        |
|    policy_gradient_loss | -0.00227    |
|    std                  | 1.05        |
|    value_loss           | 0.0455      |
-----------------------------------------
-----------------------------------------
| rollout/                |             |
|    ep_len_mean          | 250         |
|    ep_rew_mean          | 243         |
|    success_rate         | 0           |
| time/                   |             |
|    fps                  | 3799        |
|    iterations           | 250         |
|    time_elapsed         | 539         |
|    total_timesteps      | 2048000     |
| train/                  |             |
|    approx_kl            | 0.017832652 |
|    clip_fraction        | 0.22        |
|    clip_range           | 0.2         |
|    entropy_loss         | -8.67       |
|    explained_variance   | 0.969       |
|    learning_rate        | 0.0003      |
|    loss                 | -0.0253     |
|    n_updates            | 2490        |
|    policy_gradient_loss | -0.0025     |
|    std                  | 1.05        |
|    value_loss           | 0.0751      |
-----------------------------------------
Eval num_timesteps=2050000, episode_reward=244.37 +/- 0.48
Episode length: 250.00 +/- 0.00
Success rate: 0.00%
-----------------------------------------
| eval/                   |             |
|    mean_ep_length       | 250         |
|    mean_reward          | 244         |
|    success_rate         | 0           |
| time/                   |             |
|    total_timesteps      | 2050000     |
| train/                  |             |
|    approx_kl            | 0.015395017 |
|    clip_fraction        | 0.223       |
|    clip_range           | 0.2         |
|    entropy_loss         | -8.68       |
|    explained_variance   | 0.982       |
|    learning_rate        | 0.0003      |
|    loss                 | 0.0518      |
|    n_updates            | 2500        |
|    policy_gradient_loss | -0.00431    |
|    std                  | 1.06        |
|    value_loss           | 0.237       |
-----------------------------------------
---------------------------------
| rollout/           |          |
|    ep_len_mean     | 250      |
|    ep_rew_mean     | 242      |
|    success_rate    | 0        |
| time/              |          |
|    fps             | 3797     |
|    iterations      | 251      |
|    time_elapsed    | 541      |
|    total_timesteps | 2056192  |
---------------------------------
-----------------------------------------
| rollout/                |             |
|    ep_len_mean          | 250         |
|    ep_rew_mean          | 242         |
|    success_rate         | 0           |
| time/                   |             |
|    fps                  | 3798        |
|    iterations           | 252         |
|    time_elapsed         | 543         |
|    total_timesteps      | 2064384     |
| train/                  |             |
|    approx_kl            | 0.022577483 |
|    clip_fraction        | 0.218       |
|    clip_range           | 0.2         |
|    entropy_loss         | -8.68       |
|    explained_variance   | 0.977       |
|    learning_rate        | 0.0003      |
|    loss                 | 0.112       |
|    n_updates            | 2510        |
|    policy_gradient_loss | -0.00416    |
|    std                  | 1.05        |
|    value_loss           | 0.346       |
-----------------------------------------
-----------------------------------------
| rollout/                |             |
|    ep_len_mean          | 250         |
|    ep_rew_mean          | 242         |
|    success_rate         | 0           |
| time/                   |             |
|    fps                  | 3800        |
|    iterations           | 253         |
|    time_elapsed         | 545         |
|    total_timesteps      | 2072576     |
| train/                  |             |
|    approx_kl            | 0.014930289 |
|    clip_fraction        | 0.199       |
|    clip_range           | 0.2         |
|    entropy_loss         | -8.67       |
|    explained_variance   | 0.984       |
|    learning_rate        | 0.0003      |
|    loss                 | -0.0345     |
|    n_updates            | 2520        |
|    policy_gradient_loss | -0.00353    |
|    std                  | 1.05        |
|    value_loss           | 0.139       |
-----------------------------------------
Eval num_timesteps=2075000, episode_reward=239.13 +/- 8.54
Episode length: 250.00 +/- 0.00
Success rate: 0.00%
-----------------------------------------
| eval/                   |             |
|    mean_ep_length       | 250         |
|    mean_reward          | 239         |
|    success_rate         | 0           |
| time/                   |             |
|    total_timesteps      | 2075000     |
| train/                  |             |
|    approx_kl            | 0.019176919 |
|    clip_fraction        | 0.223       |
|    clip_range           | 0.2         |
|    entropy_loss         | -8.71       |
|    explained_variance   | 0.968       |
|    learning_rate        | 0.0003      |
|    loss                 | -0.0268     |
|    n_updates            | 2530        |
|    policy_gradient_loss | -0.00371    |
|    std                  | 1.07        |
|    value_loss           | 0.0952      |
-----------------------------------------
---------------------------------
| rollout/           |          |
|    ep_len_mean     | 250      |
|    ep_rew_mean     | 240      |
|    success_rate    | 0        |
| time/              |          |
|    fps             | 3797     |
|    iterations      | 254      |
|    time_elapsed    | 547      |
|    total_timesteps | 2080768  |
---------------------------------
-----------------------------------------
| rollout/                |             |
|    ep_len_mean          | 250         |
|    ep_rew_mean          | 238         |
|    success_rate         | 0           |
| time/                   |             |
|    fps                  | 3799        |
|    iterations           | 255         |
|    time_elapsed         | 549         |
|    total_timesteps      | 2088960     |
| train/                  |             |
|    approx_kl            | 0.008326909 |
|    clip_fraction        | 0.12        |
|    clip_range           | 0.2         |
|    entropy_loss         | -8.75       |
|    explained_variance   | 0.937       |
|    learning_rate        | 0.0003      |
|    loss                 | 2.64        |
|    n_updates            | 2540        |
|    policy_gradient_loss | -0.00659    |
|    std                  | 1.07        |
|    value_loss           | 5.16        |
-----------------------------------------
-----------------------------------------
| rollout/                |             |
|    ep_len_mean          | 250         |
|    ep_rew_mean          | 238         |
|    success_rate         | 0           |
| time/                   |             |
|    fps                  | 3801        |
|    iterations           | 256         |
|    time_elapsed         | 551         |
|    total_timesteps      | 2097152     |
| train/                  |             |
|    approx_kl            | 0.014301116 |
|    clip_fraction        | 0.148       |
|    clip_range           | 0.2         |
|    entropy_loss         | -8.76       |
|    explained_variance   | 0.981       |
|    learning_rate        | 0.0003      |
|    loss                 | 1.15        |
|    n_updates            | 2550        |
|    policy_gradient_loss | -0.00513    |
|    std                  | 1.07        |
|    value_loss           | 1.8         |
-----------------------------------------
Eval num_timesteps=2100000, episode_reward=230.48 +/- 18.83
Episode length: 250.00 +/- 0.00
Success rate: 0.00%
-----------------------------------------
| eval/                   |             |
|    mean_ep_length       | 250         |
|    mean_reward          | 230         |
|    success_rate         | 0           |
| time/                   |             |
|    total_timesteps      | 2100000     |
| train/                  |             |
|    approx_kl            | 0.009811256 |
|    clip_fraction        | 0.254       |
|    clip_range           | 0.2         |
|    entropy_loss         | -8.76       |
|    explained_variance   | 0.981       |
|    learning_rate        | 0.0003      |
|    loss                 | 0.0268      |
|    n_updates            | 2560        |
|    policy_gradient_loss | 0.00162     |
|    std                  | 1.07        |
|    value_loss           | 0.452       |
-----------------------------------------
---------------------------------
| rollout/           |          |
|    ep_len_mean     | 250      |
|    ep_rew_mean     | 240      |
|    success_rate    | 0        |
| time/              |          |
|    fps             | 3798     |
|    iterations      | 257      |
|    time_elapsed    | 554      |
|    total_timesteps | 2105344  |
---------------------------------
----------------------------------------
| rollout/                |            |
|    ep_len_mean          | 250        |
|    ep_rew_mean          | 243        |
|    success_rate         | 0          |
| time/                   |            |
|    fps                  | 3800       |
|    iterations           | 258        |
|    time_elapsed         | 556        |
|    total_timesteps      | 2113536    |
| train/                  |            |
|    approx_kl            | 0.02845896 |
|    clip_fraction        | 0.275      |
|    clip_range           | 0.2        |
|    entropy_loss         | -8.76      |
|    explained_variance   | 0.954      |
|    learning_rate        | 0.0003     |
|    loss                 | 0.00834    |
|    n_updates            | 2570       |
|    policy_gradient_loss | -0.001     |
|    std                  | 1.07       |
|    value_loss           | 0.0781     |
----------------------------------------
-----------------------------------------
| rollout/                |             |
|    ep_len_mean          | 250         |
|    ep_rew_mean          | 240         |
|    success_rate         | 0           |
| time/                   |             |
|    fps                  | 3802        |
|    iterations           | 259         |
|    time_elapsed         | 558         |
|    total_timesteps      | 2121728     |
| train/                  |             |
|    approx_kl            | 0.016605172 |
|    clip_fraction        | 0.231       |
|    clip_range           | 0.2         |
|    entropy_loss         | -8.75       |
|    explained_variance   | 0.986       |
|    learning_rate        | 0.0003      |
|    loss                 | -0.0571     |
|    n_updates            | 2580        |
|    policy_gradient_loss | -0.00316    |
|    std                  | 1.07        |
|    value_loss           | 0.0236      |
-----------------------------------------
Eval num_timesteps=2125000, episode_reward=243.67 +/- 0.39
Episode length: 250.00 +/- 0.00
Success rate: 0.00%
-----------------------------------------
| eval/                   |             |
|    mean_ep_length       | 250         |
|    mean_reward          | 244         |
|    success_rate         | 0           |
| time/                   |             |
|    total_timesteps      | 2125000     |
| train/                  |             |
|    approx_kl            | 0.008594768 |
|    clip_fraction        | 0.122       |
|    clip_range           | 0.2         |
|    entropy_loss         | -8.74       |
|    explained_variance   | 0.967       |
|    learning_rate        | 0.0003      |
|    loss                 | 0.688       |
|    n_updates            | 2590        |
|    policy_gradient_loss | -0.00687    |
|    std                  | 1.07        |
|    value_loss           | 2.92        |
-----------------------------------------
---------------------------------
| rollout/           |          |
|    ep_len_mean     | 250      |
|    ep_rew_mean     | 239      |
|    success_rate    | 0        |
| time/              |          |
|    fps             | 3799     |
|    iterations      | 260      |
|    time_elapsed    | 560      |
|    total_timesteps | 2129920  |
---------------------------------
----------------------------------------
| rollout/                |            |
|    ep_len_mean          | 250        |
|    ep_rew_mean          | 239        |
|    success_rate         | 0          |
| time/                   |            |
|    fps                  | 3800       |
|    iterations           | 261        |
|    time_elapsed         | 562        |
|    total_timesteps      | 2138112    |
| train/                  |            |
|    approx_kl            | 0.01311379 |
|    clip_fraction        | 0.128      |
|    clip_range           | 0.2        |
|    entropy_loss         | -8.73      |
|    explained_variance   | 0.961      |
|    learning_rate        | 0.0003     |
|    loss                 | 0.135      |
|    n_updates            | 2600       |
|    policy_gradient_loss | -0.00596   |
|    std                  | 1.06       |
|    value_loss           | 1.41       |
----------------------------------------
-----------------------------------------
| rollout/                |             |
|    ep_len_mean          | 250         |
|    ep_rew_mean          | 241         |
|    success_rate         | 0           |
| time/                   |             |
|    fps                  | 3801        |
|    iterations           | 262         |
|    time_elapsed         | 564         |
|    total_timesteps      | 2146304     |
| train/                  |             |
|    approx_kl            | 0.010652628 |
|    clip_fraction        | 0.164       |
|    clip_range           | 0.2         |
|    entropy_loss         | -8.72       |
|    explained_variance   | 0.917       |
|    learning_rate        | 0.0003      |
|    loss                 | 0.895       |
|    n_updates            | 2610        |
|    policy_gradient_loss | -0.00645    |
|    std                  | 1.06        |
|    value_loss           | 2.07        |
-----------------------------------------
Eval num_timesteps=2150000, episode_reward=243.62 +/- 0.96
Episode length: 250.00 +/- 0.00
Success rate: 0.00%
-----------------------------------------
| eval/                   |             |
|    mean_ep_length       | 250         |
|    mean_reward          | 244         |
|    success_rate         | 0           |
| time/                   |             |
|    total_timesteps      | 2150000     |
| train/                  |             |
|    approx_kl            | 0.010864691 |
|    clip_fraction        | 0.174       |
|    clip_range           | 0.2         |
|    entropy_loss         | -8.73       |
|    explained_variance   | 0.966       |
|    learning_rate        | 0.0003      |
|    loss                 | 0.221       |
|    n_updates            | 2620        |
|    policy_gradient_loss | -0.00563    |
|    std                  | 1.06        |
|    value_loss           | 2.36        |
-----------------------------------------
---------------------------------
| rollout/           |          |
|    ep_len_mean     | 250      |
|    ep_rew_mean     | 241      |
|    success_rate    | 0        |
| time/              |          |
|    fps             | 3799     |
|    iterations      | 263      |
|    time_elapsed    | 567      |
|    total_timesteps | 2154496  |
---------------------------------
----------------------------------------
| rollout/                |            |
|    ep_len_mean          | 250        |
|    ep_rew_mean          | 241        |
|    success_rate         | 0          |
| time/                   |            |
|    fps                  | 3800       |
|    iterations           | 264        |
|    time_elapsed         | 569        |
|    total_timesteps      | 2162688    |
| train/                  |            |
|    approx_kl            | 0.01875039 |
|    clip_fraction        | 0.222      |
|    clip_range           | 0.2        |
|    entropy_loss         | -8.72      |
|    explained_variance   | 0.963      |
|    learning_rate        | 0.0003     |
|    loss                 | -0.0234    |
|    n_updates            | 2630       |
|    policy_gradient_loss | -0.00315   |
|    std                  | 1.06       |
|    value_loss           | 0.0545     |
----------------------------------------
----------------------------------------
| rollout/                |            |
|    ep_len_mean          | 250        |
|    ep_rew_mean          | 243        |
|    success_rate         | 0          |
| time/                   |            |
|    fps                  | 3802       |
|    iterations           | 265        |
|    time_elapsed         | 570        |
|    total_timesteps      | 2170880    |
| train/                  |            |
|    approx_kl            | 0.01729841 |
|    clip_fraction        | 0.238      |
|    clip_range           | 0.2        |
|    entropy_loss         | -8.71      |
|    explained_variance   | 0.98       |
|    learning_rate        | 0.0003     |
|    loss                 | -0.0324    |
|    n_updates            | 2640       |
|    policy_gradient_loss | -0.00415   |
|    std                  | 1.06       |
|    value_loss           | 0.0458     |
----------------------------------------
Eval num_timesteps=2175000, episode_reward=243.55 +/- 0.33
Episode length: 250.00 +/- 0.00
Success rate: 0.00%
-----------------------------------------
| eval/                   |             |
|    mean_ep_length       | 250         |
|    mean_reward          | 244         |
|    success_rate         | 0           |
| time/                   |             |
|    total_timesteps      | 2175000     |
| train/                  |             |
|    approx_kl            | 0.020367848 |
|    clip_fraction        | 0.269       |
|    clip_range           | 0.2         |
|    entropy_loss         | -8.73       |
|    explained_variance   | 0.989       |
|    learning_rate        | 0.0003      |
|    loss                 | -0.0225     |
|    n_updates            | 2650        |
|    policy_gradient_loss | -0.00788    |
|    std                  | 1.07        |
|    value_loss           | 0.0324      |
-----------------------------------------
---------------------------------
| rollout/           |          |
|    ep_len_mean     | 250      |
|    ep_rew_mean     | 242      |
|    success_rate    | 0        |
| time/              |          |
|    fps             | 3800     |
|    iterations      | 266      |
|    time_elapsed    | 573      |
|    total_timesteps | 2179072  |
---------------------------------
-----------------------------------------
| rollout/                |             |
|    ep_len_mean          | 250         |
|    ep_rew_mean          | 241         |
|    success_rate         | 0           |
| time/                   |             |
|    fps                  | 3802        |
|    iterations           | 267         |
|    time_elapsed         | 575         |
|    total_timesteps      | 2187264     |
| train/                  |             |
|    approx_kl            | 0.014291324 |
|    clip_fraction        | 0.192       |
|    clip_range           | 0.2         |
|    entropy_loss         | -8.74       |
|    explained_variance   | 0.891       |
|    learning_rate        | 0.0003      |
|    loss                 | -0.00733    |
|    n_updates            | 2660        |
|    policy_gradient_loss | -0.00663    |
|    std                  | 1.07        |
|    value_loss           | 1.27        |
-----------------------------------------
-----------------------------------------
| rollout/                |             |
|    ep_len_mean          | 250         |
|    ep_rew_mean          | 241         |
|    success_rate         | 0           |
| time/                   |             |
|    fps                  | 3803        |
|    iterations           | 268         |
|    time_elapsed         | 577         |
|    total_timesteps      | 2195456     |
| train/                  |             |
|    approx_kl            | 0.017081553 |
|    clip_fraction        | 0.234       |
|    clip_range           | 0.2         |
|    entropy_loss         | -8.76       |
|    explained_variance   | 0.976       |
|    learning_rate        | 0.0003      |
|    loss                 | 0.0964      |
|    n_updates            | 2670        |
|    policy_gradient_loss | -0.00326    |
|    std                  | 1.08        |
|    value_loss           | 0.423       |
-----------------------------------------
Eval num_timesteps=2200000, episode_reward=243.91 +/- 0.99
Episode length: 250.00 +/- 0.00
Success rate: 0.00%
-----------------------------------------
| eval/                   |             |
|    mean_ep_length       | 250         |
|    mean_reward          | 244         |
|    success_rate         | 0           |
| time/                   |             |
|    total_timesteps      | 2200000     |
| train/                  |             |
|    approx_kl            | 0.025619775 |
|    clip_fraction        | 0.286       |
|    clip_range           | 0.2         |
|    entropy_loss         | -8.76       |
|    explained_variance   | 0.984       |
|    learning_rate        | 0.0003      |
|    loss                 | -0.048      |
|    n_updates            | 2680        |
|    policy_gradient_loss | -0.00527    |
|    std                  | 1.07        |
|    value_loss           | 0.0502      |
-----------------------------------------
---------------------------------
| rollout/           |          |
|    ep_len_mean     | 250      |
|    ep_rew_mean     | 239      |
|    success_rate    | 0        |
| time/              |          |
|    fps             | 3801     |
|    iterations      | 269      |
|    time_elapsed    | 579      |
|    total_timesteps | 2203648  |
---------------------------------
------------------------------------------
| rollout/                |              |
|    ep_len_mean          | 250          |
|    ep_rew_mean          | 241          |
|    success_rate         | 0            |
| time/                   |              |
|    fps                  | 3802         |
|    iterations           | 270          |
|    time_elapsed         | 581          |
|    total_timesteps      | 2211840      |
| train/                  |              |
|    approx_kl            | 0.0067815036 |
|    clip_fraction        | 0.11         |
|    clip_range           | 0.2          |
|    entropy_loss         | -8.76        |
|    explained_variance   | 0.939        |
|    learning_rate        | 0.0003       |
|    loss                 | 0.349        |
|    n_updates            | 2690         |
|    policy_gradient_loss | -0.0064      |
|    std                  | 1.07         |
|    value_loss           | 2.94         |
------------------------------------------
-----------------------------------------
| rollout/                |             |
|    ep_len_mean          | 250         |
|    ep_rew_mean          | 241         |
|    success_rate         | 0           |
| time/                   |             |
|    fps                  | 3804        |
|    iterations           | 271         |
|    time_elapsed         | 583         |
|    total_timesteps      | 2220032     |
| train/                  |             |
|    approx_kl            | 0.020512827 |
|    clip_fraction        | 0.212       |
|    clip_range           | 0.2         |
|    entropy_loss         | -8.77       |
|    explained_variance   | 0.954       |
|    learning_rate        | 0.0003      |
|    loss                 | -0.0332     |
|    n_updates            | 2700        |
|    policy_gradient_loss | -0.00255    |
|    std                  | 1.07        |
|    value_loss           | 0.0559      |
-----------------------------------------
Eval num_timesteps=2225000, episode_reward=243.27 +/- 1.28
Episode length: 250.00 +/- 0.00
Success rate: 0.00%
-----------------------------------------
| eval/                   |             |
|    mean_ep_length       | 250         |
|    mean_reward          | 243         |
|    success_rate         | 0           |
| time/                   |             |
|    total_timesteps      | 2225000     |
| train/                  |             |
|    approx_kl            | 0.024931394 |
|    clip_fraction        | 0.306       |
|    clip_range           | 0.2         |
|    entropy_loss         | -8.76       |
|    explained_variance   | 0.954       |
|    learning_rate        | 0.0003      |
|    loss                 | 0.00244     |
|    n_updates            | 2710        |
|    policy_gradient_loss | -0.000978   |
|    std                  | 1.07        |
|    value_loss           | 0.101       |
-----------------------------------------
---------------------------------
| rollout/           |          |
|    ep_len_mean     | 250      |
|    ep_rew_mean     | 244      |
|    success_rate    | 0        |
| time/              |          |
|    fps             | 3802     |
|    iterations      | 272      |
|    time_elapsed    | 586      |
|    total_timesteps | 2228224  |
---------------------------------
-----------------------------------------
| rollout/                |             |
|    ep_len_mean          | 250         |
|    ep_rew_mean          | 243         |
|    success_rate         | 0           |
| time/                   |             |
|    fps                  | 3803        |
|    iterations           | 273         |
|    time_elapsed         | 587         |
|    total_timesteps      | 2236416     |
| train/                  |             |
|    approx_kl            | 0.011937114 |
|    clip_fraction        | 0.159       |
|    clip_range           | 0.2         |
|    entropy_loss         | -8.77       |
|    explained_variance   | 0.65        |
|    learning_rate        | 0.0003      |
|    loss                 | 1.42        |
|    n_updates            | 2720        |
|    policy_gradient_loss | -0.0014     |
|    std                  | 1.08        |
|    value_loss           | 2.06        |
-----------------------------------------
-----------------------------------------
| rollout/                |             |
|    ep_len_mean          | 250         |
|    ep_rew_mean          | 240         |
|    success_rate         | 0           |
| time/                   |             |
|    fps                  | 3805        |
|    iterations           | 274         |
|    time_elapsed         | 589         |
|    total_timesteps      | 2244608     |
| train/                  |             |
|    approx_kl            | 0.014999976 |
|    clip_fraction        | 0.168       |
|    clip_range           | 0.2         |
|    entropy_loss         | -8.8        |
|    explained_variance   | 0.964       |
|    learning_rate        | 0.0003      |
|    loss                 | 1.04        |
|    n_updates            | 2730        |
|    policy_gradient_loss | -0.0114     |
|    std                  | 1.08        |
|    value_loss           | 1.25        |
-----------------------------------------
Eval num_timesteps=2250000, episode_reward=243.32 +/- 0.96
Episode length: 250.00 +/- 0.00
Success rate: 0.00%
-----------------------------------------
| eval/                   |             |
|    mean_ep_length       | 250         |
|    mean_reward          | 243         |
|    success_rate         | 0           |
| time/                   |             |
|    total_timesteps      | 2250000     |
| train/                  |             |
|    approx_kl            | 0.014088113 |
|    clip_fraction        | 0.188       |
|    clip_range           | 0.2         |
|    entropy_loss         | -8.84       |
|    explained_variance   | 0.976       |
|    learning_rate        | 0.0003      |
|    loss                 | 0.0324      |
|    n_updates            | 2740        |
|    policy_gradient_loss | -0.00612    |
|    std                  | 1.09        |
|    value_loss           | 0.761       |
-----------------------------------------
---------------------------------
| rollout/           |          |
|    ep_len_mean     | 250      |
|    ep_rew_mean     | 237      |
|    success_rate    | 0        |
| time/              |          |
|    fps             | 3803     |
|    iterations      | 275      |
|    time_elapsed    | 592      |
|    total_timesteps | 2252800  |
---------------------------------
-----------------------------------------
| rollout/                |             |
|    ep_len_mean          | 250         |
|    ep_rew_mean          | 238         |
|    success_rate         | 0           |
| time/                   |             |
|    fps                  | 3804        |
|    iterations           | 276         |
|    time_elapsed         | 594         |
|    total_timesteps      | 2260992     |
| train/                  |             |
|    approx_kl            | 0.016002994 |
|    clip_fraction        | 0.213       |
|    clip_range           | 0.2         |
|    entropy_loss         | -8.85       |
|    explained_variance   | 0.976       |
|    learning_rate        | 0.0003      |
|    loss                 | -0.00292    |
|    n_updates            | 2750        |
|    policy_gradient_loss | -0.00777    |
|    std                  | 1.09        |
|    value_loss           | 1.29        |
-----------------------------------------
-----------------------------------------
| rollout/                |             |
|    ep_len_mean          | 250         |
|    ep_rew_mean          | 240         |
|    success_rate         | 0           |
| time/                   |             |
|    fps                  | 3805        |
|    iterations           | 277         |
|    time_elapsed         | 596         |
|    total_timesteps      | 2269184     |
| train/                  |             |
|    approx_kl            | 0.019512758 |
|    clip_fraction        | 0.259       |
|    clip_range           | 0.2         |
|    entropy_loss         | -8.84       |
|    explained_variance   | 0.962       |
|    learning_rate        | 0.0003      |
|    loss                 | -0.0251     |
|    n_updates            | 2760        |
|    policy_gradient_loss | -0.00305    |
|    std                  | 1.09        |
|    value_loss           | 0.0666      |
-----------------------------------------
Eval num_timesteps=2275000, episode_reward=243.58 +/- 0.39
Episode length: 250.00 +/- 0.00
Success rate: 0.00%
------------------------------------------
| eval/                   |              |
|    mean_ep_length       | 250          |
|    mean_reward          | 244          |
|    success_rate         | 0            |
| time/                   |              |
|    total_timesteps      | 2275000      |
| train/                  |              |
|    approx_kl            | 0.0110149905 |
|    clip_fraction        | 0.242        |
|    clip_range           | 0.2          |
|    entropy_loss         | -8.87        |
|    explained_variance   | 0.966        |
|    learning_rate        | 0.0003       |
|    loss                 | 0.00173      |
|    n_updates            | 2770         |
|    policy_gradient_loss | -0.00214     |
|    std                  | 1.09         |
|    value_loss           | 0.276        |
------------------------------------------
---------------------------------
| rollout/           |          |
|    ep_len_mean     | 250      |
|    ep_rew_mean     | 242      |
|    success_rate    | 0        |
| time/              |          |
|    fps             | 3803     |
|    iterations      | 278      |
|    time_elapsed    | 598      |
|    total_timesteps | 2277376  |
---------------------------------
------------------------------------------
| rollout/                |              |
|    ep_len_mean          | 250          |
|    ep_rew_mean          | 242          |
|    success_rate         | 0            |
| time/                   |              |
|    fps                  | 3804         |
|    iterations           | 279          |
|    time_elapsed         | 600          |
|    total_timesteps      | 2285568      |
| train/                  |              |
|    approx_kl            | 0.0095147705 |
|    clip_fraction        | 0.145        |
|    clip_range           | 0.2          |
|    entropy_loss         | -8.87        |
|    explained_variance   | 0.954        |
|    learning_rate        | 0.0003       |
|    loss                 | 0.105        |
|    n_updates            | 2780         |
|    policy_gradient_loss | -0.00536     |
|    std                  | 1.09         |
|    value_loss           | 2.03         |
------------------------------------------
-----------------------------------------
| rollout/                |             |
|    ep_len_mean          | 250         |
|    ep_rew_mean          | 239         |
|    success_rate         | 0           |
| time/                   |             |
|    fps                  | 3806        |
|    iterations           | 280         |
|    time_elapsed         | 602         |
|    total_timesteps      | 2293760     |
| train/                  |             |
|    approx_kl            | 0.018091777 |
|    clip_fraction        | 0.233       |
|    clip_range           | 0.2         |
|    entropy_loss         | -8.86       |
|    explained_variance   | 0.98        |
|    learning_rate        | 0.0003      |
|    loss                 | 0.0178      |
|    n_updates            | 2790        |
|    policy_gradient_loss | -0.00503    |
|    std                  | 1.09        |
|    value_loss           | 0.274       |
-----------------------------------------
Eval num_timesteps=2300000, episode_reward=241.52 +/- 5.13
Episode length: 250.00 +/- 0.00
Success rate: 0.00%
-----------------------------------------
| eval/                   |             |
|    mean_ep_length       | 250         |
|    mean_reward          | 242         |
|    success_rate         | 0           |
| time/                   |             |
|    total_timesteps      | 2300000     |
| train/                  |             |
|    approx_kl            | 0.010563146 |
|    clip_fraction        | 0.143       |
|    clip_range           | 0.2         |
|    entropy_loss         | -8.86       |
|    explained_variance   | 0.959       |
|    learning_rate        | 0.0003      |
|    loss                 | 0.373       |
|    n_updates            | 2800        |
|    policy_gradient_loss | -0.00469    |
|    std                  | 1.09        |
|    value_loss           | 3.56        |
-----------------------------------------
---------------------------------
| rollout/           |          |
|    ep_len_mean     | 250      |
|    ep_rew_mean     | 240      |
|    success_rate    | 0        |
| time/              |          |
|    fps             | 3804     |
|    iterations      | 281      |
|    time_elapsed    | 605      |
|    total_timesteps | 2301952  |
---------------------------------
-----------------------------------------
| rollout/                |             |
|    ep_len_mean          | 250         |
|    ep_rew_mean          | 237         |
|    success_rate         | 0           |
| time/                   |             |
|    fps                  | 3804        |
|    iterations           | 282         |
|    time_elapsed         | 607         |
|    total_timesteps      | 2310144     |
| train/                  |             |
|    approx_kl            | 0.012663545 |
|    clip_fraction        | 0.211       |
|    clip_range           | 0.2         |
|    entropy_loss         | -8.86       |
|    explained_variance   | 0.942       |
|    learning_rate        | 0.0003      |
|    loss                 | 0.00238     |
|    n_updates            | 2810        |
|    policy_gradient_loss | -0.00199    |
|    std                  | 1.09        |
|    value_loss           | 0.414       |
-----------------------------------------
------------------------------------------
| rollout/                |              |
|    ep_len_mean          | 250          |
|    ep_rew_mean          | 239          |
|    success_rate         | 0            |
| time/                   |              |
|    fps                  | 3805         |
|    iterations           | 283          |
|    time_elapsed         | 609          |
|    total_timesteps      | 2318336      |
| train/                  |              |
|    approx_kl            | 0.0121257305 |
|    clip_fraction        | 0.163        |
|    clip_range           | 0.2          |
|    entropy_loss         | -8.86        |
|    explained_variance   | 0.968        |
|    learning_rate        | 0.0003       |
|    loss                 | 0.656        |
|    n_updates            | 2820         |
|    policy_gradient_loss | -0.00768     |
|    std                  | 1.09         |
|    value_loss           | 3.14         |
------------------------------------------
Eval num_timesteps=2325000, episode_reward=243.55 +/- 0.49
Episode length: 250.00 +/- 0.00
Success rate: 0.00%
-----------------------------------------
| eval/                   |             |
|    mean_ep_length       | 250         |
|    mean_reward          | 244         |
|    success_rate         | 0           |
| time/                   |             |
|    total_timesteps      | 2325000     |
| train/                  |             |
|    approx_kl            | 0.013562381 |
|    clip_fraction        | 0.213       |
|    clip_range           | 0.2         |
|    entropy_loss         | -8.89       |
|    explained_variance   | 0.975       |
|    learning_rate        | 0.0003      |
|    loss                 | 0.0401      |
|    n_updates            | 2830        |
|    policy_gradient_loss | -0.00419    |
|    std                  | 1.1         |
|    value_loss           | 0.647       |
-----------------------------------------
---------------------------------
| rollout/           |          |
|    ep_len_mean     | 250      |
|    ep_rew_mean     | 239      |
|    success_rate    | 0        |
| time/              |          |
|    fps             | 3804     |
|    iterations      | 284      |
|    time_elapsed    | 611      |
|    total_timesteps | 2326528  |
---------------------------------
-----------------------------------------
| rollout/                |             |
|    ep_len_mean          | 250         |
|    ep_rew_mean          | 239         |
|    success_rate         | 0           |
| time/                   |             |
|    fps                  | 3805        |
|    iterations           | 285         |
|    time_elapsed         | 613         |
|    total_timesteps      | 2334720     |
| train/                  |             |
|    approx_kl            | 0.020373866 |
|    clip_fraction        | 0.239       |
|    clip_range           | 0.2         |
|    entropy_loss         | -8.92       |
|    explained_variance   | 0.924       |
|    learning_rate        | 0.0003      |
|    loss                 | 0.0211      |
|    n_updates            | 2840        |
|    policy_gradient_loss | -0.00184    |
|    std                  | 1.1         |
|    value_loss           | 0.102       |
-----------------------------------------
----------------------------------------
| rollout/                |            |
|    ep_len_mean          | 250        |
|    ep_rew_mean          | 239        |
|    success_rate         | 0          |
| time/                   |            |
|    fps                  | 3806       |
|    iterations           | 286        |
|    time_elapsed         | 615        |
|    total_timesteps      | 2342912    |
| train/                  |            |
|    approx_kl            | 0.01110276 |
|    clip_fraction        | 0.134      |
|    clip_range           | 0.2        |
|    entropy_loss         | -8.91      |
|    explained_variance   | 0.967      |
|    learning_rate        | 0.0003     |
|    loss                 | 3.12       |
|    n_updates            | 2850       |
|    policy_gradient_loss | -0.00556   |
|    std                  | 1.1        |
|    value_loss           | 1.86       |
----------------------------------------
Eval num_timesteps=2350000, episode_reward=243.78 +/- 0.20
Episode length: 250.00 +/- 0.00
Success rate: 0.00%
-----------------------------------------
| eval/                   |             |
|    mean_ep_length       | 250         |
|    mean_reward          | 244         |
|    success_rate         | 0           |
| time/                   |             |
|    total_timesteps      | 2350000     |
| train/                  |             |
|    approx_kl            | 0.017065538 |
|    clip_fraction        | 0.181       |
|    clip_range           | 0.2         |
|    entropy_loss         | -8.94       |
|    explained_variance   | 0.971       |
|    learning_rate        | 0.0003      |
|    loss                 | 0.933       |
|    n_updates            | 2860        |
|    policy_gradient_loss | -0.00583    |
|    std                  | 1.11        |
|    value_loss           | 2.37        |
-----------------------------------------
---------------------------------
| rollout/           |          |
|    ep_len_mean     | 250      |
|    ep_rew_mean     | 238      |
|    success_rate    | 0        |
| time/              |          |
|    fps             | 3805     |
|    iterations      | 287      |
|    time_elapsed    | 617      |
|    total_timesteps | 2351104  |
---------------------------------
-----------------------------------------
| rollout/                |             |
|    ep_len_mean          | 250         |
|    ep_rew_mean          | 240         |
|    success_rate         | 0           |
| time/                   |             |
|    fps                  | 3806        |
|    iterations           | 288         |
|    time_elapsed         | 619         |
|    total_timesteps      | 2359296     |
| train/                  |             |
|    approx_kl            | 0.015103391 |
|    clip_fraction        | 0.143       |
|    clip_range           | 0.2         |
|    entropy_loss         | -8.96       |
|    explained_variance   | 0.973       |
|    learning_rate        | 0.0003      |
|    loss                 | 0.685       |
|    n_updates            | 2870        |
|    policy_gradient_loss | -0.00875    |
|    std                  | 1.11        |
|    value_loss           | 1.84        |
-----------------------------------------
----------------------------------------
| rollout/                |            |
|    ep_len_mean          | 250        |
|    ep_rew_mean          | 236        |
|    success_rate         | 0          |
| time/                   |            |
|    fps                  | 3807       |
|    iterations           | 289        |
|    time_elapsed         | 621        |
|    total_timesteps      | 2367488    |
| train/                  |            |
|    approx_kl            | 0.01660294 |
|    clip_fraction        | 0.186      |
|    clip_range           | 0.2        |
|    entropy_loss         | -8.97      |
|    explained_variance   | 0.966      |
|    learning_rate        | 0.0003     |
|    loss                 | 0.431      |
|    n_updates            | 2880       |
|    policy_gradient_loss | -0.00604   |
|    std                  | 1.11       |
|    value_loss           | 1.26       |
----------------------------------------
Eval num_timesteps=2375000, episode_reward=240.70 +/- 6.15
Episode length: 250.00 +/- 0.00
Success rate: 0.00%
-----------------------------------------
| eval/                   |             |
|    mean_ep_length       | 250         |
|    mean_reward          | 241         |
|    success_rate         | 0           |
| time/                   |             |
|    total_timesteps      | 2375000     |
| train/                  |             |
|    approx_kl            | 0.010700706 |
|    clip_fraction        | 0.131       |
|    clip_range           | 0.2         |
|    entropy_loss         | -8.98       |
|    explained_variance   | 0.966       |
|    learning_rate        | 0.0003      |
|    loss                 | 0.702       |
|    n_updates            | 2890        |
|    policy_gradient_loss | -0.00722    |
|    std                  | 1.12        |
|    value_loss           | 5.82        |
-----------------------------------------
---------------------------------
| rollout/           |          |
|    ep_len_mean     | 250      |
|    ep_rew_mean     | 237      |
|    success_rate    | 0        |
| time/              |          |
|    fps             | 3805     |
|    iterations      | 290      |
|    time_elapsed    | 624      |
|    total_timesteps | 2375680  |
---------------------------------
----------------------------------------
| rollout/                |            |
|    ep_len_mean          | 250        |
|    ep_rew_mean          | 238        |
|    success_rate         | 0          |
| time/                   |            |
|    fps                  | 3807       |
|    iterations           | 291        |
|    time_elapsed         | 626        |
|    total_timesteps      | 2383872    |
| train/                  |            |
|    approx_kl            | 0.03077073 |
|    clip_fraction        | 0.277      |
|    clip_range           | 0.2        |
|    entropy_loss         | -9         |
|    explained_variance   | 0.795      |
|    learning_rate        | 0.0003     |
|    loss                 | 0.261      |
|    n_updates            | 2900       |
|    policy_gradient_loss | -0.00152   |
|    std                  | 1.12       |
|    value_loss           | 0.909      |
----------------------------------------
-----------------------------------------
| rollout/                |             |
|    ep_len_mean          | 250         |
|    ep_rew_mean          | 242         |
|    success_rate         | 0           |
| time/                   |             |
|    fps                  | 3808        |
|    iterations           | 292         |
|    time_elapsed         | 628         |
|    total_timesteps      | 2392064     |
| train/                  |             |
|    approx_kl            | 0.018277891 |
|    clip_fraction        | 0.232       |
|    clip_range           | 0.2         |
|    entropy_loss         | -9.03       |
|    explained_variance   | 0.913       |
|    learning_rate        | 0.0003      |
|    loss                 | 0.0675      |
|    n_updates            | 2910        |
|    policy_gradient_loss | -0.00478    |
|    std                  | 1.13        |
|    value_loss           | 2.43        |
-----------------------------------------
Eval num_timesteps=2400000, episode_reward=243.92 +/- 0.54
Episode length: 250.00 +/- 0.00
Success rate: 0.00%
-----------------------------------------
| eval/                   |             |
|    mean_ep_length       | 250         |
|    mean_reward          | 244         |
|    success_rate         | 0           |
| time/                   |             |
|    total_timesteps      | 2400000     |
| train/                  |             |
|    approx_kl            | 0.018250592 |
|    clip_fraction        | 0.273       |
|    clip_range           | 0.2         |
|    entropy_loss         | -9.06       |
|    explained_variance   | 0.941       |
|    learning_rate        | 0.0003      |
|    loss                 | -0.0178     |
|    n_updates            | 2920        |
|    policy_gradient_loss | -0.00036    |
|    std                  | 1.13        |
|    value_loss           | 0.0638      |
-----------------------------------------
---------------------------------
| rollout/           |          |
|    ep_len_mean     | 250      |
|    ep_rew_mean     | 239      |
|    success_rate    | 0        |
| time/              |          |
|    fps             | 3806     |
|    iterations      | 293      |
|    time_elapsed    | 630      |
|    total_timesteps | 2400256  |
---------------------------------
-----------------------------------------
| rollout/                |             |
|    ep_len_mean          | 250         |
|    ep_rew_mean          | 239         |
|    success_rate         | 0           |
| time/                   |             |
|    fps                  | 3808        |
|    iterations           | 294         |
|    time_elapsed         | 632         |
|    total_timesteps      | 2408448     |
| train/                  |             |
|    approx_kl            | 0.013418702 |
|    clip_fraction        | 0.183       |
|    clip_range           | 0.2         |
|    entropy_loss         | -9.06       |
|    explained_variance   | 0.973       |
|    learning_rate        | 0.0003      |
|    loss                 | 0.32        |
|    n_updates            | 2930        |
|    policy_gradient_loss | -0.00717    |
|    std                  | 1.13        |
|    value_loss           | 2.47        |
-----------------------------------------
----------------------------------------
| rollout/                |            |
|    ep_len_mean          | 250        |
|    ep_rew_mean          | 239        |
|    success_rate         | 0          |
| time/                   |            |
|    fps                  | 3809       |
|    iterations           | 295        |
|    time_elapsed         | 634        |
|    total_timesteps      | 2416640    |
| train/                  |            |
|    approx_kl            | 0.01937627 |
|    clip_fraction        | 0.248      |
|    clip_range           | 0.2        |
|    entropy_loss         | -9.08      |
|    explained_variance   | 0.961      |
|    learning_rate        | 0.0003     |
|    loss                 | -0.0367    |
|    n_updates            | 2940       |
|    policy_gradient_loss | -0.00278   |
|    std                  | 1.13       |
|    value_loss           | 0.0512     |
----------------------------------------
-----------------------------------------
| rollout/                |             |
|    ep_len_mean          | 250         |
|    ep_rew_mean          | 242         |
|    success_rate         | 0           |
| time/                   |             |
|    fps                  | 3810        |
|    iterations           | 296         |
|    time_elapsed         | 636         |
|    total_timesteps      | 2424832     |
| train/                  |             |
|    approx_kl            | 0.010094496 |
|    clip_fraction        | 0.144       |
|    clip_range           | 0.2         |
|    entropy_loss         | -9.08       |
|    explained_variance   | 0.952       |
|    learning_rate        | 0.0003      |
|    loss                 | 0.0463      |
|    n_updates            | 2950        |
|    policy_gradient_loss | -0.00541    |
|    std                  | 1.13        |
|    value_loss           | 2.92        |
-----------------------------------------
Eval num_timesteps=2425000, episode_reward=234.25 +/- 14.17
Episode length: 250.00 +/- 0.00
Success rate: 0.00%
-----------------------------------------
| eval/                   |             |
|    mean_ep_length       | 250         |
|    mean_reward          | 234         |
|    success_rate         | 0           |
| time/                   |             |
|    total_timesteps      | 2425000     |
| train/                  |             |
|    approx_kl            | 0.014219805 |
|    clip_fraction        | 0.17        |
|    clip_range           | 0.2         |
|    entropy_loss         | -9.09       |
|    explained_variance   | 0.971       |
|    learning_rate        | 0.0003      |
|    loss                 | 0.497       |
|    n_updates            | 2960        |
|    policy_gradient_loss | -0.00413    |
|    std                  | 1.14        |
|    value_loss           | 0.914       |
-----------------------------------------
---------------------------------
| rollout/           |          |
|    ep_len_mean     | 250      |
|    ep_rew_mean     | 239      |
|    success_rate    | 0        |
| time/              |          |
|    fps             | 3808     |
|    iterations      | 297      |
|    time_elapsed    | 638      |
|    total_timesteps | 2433024  |
---------------------------------
-----------------------------------------
| rollout/                |             |
|    ep_len_mean          | 250         |
|    ep_rew_mean          | 233         |
|    success_rate         | 0           |
| time/                   |             |
|    fps                  | 3810        |
|    iterations           | 298         |
|    time_elapsed         | 640         |
|    total_timesteps      | 2441216     |
| train/                  |             |
|    approx_kl            | 0.008254199 |
|    clip_fraction        | 0.105       |
|    clip_range           | 0.2         |
|    entropy_loss         | -9.1        |
|    explained_variance   | 0.934       |
|    learning_rate        | 0.0003      |
|    loss                 | 2.3         |
|    n_updates            | 2970        |
|    policy_gradient_loss | -0.00389    |
|    std                  | 1.14        |
|    value_loss           | 6.6         |
-----------------------------------------
----------------------------------------
| rollout/                |            |
|    ep_len_mean          | 250        |
|    ep_rew_mean          | 228        |
|    success_rate         | 0          |
| time/                   |            |
|    fps                  | 3811       |
|    iterations           | 299        |
|    time_elapsed         | 642        |
|    total_timesteps      | 2449408    |
| train/                  |            |
|    approx_kl            | 0.01617434 |
|    clip_fraction        | 0.176      |
|    clip_range           | 0.2        |
|    entropy_loss         | -9.09      |
|    explained_variance   | 0.971      |
|    learning_rate        | 0.0003     |
|    loss                 | 0.165      |
|    n_updates            | 2980       |
|    policy_gradient_loss | -0.00579   |
|    std                  | 1.14       |
|    value_loss           | 4.17       |
----------------------------------------
Eval num_timesteps=2450000, episode_reward=243.56 +/- 0.82
Episode length: 250.00 +/- 0.00
Success rate: 0.00%
------------------------------------------
| eval/                   |              |
|    mean_ep_length       | 250          |
|    mean_reward          | 244          |
|    success_rate         | 0            |
| time/                   |              |
|    total_timesteps      | 2450000      |
| train/                  |              |
|    approx_kl            | 0.0074355486 |
|    clip_fraction        | 0.0777       |
|    clip_range           | 0.2          |
|    entropy_loss         | -9.08        |
|    explained_variance   | 0.97         |
|    learning_rate        | 0.0003       |
|    loss                 | 7.53         |
|    n_updates            | 2990         |
|    policy_gradient_loss | -0.00918     |
|    std                  | 1.14         |
|    value_loss           | 9.72         |
------------------------------------------
---------------------------------
| rollout/           |          |
|    ep_len_mean     | 250      |
|    ep_rew_mean     | 229      |
|    success_rate    | 0        |
| time/              |          |
|    fps             | 3809     |
|    iterations      | 300      |
|    time_elapsed    | 645      |
|    total_timesteps | 2457600  |
---------------------------------
-----------------------------------------
| rollout/                |             |
|    ep_len_mean          | 250         |
|    ep_rew_mean          | 233         |
|    success_rate         | 0           |
| time/                   |             |
|    fps                  | 3811        |
|    iterations           | 301         |
|    time_elapsed         | 647         |
|    total_timesteps      | 2465792     |
| train/                  |             |
|    approx_kl            | 0.015367145 |
|    clip_fraction        | 0.223       |
|    clip_range           | 0.2         |
|    entropy_loss         | -9.07       |
|    explained_variance   | 0.937       |
|    learning_rate        | 0.0003      |
|    loss                 | 0.0344      |
|    n_updates            | 3000        |
|    policy_gradient_loss | -0.00172    |
|    std                  | 1.13        |
|    value_loss           | 0.269       |
-----------------------------------------
-----------------------------------------
| rollout/                |             |
|    ep_len_mean          | 250         |
|    ep_rew_mean          | 237         |
|    success_rate         | 0           |
| time/                   |             |
|    fps                  | 3812        |
|    iterations           | 302         |
|    time_elapsed         | 648         |
|    total_timesteps      | 2473984     |
| train/                  |             |
|    approx_kl            | 0.017253082 |
|    clip_fraction        | 0.213       |
|    clip_range           | 0.2         |
|    entropy_loss         | -9.05       |
|    explained_variance   | 0.952       |
|    learning_rate        | 0.0003      |
|    loss                 | 0.0179      |
|    n_updates            | 3010        |
|    policy_gradient_loss | -0.00314    |
|    std                  | 1.13        |
|    value_loss           | 3.91        |
-----------------------------------------
Eval num_timesteps=2475000, episode_reward=243.93 +/- 1.01
Episode length: 250.00 +/- 0.00
Success rate: 0.00%
----------------------------------------
| eval/                   |            |
|    mean_ep_length       | 250        |
|    mean_reward          | 244        |
|    success_rate         | 0          |
| time/                   |            |
|    total_timesteps      | 2475000    |
| train/                  |            |
|    approx_kl            | 0.03278768 |
|    clip_fraction        | 0.251      |
|    clip_range           | 0.2        |
|    entropy_loss         | -9.06      |
|    explained_variance   | 0.966      |
|    learning_rate        | 0.0003     |
|    loss                 | 0.613      |
|    n_updates            | 3020       |
|    policy_gradient_loss | -0.00282   |
|    std                  | 1.13       |
|    value_loss           | 5.39       |
----------------------------------------
---------------------------------
| rollout/           |          |
|    ep_len_mean     | 250      |
|    ep_rew_mean     | 239      |
|    success_rate    | 0        |
| time/              |          |
|    fps             | 3810     |
|    iterations      | 303      |
|    time_elapsed    | 651      |
|    total_timesteps | 2482176  |
---------------------------------
-----------------------------------------
| rollout/                |             |
|    ep_len_mean          | 250         |
|    ep_rew_mean          | 239         |
|    success_rate         | 0           |
| time/                   |             |
|    fps                  | 3811        |
|    iterations           | 304         |
|    time_elapsed         | 653         |
|    total_timesteps      | 2490368     |
| train/                  |             |
|    approx_kl            | 0.021586927 |
|    clip_fraction        | 0.27        |
|    clip_range           | 0.2         |
|    entropy_loss         | -9.06       |
|    explained_variance   | 0.92        |
|    learning_rate        | 0.0003      |
|    loss                 | -0.00105    |
|    n_updates            | 3030        |
|    policy_gradient_loss | -0.00165    |
|    std                  | 1.13        |
|    value_loss           | 0.116       |
-----------------------------------------
-----------------------------------------
| rollout/                |             |
|    ep_len_mean          | 250         |
|    ep_rew_mean          | 243         |
|    success_rate         | 0           |
| time/                   |             |
|    fps                  | 3813        |
|    iterations           | 305         |
|    time_elapsed         | 655         |
|    total_timesteps      | 2498560     |
| train/                  |             |
|    approx_kl            | 0.015478879 |
|    clip_fraction        | 0.253       |
|    clip_range           | 0.2         |
|    entropy_loss         | -9.03       |
|    explained_variance   | 0.962       |
|    learning_rate        | 0.0003      |
|    loss                 | -0.0384     |
|    n_updates            | 3040        |
|    policy_gradient_loss | -0.000836   |
|    std                  | 1.12        |
|    value_loss           | 0.098       |
-----------------------------------------
Eval num_timesteps=2500000, episode_reward=223.81 +/- 10.34
Episode length: 250.00 +/- 0.00
Success rate: 0.00%
-----------------------------------------
| eval/                   |             |
|    mean_ep_length       | 250         |
|    mean_reward          | 224         |
|    success_rate         | 0           |
| time/                   |             |
|    total_timesteps      | 2500000     |
| train/                  |             |
|    approx_kl            | 0.013963252 |
|    clip_fraction        | 0.238       |
|    clip_range           | 0.2         |
|    entropy_loss         | -9.01       |
|    explained_variance   | 0.794       |
|    learning_rate        | 0.0003      |
|    loss                 | 0.01        |
|    n_updates            | 3050        |
|    policy_gradient_loss | -0.00484    |
|    std                  | 1.12        |
|    value_loss           | 0.338       |
-----------------------------------------
---------------------------------
| rollout/           |          |
|    ep_len_mean     | 250      |
|    ep_rew_mean     | 243      |
|    success_rate    | 0        |
| time/              |          |
|    fps             | 3811     |
|    iterations      | 306      |
|    time_elapsed    | 657      |
|    total_timesteps | 2506752  |
---------------------------------
-----------------------------------------
| rollout/                |             |
|    ep_len_mean          | 250         |
|    ep_rew_mean          | 240         |
|    success_rate         | 0           |
| time/                   |             |
|    fps                  | 3812        |
|    iterations           | 307         |
|    time_elapsed         | 659         |
|    total_timesteps      | 2514944     |
| train/                  |             |
|    approx_kl            | 0.011579896 |
|    clip_fraction        | 0.209       |
|    clip_range           | 0.2         |
|    entropy_loss         | -9.01       |
|    explained_variance   | 0.979       |
|    learning_rate        | 0.0003      |
|    loss                 | -0.0481     |
|    n_updates            | 3060        |
|    policy_gradient_loss | -0.00408    |
|    std                  | 1.12        |
|    value_loss           | 0.0292      |
-----------------------------------------
-----------------------------------------
| rollout/                |             |
|    ep_len_mean          | 250         |
|    ep_rew_mean          | 240         |
|    success_rate         | 0           |
| time/                   |             |
|    fps                  | 3813        |
|    iterations           | 308         |
|    time_elapsed         | 661         |
|    total_timesteps      | 2523136     |
| train/                  |             |
|    approx_kl            | 0.007720542 |
|    clip_fraction        | 0.0993      |
|    clip_range           | 0.2         |
|    entropy_loss         | -9.01       |
|    explained_variance   | 0.982       |
|    learning_rate        | 0.0003      |
|    loss                 | 0.44        |
|    n_updates            | 3070        |
|    policy_gradient_loss | -0.00861    |
|    std                  | 1.12        |
|    value_loss           | 0.935       |
-----------------------------------------
Eval num_timesteps=2525000, episode_reward=228.71 +/- 12.13
Episode length: 250.00 +/- 0.00
Success rate: 0.00%
-----------------------------------------
| eval/                   |             |
|    mean_ep_length       | 250         |
|    mean_reward          | 229         |
|    success_rate         | 0           |
| time/                   |             |
|    total_timesteps      | 2525000     |
| train/                  |             |
|    approx_kl            | 0.016874433 |
|    clip_fraction        | 0.174       |
|    clip_range           | 0.2         |
|    entropy_loss         | -9.02       |
|    explained_variance   | 0.949       |
|    learning_rate        | 0.0003      |
|    loss                 | 0.27        |
|    n_updates            | 3080        |
|    policy_gradient_loss | -0.00431    |
|    std                  | 1.12        |
|    value_loss           | 0.65        |
-----------------------------------------
---------------------------------
| rollout/           |          |
|    ep_len_mean     | 250      |
|    ep_rew_mean     | 240      |
|    success_rate    | 0        |
| time/              |          |
|    fps             | 3811     |
|    iterations      | 309      |
|    time_elapsed    | 664      |
|    total_timesteps | 2531328  |
---------------------------------
-----------------------------------------
| rollout/                |             |
|    ep_len_mean          | 250         |
|    ep_rew_mean          | 241         |
|    success_rate         | 0           |
| time/                   |             |
|    fps                  | 3813        |
|    iterations           | 310         |
|    time_elapsed         | 665         |
|    total_timesteps      | 2539520     |
| train/                  |             |
|    approx_kl            | 0.015776258 |
|    clip_fraction        | 0.229       |
|    clip_range           | 0.2         |
|    entropy_loss         | -9.02       |
|    explained_variance   | 0.967       |
|    learning_rate        | 0.0003      |
|    loss                 | 0.327       |
|    n_updates            | 3090        |
|    policy_gradient_loss | -0.00385    |
|    std                  | 1.12        |
|    value_loss           | 0.806       |
-----------------------------------------
----------------------------------------
| rollout/                |            |
|    ep_len_mean          | 250        |
|    ep_rew_mean          | 242        |
|    success_rate         | 0          |
| time/                   |            |
|    fps                  | 3814       |
|    iterations           | 311        |
|    time_elapsed         | 667        |
|    total_timesteps      | 2547712    |
| train/                  |            |
|    approx_kl            | 0.02322907 |
|    clip_fraction        | 0.27       |
|    clip_range           | 0.2        |
|    entropy_loss         | -9.03      |
|    explained_variance   | 0.963      |
|    learning_rate        | 0.0003     |
|    loss                 | 0.222      |
|    n_updates            | 3100       |
|    policy_gradient_loss | -0.00208   |
|    std                  | 1.13       |
|    value_loss           | 0.398      |
----------------------------------------
Eval num_timesteps=2550000, episode_reward=238.90 +/- 6.80
Episode length: 250.00 +/- 0.00
Success rate: 0.00%
-----------------------------------------
| eval/                   |             |
|    mean_ep_length       | 250         |
|    mean_reward          | 239         |
|    success_rate         | 0           |
| time/                   |             |
|    total_timesteps      | 2550000     |
| train/                  |             |
|    approx_kl            | 0.019344106 |
|    clip_fraction        | 0.199       |
|    clip_range           | 0.2         |
|    entropy_loss         | -9.06       |
|    explained_variance   | 0.952       |
|    learning_rate        | 0.0003      |
|    loss                 | 0.0568      |
|    n_updates            | 3110        |
|    policy_gradient_loss | -0.00616    |
|    std                  | 1.14        |
|    value_loss           | 0.614       |
-----------------------------------------
---------------------------------
| rollout/           |          |
|    ep_len_mean     | 250      |
|    ep_rew_mean     | 241      |
|    success_rate    | 0        |
| time/              |          |
|    fps             | 3812     |
|    iterations      | 312      |
|    time_elapsed    | 670      |
|    total_timesteps | 2555904  |
---------------------------------
-----------------------------------------
| rollout/                |             |
|    ep_len_mean          | 250         |
|    ep_rew_mean          | 239         |
|    success_rate         | 0           |
| time/                   |             |
|    fps                  | 3813        |
|    iterations           | 313         |
|    time_elapsed         | 672         |
|    total_timesteps      | 2564096     |
| train/                  |             |
|    approx_kl            | 0.019452145 |
|    clip_fraction        | 0.216       |
|    clip_range           | 0.2         |
|    entropy_loss         | -9.1        |
|    explained_variance   | 0.935       |
|    learning_rate        | 0.0003      |
|    loss                 | 2.77        |
|    n_updates            | 3120        |
|    policy_gradient_loss | -0.00455    |
|    std                  | 1.14        |
|    value_loss           | 2.56        |
-----------------------------------------
-----------------------------------------
| rollout/                |             |
|    ep_len_mean          | 250         |
|    ep_rew_mean          | 241         |
|    success_rate         | 0           |
| time/                   |             |
|    fps                  | 3815        |
|    iterations           | 314         |
|    time_elapsed         | 674         |
|    total_timesteps      | 2572288     |
| train/                  |             |
|    approx_kl            | 0.014570147 |
|    clip_fraction        | 0.213       |
|    clip_range           | 0.2         |
|    entropy_loss         | -9.1        |
|    explained_variance   | 0.98        |
|    learning_rate        | 0.0003      |
|    loss                 | -0.0313     |
|    n_updates            | 3130        |
|    policy_gradient_loss | -0.00584    |
|    std                  | 1.14        |
|    value_loss           | 0.0804      |
-----------------------------------------
Eval num_timesteps=2575000, episode_reward=243.11 +/- 0.29
Episode length: 250.00 +/- 0.00
Success rate: 0.00%
-----------------------------------------
| eval/                   |             |
|    mean_ep_length       | 250         |
|    mean_reward          | 243         |
|    success_rate         | 0           |
| time/                   |             |
|    total_timesteps      | 2575000     |
| train/                  |             |
|    approx_kl            | 0.014357569 |
|    clip_fraction        | 0.217       |
|    clip_range           | 0.2         |
|    entropy_loss         | -9.11       |
|    explained_variance   | 0.977       |
|    learning_rate        | 0.0003      |
|    loss                 | -0.0174     |
|    n_updates            | 3140        |
|    policy_gradient_loss | -0.00218    |
|    std                  | 1.14        |
|    value_loss           | 0.0584      |
-----------------------------------------
---------------------------------
| rollout/           |          |
|    ep_len_mean     | 250      |
|    ep_rew_mean     | 242      |
|    success_rate    | 0        |
| time/              |          |
|    fps             | 3813     |
|    iterations      | 315      |
|    time_elapsed    | 676      |
|    total_timesteps | 2580480  |
---------------------------------
-----------------------------------------
| rollout/                |             |
|    ep_len_mean          | 250         |
|    ep_rew_mean          | 240         |
|    success_rate         | 0           |
| time/                   |             |
|    fps                  | 3814        |
|    iterations           | 316         |
|    time_elapsed         | 678         |
|    total_timesteps      | 2588672     |
| train/                  |             |
|    approx_kl            | 0.025019018 |
|    clip_fraction        | 0.241       |
|    clip_range           | 0.2         |
|    entropy_loss         | -9.12       |
|    explained_variance   | 0.879       |
|    learning_rate        | 0.0003      |
|    loss                 | 0.0118      |
|    n_updates            | 3150        |
|    policy_gradient_loss | -0.00278    |
|    std                  | 1.14        |
|    value_loss           | 0.154       |
-----------------------------------------
-----------------------------------------
| rollout/                |             |
|    ep_len_mean          | 250         |
|    ep_rew_mean          | 238         |
|    success_rate         | 0           |
| time/                   |             |
|    fps                  | 3815        |
|    iterations           | 317         |
|    time_elapsed         | 680         |
|    total_timesteps      | 2596864     |
| train/                  |             |
|    approx_kl            | 0.013985863 |
|    clip_fraction        | 0.163       |
|    clip_range           | 0.2         |
|    entropy_loss         | -9.13       |
|    explained_variance   | 0.965       |
|    learning_rate        | 0.0003      |
|    loss                 | 0.0519      |
|    n_updates            | 3160        |
|    policy_gradient_loss | -0.00507    |
|    std                  | 1.15        |
|    value_loss           | 2.21        |
-----------------------------------------
Eval num_timesteps=2600000, episode_reward=243.04 +/- 0.99
Episode length: 250.00 +/- 0.00
Success rate: 0.00%
-----------------------------------------
| eval/                   |             |
|    mean_ep_length       | 250         |
|    mean_reward          | 243         |
|    success_rate         | 0           |
| time/                   |             |
|    total_timesteps      | 2600000     |
| train/                  |             |
|    approx_kl            | 0.013428616 |
|    clip_fraction        | 0.178       |
|    clip_range           | 0.2         |
|    entropy_loss         | -9.15       |
|    explained_variance   | 0.988       |
|    learning_rate        | 0.0003      |
|    loss                 | 0.0995      |
|    n_updates            | 3170        |
|    policy_gradient_loss | -0.00586    |
|    std                  | 1.15        |
|    value_loss           | 0.303       |
-----------------------------------------
---------------------------------
| rollout/           |          |
|    ep_len_mean     | 250      |
|    ep_rew_mean     | 238      |
|    success_rate    | 0        |
| time/              |          |
|    fps             | 3813     |
|    iterations      | 318      |
|    time_elapsed    | 683      |
|    total_timesteps | 2605056  |
---------------------------------
-----------------------------------------
| rollout/                |             |
|    ep_len_mean          | 250         |
|    ep_rew_mean          | 240         |
|    success_rate         | 0           |
| time/                   |             |
|    fps                  | 3815        |
|    iterations           | 319         |
|    time_elapsed         | 684         |
|    total_timesteps      | 2613248     |
| train/                  |             |
|    approx_kl            | 0.017389476 |
|    clip_fraction        | 0.17        |
|    clip_range           | 0.2         |
|    entropy_loss         | -9.16       |
|    explained_variance   | 0.976       |
|    learning_rate        | 0.0003      |
|    loss                 | 0.353       |
|    n_updates            | 3180        |
|    policy_gradient_loss | -0.00325    |
|    std                  | 1.15        |
|    value_loss           | 0.73        |
-----------------------------------------
-----------------------------------------
| rollout/                |             |
|    ep_len_mean          | 250         |
|    ep_rew_mean          | 241         |
|    success_rate         | 0           |
| time/                   |             |
|    fps                  | 3816        |
|    iterations           | 320         |
|    time_elapsed         | 686         |
|    total_timesteps      | 2621440     |
| train/                  |             |
|    approx_kl            | 0.011874977 |
|    clip_fraction        | 0.172       |
|    clip_range           | 0.2         |
|    entropy_loss         | -9.15       |
|    explained_variance   | 0.984       |
|    learning_rate        | 0.0003      |
|    loss                 | 0.403       |
|    n_updates            | 3190        |
|    policy_gradient_loss | -0.00499    |
|    std                  | 1.15        |
|    value_loss           | 0.601       |
-----------------------------------------
Eval num_timesteps=2625000, episode_reward=243.39 +/- 1.08
Episode length: 250.00 +/- 0.00
Success rate: 0.00%
-----------------------------------------
| eval/                   |             |
|    mean_ep_length       | 250         |
|    mean_reward          | 243         |
|    success_rate         | 0           |
| time/                   |             |
|    total_timesteps      | 2625000     |
| train/                  |             |
|    approx_kl            | 0.015879001 |
|    clip_fraction        | 0.199       |
|    clip_range           | 0.2         |
|    entropy_loss         | -9.16       |
|    explained_variance   | 0.98        |
|    learning_rate        | 0.0003      |
|    loss                 | -0.0109     |
|    n_updates            | 3200        |
|    policy_gradient_loss | -0.00392    |
|    std                  | 1.15        |
|    value_loss           | 0.353       |
-----------------------------------------
---------------------------------
| rollout/           |          |
|    ep_len_mean     | 250      |
|    ep_rew_mean     | 239      |
|    success_rate    | 0        |
| time/              |          |
|    fps             | 3814     |
|    iterations      | 321      |
|    time_elapsed    | 689      |
|    total_timesteps | 2629632  |
---------------------------------
-----------------------------------------
| rollout/                |             |
|    ep_len_mean          | 250         |
|    ep_rew_mean          | 240         |
|    success_rate         | 0           |
| time/                   |             |
|    fps                  | 3815        |
|    iterations           | 322         |
|    time_elapsed         | 691         |
|    total_timesteps      | 2637824     |
| train/                  |             |
|    approx_kl            | 0.009611748 |
|    clip_fraction        | 0.161       |
|    clip_range           | 0.2         |
|    entropy_loss         | -9.17       |
|    explained_variance   | 0.958       |
|    learning_rate        | 0.0003      |
|    loss                 | 0.304       |
|    n_updates            | 3210        |
|    policy_gradient_loss | -0.00659    |
|    std                  | 1.15        |
|    value_loss           | 5.63        |
-----------------------------------------
-----------------------------------------
| rollout/                |             |
|    ep_len_mean          | 250         |
|    ep_rew_mean          | 238         |
|    success_rate         | 0           |
| time/                   |             |
|    fps                  | 3816        |
|    iterations           | 323         |
|    time_elapsed         | 693         |
|    total_timesteps      | 2646016     |
| train/                  |             |
|    approx_kl            | 0.019522138 |
|    clip_fraction        | 0.234       |
|    clip_range           | 0.2         |
|    entropy_loss         | -9.16       |
|    explained_variance   | 0.941       |
|    learning_rate        | 0.0003      |
|    loss                 | 0.0234      |
|    n_updates            | 3220        |
|    policy_gradient_loss | -0.00391    |
|    std                  | 1.15        |
|    value_loss           | 0.157       |
-----------------------------------------
Eval num_timesteps=2650000, episode_reward=242.97 +/- 0.40
Episode length: 250.00 +/- 0.00
Success rate: 0.00%
----------------------------------------
| eval/                   |            |
|    mean_ep_length       | 250        |
|    mean_reward          | 243        |
|    success_rate         | 0          |
| time/                   |            |
|    total_timesteps      | 2650000    |
| train/                  |            |
|    approx_kl            | 0.01412561 |
|    clip_fraction        | 0.158      |
|    clip_range           | 0.2        |
|    entropy_loss         | -9.18      |
|    explained_variance   | 0.965      |
|    learning_rate        | 0.0003     |
|    loss                 | 0.000488   |
|    n_updates            | 3230       |
|    policy_gradient_loss | -0.00771   |
|    std                  | 1.15       |
|    value_loss           | 1.8        |
----------------------------------------
---------------------------------
| rollout/           |          |
|    ep_len_mean     | 250      |
|    ep_rew_mean     | 240      |
|    success_rate    | 0        |
| time/              |          |
|    fps             | 3814     |
|    iterations      | 324      |
|    time_elapsed    | 695      |
|    total_timesteps | 2654208  |
---------------------------------
----------------------------------------
| rollout/                |            |
|    ep_len_mean          | 250        |
|    ep_rew_mean          | 240        |
|    success_rate         | 0          |
| time/                   |            |
|    fps                  | 3815       |
|    iterations           | 325        |
|    time_elapsed         | 697        |
|    total_timesteps      | 2662400    |
| train/                  |            |
|    approx_kl            | 0.01702546 |
|    clip_fraction        | 0.25       |
|    clip_range           | 0.2        |
|    entropy_loss         | -9.19      |
|    explained_variance   | 0.952      |
|    learning_rate        | 0.0003     |
|    loss                 | -0.00638   |
|    n_updates            | 3240       |
|    policy_gradient_loss | -0.00262   |
|    std                  | 1.15       |
|    value_loss           | 0.0781     |
----------------------------------------
-----------------------------------------
| rollout/                |             |
|    ep_len_mean          | 250         |
|    ep_rew_mean          | 242         |
|    success_rate         | 0           |
| time/                   |             |
|    fps                  | 3817        |
|    iterations           | 326         |
|    time_elapsed         | 699         |
|    total_timesteps      | 2670592     |
| train/                  |             |
|    approx_kl            | 0.016813718 |
|    clip_fraction        | 0.238       |
|    clip_range           | 0.2         |
|    entropy_loss         | -9.2        |
|    explained_variance   | 0.981       |
|    learning_rate        | 0.0003      |
|    loss                 | -0.0248     |
|    n_updates            | 3250        |
|    policy_gradient_loss | -0.00559    |
|    std                  | 1.16        |
|    value_loss           | 0.283       |
-----------------------------------------
Eval num_timesteps=2675000, episode_reward=241.69 +/- 2.94
Episode length: 250.00 +/- 0.00
Success rate: 0.00%
-----------------------------------------
| eval/                   |             |
|    mean_ep_length       | 250         |
|    mean_reward          | 242         |
|    success_rate         | 0           |
| time/                   |             |
|    total_timesteps      | 2675000     |
| train/                  |             |
|    approx_kl            | 0.021750458 |
|    clip_fraction        | 0.228       |
|    clip_range           | 0.2         |
|    entropy_loss         | -9.21       |
|    explained_variance   | 0.982       |
|    learning_rate        | 0.0003      |
|    loss                 | -0.0184     |
|    n_updates            | 3260        |
|    policy_gradient_loss | -0.00231    |
|    std                  | 1.16        |
|    value_loss           | 0.0533      |
-----------------------------------------
---------------------------------
| rollout/           |          |
|    ep_len_mean     | 250      |
|    ep_rew_mean     | 242      |
|    success_rate    | 0        |
| time/              |          |
|    fps             | 3814     |
|    iterations      | 327      |
|    time_elapsed    | 702      |
|    total_timesteps | 2678784  |
---------------------------------
-----------------------------------------
| rollout/                |             |
|    ep_len_mean          | 250         |
|    ep_rew_mean          | 242         |
|    success_rate         | 0           |
| time/                   |             |
|    fps                  | 3816        |
|    iterations           | 328         |
|    time_elapsed         | 704         |
|    total_timesteps      | 2686976     |
| train/                  |             |
|    approx_kl            | 0.016924556 |
|    clip_fraction        | 0.216       |
|    clip_range           | 0.2         |
|    entropy_loss         | -9.2        |
|    explained_variance   | 0.988       |
|    learning_rate        | 0.0003      |
|    loss                 | -0.0411     |
|    n_updates            | 3270        |
|    policy_gradient_loss | -0.00318    |
|    std                  | 1.16        |
|    value_loss           | 0.0344      |
-----------------------------------------
-----------------------------------------
| rollout/                |             |
|    ep_len_mean          | 250         |
|    ep_rew_mean          | 242         |
|    success_rate         | 0           |
| time/                   |             |
|    fps                  | 3817        |
|    iterations           | 329         |
|    time_elapsed         | 706         |
|    total_timesteps      | 2695168     |
| train/                  |             |
|    approx_kl            | 0.019307904 |
|    clip_fraction        | 0.236       |
|    clip_range           | 0.2         |
|    entropy_loss         | -9.21       |
|    explained_variance   | 0.951       |
|    learning_rate        | 0.0003      |
|    loss                 | -0.0195     |
|    n_updates            | 3280        |
|    policy_gradient_loss | -0.00349    |
|    std                  | 1.16        |
|    value_loss           | 0.238       |
-----------------------------------------
Eval num_timesteps=2700000, episode_reward=241.86 +/- 0.95
Episode length: 250.00 +/- 0.00
Success rate: 0.00%
-----------------------------------------
| eval/                   |             |
|    mean_ep_length       | 250         |
|    mean_reward          | 242         |
|    success_rate         | 0           |
| time/                   |             |
|    total_timesteps      | 2700000     |
| train/                  |             |
|    approx_kl            | 0.013560394 |
|    clip_fraction        | 0.218       |
|    clip_range           | 0.2         |
|    entropy_loss         | -9.22       |
|    explained_variance   | 0.946       |
|    learning_rate        | 0.0003      |
|    loss                 | -0.00705    |
|    n_updates            | 3290        |
|    policy_gradient_loss | -0.00492    |
|    std                  | 1.16        |
|    value_loss           | 0.308       |
-----------------------------------------
---------------------------------
| rollout/           |          |
|    ep_len_mean     | 250      |
|    ep_rew_mean     | 239      |
|    success_rate    | 0        |
| time/              |          |
|    fps             | 3815     |
|    iterations      | 330      |
|    time_elapsed    | 708      |
|    total_timesteps | 2703360  |
---------------------------------
-----------------------------------------
| rollout/                |             |
|    ep_len_mean          | 250         |
|    ep_rew_mean          | 239         |
|    success_rate         | 0           |
| time/                   |             |
|    fps                  | 3816        |
|    iterations           | 331         |
|    time_elapsed         | 710         |
|    total_timesteps      | 2711552     |
| train/                  |             |
|    approx_kl            | 0.009862348 |
|    clip_fraction        | 0.13        |
|    clip_range           | 0.2         |
|    entropy_loss         | -9.22       |
|    explained_variance   | 0.943       |
|    learning_rate        | 0.0003      |
|    loss                 | 1.18        |
|    n_updates            | 3300        |
|    policy_gradient_loss | -0.00661    |
|    std                  | 1.16        |
|    value_loss           | 3.18        |
-----------------------------------------
----------------------------------------
| rollout/                |            |
|    ep_len_mean          | 250        |
|    ep_rew_mean          | 240        |
|    success_rate         | 0          |
| time/                   |            |
|    fps                  | 3817       |
|    iterations           | 332        |
|    time_elapsed         | 712        |
|    total_timesteps      | 2719744    |
| train/                  |            |
|    approx_kl            | 0.01623732 |
|    clip_fraction        | 0.19       |
|    clip_range           | 0.2        |
|    entropy_loss         | -9.24      |
|    explained_variance   | 0.86       |
|    learning_rate        | 0.0003     |
|    loss                 | -0.00592   |
|    n_updates            | 3310       |
|    policy_gradient_loss | -0.00504   |
|    std                  | 1.16       |
|    value_loss           | 0.0953     |
----------------------------------------
Eval num_timesteps=2725000, episode_reward=242.11 +/- 1.43
Episode length: 250.00 +/- 0.00
Success rate: 0.00%
-----------------------------------------
| eval/                   |             |
|    mean_ep_length       | 250         |
|    mean_reward          | 242         |
|    success_rate         | 0           |
| time/                   |             |
|    total_timesteps      | 2725000     |
| train/                  |             |
|    approx_kl            | 0.015054421 |
|    clip_fraction        | 0.201       |
|    clip_range           | 0.2         |
|    entropy_loss         | -9.22       |
|    explained_variance   | 0.981       |
|    learning_rate        | 0.0003      |
|    loss                 | -0.027      |
|    n_updates            | 3320        |
|    policy_gradient_loss | -0.00487    |
|    std                  | 1.16        |
|    value_loss           | 0.0466      |
-----------------------------------------
---------------------------------
| rollout/           |          |
|    ep_len_mean     | 250      |
|    ep_rew_mean     | 242      |
|    success_rate    | 0        |
| time/              |          |
|    fps             | 3815     |
|    iterations      | 333      |
|    time_elapsed    | 714      |
|    total_timesteps | 2727936  |
---------------------------------
-----------------------------------------
| rollout/                |             |
|    ep_len_mean          | 250         |
|    ep_rew_mean          | 239         |
|    success_rate         | 0           |
| time/                   |             |
|    fps                  | 3817        |
|    iterations           | 334         |
|    time_elapsed         | 716         |
|    total_timesteps      | 2736128     |
| train/                  |             |
|    approx_kl            | 0.014898865 |
|    clip_fraction        | 0.198       |
|    clip_range           | 0.2         |
|    entropy_loss         | -9.21       |
|    explained_variance   | 0.979       |
|    learning_rate        | 0.0003      |
|    loss                 | -0.0298     |
|    n_updates            | 3330        |
|    policy_gradient_loss | -0.00494    |
|    std                  | 1.16        |
|    value_loss           | 0.0468      |
-----------------------------------------
-----------------------------------------
| rollout/                |             |
|    ep_len_mean          | 250         |
|    ep_rew_mean          | 239         |
|    success_rate         | 0           |
| time/                   |             |
|    fps                  | 3818        |
|    iterations           | 335         |
|    time_elapsed         | 718         |
|    total_timesteps      | 2744320     |
| train/                  |             |
|    approx_kl            | 0.010949391 |
|    clip_fraction        | 0.161       |
|    clip_range           | 0.2         |
|    entropy_loss         | -9.23       |
|    explained_variance   | 0.956       |
|    learning_rate        | 0.0003      |
|    loss                 | 4.28        |
|    n_updates            | 3340        |
|    policy_gradient_loss | -0.00435    |
|    std                  | 1.16        |
|    value_loss           | 2.56        |
-----------------------------------------
Eval num_timesteps=2750000, episode_reward=243.43 +/- 0.54
Episode length: 250.00 +/- 0.00
Success rate: 0.00%
---------------------------------------
| eval/                   |           |
|    mean_ep_length       | 250       |
|    mean_reward          | 243       |
|    success_rate         | 0         |
| time/                   |           |
|    total_timesteps      | 2750000   |
| train/                  |           |
|    approx_kl            | 0.0210577 |
|    clip_fraction        | 0.182     |
|    clip_range           | 0.2       |
|    entropy_loss         | -9.26     |
|    explained_variance   | 0.851     |
|    learning_rate        | 0.0003    |
|    loss                 | -0.00526  |
|    n_updates            | 3350      |
|    policy_gradient_loss | -0.00429  |
|    std                  | 1.17      |
|    value_loss           | 1.02      |
---------------------------------------
---------------------------------
| rollout/           |          |
|    ep_len_mean     | 250      |
|    ep_rew_mean     | 237      |
|    success_rate    | 0        |
| time/              |          |
|    fps             | 3816     |
|    iterations      | 336      |
|    time_elapsed    | 721      |
|    total_timesteps | 2752512  |
---------------------------------
------------------------------------------
| rollout/                |              |
|    ep_len_mean          | 250          |
|    ep_rew_mean          | 240          |
|    success_rate         | 0            |
| time/                   |              |
|    fps                  | 3817         |
|    iterations           | 337          |
|    time_elapsed         | 723          |
|    total_timesteps      | 2760704      |
| train/                  |              |
|    approx_kl            | 0.0129932165 |
|    clip_fraction        | 0.129        |
|    clip_range           | 0.2          |
|    entropy_loss         | -9.28        |
|    explained_variance   | 0.958        |
|    learning_rate        | 0.0003       |
|    loss                 | 0.956        |
|    n_updates            | 3360         |
|    policy_gradient_loss | -0.0058      |
|    std                  | 1.18         |
|    value_loss           | 1.11         |
------------------------------------------
----------------------------------------
| rollout/                |            |
|    ep_len_mean          | 250        |
|    ep_rew_mean          | 240        |
|    success_rate         | 0          |
| time/                   |            |
|    fps                  | 3818       |
|    iterations           | 338        |
|    time_elapsed         | 725        |
|    total_timesteps      | 2768896    |
| train/                  |            |
|    approx_kl            | 0.02660789 |
|    clip_fraction        | 0.273      |
|    clip_range           | 0.2        |
|    entropy_loss         | -9.32      |
|    explained_variance   | 0.961      |
|    learning_rate        | 0.0003     |
|    loss                 | -0.0276    |
|    n_updates            | 3370       |
|    policy_gradient_loss | -0.00219   |
|    std                  | 1.18       |
|    value_loss           | 0.0613     |
----------------------------------------
Eval num_timesteps=2775000, episode_reward=243.75 +/- 0.80
Episode length: 250.00 +/- 0.00
Success rate: 0.00%
-----------------------------------------
| eval/                   |             |
|    mean_ep_length       | 250         |
|    mean_reward          | 244         |
|    success_rate         | 0           |
| time/                   |             |
|    total_timesteps      | 2775000     |
| train/                  |             |
|    approx_kl            | 0.022069285 |
|    clip_fraction        | 0.24        |
|    clip_range           | 0.2         |
|    entropy_loss         | -9.33       |
|    explained_variance   | 0.961       |
|    learning_rate        | 0.0003      |
|    loss                 | -0.0333     |
|    n_updates            | 3380        |
|    policy_gradient_loss | -0.00203    |
|    std                  | 1.18        |
|    value_loss           | 0.101       |
-----------------------------------------
---------------------------------
| rollout/           |          |
|    ep_len_mean     | 250      |
|    ep_rew_mean     | 240      |
|    success_rate    | 0        |
| time/              |          |
|    fps             | 3816     |
|    iterations      | 339      |
|    time_elapsed    | 727      |
|    total_timesteps | 2777088  |
---------------------------------
-----------------------------------------
| rollout/                |             |
|    ep_len_mean          | 250         |
|    ep_rew_mean          | 243         |
|    success_rate         | 0           |
| time/                   |             |
|    fps                  | 3817        |
|    iterations           | 340         |
|    time_elapsed         | 729         |
|    total_timesteps      | 2785280     |
| train/                  |             |
|    approx_kl            | 0.012605427 |
|    clip_fraction        | 0.242       |
|    clip_range           | 0.2         |
|    entropy_loss         | -9.33       |
|    explained_variance   | 0.988       |
|    learning_rate        | 0.0003      |
|    loss                 | -0.047      |
|    n_updates            | 3390        |
|    policy_gradient_loss | -0.00256    |
|    std                  | 1.18        |
|    value_loss           | 0.031       |
-----------------------------------------
-----------------------------------------
| rollout/                |             |
|    ep_len_mean          | 250         |
|    ep_rew_mean          | 242         |
|    success_rate         | 0           |
| time/                   |             |
|    fps                  | 3818        |
|    iterations           | 341         |
|    time_elapsed         | 731         |
|    total_timesteps      | 2793472     |
| train/                  |             |
|    approx_kl            | 0.019275477 |
|    clip_fraction        | 0.185       |
|    clip_range           | 0.2         |
|    entropy_loss         | -9.32       |
|    explained_variance   | 0.986       |
|    learning_rate        | 0.0003      |
|    loss                 | -0.0312     |
|    n_updates            | 3400        |
|    policy_gradient_loss | -0.0051     |
|    std                  | 1.18        |
|    value_loss           | 0.035       |
-----------------------------------------
Eval num_timesteps=2800000, episode_reward=242.58 +/- 1.67
Episode length: 250.00 +/- 0.00
Success rate: 0.00%
-----------------------------------------
| eval/                   |             |
|    mean_ep_length       | 250         |
|    mean_reward          | 243         |
|    success_rate         | 0           |
| time/                   |             |
|    total_timesteps      | 2800000     |
| train/                  |             |
|    approx_kl            | 0.011111263 |
|    clip_fraction        | 0.129       |
|    clip_range           | 0.2         |
|    entropy_loss         | -9.33       |
|    explained_variance   | 0.948       |
|    learning_rate        | 0.0003      |
|    loss                 | 0.0955      |
|    n_updates            | 3410        |
|    policy_gradient_loss | -0.00486    |
|    std                  | 1.18        |
|    value_loss           | 2.68        |
-----------------------------------------
---------------------------------
| rollout/           |          |
|    ep_len_mean     | 250      |
|    ep_rew_mean     | 242      |
|    success_rate    | 0        |
| time/              |          |
|    fps             | 3817     |
|    iterations      | 342      |
|    time_elapsed    | 733      |
|    total_timesteps | 2801664  |
---------------------------------
-----------------------------------------
| rollout/                |             |
|    ep_len_mean          | 250         |
|    ep_rew_mean          | 239         |
|    success_rate         | 0           |
| time/                   |             |
|    fps                  | 3818        |
|    iterations           | 343         |
|    time_elapsed         | 735         |
|    total_timesteps      | 2809856     |
| train/                  |             |
|    approx_kl            | 0.014251139 |
|    clip_fraction        | 0.175       |
|    clip_range           | 0.2         |
|    entropy_loss         | -9.33       |
|    explained_variance   | 0.986       |
|    learning_rate        | 0.0003      |
|    loss                 | 0.0844      |
|    n_updates            | 3420        |
|    policy_gradient_loss | -0.00554    |
|    std                  | 1.18        |
|    value_loss           | 0.2         |
-----------------------------------------
------------------------------------------
| rollout/                |              |
|    ep_len_mean          | 250          |
|    ep_rew_mean          | 240          |
|    success_rate         | 0            |
| time/                   |              |
|    fps                  | 3819         |
|    iterations           | 344          |
|    time_elapsed         | 737          |
|    total_timesteps      | 2818048      |
| train/                  |              |
|    approx_kl            | 0.0073397364 |
|    clip_fraction        | 0.102        |
|    clip_range           | 0.2          |
|    entropy_loss         | -9.35        |
|    explained_variance   | 0.966        |
|    learning_rate        | 0.0003       |
|    loss                 | 2.06         |
|    n_updates            | 3430         |
|    policy_gradient_loss | -0.00431     |
|    std                  | 1.19         |
|    value_loss           | 2.91         |
------------------------------------------
Eval num_timesteps=2825000, episode_reward=243.53 +/- 0.72
Episode length: 250.00 +/- 0.00
Success rate: 0.00%
-----------------------------------------
| eval/                   |             |
|    mean_ep_length       | 250         |
|    mean_reward          | 244         |
|    success_rate         | 0           |
| time/                   |             |
|    total_timesteps      | 2825000     |
| train/                  |             |
|    approx_kl            | 0.019712966 |
|    clip_fraction        | 0.201       |
|    clip_range           | 0.2         |
|    entropy_loss         | -9.33       |
|    explained_variance   | 0.749       |
|    learning_rate        | 0.0003      |
|    loss                 | 0.00998     |
|    n_updates            | 3440        |
|    policy_gradient_loss | -0.00777    |
|    std                  | 1.18        |
|    value_loss           | 0.394       |
-----------------------------------------
---------------------------------
| rollout/           |          |
|    ep_len_mean     | 250      |
|    ep_rew_mean     | 239      |
|    success_rate    | 0        |
| time/              |          |
|    fps             | 3817     |
|    iterations      | 345      |
|    time_elapsed    | 740      |
|    total_timesteps | 2826240  |
---------------------------------
-----------------------------------------
| rollout/                |             |
|    ep_len_mean          | 250         |
|    ep_rew_mean          | 239         |
|    success_rate         | 0           |
| time/                   |             |
|    fps                  | 3818        |
|    iterations           | 346         |
|    time_elapsed         | 742         |
|    total_timesteps      | 2834432     |
| train/                  |             |
|    approx_kl            | 0.014985456 |
|    clip_fraction        | 0.185       |
|    clip_range           | 0.2         |
|    entropy_loss         | -9.34       |
|    explained_variance   | 0.987       |
|    learning_rate        | 0.0003      |
|    loss                 | 0.0466      |
|    n_updates            | 3450        |
|    policy_gradient_loss | -0.00829    |
|    std                  | 1.19        |
|    value_loss           | 0.427       |
-----------------------------------------
-----------------------------------------
| rollout/                |             |
|    ep_len_mean          | 250         |
|    ep_rew_mean          | 239         |
|    success_rate         | 0           |
| time/                   |             |
|    fps                  | 3819        |
|    iterations           | 347         |
|    time_elapsed         | 744         |
|    total_timesteps      | 2842624     |
| train/                  |             |
|    approx_kl            | 0.010637572 |
|    clip_fraction        | 0.122       |
|    clip_range           | 0.2         |
|    entropy_loss         | -9.38       |
|    explained_variance   | 0.962       |
|    learning_rate        | 0.0003      |
|    loss                 | 0.21        |
|    n_updates            | 3460        |
|    policy_gradient_loss | -0.00389    |
|    std                  | 1.19        |
|    value_loss           | 3.71        |
-----------------------------------------
Eval num_timesteps=2850000, episode_reward=232.83 +/- 12.11
Episode length: 250.00 +/- 0.00
Success rate: 0.00%
-----------------------------------------
| eval/                   |             |
|    mean_ep_length       | 250         |
|    mean_reward          | 233         |
|    success_rate         | 0           |
| time/                   |             |
|    total_timesteps      | 2850000     |
| train/                  |             |
|    approx_kl            | 0.016962215 |
|    clip_fraction        | 0.25        |
|    clip_range           | 0.2         |
|    entropy_loss         | -9.36       |
|    explained_variance   | 0.989       |
|    learning_rate        | 0.0003      |
|    loss                 | -0.0289     |
|    n_updates            | 3470        |
|    policy_gradient_loss | -0.00328    |
|    std                  | 1.18        |
|    value_loss           | 0.0608      |
-----------------------------------------
---------------------------------
| rollout/           |          |
|    ep_len_mean     | 250      |
|    ep_rew_mean     | 239      |
|    success_rate    | 0        |
| time/              |          |
|    fps             | 3818     |
|    iterations      | 348      |
|    time_elapsed    | 746      |
|    total_timesteps | 2850816  |
---------------------------------
-----------------------------------------
| rollout/                |             |
|    ep_len_mean          | 250         |
|    ep_rew_mean          | 239         |
|    success_rate         | 0           |
| time/                   |             |
|    fps                  | 3819        |
|    iterations           | 349         |
|    time_elapsed         | 748         |
|    total_timesteps      | 2859008     |
| train/                  |             |
|    approx_kl            | 0.015531719 |
|    clip_fraction        | 0.247       |
|    clip_range           | 0.2         |
|    entropy_loss         | -9.36       |
|    explained_variance   | 0.989       |
|    learning_rate        | 0.0003      |
|    loss                 | -0.0201     |
|    n_updates            | 3480        |
|    policy_gradient_loss | -0.00298    |
|    std                  | 1.19        |
|    value_loss           | 0.119       |
-----------------------------------------
----------------------------------------
| rollout/                |            |
|    ep_len_mean          | 250        |
|    ep_rew_mean          | 242        |
|    success_rate         | 0          |
| time/                   |            |
|    fps                  | 3820       |
|    iterations           | 350        |
|    time_elapsed         | 750        |
|    total_timesteps      | 2867200    |
| train/                  |            |
|    approx_kl            | 0.01602516 |
|    clip_fraction        | 0.211      |
|    clip_range           | 0.2        |
|    entropy_loss         | -9.35      |
|    explained_variance   | 0.984      |
|    learning_rate        | 0.0003     |
|    loss                 | -0.0286    |
|    n_updates            | 3490       |
|    policy_gradient_loss | -0.00442   |
|    std                  | 1.18       |
|    value_loss           | 0.197      |
----------------------------------------
Eval num_timesteps=2875000, episode_reward=226.72 +/- 32.98
Episode length: 250.00 +/- 0.00
Success rate: 0.00%
----------------------------------------
| eval/                   |            |
|    mean_ep_length       | 250        |
|    mean_reward          | 227        |
|    success_rate         | 0          |
| time/                   |            |
|    total_timesteps      | 2875000    |
| train/                  |            |
|    approx_kl            | 0.01642675 |
|    clip_fraction        | 0.219      |
|    clip_range           | 0.2        |
|    entropy_loss         | -9.34      |
|    explained_variance   | 0.971      |
|    learning_rate        | 0.0003     |
|    loss                 | 0.0495     |
|    n_updates            | 3500       |
|    policy_gradient_loss | -0.00582   |
|    std                  | 1.19       |
|    value_loss           | 0.248      |
----------------------------------------
---------------------------------
| rollout/           |          |
|    ep_len_mean     | 250      |
|    ep_rew_mean     | 241      |
|    success_rate    | 0        |
| time/              |          |
|    fps             | 3818     |
|    iterations      | 351      |
|    time_elapsed    | 753      |
|    total_timesteps | 2875392  |
---------------------------------
----------------------------------------
| rollout/                |            |
|    ep_len_mean          | 250        |
|    ep_rew_mean          | 242        |
|    success_rate         | 0          |
| time/                   |            |
|    fps                  | 3819       |
|    iterations           | 352        |
|    time_elapsed         | 754        |
|    total_timesteps      | 2883584    |
| train/                  |            |
|    approx_kl            | 0.01462378 |
|    clip_fraction        | 0.167      |
|    clip_range           | 0.2        |
|    entropy_loss         | -9.35      |
|    explained_variance   | 0.987      |
|    learning_rate        | 0.0003     |
|    loss                 | 0.309      |
|    n_updates            | 3510       |
|    policy_gradient_loss | -0.00621   |
|    std                  | 1.19       |
|    value_loss           | 0.33       |
----------------------------------------
-----------------------------------------
| rollout/                |             |
|    ep_len_mean          | 250         |
|    ep_rew_mean          | 241         |
|    success_rate         | 0           |
| time/                   |             |
|    fps                  | 3820        |
|    iterations           | 353         |
|    time_elapsed         | 756         |
|    total_timesteps      | 2891776     |
| train/                  |             |
|    approx_kl            | 0.014813457 |
|    clip_fraction        | 0.203       |
|    clip_range           | 0.2         |
|    entropy_loss         | -9.37       |
|    explained_variance   | 0.949       |
|    learning_rate        | 0.0003      |
|    loss                 | -0.0366     |
|    n_updates            | 3520        |
|    policy_gradient_loss | -0.00536    |
|    std                  | 1.2         |
|    value_loss           | 0.0964      |
-----------------------------------------
-----------------------------------------
| rollout/                |             |
|    ep_len_mean          | 250         |
|    ep_rew_mean          | 241         |
|    success_rate         | 0           |
| time/                   |             |
|    fps                  | 3821        |
|    iterations           | 354         |
|    time_elapsed         | 758         |
|    total_timesteps      | 2899968     |
| train/                  |             |
|    approx_kl            | 0.011744081 |
|    clip_fraction        | 0.163       |
|    clip_range           | 0.2         |
|    entropy_loss         | -9.38       |
|    explained_variance   | 0.986       |
|    learning_rate        | 0.0003      |
|    loss                 | -0.00603    |
|    n_updates            | 3530        |
|    policy_gradient_loss | -0.0056     |
|    std                  | 1.19        |
|    value_loss           | 0.349       |
-----------------------------------------
Eval num_timesteps=2900000, episode_reward=242.42 +/- 0.48
Episode length: 250.00 +/- 0.00
Success rate: 0.00%
-----------------------------------------
| eval/                   |             |
|    mean_ep_length       | 250         |
|    mean_reward          | 242         |
|    success_rate         | 0           |
| time/                   |             |
|    total_timesteps      | 2900000     |
| train/                  |             |
|    approx_kl            | 0.012049662 |
|    clip_fraction        | 0.18        |
|    clip_range           | 0.2         |
|    entropy_loss         | -9.37       |
|    explained_variance   | 0.984       |
|    learning_rate        | 0.0003      |
|    loss                 | 0.136       |
|    n_updates            | 3540        |
|    policy_gradient_loss | -0.00695    |
|    std                  | 1.2         |
|    value_loss           | 0.306       |
-----------------------------------------
---------------------------------
| rollout/           |          |
|    ep_len_mean     | 250      |
|    ep_rew_mean     | 241      |
|    success_rate    | 0        |
| time/              |          |
|    fps             | 3819     |
|    iterations      | 355      |
|    time_elapsed    | 761      |
|    total_timesteps | 2908160  |
---------------------------------
-----------------------------------------
| rollout/                |             |
|    ep_len_mean          | 250         |
|    ep_rew_mean          | 242         |
|    success_rate         | 0           |
| time/                   |             |
|    fps                  | 3821        |
|    iterations           | 356         |
|    time_elapsed         | 763         |
|    total_timesteps      | 2916352     |
| train/                  |             |
|    approx_kl            | 0.023852061 |
|    clip_fraction        | 0.239       |
|    clip_range           | 0.2         |
|    entropy_loss         | -9.36       |
|    explained_variance   | 0.982       |
|    learning_rate        | 0.0003      |
|    loss                 | -0.0422     |
|    n_updates            | 3550        |
|    policy_gradient_loss | -0.00441    |
|    std                  | 1.19        |
|    value_loss           | 0.0326      |
-----------------------------------------
-----------------------------------------
| rollout/                |             |
|    ep_len_mean          | 250         |
|    ep_rew_mean          | 242         |
|    success_rate         | 0           |
| time/                   |             |
|    fps                  | 3822        |
|    iterations           | 357         |
|    time_elapsed         | 765         |
|    total_timesteps      | 2924544     |
| train/                  |             |
|    approx_kl            | 0.024957405 |
|    clip_fraction        | 0.248       |
|    clip_range           | 0.2         |
|    entropy_loss         | -9.36       |
|    explained_variance   | 0.844       |
|    learning_rate        | 0.0003      |
|    loss                 | 0.0492      |
|    n_updates            | 3560        |
|    policy_gradient_loss | -0.0047     |
|    std                  | 1.19        |
|    value_loss           | 0.543       |
-----------------------------------------
Eval num_timesteps=2925000, episode_reward=240.11 +/- 4.80
Episode length: 250.00 +/- 0.00
Success rate: 0.00%
-----------------------------------------
| eval/                   |             |
|    mean_ep_length       | 250         |
|    mean_reward          | 240         |
|    success_rate         | 0           |
| time/                   |             |
|    total_timesteps      | 2925000     |
| train/                  |             |
|    approx_kl            | 0.014902305 |
|    clip_fraction        | 0.194       |
|    clip_range           | 0.2         |
|    entropy_loss         | -9.38       |
|    explained_variance   | 0.98        |
|    learning_rate        | 0.0003      |
|    loss                 | 0.0438      |
|    n_updates            | 3570        |
|    policy_gradient_loss | -0.0069     |
|    std                  | 1.2         |
|    value_loss           | 0.268       |
-----------------------------------------
---------------------------------
| rollout/           |          |
|    ep_len_mean     | 250      |
|    ep_rew_mean     | 242      |
|    success_rate    | 0        |
| time/              |          |
|    fps             | 3820     |
|    iterations      | 358      |
|    time_elapsed    | 767      |
|    total_timesteps | 2932736  |
---------------------------------
----------------------------------------
| rollout/                |            |
|    ep_len_mean          | 250        |
|    ep_rew_mean          | 242        |
|    success_rate         | 0          |
| time/                   |            |
|    fps                  | 3821       |
|    iterations           | 359        |
|    time_elapsed         | 769        |
|    total_timesteps      | 2940928    |
| train/                  |            |
|    approx_kl            | 0.01666965 |
|    clip_fraction        | 0.211      |
|    clip_range           | 0.2        |
|    entropy_loss         | -9.36      |
|    explained_variance   | 0.97       |
|    learning_rate        | 0.0003     |
|    loss                 | 0.223      |
|    n_updates            | 3580       |
|    policy_gradient_loss | -0.00299   |
|    std                  | 1.19       |
|    value_loss           | 0.213      |
----------------------------------------
-----------------------------------------
| rollout/                |             |
|    ep_len_mean          | 250         |
|    ep_rew_mean          | 242         |
|    success_rate         | 0           |
| time/                   |             |
|    fps                  | 3822        |
|    iterations           | 360         |
|    time_elapsed         | 771         |
|    total_timesteps      | 2949120     |
| train/                  |             |
|    approx_kl            | 0.018083174 |
|    clip_fraction        | 0.238       |
|    clip_range           | 0.2         |
|    entropy_loss         | -9.36       |
|    explained_variance   | 0.985       |
|    learning_rate        | 0.0003      |
|    loss                 | -0.0135     |
|    n_updates            | 3590        |
|    policy_gradient_loss | -0.00161    |
|    std                  | 1.19        |
|    value_loss           | 0.0897      |
-----------------------------------------
Eval num_timesteps=2950000, episode_reward=243.15 +/- 1.86
Episode length: 250.00 +/- 0.00
Success rate: 0.00%
-----------------------------------------
| eval/                   |             |
|    mean_ep_length       | 250         |
|    mean_reward          | 243         |
|    success_rate         | 0           |
| time/                   |             |
|    total_timesteps      | 2950000     |
| train/                  |             |
|    approx_kl            | 0.013339056 |
|    clip_fraction        | 0.218       |
|    clip_range           | 0.2         |
|    entropy_loss         | -9.38       |
|    explained_variance   | 0.993       |
|    learning_rate        | 0.0003      |
|    loss                 | -0.0397     |
|    n_updates            | 3600        |
|    policy_gradient_loss | -0.00611    |
|    std                  | 1.2         |
|    value_loss           | 0.02        |
-----------------------------------------
---------------------------------
| rollout/           |          |
|    ep_len_mean     | 250      |
|    ep_rew_mean     | 242      |
|    success_rate    | 0        |
| time/              |          |
|    fps             | 3821     |
|    iterations      | 361      |
|    time_elapsed    | 773      |
|    total_timesteps | 2957312  |
---------------------------------
-----------------------------------------
| rollout/                |             |
|    ep_len_mean          | 250         |
|    ep_rew_mean          | 242         |
|    success_rate         | 0           |
| time/                   |             |
|    fps                  | 3822        |
|    iterations           | 362         |
|    time_elapsed         | 775         |
|    total_timesteps      | 2965504     |
| train/                  |             |
|    approx_kl            | 0.014327475 |
|    clip_fraction        | 0.208       |
|    clip_range           | 0.2         |
|    entropy_loss         | -9.36       |
|    explained_variance   | 0.991       |
|    learning_rate        | 0.0003      |
|    loss                 | -0.0582     |
|    n_updates            | 3610        |
|    policy_gradient_loss | -0.00342    |
|    std                  | 1.19        |
|    value_loss           | 0.0267      |
-----------------------------------------
-----------------------------------------
| rollout/                |             |
|    ep_len_mean          | 250         |
|    ep_rew_mean          | 242         |
|    success_rate         | 0           |
| time/                   |             |
|    fps                  | 3823        |
|    iterations           | 363         |
|    time_elapsed         | 777         |
|    total_timesteps      | 2973696     |
| train/                  |             |
|    approx_kl            | 0.010706521 |
|    clip_fraction        | 0.172       |
|    clip_range           | 0.2         |
|    entropy_loss         | -9.36       |
|    explained_variance   | 0.991       |
|    learning_rate        | 0.0003      |
|    loss                 | -0.0385     |
|    n_updates            | 3620        |
|    policy_gradient_loss | -0.00785    |
|    std                  | 1.2         |
|    value_loss           | 0.0282      |
-----------------------------------------
Eval num_timesteps=2975000, episode_reward=243.06 +/- 1.43
Episode length: 250.00 +/- 0.00
Success rate: 0.00%
-----------------------------------------
| eval/                   |             |
|    mean_ep_length       | 250         |
|    mean_reward          | 243         |
|    success_rate         | 0           |
| time/                   |             |
|    total_timesteps      | 2975000     |
| train/                  |             |
|    approx_kl            | 0.015088186 |
|    clip_fraction        | 0.154       |
|    clip_range           | 0.2         |
|    entropy_loss         | -9.37       |
|    explained_variance   | 0.989       |
|    learning_rate        | 0.0003      |
|    loss                 | -0.0509     |
|    n_updates            | 3630        |
|    policy_gradient_loss | -0.00759    |
|    std                  | 1.2         |
|    value_loss           | 0.027       |
-----------------------------------------
---------------------------------
| rollout/           |          |
|    ep_len_mean     | 250      |
|    ep_rew_mean     | 242      |
|    success_rate    | 0        |
| time/              |          |
|    fps             | 3821     |
|    iterations      | 364      |
|    time_elapsed    | 780      |
|    total_timesteps | 2981888  |
---------------------------------
-----------------------------------------
| rollout/                |             |
|    ep_len_mean          | 250         |
|    ep_rew_mean          | 242         |
|    success_rate         | 0           |
| time/                   |             |
|    fps                  | 3823        |
|    iterations           | 365         |
|    time_elapsed         | 782         |
|    total_timesteps      | 2990080     |
| train/                  |             |
|    approx_kl            | 0.014352694 |
|    clip_fraction        | 0.207       |
|    clip_range           | 0.2         |
|    entropy_loss         | -9.35       |
|    explained_variance   | 0.989       |
|    learning_rate        | 0.0003      |
|    loss                 | -0.0635     |
|    n_updates            | 3640        |
|    policy_gradient_loss | -0.00847    |
|    std                  | 1.19        |
|    value_loss           | 0.0264      |
-----------------------------------------
-----------------------------------------
| rollout/                |             |
|    ep_len_mean          | 250         |
|    ep_rew_mean          | 242         |
|    success_rate         | 0           |
| time/                   |             |
|    fps                  | 3824        |
|    iterations           | 366         |
|    time_elapsed         | 784         |
|    total_timesteps      | 2998272     |
| train/                  |             |
|    approx_kl            | 0.011447261 |
|    clip_fraction        | 0.15        |
|    clip_range           | 0.2         |
|    entropy_loss         | -9.33       |
|    explained_variance   | 0.992       |
|    learning_rate        | 0.0003      |
|    loss                 | -0.0682     |
|    n_updates            | 3650        |
|    policy_gradient_loss | -0.00701    |
|    std                  | 1.19        |
|    value_loss           | 0.0264      |
-----------------------------------------
Eval num_timesteps=3000000, episode_reward=243.14 +/- 0.97
Episode length: 250.00 +/- 0.00
Success rate: 0.00%
-----------------------------------------
| eval/                   |             |
|    mean_ep_length       | 250         |
|    mean_reward          | 243         |
|    success_rate         | 0           |
| time/                   |             |
|    total_timesteps      | 3000000     |
| train/                  |             |
|    approx_kl            | 0.012611993 |
|    clip_fraction        | 0.143       |
|    clip_range           | 0.2         |
|    entropy_loss         | -9.33       |
|    explained_variance   | 0.976       |
|    learning_rate        | 0.0003      |
|    loss                 | 0.0554      |
|    n_updates            | 3660        |
|    policy_gradient_loss | -0.00695    |
|    std                  | 1.2         |
|    value_loss           | 0.553       |
-----------------------------------------
---------------------------------
| rollout/           |          |
|    ep_len_mean     | 250      |
|    ep_rew_mean     | 241      |
|    success_rate    | 0        |
| time/              |          |
|    fps             | 3822     |
|    iterations      | 367      |
|    time_elapsed    | 786      |
|    total_timesteps | 3006464  |
---------------------------------
----------------------------------------
| rollout/                |            |
|    ep_len_mean          | 250        |
|    ep_rew_mean          | 239        |
|    success_rate         | 0          |
| time/                   |            |
|    fps                  | 3823       |
|    iterations           | 368        |
|    time_elapsed         | 788        |
|    total_timesteps      | 3014656    |
| train/                  |            |
|    approx_kl            | 0.01253359 |
|    clip_fraction        | 0.156      |
|    clip_range           | 0.2        |
|    entropy_loss         | -9.35      |
|    explained_variance   | 0.917      |
|    learning_rate        | 0.0003     |
|    loss                 | 0.531      |
|    n_updates            | 3670       |
|    policy_gradient_loss | -0.00422   |
|    std                  | 1.19       |
|    value_loss           | 0.991      |
----------------------------------------
------------------------------------------
| rollout/                |              |
|    ep_len_mean          | 250          |
|    ep_rew_mean          | 240          |
|    success_rate         | 0            |
| time/                   |              |
|    fps                  | 3824         |
|    iterations           | 369          |
|    time_elapsed         | 790          |
|    total_timesteps      | 3022848      |
| train/                  |              |
|    approx_kl            | 0.0135005945 |
|    clip_fraction        | 0.148        |
|    clip_range           | 0.2          |
|    entropy_loss         | -9.33        |
|    explained_variance   | 0.958        |
|    learning_rate        | 0.0003       |
|    loss                 | -0.0277      |
|    n_updates            | 3680         |
|    policy_gradient_loss | -0.00541     |
|    std                  | 1.19         |
|    value_loss           | 1.31         |
------------------------------------------
Eval num_timesteps=3025000, episode_reward=242.35 +/- 1.11
Episode length: 250.00 +/- 0.00
Success rate: 0.00%
-----------------------------------------
| eval/                   |             |
|    mean_ep_length       | 250         |
|    mean_reward          | 242         |
|    success_rate         | 0           |
| time/                   |             |
|    total_timesteps      | 3025000     |
| train/                  |             |
|    approx_kl            | 0.018252987 |
|    clip_fraction        | 0.281       |
|    clip_range           | 0.2         |
|    entropy_loss         | -9.3        |
|    explained_variance   | 0.91        |
|    learning_rate        | 0.0003      |
|    loss                 | 0.0607      |
|    n_updates            | 3690        |
|    policy_gradient_loss | -0.00238    |
|    std                  | 1.18        |
|    value_loss           | 0.201       |
-----------------------------------------
---------------------------------
| rollout/           |          |
|    ep_len_mean     | 250      |
|    ep_rew_mean     | 239      |
|    success_rate    | 0        |
| time/              |          |
|    fps             | 3822     |
|    iterations      | 370      |
|    time_elapsed    | 792      |
|    total_timesteps | 3031040  |
---------------------------------
-----------------------------------------
| rollout/                |             |
|    ep_len_mean          | 250         |
|    ep_rew_mean          | 242         |
|    success_rate         | 0           |
| time/                   |             |
|    fps                  | 3824        |
|    iterations           | 371         |
|    time_elapsed         | 794         |
|    total_timesteps      | 3039232     |
| train/                  |             |
|    approx_kl            | 0.020432755 |
|    clip_fraction        | 0.221       |
|    clip_range           | 0.2         |
|    entropy_loss         | -9.27       |
|    explained_variance   | 0.953       |
|    learning_rate        | 0.0003      |
|    loss                 | 0.603       |
|    n_updates            | 3700        |
|    policy_gradient_loss | -0.00572    |
|    std                  | 1.18        |
|    value_loss           | 1.06        |
-----------------------------------------
----------------------------------------
| rollout/                |            |
|    ep_len_mean          | 250        |
|    ep_rew_mean          | 242        |
|    success_rate         | 0          |
| time/                   |            |
|    fps                  | 3825       |
|    iterations           | 372        |
|    time_elapsed         | 796        |
|    total_timesteps      | 3047424    |
| train/                  |            |
|    approx_kl            | 0.01505334 |
|    clip_fraction        | 0.174      |
|    clip_range           | 0.2        |
|    entropy_loss         | -9.26      |
|    explained_variance   | 0.95       |
|    learning_rate        | 0.0003     |
|    loss                 | 0.00949    |
|    n_updates            | 3710       |
|    policy_gradient_loss | -0.00455   |
|    std                  | 1.18       |
|    value_loss           | 0.379      |
----------------------------------------
Eval num_timesteps=3050000, episode_reward=197.95 +/- 90.02
Episode length: 250.00 +/- 0.00
Success rate: 0.00%
-----------------------------------------
| eval/                   |             |
|    mean_ep_length       | 250         |
|    mean_reward          | 198         |
|    success_rate         | 0           |
| time/                   |             |
|    total_timesteps      | 3050000     |
| train/                  |             |
|    approx_kl            | 0.016274666 |
|    clip_fraction        | 0.238       |
|    clip_range           | 0.2         |
|    entropy_loss         | -9.24       |
|    explained_variance   | 0.969       |
|    learning_rate        | 0.0003      |
|    loss                 | -0.0254     |
|    n_updates            | 3720        |
|    policy_gradient_loss | -0.00399    |
|    std                  | 1.17        |
|    value_loss           | 0.0642      |
-----------------------------------------
---------------------------------
| rollout/           |          |
|    ep_len_mean     | 250      |
|    ep_rew_mean     | 242      |
|    success_rate    | 0        |
| time/              |          |
|    fps             | 3823     |
|    iterations      | 373      |
|    time_elapsed    | 799      |
|    total_timesteps | 3055616  |
---------------------------------
-----------------------------------------
| rollout/                |             |
|    ep_len_mean          | 250         |
|    ep_rew_mean          | 242         |
|    success_rate         | 0           |
| time/                   |             |
|    fps                  | 3824        |
|    iterations           | 374         |
|    time_elapsed         | 801         |
|    total_timesteps      | 3063808     |
| train/                  |             |
|    approx_kl            | 0.014839383 |
|    clip_fraction        | 0.21        |
|    clip_range           | 0.2         |
|    entropy_loss         | -9.22       |
|    explained_variance   | 0.989       |
|    learning_rate        | 0.0003      |
|    loss                 | -0.0176     |
|    n_updates            | 3730        |
|    policy_gradient_loss | -0.00434    |
|    std                  | 1.17        |
|    value_loss           | 0.198       |
-----------------------------------------
------------------------------------------
| rollout/                |              |
|    ep_len_mean          | 250          |
|    ep_rew_mean          | 242          |
|    success_rate         | 0            |
| time/                   |              |
|    fps                  | 3825         |
|    iterations           | 375          |
|    time_elapsed         | 802          |
|    total_timesteps      | 3072000      |
| train/                  |              |
|    approx_kl            | 0.0148968045 |
|    clip_fraction        | 0.187        |
|    clip_range           | 0.2          |
|    entropy_loss         | -9.21        |
|    explained_variance   | 0.977        |
|    learning_rate        | 0.0003       |
|    loss                 | -0.0414      |
|    n_updates            | 3740         |
|    policy_gradient_loss | -0.00573     |
|    std                  | 1.17         |
|    value_loss           | 0.308        |
------------------------------------------
Eval num_timesteps=3075000, episode_reward=244.25 +/- 12.30
Episode length: 250.00 +/- 0.00
Success rate: 0.00%
----------------------------------------
| eval/                   |            |
|    mean_ep_length       | 250        |
|    mean_reward          | 244        |
|    success_rate         | 0          |
| time/                   |            |
|    total_timesteps      | 3075000    |
| train/                  |            |
|    approx_kl            | 0.01721736 |
|    clip_fraction        | 0.216      |
|    clip_range           | 0.2        |
|    entropy_loss         | -9.19      |
|    explained_variance   | 0.98       |
|    learning_rate        | 0.0003     |
|    loss                 | 0.072      |
|    n_updates            | 3750       |
|    policy_gradient_loss | -0.00566   |
|    std                  | 1.16       |
|    value_loss           | 0.193      |
----------------------------------------
---------------------------------
| rollout/           |          |
|    ep_len_mean     | 250      |
|    ep_rew_mean     | 240      |
|    success_rate    | 0        |
| time/              |          |
|    fps             | 3824     |
|    iterations      | 376      |
|    time_elapsed    | 805      |
|    total_timesteps | 3080192  |
---------------------------------
------------------------------------------
| rollout/                |              |
|    ep_len_mean          | 250          |
|    ep_rew_mean          | 240          |
|    success_rate         | 0            |
| time/                   |              |
|    fps                  | 3825         |
|    iterations           | 377          |
|    time_elapsed         | 807          |
|    total_timesteps      | 3088384      |
| train/                  |              |
|    approx_kl            | 0.0109869335 |
|    clip_fraction        | 0.128        |
|    clip_range           | 0.2          |
|    entropy_loss         | -9.2         |
|    explained_variance   | 0.917        |
|    learning_rate        | 0.0003       |
|    loss                 | 2.57         |
|    n_updates            | 3760         |
|    policy_gradient_loss | -0.00869     |
|    std                  | 1.17         |
|    value_loss           | 2.32         |
------------------------------------------
----------------------------------------
| rollout/                |            |
|    ep_len_mean          | 250        |
|    ep_rew_mean          | 241        |
|    success_rate         | 0          |
| time/                   |            |
|    fps                  | 3826       |
|    iterations           | 378        |
|    time_elapsed         | 809        |
|    total_timesteps      | 3096576    |
| train/                  |            |
|    approx_kl            | 0.01906745 |
|    clip_fraction        | 0.209      |
|    clip_range           | 0.2        |
|    entropy_loss         | -9.2       |
|    explained_variance   | 0.972      |
|    learning_rate        | 0.0003     |
|    loss                 | -0.044     |
|    n_updates            | 3770       |
|    policy_gradient_loss | -0.00701   |
|    std                  | 1.17       |
|    value_loss           | 0.0456     |
----------------------------------------
Eval num_timesteps=3100000, episode_reward=243.07 +/- 1.29
Episode length: 250.00 +/- 0.00
Success rate: 0.00%
-----------------------------------------
| eval/                   |             |
|    mean_ep_length       | 250         |
|    mean_reward          | 243         |
|    success_rate         | 0           |
| time/                   |             |
|    total_timesteps      | 3100000     |
| train/                  |             |
|    approx_kl            | 0.015336491 |
|    clip_fraction        | 0.202       |
|    clip_range           | 0.2         |
|    entropy_loss         | -9.2        |
|    explained_variance   | 0.969       |
|    learning_rate        | 0.0003      |
|    loss                 | -0.0339     |
|    n_updates            | 3780        |
|    policy_gradient_loss | -0.00514    |
|    std                  | 1.17        |
|    value_loss           | 0.0809      |
-----------------------------------------
---------------------------------
| rollout/           |          |
|    ep_len_mean     | 250      |
|    ep_rew_mean     | 242      |
|    success_rate    | 0        |
| time/              |          |
|    fps             | 3824     |
|    iterations      | 379      |
|    time_elapsed    | 811      |
|    total_timesteps | 3104768  |
---------------------------------
-----------------------------------------
| rollout/                |             |
|    ep_len_mean          | 250         |
|    ep_rew_mean          | 242         |
|    success_rate         | 0           |
| time/                   |             |
|    fps                  | 3825        |
|    iterations           | 380         |
|    time_elapsed         | 813         |
|    total_timesteps      | 3112960     |
| train/                  |             |
|    approx_kl            | 0.013833886 |
|    clip_fraction        | 0.168       |
|    clip_range           | 0.2         |
|    entropy_loss         | -9.21       |
|    explained_variance   | 0.986       |
|    learning_rate        | 0.0003      |
|    loss                 | -0.0156     |
|    n_updates            | 3790        |
|    policy_gradient_loss | -0.00547    |
|    std                  | 1.17        |
|    value_loss           | 0.141       |
-----------------------------------------
----------------------------------------
| rollout/                |            |
|    ep_len_mean          | 250        |
|    ep_rew_mean          | 242        |
|    success_rate         | 0          |
| time/                   |            |
|    fps                  | 3826       |
|    iterations           | 381        |
|    time_elapsed         | 815        |
|    total_timesteps      | 3121152    |
| train/                  |            |
|    approx_kl            | 0.01919134 |
|    clip_fraction        | 0.243      |
|    clip_range           | 0.2        |
|    entropy_loss         | -9.2       |
|    explained_variance   | 0.865      |
|    learning_rate        | 0.0003     |
|    loss                 | 0.129      |
|    n_updates            | 3800       |
|    policy_gradient_loss | -0.00487   |
|    std                  | 1.17       |
|    value_loss           | 0.434      |
----------------------------------------
Eval num_timesteps=3125000, episode_reward=244.06 +/- 1.00
Episode length: 250.00 +/- 0.00
Success rate: 0.00%
-----------------------------------------
| eval/                   |             |
|    mean_ep_length       | 250         |
|    mean_reward          | 244         |
|    success_rate         | 0           |
| time/                   |             |
|    total_timesteps      | 3125000     |
| train/                  |             |
|    approx_kl            | 0.013958359 |
|    clip_fraction        | 0.228       |
|    clip_range           | 0.2         |
|    entropy_loss         | -9.2        |
|    explained_variance   | 0.972       |
|    learning_rate        | 0.0003      |
|    loss                 | -0.046      |
|    n_updates            | 3810        |
|    policy_gradient_loss | -0.00653    |
|    std                  | 1.17        |
|    value_loss           | 0.0475      |
-----------------------------------------
---------------------------------
| rollout/           |          |
|    ep_len_mean     | 250      |
|    ep_rew_mean     | 240      |
|    success_rate    | 0        |
| time/              |          |
|    fps             | 3825     |
|    iterations      | 382      |
|    time_elapsed    | 818      |
|    total_timesteps | 3129344  |
---------------------------------
-----------------------------------------
| rollout/                |             |
|    ep_len_mean          | 250         |
|    ep_rew_mean          | 237         |
|    success_rate         | 0           |
| time/                   |             |
|    fps                  | 3826        |
|    iterations           | 383         |
|    time_elapsed         | 819         |
|    total_timesteps      | 3137536     |
| train/                  |             |
|    approx_kl            | 0.011220802 |
|    clip_fraction        | 0.164       |
|    clip_range           | 0.2         |
|    entropy_loss         | -9.2        |
|    explained_variance   | 0.939       |
|    learning_rate        | 0.0003      |
|    loss                 | 1.38        |
|    n_updates            | 3820        |
|    policy_gradient_loss | -0.00764    |
|    std                  | 1.17        |
|    value_loss           | 1.71        |
-----------------------------------------
----------------------------------------
| rollout/                |            |
|    ep_len_mean          | 250        |
|    ep_rew_mean          | 238        |
|    success_rate         | 0          |
| time/                   |            |
|    fps                  | 3827       |
|    iterations           | 384        |
|    time_elapsed         | 821        |
|    total_timesteps      | 3145728    |
| train/                  |            |
|    approx_kl            | 0.00828164 |
|    clip_fraction        | 0.0912     |
|    clip_range           | 0.2        |
|    entropy_loss         | -9.2       |
|    explained_variance   | 0.936      |
|    learning_rate        | 0.0003     |
|    loss                 | 0.465      |
|    n_updates            | 3830       |
|    policy_gradient_loss | -0.00615   |
|    std                  | 1.17       |
|    value_loss           | 5.22       |
----------------------------------------
Eval num_timesteps=3150000, episode_reward=244.36 +/- 0.51
Episode length: 250.00 +/- 0.00
Success rate: 0.00%
-----------------------------------------
| eval/                   |             |
|    mean_ep_length       | 250         |
|    mean_reward          | 244         |
|    success_rate         | 0           |
| time/                   |             |
|    total_timesteps      | 3150000     |
| train/                  |             |
|    approx_kl            | 0.017288473 |
|    clip_fraction        | 0.22        |
|    clip_range           | 0.2         |
|    entropy_loss         | -9.2        |
|    explained_variance   | 0.952       |
|    learning_rate        | 0.0003      |
|    loss                 | -0.0483     |
|    n_updates            | 3840        |
|    policy_gradient_loss | -0.00289    |
|    std                  | 1.17        |
|    value_loss           | 0.0412      |
-----------------------------------------
---------------------------------
| rollout/           |          |
|    ep_len_mean     | 250      |
|    ep_rew_mean     | 240      |
|    success_rate    | 0        |
| time/              |          |
|    fps             | 3825     |
|    iterations      | 385      |
|    time_elapsed    | 824      |
|    total_timesteps | 3153920  |
---------------------------------
----------------------------------------
| rollout/                |            |
|    ep_len_mean          | 250        |
|    ep_rew_mean          | 243        |
|    success_rate         | 0          |
| time/                   |            |
|    fps                  | 3827       |
|    iterations           | 386        |
|    time_elapsed         | 826        |
|    total_timesteps      | 3162112    |
| train/                  |            |
|    approx_kl            | 0.01628473 |
|    clip_fraction        | 0.184      |
|    clip_range           | 0.2        |
|    entropy_loss         | -9.18      |
|    explained_variance   | 0.991      |
|    learning_rate        | 0.0003     |
|    loss                 | -0.0468    |
|    n_updates            | 3850       |
|    policy_gradient_loss | -0.00388   |
|    std                  | 1.16       |
|    value_loss           | 0.0161     |
----------------------------------------
-----------------------------------------
| rollout/                |             |
|    ep_len_mean          | 250         |
|    ep_rew_mean          | 243         |
|    success_rate         | 0           |
| time/                   |             |
|    fps                  | 3828        |
|    iterations           | 387         |
|    time_elapsed         | 828         |
|    total_timesteps      | 3170304     |
| train/                  |             |
|    approx_kl            | 0.011418828 |
|    clip_fraction        | 0.216       |
|    clip_range           | 0.2         |
|    entropy_loss         | -9.16       |
|    explained_variance   | 0.991       |
|    learning_rate        | 0.0003      |
|    loss                 | -0.0502     |
|    n_updates            | 3860        |
|    policy_gradient_loss | -0.00841    |
|    std                  | 1.16        |
|    value_loss           | 0.0301      |
-----------------------------------------
Eval num_timesteps=3175000, episode_reward=243.50 +/- 1.13
Episode length: 250.00 +/- 0.00
Success rate: 0.00%
-----------------------------------------
| eval/                   |             |
|    mean_ep_length       | 250         |
|    mean_reward          | 243         |
|    success_rate         | 0           |
| time/                   |             |
|    total_timesteps      | 3175000     |
| train/                  |             |
|    approx_kl            | 0.013584646 |
|    clip_fraction        | 0.142       |
|    clip_range           | 0.2         |
|    entropy_loss         | -9.15       |
|    explained_variance   | 0.778       |
|    learning_rate        | 0.0003      |
|    loss                 | -0.00979    |
|    n_updates            | 3870        |
|    policy_gradient_loss | -0.00304    |
|    std                  | 1.16        |
|    value_loss           | 1.92        |
-----------------------------------------
---------------------------------
| rollout/           |          |
|    ep_len_mean     | 250      |
|    ep_rew_mean     | 241      |
|    success_rate    | 0        |
| time/              |          |
|    fps             | 3826     |
|    iterations      | 388      |
|    time_elapsed    | 830      |
|    total_timesteps | 3178496  |
---------------------------------
------------------------------------------
| rollout/                |              |
|    ep_len_mean          | 250          |
|    ep_rew_mean          | 241          |
|    success_rate         | 0            |
| time/                   |              |
|    fps                  | 3827         |
|    iterations           | 389          |
|    time_elapsed         | 832          |
|    total_timesteps      | 3186688      |
| train/                  |              |
|    approx_kl            | 0.0113157295 |
|    clip_fraction        | 0.182        |
|    clip_range           | 0.2          |
|    entropy_loss         | -9.17        |
|    explained_variance   | 0.982        |
|    learning_rate        | 0.0003       |
|    loss                 | 0.158        |
|    n_updates            | 3880         |
|    policy_gradient_loss | -0.00818     |
|    std                  | 1.16         |
|    value_loss           | 0.337        |
------------------------------------------
-----------------------------------------
| rollout/                |             |
|    ep_len_mean          | 250         |
|    ep_rew_mean          | 238         |
|    success_rate         | 0           |
| time/                   |             |
|    fps                  | 3828        |
|    iterations           | 390         |
|    time_elapsed         | 834         |
|    total_timesteps      | 3194880     |
| train/                  |             |
|    approx_kl            | 0.011483524 |
|    clip_fraction        | 0.238       |
|    clip_range           | 0.2         |
|    entropy_loss         | -9.17       |
|    explained_variance   | 0.934       |
|    learning_rate        | 0.0003      |
|    loss                 | -0.022      |
|    n_updates            | 3890        |
|    policy_gradient_loss | -0.00706    |
|    std                  | 1.16        |
|    value_loss           | 0.0669      |
-----------------------------------------
Eval num_timesteps=3200000, episode_reward=243.82 +/- 0.91
Episode length: 250.00 +/- 0.00
Success rate: 0.00%
----------------------------------------
| eval/                   |            |
|    mean_ep_length       | 250        |
|    mean_reward          | 244        |
|    success_rate         | 0          |
| time/                   |            |
|    total_timesteps      | 3200000    |
| train/                  |            |
|    approx_kl            | 0.01791198 |
|    clip_fraction        | 0.203      |
|    clip_range           | 0.2        |
|    entropy_loss         | -9.17      |
|    explained_variance   | 0.961      |
|    learning_rate        | 0.0003     |
|    loss                 | 2.46       |
|    n_updates            | 3900       |
|    policy_gradient_loss | -0.00462   |
|    std                  | 1.16       |
|    value_loss           | 1.15       |
----------------------------------------
---------------------------------
| rollout/           |          |
|    ep_len_mean     | 250      |
|    ep_rew_mean     | 240      |
|    success_rate    | 0        |
| time/              |          |
|    fps             | 3827     |
|    iterations      | 391      |
|    time_elapsed    | 836      |
|    total_timesteps | 3203072  |
---------------------------------
-----------------------------------------
| rollout/                |             |
|    ep_len_mean          | 250         |
|    ep_rew_mean          | 238         |
|    success_rate         | 0           |
| time/                   |             |
|    fps                  | 3828        |
|    iterations           | 392         |
|    time_elapsed         | 838         |
|    total_timesteps      | 3211264     |
| train/                  |             |
|    approx_kl            | 0.013664244 |
|    clip_fraction        | 0.166       |
|    clip_range           | 0.2         |
|    entropy_loss         | -9.19       |
|    explained_variance   | 0.934       |
|    learning_rate        | 0.0003      |
|    loss                 | 1.74        |
|    n_updates            | 3910        |
|    policy_gradient_loss | -0.00737    |
|    std                  | 1.17        |
|    value_loss           | 1.88        |
-----------------------------------------
-----------------------------------------
| rollout/                |             |
|    ep_len_mean          | 250         |
|    ep_rew_mean          | 240         |
|    success_rate         | 0           |
| time/                   |             |
|    fps                  | 3829        |
|    iterations           | 393         |
|    time_elapsed         | 840         |
|    total_timesteps      | 3219456     |
| train/                  |             |
|    approx_kl            | 0.022142338 |
|    clip_fraction        | 0.246       |
|    clip_range           | 0.2         |
|    entropy_loss         | -9.19       |
|    explained_variance   | 0.988       |
|    learning_rate        | 0.0003      |
|    loss                 | -0.0197     |
|    n_updates            | 3920        |
|    policy_gradient_loss | -0.0061     |
|    std                  | 1.17        |
|    value_loss           | 0.167       |
-----------------------------------------
Eval num_timesteps=3225000, episode_reward=243.75 +/- 0.85
Episode length: 250.00 +/- 0.00
Success rate: 0.00%
----------------------------------------
| eval/                   |            |
|    mean_ep_length       | 250        |
|    mean_reward          | 244        |
|    success_rate         | 0          |
| time/                   |            |
|    total_timesteps      | 3225000    |
| train/                  |            |
|    approx_kl            | 0.01955009 |
|    clip_fraction        | 0.264      |
|    clip_range           | 0.2        |
|    entropy_loss         | -9.2       |
|    explained_variance   | 0.876      |
|    learning_rate        | 0.0003     |
|    loss                 | 0.75       |
|    n_updates            | 3930       |
|    policy_gradient_loss | -0.0031    |
|    std                  | 1.17       |
|    value_loss           | 0.813      |
----------------------------------------
---------------------------------
| rollout/           |          |
|    ep_len_mean     | 250      |
|    ep_rew_mean     | 240      |
|    success_rate    | 0        |
| time/              |          |
|    fps             | 3827     |
|    iterations      | 394      |
|    time_elapsed    | 843      |
|    total_timesteps | 3227648  |
---------------------------------
-----------------------------------------
| rollout/                |             |
|    ep_len_mean          | 250         |
|    ep_rew_mean          | 242         |
|    success_rate         | 0           |
| time/                   |             |
|    fps                  | 3828        |
|    iterations           | 395         |
|    time_elapsed         | 845         |
|    total_timesteps      | 3235840     |
| train/                  |             |
|    approx_kl            | 0.023406778 |
|    clip_fraction        | 0.284       |
|    clip_range           | 0.2         |
|    entropy_loss         | -9.2        |
|    explained_variance   | 0.979       |
|    learning_rate        | 0.0003      |
|    loss                 | -0.0433     |
|    n_updates            | 3940        |
|    policy_gradient_loss | -0.0125     |
|    std                  | 1.17        |
|    value_loss           | 0.0548      |
-----------------------------------------
-----------------------------------------
| rollout/                |             |
|    ep_len_mean          | 250         |
|    ep_rew_mean          | 243         |
|    success_rate         | 0           |
| time/                   |             |
|    fps                  | 3829        |
|    iterations           | 396         |
|    time_elapsed         | 847         |
|    total_timesteps      | 3244032     |
| train/                  |             |
|    approx_kl            | 0.020337116 |
|    clip_fraction        | 0.299       |
|    clip_range           | 0.2         |
|    entropy_loss         | -9.18       |
|    explained_variance   | 0.981       |
|    learning_rate        | 0.0003      |
|    loss                 | -0.049      |
|    n_updates            | 3950        |
|    policy_gradient_loss | -0.00623    |
|    std                  | 1.16        |
|    value_loss           | 0.0591      |
-----------------------------------------
Eval num_timesteps=3250000, episode_reward=243.60 +/- 0.65
Episode length: 250.00 +/- 0.00
Success rate: 0.00%
-----------------------------------------
| eval/                   |             |
|    mean_ep_length       | 250         |
|    mean_reward          | 244         |
|    success_rate         | 0           |
| time/                   |             |
|    total_timesteps      | 3250000     |
| train/                  |             |
|    approx_kl            | 0.014495143 |
|    clip_fraction        | 0.216       |
|    clip_range           | 0.2         |
|    entropy_loss         | -9.18       |
|    explained_variance   | 0.994       |
|    learning_rate        | 0.0003      |
|    loss                 | -0.0539     |
|    n_updates            | 3960        |
|    policy_gradient_loss | -0.00577    |
|    std                  | 1.17        |
|    value_loss           | 0.0199      |
-----------------------------------------
---------------------------------
| rollout/           |          |
|    ep_len_mean     | 250      |
|    ep_rew_mean     | 243      |
|    success_rate    | 0        |
| time/              |          |
|    fps             | 3828     |
|    iterations      | 397      |
|    time_elapsed    | 849      |
|    total_timesteps | 3252224  |
---------------------------------
-----------------------------------------
| rollout/                |             |
|    ep_len_mean          | 250         |
|    ep_rew_mean          | 240         |
|    success_rate         | 0           |
| time/                   |             |
|    fps                  | 3829        |
|    iterations           | 398         |
|    time_elapsed         | 851         |
|    total_timesteps      | 3260416     |
| train/                  |             |
|    approx_kl            | 0.011383586 |
|    clip_fraction        | 0.149       |
|    clip_range           | 0.2         |
|    entropy_loss         | -9.19       |
|    explained_variance   | 0.657       |
|    learning_rate        | 0.0003      |
|    loss                 | 2.8         |
|    n_updates            | 3970        |
|    policy_gradient_loss | -0.00314    |
|    std                  | 1.17        |
|    value_loss           | 2.3         |
-----------------------------------------
-----------------------------------------
| rollout/                |             |
|    ep_len_mean          | 250         |
|    ep_rew_mean          | 236         |
|    success_rate         | 0           |
| time/                   |             |
|    fps                  | 3830        |
|    iterations           | 399         |
|    time_elapsed         | 853         |
|    total_timesteps      | 3268608     |
| train/                  |             |
|    approx_kl            | 0.006177402 |
|    clip_fraction        | 0.0894      |
|    clip_range           | 0.2         |
|    entropy_loss         | -9.19       |
|    explained_variance   | 0.944       |
|    learning_rate        | 0.0003      |
|    loss                 | 0.0782      |
|    n_updates            | 3980        |
|    policy_gradient_loss | -0.00809    |
|    std                  | 1.17        |
|    value_loss           | 5.26        |
-----------------------------------------
Eval num_timesteps=3275000, episode_reward=244.06 +/- 0.75
Episode length: 250.00 +/- 0.00
Success rate: 0.00%
------------------------------------------
| eval/                   |              |
|    mean_ep_length       | 250          |
|    mean_reward          | 244          |
|    success_rate         | 0            |
| time/                   |              |
|    total_timesteps      | 3275000      |
| train/                  |              |
|    approx_kl            | 0.0153405275 |
|    clip_fraction        | 0.226        |
|    clip_range           | 0.2          |
|    entropy_loss         | -9.21        |
|    explained_variance   | 0.99         |
|    learning_rate        | 0.0003       |
|    loss                 | 0.0144       |
|    n_updates            | 3990         |
|    policy_gradient_loss | -0.000487    |
|    std                  | 1.17         |
|    value_loss           | 0.227        |
------------------------------------------
---------------------------------
| rollout/           |          |
|    ep_len_mean     | 250      |
|    ep_rew_mean     | 236      |
|    success_rate    | 0        |
| time/              |          |
|    fps             | 3828     |
|    iterations      | 400      |
|    time_elapsed    | 855      |
|    total_timesteps | 3276800  |
---------------------------------
------------------------------------------
| rollout/                |              |
|    ep_len_mean          | 250          |
|    ep_rew_mean          | 234          |
|    success_rate         | 0            |
| time/                   |              |
|    fps                  | 3829         |
|    iterations           | 401          |
|    time_elapsed         | 857          |
|    total_timesteps      | 3284992      |
| train/                  |              |
|    approx_kl            | 0.0124609135 |
|    clip_fraction        | 0.193        |
|    clip_range           | 0.2          |
|    entropy_loss         | -9.19        |
|    explained_variance   | 0.99         |
|    learning_rate        | 0.0003       |
|    loss                 | -0.0532      |
|    n_updates            | 4000         |
|    policy_gradient_loss | -0.0071      |
|    std                  | 1.17         |
|    value_loss           | 0.0177       |
------------------------------------------
-----------------------------------------
| rollout/                |             |
|    ep_len_mean          | 250         |
|    ep_rew_mean          | 238         |
|    success_rate         | 0           |
| time/                   |             |
|    fps                  | 3830        |
|    iterations           | 402         |
|    time_elapsed         | 859         |
|    total_timesteps      | 3293184     |
| train/                  |             |
|    approx_kl            | 0.005237968 |
|    clip_fraction        | 0.0626      |
|    clip_range           | 0.2         |
|    entropy_loss         | -9.17       |
|    explained_variance   | 0.956       |
|    learning_rate        | 0.0003      |
|    loss                 | 0.157       |
|    n_updates            | 4010        |
|    policy_gradient_loss | -0.00503    |
|    std                  | 1.17        |
|    value_loss           | 6.77        |
-----------------------------------------
Eval num_timesteps=3300000, episode_reward=244.33 +/- 0.71
Episode length: 250.00 +/- 0.00
Success rate: 0.00%
-----------------------------------------
| eval/                   |             |
|    mean_ep_length       | 250         |
|    mean_reward          | 244         |
|    success_rate         | 0           |
| time/                   |             |
|    total_timesteps      | 3300000     |
| train/                  |             |
|    approx_kl            | 0.012392343 |
|    clip_fraction        | 0.192       |
|    clip_range           | 0.2         |
|    entropy_loss         | -9.15       |
|    explained_variance   | 0.918       |
|    learning_rate        | 0.0003      |
|    loss                 | -0.0245     |
|    n_updates            | 4020        |
|    policy_gradient_loss | -0.00414    |
|    std                  | 1.16        |
|    value_loss           | 0.0447      |
-----------------------------------------
---------------------------------
| rollout/           |          |
|    ep_len_mean     | 250      |
|    ep_rew_mean     | 238      |
|    success_rate    | 0        |
| time/              |          |
|    fps             | 3828     |
|    iterations      | 403      |
|    time_elapsed    | 862      |
|    total_timesteps | 3301376  |
---------------------------------
------------------------------------------
| rollout/                |              |
|    ep_len_mean          | 250          |
|    ep_rew_mean          | 242          |
|    success_rate         | 0            |
| time/                   |              |
|    fps                  | 3829         |
|    iterations           | 404          |
|    time_elapsed         | 864          |
|    total_timesteps      | 3309568      |
| train/                  |              |
|    approx_kl            | 0.0078115994 |
|    clip_fraction        | 0.116        |
|    clip_range           | 0.2          |
|    entropy_loss         | -9.13        |
|    explained_variance   | 0.944        |
|    learning_rate        | 0.0003       |
|    loss                 | 0.197        |
|    n_updates            | 4030         |
|    policy_gradient_loss | -0.00523     |
|    std                  | 1.16         |
|    value_loss           | 4.89         |
------------------------------------------
-----------------------------------------
| rollout/                |             |
|    ep_len_mean          | 250         |
|    ep_rew_mean          | 237         |
|    success_rate         | 0           |
| time/                   |             |
|    fps                  | 3830        |
|    iterations           | 405         |
|    time_elapsed         | 866         |
|    total_timesteps      | 3317760     |
| train/                  |             |
|    approx_kl            | 0.013098918 |
|    clip_fraction        | 0.189       |
|    clip_range           | 0.2         |
|    entropy_loss         | -9.11       |
|    explained_variance   | 0.926       |
|    learning_rate        | 0.0003      |
|    loss                 | -0.0487     |
|    n_updates            | 4040        |
|    policy_gradient_loss | -0.00451    |
|    std                  | 1.15        |
|    value_loss           | 0.0581      |
-----------------------------------------
Eval num_timesteps=3325000, episode_reward=243.86 +/- 1.30
Episode length: 250.00 +/- 0.00
Success rate: 0.00%
------------------------------------------
| eval/                   |              |
|    mean_ep_length       | 250          |
|    mean_reward          | 244          |
|    success_rate         | 0            |
| time/                   |              |
|    total_timesteps      | 3325000      |
| train/                  |              |
|    approx_kl            | 0.0063814586 |
|    clip_fraction        | 0.108        |
|    clip_range           | 0.2          |
|    entropy_loss         | -9.1         |
|    explained_variance   | 0.956        |
|    learning_rate        | 0.0003       |
|    loss                 | 0.725        |
|    n_updates            | 4050         |
|    policy_gradient_loss | -0.00717     |
|    std                  | 1.15         |
|    value_loss           | 8.86         |
------------------------------------------
---------------------------------
| rollout/           |          |
|    ep_len_mean     | 250      |
|    ep_rew_mean     | 235      |
|    success_rate    | 0        |
| time/              |          |
|    fps             | 3828     |
|    iterations      | 406      |
|    time_elapsed    | 868      |
|    total_timesteps | 3325952  |
---------------------------------
-----------------------------------------
| rollout/                |             |
|    ep_len_mean          | 250         |
|    ep_rew_mean          | 235         |
|    success_rate         | 0           |
| time/                   |             |
|    fps                  | 3829        |
|    iterations           | 407         |
|    time_elapsed         | 870         |
|    total_timesteps      | 3334144     |
| train/                  |             |
|    approx_kl            | 0.017889444 |
|    clip_fraction        | 0.211       |
|    clip_range           | 0.2         |
|    entropy_loss         | -9.1        |
|    explained_variance   | 0.972       |
|    learning_rate        | 0.0003      |
|    loss                 | 0.114       |
|    n_updates            | 4060        |
|    policy_gradient_loss | -0.00478    |
|    std                  | 1.15        |
|    value_loss           | 4.62        |
-----------------------------------------
-----------------------------------------
| rollout/                |             |
|    ep_len_mean          | 250         |
|    ep_rew_mean          | 240         |
|    success_rate         | 0           |
| time/                   |             |
|    fps                  | 3830        |
|    iterations           | 408         |
|    time_elapsed         | 872         |
|    total_timesteps      | 3342336     |
| train/                  |             |
|    approx_kl            | 0.014029897 |
|    clip_fraction        | 0.209       |
|    clip_range           | 0.2         |
|    entropy_loss         | -9.07       |
|    explained_variance   | 0.95        |
|    learning_rate        | 0.0003      |
|    loss                 | -0.0539     |
|    n_updates            | 4070        |
|    policy_gradient_loss | -0.00536    |
|    std                  | 1.14        |
|    value_loss           | 0.0337      |
-----------------------------------------
Eval num_timesteps=3350000, episode_reward=243.82 +/- 0.49
Episode length: 250.00 +/- 0.00
Success rate: 0.00%
----------------------------------------
| eval/                   |            |
|    mean_ep_length       | 250        |
|    mean_reward          | 244        |
|    success_rate         | 0          |
| time/                   |            |
|    total_timesteps      | 3350000    |
| train/                  |            |
|    approx_kl            | 0.01602563 |
|    clip_fraction        | 0.208      |
|    clip_range           | 0.2        |
|    entropy_loss         | -9.06      |
|    explained_variance   | 0.812      |
|    learning_rate        | 0.0003     |
|    loss                 | 0.0899     |
|    n_updates            | 4080       |
|    policy_gradient_loss | -0.00602   |
|    std                  | 1.15       |
|    value_loss           | 0.61       |
----------------------------------------
---------------------------------
| rollout/           |          |
|    ep_len_mean     | 250      |
|    ep_rew_mean     | 240      |
|    success_rate    | 0        |
| time/              |          |
|    fps             | 3829     |
|    iterations      | 409      |
|    time_elapsed    | 874      |
|    total_timesteps | 3350528  |
---------------------------------
----------------------------------------
| rollout/                |            |
|    ep_len_mean          | 250        |
|    ep_rew_mean          | 238        |
|    success_rate         | 0          |
| time/                   |            |
|    fps                  | 3830       |
|    iterations           | 410        |
|    time_elapsed         | 876        |
|    total_timesteps      | 3358720    |
| train/                  |            |
|    approx_kl            | 0.00838805 |
|    clip_fraction        | 0.0897     |
|    clip_range           | 0.2        |
|    entropy_loss         | -9.06      |
|    explained_variance   | 0.944      |
|    learning_rate        | 0.0003     |
|    loss                 | 1.51       |
|    n_updates            | 4090       |
|    policy_gradient_loss | -0.00539   |
|    std                  | 1.15       |
|    value_loss           | 5.16       |
----------------------------------------
------------------------------------------
| rollout/                |              |
|    ep_len_mean          | 250          |
|    ep_rew_mean          | 238          |
|    success_rate         | 0            |
| time/                   |              |
|    fps                  | 3831         |
|    iterations           | 411          |
|    time_elapsed         | 878          |
|    total_timesteps      | 3366912      |
| train/                  |              |
|    approx_kl            | 0.0058092773 |
|    clip_fraction        | 0.119        |
|    clip_range           | 0.2          |
|    entropy_loss         | -9.05        |
|    explained_variance   | 0.961        |
|    learning_rate        | 0.0003       |
|    loss                 | 6.73         |
|    n_updates            | 4100         |
|    policy_gradient_loss | -0.00273     |
|    std                  | 1.14         |
|    value_loss           | 7.1          |
------------------------------------------
Eval num_timesteps=3375000, episode_reward=243.68 +/- 1.39
Episode length: 250.00 +/- 0.00
Success rate: 0.00%
-----------------------------------------
| eval/                   |             |
|    mean_ep_length       | 250         |
|    mean_reward          | 244         |
|    success_rate         | 0           |
| time/                   |             |
|    total_timesteps      | 3375000     |
| train/                  |             |
|    approx_kl            | 0.015981004 |
|    clip_fraction        | 0.208       |
|    clip_range           | 0.2         |
|    entropy_loss         | -9.06       |
|    explained_variance   | 0.942       |
|    learning_rate        | 0.0003      |
|    loss                 | -0.0438     |
|    n_updates            | 4110        |
|    policy_gradient_loss | -0.00262    |
|    std                  | 1.15        |
|    value_loss           | 0.0294      |
-----------------------------------------
---------------------------------
| rollout/           |          |
|    ep_len_mean     | 250      |
|    ep_rew_mean     | 241      |
|    success_rate    | 0        |
| time/              |          |
|    fps             | 3829     |
|    iterations      | 412      |
|    time_elapsed    | 881      |
|    total_timesteps | 3375104  |
---------------------------------
----------------------------------------
| rollout/                |            |
|    ep_len_mean          | 250        |
|    ep_rew_mean          | 235        |
|    success_rate         | 0          |
| time/                   |            |
|    fps                  | 3830       |
|    iterations           | 413        |
|    time_elapsed         | 883        |
|    total_timesteps      | 3383296    |
| train/                  |            |
|    approx_kl            | 0.01546007 |
|    clip_fraction        | 0.207      |
|    clip_range           | 0.2        |
|    entropy_loss         | -9.06      |
|    explained_variance   | 0.925      |
|    learning_rate        | 0.0003     |
|    loss                 | 0.0702     |
|    n_updates            | 4120       |
|    policy_gradient_loss | -0.0034    |
|    std                  | 1.15       |
|    value_loss           | 3.42       |
----------------------------------------
-----------------------------------------
| rollout/                |             |
|    ep_len_mean          | 250         |
|    ep_rew_mean          | 229         |
|    success_rate         | 0           |
| time/                   |             |
|    fps                  | 3831        |
|    iterations           | 414         |
|    time_elapsed         | 885         |
|    total_timesteps      | 3391488     |
| train/                  |             |
|    approx_kl            | 0.005401711 |
|    clip_fraction        | 0.068       |
|    clip_range           | 0.2         |
|    entropy_loss         | -9.06       |
|    explained_variance   | 0.966       |
|    learning_rate        | 0.0003      |
|    loss                 | 3.12        |
|    n_updates            | 4130        |
|    policy_gradient_loss | -0.00799    |
|    std                  | 1.15        |
|    value_loss           | 8.25        |
-----------------------------------------
-----------------------------------------
| rollout/                |             |
|    ep_len_mean          | 250         |
|    ep_rew_mean          | 226         |
|    success_rate         | 0           |
| time/                   |             |
|    fps                  | 3832        |
|    iterations           | 415         |
|    time_elapsed         | 887         |
|    total_timesteps      | 3399680     |
| train/                  |             |
|    approx_kl            | 0.011096687 |
|    clip_fraction        | 0.13        |
|    clip_range           | 0.2         |
|    entropy_loss         | -9.06       |
|    explained_variance   | 0.952       |
|    learning_rate        | 0.0003      |
|    loss                 | 12.1        |
|    n_updates            | 4140        |
|    policy_gradient_loss | -0.00874    |
|    std                  | 1.15        |
|    value_loss           | 13.3        |
-----------------------------------------
Eval num_timesteps=3400000, episode_reward=243.67 +/- 0.95
Episode length: 250.00 +/- 0.00
Success rate: 0.00%
---------------------------------------
| eval/                   |           |
|    mean_ep_length       | 250       |
|    mean_reward          | 244       |
|    success_rate         | 0         |
| time/                   |           |
|    total_timesteps      | 3400000   |
| train/                  |           |
|    approx_kl            | 0.0159241 |
|    clip_fraction        | 0.19      |
|    clip_range           | 0.2       |
|    entropy_loss         | -9.07     |
|    explained_variance   | 0.922     |
|    learning_rate        | 0.0003    |
|    loss                 | 5.26      |
|    n_updates            | 4150      |
|    policy_gradient_loss | -0.00586  |
|    std                  | 1.15      |
|    value_loss           | 6.54      |
---------------------------------------
---------------------------------
| rollout/           |          |
|    ep_len_mean     | 250      |
|    ep_rew_mean     | 230      |
|    success_rate    | 0        |
| time/              |          |
|    fps             | 3831     |
|    iterations      | 416      |
|    time_elapsed    | 889      |
|    total_timesteps | 3407872  |
---------------------------------
-----------------------------------------
| rollout/                |             |
|    ep_len_mean          | 250         |
|    ep_rew_mean          | 239         |
|    success_rate         | 0           |
| time/                   |             |
|    fps                  | 3832        |
|    iterations           | 417         |
|    time_elapsed         | 891         |
|    total_timesteps      | 3416064     |
| train/                  |             |
|    approx_kl            | 0.031600814 |
|    clip_fraction        | 0.306       |
|    clip_range           | 0.2         |
|    entropy_loss         | -9.08       |
|    explained_variance   | 0.945       |
|    learning_rate        | 0.0003      |
|    loss                 | 3.1         |
|    n_updates            | 4160        |
|    policy_gradient_loss | -0.00555    |
|    std                  | 1.15        |
|    value_loss           | 1.87        |
-----------------------------------------
-----------------------------------------
| rollout/                |             |
|    ep_len_mean          | 250         |
|    ep_rew_mean          | 241         |
|    success_rate         | 0           |
| time/                   |             |
|    fps                  | 3832        |
|    iterations           | 418         |
|    time_elapsed         | 893         |
|    total_timesteps      | 3424256     |
| train/                  |             |
|    approx_kl            | 0.019495972 |
|    clip_fraction        | 0.237       |
|    clip_range           | 0.2         |
|    entropy_loss         | -9.05       |
|    explained_variance   | 0.967       |
|    learning_rate        | 0.0003      |
|    loss                 | 0.00958     |
|    n_updates            | 4170        |
|    policy_gradient_loss | -0.00295    |
|    std                  | 1.15        |
|    value_loss           | 0.106       |
-----------------------------------------
Eval num_timesteps=3425000, episode_reward=244.41 +/- 0.52
Episode length: 250.00 +/- 0.00
Success rate: 0.00%
-----------------------------------------
| eval/                   |             |
|    mean_ep_length       | 250         |
|    mean_reward          | 244         |
|    success_rate         | 0           |
| time/                   |             |
|    total_timesteps      | 3425000     |
| train/                  |             |
|    approx_kl            | 0.009681925 |
|    clip_fraction        | 0.162       |
|    clip_range           | 0.2         |
|    entropy_loss         | -9.03       |
|    explained_variance   | 0.884       |
|    learning_rate        | 0.0003      |
|    loss                 | 2.56        |
|    n_updates            | 4180        |
|    policy_gradient_loss | -0.00506    |
|    std                  | 1.15        |
|    value_loss           | 3.66        |
-----------------------------------------
---------------------------------
| rollout/           |          |
|    ep_len_mean     | 250      |
|    ep_rew_mean     | 240      |
|    success_rate    | 0        |
| time/              |          |
|    fps             | 3831     |
|    iterations      | 419      |
|    time_elapsed    | 895      |
|    total_timesteps | 3432448  |
---------------------------------
-----------------------------------------
| rollout/                |             |
|    ep_len_mean          | 250         |
|    ep_rew_mean          | 239         |
|    success_rate         | 0           |
| time/                   |             |
|    fps                  | 3832        |
|    iterations           | 420         |
|    time_elapsed         | 897         |
|    total_timesteps      | 3440640     |
| train/                  |             |
|    approx_kl            | 0.016753726 |
|    clip_fraction        | 0.183       |
|    clip_range           | 0.2         |
|    entropy_loss         | -9.05       |
|    explained_variance   | 0.988       |
|    learning_rate        | 0.0003      |
|    loss                 | 0.0569      |
|    n_updates            | 4190        |
|    policy_gradient_loss | -0.00666    |
|    std                  | 1.15        |
|    value_loss           | 0.657       |
-----------------------------------------
-----------------------------------------
| rollout/                |             |
|    ep_len_mean          | 250         |
|    ep_rew_mean          | 240         |
|    success_rate         | 0           |
| time/                   |             |
|    fps                  | 3833        |
|    iterations           | 421         |
|    time_elapsed         | 899         |
|    total_timesteps      | 3448832     |
| train/                  |             |
|    approx_kl            | 0.024199452 |
|    clip_fraction        | 0.239       |
|    clip_range           | 0.2         |
|    entropy_loss         | -9.06       |
|    explained_variance   | 0.946       |
|    learning_rate        | 0.0003      |
|    loss                 | 4.53        |
|    n_updates            | 4200        |
|    policy_gradient_loss | 0.00039     |
|    std                  | 1.15        |
|    value_loss           | 3.88        |
-----------------------------------------
Eval num_timesteps=3450000, episode_reward=244.20 +/- 1.16
Episode length: 250.00 +/- 0.00
Success rate: 0.00%
----------------------------------------
| eval/                   |            |
|    mean_ep_length       | 250        |
|    mean_reward          | 244        |
|    success_rate         | 0          |
| time/                   |            |
|    total_timesteps      | 3450000    |
| train/                  |            |
|    approx_kl            | 0.02104837 |
|    clip_fraction        | 0.296      |
|    clip_range           | 0.2        |
|    entropy_loss         | -9.07      |
|    explained_variance   | 0.969      |
|    learning_rate        | 0.0003     |
|    loss                 | -0.0471    |
|    n_updates            | 4210       |
|    policy_gradient_loss | -0.00265   |
|    std                  | 1.15       |
|    value_loss           | 0.0414     |
----------------------------------------
---------------------------------
| rollout/           |          |
|    ep_len_mean     | 250      |
|    ep_rew_mean     | 242      |
|    success_rate    | 0        |
| time/              |          |
|    fps             | 3832     |
|    iterations      | 422      |
|    time_elapsed    | 902      |
|    total_timesteps | 3457024  |
---------------------------------
----------------------------------------
| rollout/                |            |
|    ep_len_mean          | 250        |
|    ep_rew_mean          | 243        |
|    success_rate         | 0          |
| time/                   |            |
|    fps                  | 3833       |
|    iterations           | 423        |
|    time_elapsed         | 904        |
|    total_timesteps      | 3465216    |
| train/                  |            |
|    approx_kl            | 0.02045239 |
|    clip_fraction        | 0.235      |
|    clip_range           | 0.2        |
|    entropy_loss         | -9.03      |
|    explained_variance   | 0.975      |
|    learning_rate        | 0.0003     |
|    loss                 | -0.0383    |
|    n_updates            | 4220       |
|    policy_gradient_loss | -0.00503   |
|    std                  | 1.14       |
|    value_loss           | 0.0602     |
----------------------------------------
-----------------------------------------
| rollout/                |             |
|    ep_len_mean          | 250         |
|    ep_rew_mean          | 240         |
|    success_rate         | 0           |
| time/                   |             |
|    fps                  | 3834        |
|    iterations           | 424         |
|    time_elapsed         | 905         |
|    total_timesteps      | 3473408     |
| train/                  |             |
|    approx_kl            | 0.015790205 |
|    clip_fraction        | 0.251       |
|    clip_range           | 0.2         |
|    entropy_loss         | -9.02       |
|    explained_variance   | 0.917       |
|    learning_rate        | 0.0003      |
|    loss                 | -0.0238     |
|    n_updates            | 4230        |
|    policy_gradient_loss | -0.00428    |
|    std                  | 1.14        |
|    value_loss           | 2.37        |
-----------------------------------------
Eval num_timesteps=3475000, episode_reward=243.44 +/- 0.60
Episode length: 250.00 +/- 0.00
Success rate: 0.00%
-----------------------------------------
| eval/                   |             |
|    mean_ep_length       | 250         |
|    mean_reward          | 243         |
|    success_rate         | 0           |
| time/                   |             |
|    total_timesteps      | 3475000     |
| train/                  |             |
|    approx_kl            | 0.014586836 |
|    clip_fraction        | 0.144       |
|    clip_range           | 0.2         |
|    entropy_loss         | -9.03       |
|    explained_variance   | 0.958       |
|    learning_rate        | 0.0003      |
|    loss                 | 0.0378      |
|    n_updates            | 4240        |
|    policy_gradient_loss | -0.00549    |
|    std                  | 1.14        |
|    value_loss           | 1.66        |
-----------------------------------------
---------------------------------
| rollout/           |          |
|    ep_len_mean     | 250      |
|    ep_rew_mean     | 240      |
|    success_rate    | 0        |
| time/              |          |
|    fps             | 3832     |
|    iterations      | 425      |
|    time_elapsed    | 908      |
|    total_timesteps | 3481600  |
---------------------------------
-----------------------------------------
| rollout/                |             |
|    ep_len_mean          | 250         |
|    ep_rew_mean          | 240         |
|    success_rate         | 0           |
| time/                   |             |
|    fps                  | 3833        |
|    iterations           | 426         |
|    time_elapsed         | 910         |
|    total_timesteps      | 3489792     |
| train/                  |             |
|    approx_kl            | 0.022519171 |
|    clip_fraction        | 0.264       |
|    clip_range           | 0.2         |
|    entropy_loss         | -9.03       |
|    explained_variance   | 0.976       |
|    learning_rate        | 0.0003      |
|    loss                 | -0.0306     |
|    n_updates            | 4250        |
|    policy_gradient_loss | -0.00507    |
|    std                  | 1.13        |
|    value_loss           | 0.0365      |
-----------------------------------------
------------------------------------------
| rollout/                |              |
|    ep_len_mean          | 250          |
|    ep_rew_mean          | 242          |
|    success_rate         | 0            |
| time/                   |              |
|    fps                  | 3834         |
|    iterations           | 427          |
|    time_elapsed         | 912          |
|    total_timesteps      | 3497984      |
| train/                  |              |
|    approx_kl            | 0.0146956295 |
|    clip_fraction        | 0.205        |
|    clip_range           | 0.2          |
|    entropy_loss         | -9.05        |
|    explained_variance   | 0.866        |
|    learning_rate        | 0.0003       |
|    loss                 | 0.0124       |
|    n_updates            | 4260         |
|    policy_gradient_loss | -0.00559     |
|    std                  | 1.14         |
|    value_loss           | 0.548        |
------------------------------------------
Eval num_timesteps=3500000, episode_reward=244.66 +/- 0.49
Episode length: 250.00 +/- 0.00
Success rate: 0.00%
-----------------------------------------
| eval/                   |             |
|    mean_ep_length       | 250         |
|    mean_reward          | 245         |
|    success_rate         | 0           |
| time/                   |             |
|    total_timesteps      | 3500000     |
| train/                  |             |
|    approx_kl            | 0.014367895 |
|    clip_fraction        | 0.185       |
|    clip_range           | 0.2         |
|    entropy_loss         | -9.06       |
|    explained_variance   | 0.973       |
|    learning_rate        | 0.0003      |
|    loss                 | 0.0695      |
|    n_updates            | 4270        |
|    policy_gradient_loss | -0.00562    |
|    std                  | 1.14        |
|    value_loss           | 0.472       |
-----------------------------------------
New best mean reward!
---------------------------------
| rollout/           |          |
|    ep_len_mean     | 250      |
|    ep_rew_mean     | 242      |
|    success_rate    | 0        |
| time/              |          |
|    fps             | 3833     |
|    iterations      | 428      |
|    time_elapsed    | 914      |
|    total_timesteps | 3506176  |
---------------------------------
-----------------------------------------
| rollout/                |             |
|    ep_len_mean          | 250         |
|    ep_rew_mean          | 242         |
|    success_rate         | 0           |
| time/                   |             |
|    fps                  | 3833        |
|    iterations           | 429         |
|    time_elapsed         | 916         |
|    total_timesteps      | 3514368     |
| train/                  |             |
|    approx_kl            | 0.010820813 |
|    clip_fraction        | 0.148       |
|    clip_range           | 0.2         |
|    entropy_loss         | -9.04       |
|    explained_variance   | 0.974       |
|    learning_rate        | 0.0003      |
|    loss                 | -0.0565     |
|    n_updates            | 4280        |
|    policy_gradient_loss | -0.00384    |
|    std                  | 1.13        |
|    value_loss           | 0.0246      |
-----------------------------------------
-----------------------------------------
| rollout/                |             |
|    ep_len_mean          | 250         |
|    ep_rew_mean          | 243         |
|    success_rate         | 0           |
| time/                   |             |
|    fps                  | 3834        |
|    iterations           | 430         |
|    time_elapsed         | 918         |
|    total_timesteps      | 3522560     |
| train/                  |             |
|    approx_kl            | 0.018481007 |
|    clip_fraction        | 0.276       |
|    clip_range           | 0.2         |
|    entropy_loss         | -9.01       |
|    explained_variance   | 0.977       |
|    learning_rate        | 0.0003      |
|    loss                 | -0.028      |
|    n_updates            | 4290        |
|    policy_gradient_loss | -0.00407    |
|    std                  | 1.13        |
|    value_loss           | 0.0633      |
-----------------------------------------
Eval num_timesteps=3525000, episode_reward=243.52 +/- 0.61
Episode length: 250.00 +/- 0.00
Success rate: 0.00%
-----------------------------------------
| eval/                   |             |
|    mean_ep_length       | 250         |
|    mean_reward          | 244         |
|    success_rate         | 0           |
| time/                   |             |
|    total_timesteps      | 3525000     |
| train/                  |             |
|    approx_kl            | 0.011460105 |
|    clip_fraction        | 0.194       |
|    clip_range           | 0.2         |
|    entropy_loss         | -9.02       |
|    explained_variance   | 0.98        |
|    learning_rate        | 0.0003      |
|    loss                 | 0.0144      |
|    n_updates            | 4300        |
|    policy_gradient_loss | -0.00675    |
|    std                  | 1.13        |
|    value_loss           | 0.0698      |
-----------------------------------------
---------------------------------
| rollout/           |          |
|    ep_len_mean     | 250      |
|    ep_rew_mean     | 243      |
|    success_rate    | 0        |
| time/              |          |
|    fps             | 3833     |
|    iterations      | 431      |
|    time_elapsed    | 921      |
|    total_timesteps | 3530752  |
---------------------------------
----------------------------------------
| rollout/                |            |
|    ep_len_mean          | 250        |
|    ep_rew_mean          | 241        |
|    success_rate         | 0          |
| time/                   |            |
|    fps                  | 3834       |
|    iterations           | 432        |
|    time_elapsed         | 922        |
|    total_timesteps      | 3538944    |
| train/                  |            |
|    approx_kl            | 0.01736109 |
|    clip_fraction        | 0.22       |
|    clip_range           | 0.2        |
|    entropy_loss         | -9.02      |
|    explained_variance   | 0.857      |
|    learning_rate        | 0.0003     |
|    loss                 | 0.0962     |
|    n_updates            | 4310       |
|    policy_gradient_loss | -0.00817   |
|    std                  | 1.13       |
|    value_loss           | 1.76       |
----------------------------------------
-----------------------------------------
| rollout/                |             |
|    ep_len_mean          | 250         |
|    ep_rew_mean          | 241         |
|    success_rate         | 0           |
| time/                   |             |
|    fps                  | 3835        |
|    iterations           | 433         |
|    time_elapsed         | 924         |
|    total_timesteps      | 3547136     |
| train/                  |             |
|    approx_kl            | 0.024499515 |
|    clip_fraction        | 0.232       |
|    clip_range           | 0.2         |
|    entropy_loss         | -9.05       |
|    explained_variance   | 0.989       |
|    learning_rate        | 0.0003      |
|    loss                 | -0.0384     |
|    n_updates            | 4320        |
|    policy_gradient_loss | -0.00148    |
|    std                  | 1.14        |
|    value_loss           | 0.122       |
-----------------------------------------
Eval num_timesteps=3550000, episode_reward=242.86 +/- 1.01
Episode length: 250.00 +/- 0.00
Success rate: 0.00%
-----------------------------------------
| eval/                   |             |
|    mean_ep_length       | 250         |
|    mean_reward          | 243         |
|    success_rate         | 0           |
| time/                   |             |
|    total_timesteps      | 3550000     |
| train/                  |             |
|    approx_kl            | 0.021386702 |
|    clip_fraction        | 0.252       |
|    clip_range           | 0.2         |
|    entropy_loss         | -9.05       |
|    explained_variance   | 0.986       |
|    learning_rate        | 0.0003      |
|    loss                 | -0.0555     |
|    n_updates            | 4330        |
|    policy_gradient_loss | -0.0109     |
|    std                  | 1.14        |
|    value_loss           | 0.0355      |
-----------------------------------------
---------------------------------
| rollout/           |          |
|    ep_len_mean     | 250      |
|    ep_rew_mean     | 239      |
|    success_rate    | 0        |
| time/              |          |
|    fps             | 3833     |
|    iterations      | 434      |
|    time_elapsed    | 927      |
|    total_timesteps | 3555328  |
---------------------------------
-----------------------------------------
| rollout/                |             |
|    ep_len_mean          | 250         |
|    ep_rew_mean          | 236         |
|    success_rate         | 0           |
| time/                   |             |
|    fps                  | 3834        |
|    iterations           | 435         |
|    time_elapsed         | 929         |
|    total_timesteps      | 3563520     |
| train/                  |             |
|    approx_kl            | 0.006734823 |
|    clip_fraction        | 0.0693      |
|    clip_range           | 0.2         |
|    entropy_loss         | -9.05       |
|    explained_variance   | 0.962       |
|    learning_rate        | 0.0003      |
|    loss                 | 3.04        |
|    n_updates            | 4340        |
|    policy_gradient_loss | -0.00813    |
|    std                  | 1.14        |
|    value_loss           | 3.6         |
-----------------------------------------
-----------------------------------------
| rollout/                |             |
|    ep_len_mean          | 250         |
|    ep_rew_mean          | 233         |
|    success_rate         | 0           |
| time/                   |             |
|    fps                  | 3835        |
|    iterations           | 436         |
|    time_elapsed         | 931         |
|    total_timesteps      | 3571712     |
| train/                  |             |
|    approx_kl            | 0.015647732 |
|    clip_fraction        | 0.251       |
|    clip_range           | 0.2         |
|    entropy_loss         | -9.06       |
|    explained_variance   | 0.993       |
|    learning_rate        | 0.0003      |
|    loss                 | 0.0488      |
|    n_updates            | 4350        |
|    policy_gradient_loss | -0.00506    |
|    std                  | 1.14        |
|    value_loss           | 0.0884      |
-----------------------------------------
Eval num_timesteps=3575000, episode_reward=243.57 +/- 0.81
Episode length: 250.00 +/- 0.00
Success rate: 0.00%
-----------------------------------------
| eval/                   |             |
|    mean_ep_length       | 250         |
|    mean_reward          | 244         |
|    success_rate         | 0           |
| time/                   |             |
|    total_timesteps      | 3575000     |
| train/                  |             |
|    approx_kl            | 0.007809563 |
|    clip_fraction        | 0.0939      |
|    clip_range           | 0.2         |
|    entropy_loss         | -9.07       |
|    explained_variance   | 0.966       |
|    learning_rate        | 0.0003      |
|    loss                 | 3.16        |
|    n_updates            | 4360        |
|    policy_gradient_loss | -0.00452    |
|    std                  | 1.14        |
|    value_loss           | 5.03        |
-----------------------------------------
---------------------------------
| rollout/           |          |
|    ep_len_mean     | 250      |
|    ep_rew_mean     | 234      |
|    success_rate    | 0        |
| time/              |          |
|    fps             | 3834     |
|    iterations      | 437      |
|    time_elapsed    | 933      |
|    total_timesteps | 3579904  |
---------------------------------
-----------------------------------------
| rollout/                |             |
|    ep_len_mean          | 250         |
|    ep_rew_mean          | 239         |
|    success_rate         | 0           |
| time/                   |             |
|    fps                  | 3834        |
|    iterations           | 438         |
|    time_elapsed         | 935         |
|    total_timesteps      | 3588096     |
| train/                  |             |
|    approx_kl            | 0.013909714 |
|    clip_fraction        | 0.218       |
|    clip_range           | 0.2         |
|    entropy_loss         | -9.07       |
|    explained_variance   | 0.984       |
|    learning_rate        | 0.0003      |
|    loss                 | -0.0287     |
|    n_updates            | 4370        |
|    policy_gradient_loss | -0.0049     |
|    std                  | 1.14        |
|    value_loss           | 0.0961      |
-----------------------------------------
-----------------------------------------
| rollout/                |             |
|    ep_len_mean          | 250         |
|    ep_rew_mean          | 243         |
|    success_rate         | 0           |
| time/                   |             |
|    fps                  | 3835        |
|    iterations           | 439         |
|    time_elapsed         | 937         |
|    total_timesteps      | 3596288     |
| train/                  |             |
|    approx_kl            | 0.014696951 |
|    clip_fraction        | 0.207       |
|    clip_range           | 0.2         |
|    entropy_loss         | -9.05       |
|    explained_variance   | 0.986       |
|    learning_rate        | 0.0003      |
|    loss                 | -0.0469     |
|    n_updates            | 4380        |
|    policy_gradient_loss | -0.00658    |
|    std                  | 1.14        |
|    value_loss           | 0.0252      |
-----------------------------------------
Eval num_timesteps=3600000, episode_reward=244.54 +/- 0.32
Episode length: 250.00 +/- 0.00
Success rate: 0.00%
---------------------------------------
| eval/                   |           |
|    mean_ep_length       | 250       |
|    mean_reward          | 245       |
|    success_rate         | 0         |
| time/                   |           |
|    total_timesteps      | 3600000   |
| train/                  |           |
|    approx_kl            | 0.0131552 |
|    clip_fraction        | 0.182     |
|    clip_range           | 0.2       |
|    entropy_loss         | -9.05     |
|    explained_variance   | 0.992     |
|    learning_rate        | 0.0003    |
|    loss                 | -0.0691   |
|    n_updates            | 4390      |
|    policy_gradient_loss | -0.0122   |
|    std                  | 1.14      |
|    value_loss           | 0.024     |
---------------------------------------
---------------------------------
| rollout/           |          |
|    ep_len_mean     | 250      |
|    ep_rew_mean     | 242      |
|    success_rate    | 0        |
| time/              |          |
|    fps             | 3834     |
|    iterations      | 440      |
|    time_elapsed    | 940      |
|    total_timesteps | 3604480  |
---------------------------------
-----------------------------------------
| rollout/                |             |
|    ep_len_mean          | 250         |
|    ep_rew_mean          | 238         |
|    success_rate         | 0           |
| time/                   |             |
|    fps                  | 3835        |
|    iterations           | 441         |
|    time_elapsed         | 941         |
|    total_timesteps      | 3612672     |
| train/                  |             |
|    approx_kl            | 0.011398807 |
|    clip_fraction        | 0.136       |
|    clip_range           | 0.2         |
|    entropy_loss         | -9.05       |
|    explained_variance   | 0.905       |
|    learning_rate        | 0.0003      |
|    loss                 | 2.99        |
|    n_updates            | 4400        |
|    policy_gradient_loss | -0.00406    |
|    std                  | 1.14        |
|    value_loss           | 5           |
-----------------------------------------
-----------------------------------------
| rollout/                |             |
|    ep_len_mean          | 250         |
|    ep_rew_mean          | 235         |
|    success_rate         | 0           |
| time/                   |             |
|    fps                  | 3836        |
|    iterations           | 442         |
|    time_elapsed         | 943         |
|    total_timesteps      | 3620864     |
| train/                  |             |
|    approx_kl            | 0.006723511 |
|    clip_fraction        | 0.0566      |
|    clip_range           | 0.2         |
|    entropy_loss         | -9.05       |
|    explained_variance   | 0.972       |
|    learning_rate        | 0.0003      |
|    loss                 | 2.48        |
|    n_updates            | 4410        |
|    policy_gradient_loss | -0.00623    |
|    std                  | 1.14        |
|    value_loss           | 5.81        |
-----------------------------------------
Eval num_timesteps=3625000, episode_reward=244.62 +/- 0.69
Episode length: 250.00 +/- 0.00
Success rate: 0.00%
-----------------------------------------
| eval/                   |             |
|    mean_ep_length       | 250         |
|    mean_reward          | 245         |
|    success_rate         | 0           |
| time/                   |             |
|    total_timesteps      | 3625000     |
| train/                  |             |
|    approx_kl            | 0.017140444 |
|    clip_fraction        | 0.175       |
|    clip_range           | 0.2         |
|    entropy_loss         | -9.05       |
|    explained_variance   | 0.969       |
|    learning_rate        | 0.0003      |
|    loss                 | 0.221       |
|    n_updates            | 4420        |
|    policy_gradient_loss | -0.00416    |
|    std                  | 1.14        |
|    value_loss           | 4.47        |
-----------------------------------------
---------------------------------
| rollout/           |          |
|    ep_len_mean     | 250      |
|    ep_rew_mean     | 233      |
|    success_rate    | 0        |
| time/              |          |
|    fps             | 3834     |
|    iterations      | 443      |
|    time_elapsed    | 946      |
|    total_timesteps | 3629056  |
---------------------------------
-----------------------------------------
| rollout/                |             |
|    ep_len_mean          | 250         |
|    ep_rew_mean          | 237         |
|    success_rate         | 0           |
| time/                   |             |
|    fps                  | 3835        |
|    iterations           | 444         |
|    time_elapsed         | 948         |
|    total_timesteps      | 3637248     |
| train/                  |             |
|    approx_kl            | 0.010158621 |
|    clip_fraction        | 0.128       |
|    clip_range           | 0.2         |
|    entropy_loss         | -9.06       |
|    explained_variance   | 0.954       |
|    learning_rate        | 0.0003      |
|    loss                 | 3.43        |
|    n_updates            | 4430        |
|    policy_gradient_loss | -0.00668    |
|    std                  | 1.14        |
|    value_loss           | 7.29        |
-----------------------------------------
-----------------------------------------
| rollout/                |             |
|    ep_len_mean          | 250         |
|    ep_rew_mean          | 237         |
|    success_rate         | 0           |
| time/                   |             |
|    fps                  | 3836        |
|    iterations           | 445         |
|    time_elapsed         | 950         |
|    total_timesteps      | 3645440     |
| train/                  |             |
|    approx_kl            | 0.014580131 |
|    clip_fraction        | 0.221       |
|    clip_range           | 0.2         |
|    entropy_loss         | -9.06       |
|    explained_variance   | 0.916       |
|    learning_rate        | 0.0003      |
|    loss                 | 0.0175      |
|    n_updates            | 4440        |
|    policy_gradient_loss | -0.00396    |
|    std                  | 1.14        |
|    value_loss           | 0.417       |
-----------------------------------------
Eval num_timesteps=3650000, episode_reward=242.82 +/- 1.85
Episode length: 250.00 +/- 0.00
Success rate: 0.00%
----------------------------------------
| eval/                   |            |
|    mean_ep_length       | 250        |
|    mean_reward          | 243        |
|    success_rate         | 0          |
| time/                   |            |
|    total_timesteps      | 3650000    |
| train/                  |            |
|    approx_kl            | 0.01815616 |
|    clip_fraction        | 0.246      |
|    clip_range           | 0.2        |
|    entropy_loss         | -9.03      |
|    explained_variance   | 0.944      |
|    learning_rate        | 0.0003     |
|    loss                 | -0.0345    |
|    n_updates            | 4450       |
|    policy_gradient_loss | -0.00587   |
|    std                  | 1.13       |
|    value_loss           | 0.0645     |
----------------------------------------
---------------------------------
| rollout/           |          |
|    ep_len_mean     | 250      |
|    ep_rew_mean     | 242      |
|    success_rate    | 0        |
| time/              |          |
|    fps             | 3835     |
|    iterations      | 446      |
|    time_elapsed    | 952      |
|    total_timesteps | 3653632  |
---------------------------------
-----------------------------------------
| rollout/                |             |
|    ep_len_mean          | 250         |
|    ep_rew_mean          | 242         |
|    success_rate         | 0           |
| time/                   |             |
|    fps                  | 3835        |
|    iterations           | 447         |
|    time_elapsed         | 954         |
|    total_timesteps      | 3661824     |
| train/                  |             |
|    approx_kl            | 0.013439076 |
|    clip_fraction        | 0.255       |
|    clip_range           | 0.2         |
|    entropy_loss         | -9          |
|    explained_variance   | 0.968       |
|    learning_rate        | 0.0003      |
|    loss                 | -0.0164     |
|    n_updates            | 4460        |
|    policy_gradient_loss | -0.00532    |
|    std                  | 1.13        |
|    value_loss           | 0.226       |
-----------------------------------------
-----------------------------------------
| rollout/                |             |
|    ep_len_mean          | 250         |
|    ep_rew_mean          | 240         |
|    success_rate         | 0           |
| time/                   |             |
|    fps                  | 3836        |
|    iterations           | 448         |
|    time_elapsed         | 956         |
|    total_timesteps      | 3670016     |
| train/                  |             |
|    approx_kl            | 0.020716975 |
|    clip_fraction        | 0.26        |
|    clip_range           | 0.2         |
|    entropy_loss         | -8.98       |
|    explained_variance   | 0.987       |
|    learning_rate        | 0.0003      |
|    loss                 | -0.0514     |
|    n_updates            | 4470        |
|    policy_gradient_loss | -0.00849    |
|    std                  | 1.13        |
|    value_loss           | 0.0297      |
-----------------------------------------
Eval num_timesteps=3675000, episode_reward=244.20 +/- 0.86
Episode length: 250.00 +/- 0.00
Success rate: 0.00%
-----------------------------------------
| eval/                   |             |
|    mean_ep_length       | 250         |
|    mean_reward          | 244         |
|    success_rate         | 0           |
| time/                   |             |
|    total_timesteps      | 3675000     |
| train/                  |             |
|    approx_kl            | 0.018015826 |
|    clip_fraction        | 0.168       |
|    clip_range           | 0.2         |
|    entropy_loss         | -8.98       |
|    explained_variance   | 0.961       |
|    learning_rate        | 0.0003      |
|    loss                 | 0.218       |
|    n_updates            | 4480        |
|    policy_gradient_loss | -0.00682    |
|    std                  | 1.13        |
|    value_loss           | 2.11        |
-----------------------------------------
---------------------------------
| rollout/           |          |
|    ep_len_mean     | 250      |
|    ep_rew_mean     | 240      |
|    success_rate    | 0        |
| time/              |          |
|    fps             | 3835     |
|    iterations      | 449      |
|    time_elapsed    | 958      |
|    total_timesteps | 3678208  |
---------------------------------
-----------------------------------------
| rollout/                |             |
|    ep_len_mean          | 250         |
|    ep_rew_mean          | 239         |
|    success_rate         | 0           |
| time/                   |             |
|    fps                  | 3836        |
|    iterations           | 450         |
|    time_elapsed         | 960         |
|    total_timesteps      | 3686400     |
| train/                  |             |
|    approx_kl            | 0.015972441 |
|    clip_fraction        | 0.228       |
|    clip_range           | 0.2         |
|    entropy_loss         | -9          |
|    explained_variance   | 0.94        |
|    learning_rate        | 0.0003      |
|    loss                 | -0.0452     |
|    n_updates            | 4490        |
|    policy_gradient_loss | -0.00896    |
|    std                  | 1.13        |
|    value_loss           | 0.0779      |
-----------------------------------------
-----------------------------------------
| rollout/                |             |
|    ep_len_mean          | 250         |
|    ep_rew_mean          | 242         |
|    success_rate         | 0           |
| time/                   |             |
|    fps                  | 3837        |
|    iterations           | 451         |
|    time_elapsed         | 962         |
|    total_timesteps      | 3694592     |
| train/                  |             |
|    approx_kl            | 0.017217705 |
|    clip_fraction        | 0.216       |
|    clip_range           | 0.2         |
|    entropy_loss         | -8.97       |
|    explained_variance   | 0.968       |
|    learning_rate        | 0.0003      |
|    loss                 | 0.191       |
|    n_updates            | 4500        |
|    policy_gradient_loss | -0.00879    |
|    std                  | 1.12        |
|    value_loss           | 0.201       |
-----------------------------------------
Eval num_timesteps=3700000, episode_reward=244.36 +/- 0.34
Episode length: 250.00 +/- 0.00
Success rate: 0.00%
-----------------------------------------
| eval/                   |             |
|    mean_ep_length       | 250         |
|    mean_reward          | 244         |
|    success_rate         | 0           |
| time/                   |             |
|    total_timesteps      | 3700000     |
| train/                  |             |
|    approx_kl            | 0.018676974 |
|    clip_fraction        | 0.241       |
|    clip_range           | 0.2         |
|    entropy_loss         | -8.94       |
|    explained_variance   | 0.976       |
|    learning_rate        | 0.0003      |
|    loss                 | -0.0165     |
|    n_updates            | 4510        |
|    policy_gradient_loss | -0.00565    |
|    std                  | 1.12        |
|    value_loss           | 0.178       |
-----------------------------------------
---------------------------------
| rollout/           |          |
|    ep_len_mean     | 250      |
|    ep_rew_mean     | 242      |
|    success_rate    | 0        |
| time/              |          |
|    fps             | 3836     |
|    iterations      | 452      |
|    time_elapsed    | 965      |
|    total_timesteps | 3702784  |
---------------------------------
----------------------------------------
| rollout/                |            |
|    ep_len_mean          | 250        |
|    ep_rew_mean          | 242        |
|    success_rate         | 0          |
| time/                   |            |
|    fps                  | 3836       |
|    iterations           | 453        |
|    time_elapsed         | 967        |
|    total_timesteps      | 3710976    |
| train/                  |            |
|    approx_kl            | 0.02316911 |
|    clip_fraction        | 0.287      |
|    clip_range           | 0.2        |
|    entropy_loss         | -8.94      |
|    explained_variance   | 0.955      |
|    learning_rate        | 0.0003     |
|    loss                 | 0.0049     |
|    n_updates            | 4520       |
|    policy_gradient_loss | -0.0066    |
|    std                  | 1.12       |
|    value_loss           | 0.0791     |
----------------------------------------
-----------------------------------------
| rollout/                |             |
|    ep_len_mean          | 250         |
|    ep_rew_mean          | 240         |
|    success_rate         | 0           |
| time/                   |             |
|    fps                  | 3837        |
|    iterations           | 454         |
|    time_elapsed         | 969         |
|    total_timesteps      | 3719168     |
| train/                  |             |
|    approx_kl            | 0.017726406 |
|    clip_fraction        | 0.174       |
|    clip_range           | 0.2         |
|    entropy_loss         | -8.92       |
|    explained_variance   | 0.992       |
|    learning_rate        | 0.0003      |
|    loss                 | -0.0454     |
|    n_updates            | 4530        |
|    policy_gradient_loss | -0.00873    |
|    std                  | 1.11        |
|    value_loss           | 0.0217      |
-----------------------------------------
Eval num_timesteps=3725000, episode_reward=242.83 +/- 1.43
Episode length: 250.00 +/- 0.00
Success rate: 0.00%
-----------------------------------------
| eval/                   |             |
|    mean_ep_length       | 250         |
|    mean_reward          | 243         |
|    success_rate         | 0           |
| time/                   |             |
|    total_timesteps      | 3725000     |
| train/                  |             |
|    approx_kl            | 0.015034641 |
|    clip_fraction        | 0.193       |
|    clip_range           | 0.2         |
|    entropy_loss         | -8.9        |
|    explained_variance   | 0.962       |
|    learning_rate        | 0.0003      |
|    loss                 | -0.000907   |
|    n_updates            | 4540        |
|    policy_gradient_loss | -0.00466    |
|    std                  | 1.11        |
|    value_loss           | 3.22        |
-----------------------------------------
---------------------------------
| rollout/           |          |
|    ep_len_mean     | 250      |
|    ep_rew_mean     | 240      |
|    success_rate    | 0        |
| time/              |          |
|    fps             | 3836     |
|    iterations      | 455      |
|    time_elapsed    | 971      |
|    total_timesteps | 3727360  |
---------------------------------
-----------------------------------------
| rollout/                |             |
|    ep_len_mean          | 250         |
|    ep_rew_mean          | 238         |
|    success_rate         | 0           |
| time/                   |             |
|    fps                  | 3837        |
|    iterations           | 456         |
|    time_elapsed         | 973         |
|    total_timesteps      | 3735552     |
| train/                  |             |
|    approx_kl            | 0.016510325 |
|    clip_fraction        | 0.195       |
|    clip_range           | 0.2         |
|    entropy_loss         | -8.9        |
|    explained_variance   | 0.923       |
|    learning_rate        | 0.0003      |
|    loss                 | -0.0473     |
|    n_updates            | 4550        |
|    policy_gradient_loss | -0.0044     |
|    std                  | 1.11        |
|    value_loss           | 0.0353      |
-----------------------------------------
-----------------------------------------
| rollout/                |             |
|    ep_len_mean          | 250         |
|    ep_rew_mean          | 240         |
|    success_rate         | 0           |
| time/                   |             |
|    fps                  | 3838        |
|    iterations           | 457         |
|    time_elapsed         | 975         |
|    total_timesteps      | 3743744     |
| train/                  |             |
|    approx_kl            | 0.009991917 |
|    clip_fraction        | 0.124       |
|    clip_range           | 0.2         |
|    entropy_loss         | -8.91       |
|    explained_variance   | 0.927       |
|    learning_rate        | 0.0003      |
|    loss                 | 0.544       |
|    n_updates            | 4560        |
|    policy_gradient_loss | -0.00766    |
|    std                  | 1.11        |
|    value_loss           | 3.78        |
-----------------------------------------
Eval num_timesteps=3750000, episode_reward=243.68 +/- 1.07
Episode length: 250.00 +/- 0.00
Success rate: 0.00%
-----------------------------------------
| eval/                   |             |
|    mean_ep_length       | 250         |
|    mean_reward          | 244         |
|    success_rate         | 0           |
| time/                   |             |
|    total_timesteps      | 3750000     |
| train/                  |             |
|    approx_kl            | 0.019763691 |
|    clip_fraction        | 0.215       |
|    clip_range           | 0.2         |
|    entropy_loss         | -8.9        |
|    explained_variance   | 0.869       |
|    learning_rate        | 0.0003      |
|    loss                 | 0.0321      |
|    n_updates            | 4570        |
|    policy_gradient_loss | -0.00859    |
|    std                  | 1.11        |
|    value_loss           | 0.181       |
-----------------------------------------
---------------------------------
| rollout/           |          |
|    ep_len_mean     | 250      |
|    ep_rew_mean     | 240      |
|    success_rate    | 0        |
| time/              |          |
|    fps             | 3836     |
|    iterations      | 458      |
|    time_elapsed    | 977      |
|    total_timesteps | 3751936  |
---------------------------------
------------------------------------------
| rollout/                |              |
|    ep_len_mean          | 250          |
|    ep_rew_mean          | 242          |
|    success_rate         | 0            |
| time/                   |              |
|    fps                  | 3837         |
|    iterations           | 459          |
|    time_elapsed         | 979          |
|    total_timesteps      | 3760128      |
| train/                  |              |
|    approx_kl            | 0.0133314915 |
|    clip_fraction        | 0.197        |
|    clip_range           | 0.2          |
|    entropy_loss         | -8.88        |
|    explained_variance   | 0.977        |
|    learning_rate        | 0.0003       |
|    loss                 | -0.0481      |
|    n_updates            | 4580         |
|    policy_gradient_loss | -0.00811     |
|    std                  | 1.11         |
|    value_loss           | 0.0305       |
------------------------------------------
-----------------------------------------
| rollout/                |             |
|    ep_len_mean          | 250         |
|    ep_rew_mean          | 242         |
|    success_rate         | 0           |
| time/                   |             |
|    fps                  | 3838        |
|    iterations           | 460         |
|    time_elapsed         | 981         |
|    total_timesteps      | 3768320     |
| train/                  |             |
|    approx_kl            | 0.020330736 |
|    clip_fraction        | 0.208       |
|    clip_range           | 0.2         |
|    entropy_loss         | -8.86       |
|    explained_variance   | 0.953       |
|    learning_rate        | 0.0003      |
|    loss                 | 0.0626      |
|    n_updates            | 4590        |
|    policy_gradient_loss | -0.00431    |
|    std                  | 1.1         |
|    value_loss           | 0.576       |
-----------------------------------------
Eval num_timesteps=3775000, episode_reward=243.19 +/- 0.90
Episode length: 250.00 +/- 0.00
Success rate: 0.00%
-----------------------------------------
| eval/                   |             |
|    mean_ep_length       | 250         |
|    mean_reward          | 243         |
|    success_rate         | 0           |
| time/                   |             |
|    total_timesteps      | 3775000     |
| train/                  |             |
|    approx_kl            | 0.016684227 |
|    clip_fraction        | 0.234       |
|    clip_range           | 0.2         |
|    entropy_loss         | -8.84       |
|    explained_variance   | 0.973       |
|    learning_rate        | 0.0003      |
|    loss                 | 0.0376      |
|    n_updates            | 4600        |
|    policy_gradient_loss | -0.00618    |
|    std                  | 1.1         |
|    value_loss           | 0.105       |
-----------------------------------------
---------------------------------
| rollout/           |          |
|    ep_len_mean     | 250      |
|    ep_rew_mean     | 243      |
|    success_rate    | 0        |
| time/              |          |
|    fps             | 3837     |
|    iterations      | 461      |
|    time_elapsed    | 984      |
|    total_timesteps | 3776512  |
---------------------------------
----------------------------------------
| rollout/                |            |
|    ep_len_mean          | 250        |
|    ep_rew_mean          | 243        |
|    success_rate         | 0          |
| time/                   |            |
|    fps                  | 3838       |
|    iterations           | 462        |
|    time_elapsed         | 986        |
|    total_timesteps      | 3784704    |
| train/                  |            |
|    approx_kl            | 0.01417478 |
|    clip_fraction        | 0.201      |
|    clip_range           | 0.2        |
|    entropy_loss         | -8.84      |
|    explained_variance   | 0.991      |
|    learning_rate        | 0.0003     |
|    loss                 | -0.0434    |
|    n_updates            | 4610       |
|    policy_gradient_loss | -0.00425   |
|    std                  | 1.1        |
|    value_loss           | 0.0184     |
----------------------------------------
-----------------------------------------
| rollout/                |             |
|    ep_len_mean          | 250         |
|    ep_rew_mean          | 243         |
|    success_rate         | 0           |
| time/                   |             |
|    fps                  | 3838        |
|    iterations           | 463         |
|    time_elapsed         | 988         |
|    total_timesteps      | 3792896     |
| train/                  |             |
|    approx_kl            | 0.015836872 |
|    clip_fraction        | 0.204       |
|    clip_range           | 0.2         |
|    entropy_loss         | -8.82       |
|    explained_variance   | 0.996       |
|    learning_rate        | 0.0003      |
|    loss                 | -0.0413     |
|    n_updates            | 4620        |
|    policy_gradient_loss | -0.00907    |
|    std                  | 1.09        |
|    value_loss           | 0.00942     |
-----------------------------------------
Eval num_timesteps=3800000, episode_reward=243.91 +/- 1.07
Episode length: 250.00 +/- 0.00
Success rate: 0.00%
----------------------------------------
| eval/                   |            |
|    mean_ep_length       | 250        |
|    mean_reward          | 244        |
|    success_rate         | 0          |
| time/                   |            |
|    total_timesteps      | 3800000    |
| train/                  |            |
|    approx_kl            | 0.01643281 |
|    clip_fraction        | 0.174      |
|    clip_range           | 0.2        |
|    entropy_loss         | -8.79      |
|    explained_variance   | 0.995      |
|    learning_rate        | 0.0003     |
|    loss                 | -0.0452    |
|    n_updates            | 4630       |
|    policy_gradient_loss | -0.00851   |
|    std                  | 1.09       |
|    value_loss           | 0.0158     |
----------------------------------------
---------------------------------
| rollout/           |          |
|    ep_len_mean     | 250      |
|    ep_rew_mean     | 243      |
|    success_rate    | 0        |
| time/              |          |
|    fps             | 3837     |
|    iterations      | 464      |
|    time_elapsed    | 990      |
|    total_timesteps | 3801088  |
---------------------------------
-----------------------------------------
| rollout/                |             |
|    ep_len_mean          | 250         |
|    ep_rew_mean          | 240         |
|    success_rate         | 0           |
| time/                   |             |
|    fps                  | 3838        |
|    iterations           | 465         |
|    time_elapsed         | 992         |
|    total_timesteps      | 3809280     |
| train/                  |             |
|    approx_kl            | 0.013252005 |
|    clip_fraction        | 0.21        |
|    clip_range           | 0.2         |
|    entropy_loss         | -8.79       |
|    explained_variance   | 0.938       |
|    learning_rate        | 0.0003      |
|    loss                 | -0.0233     |
|    n_updates            | 4640        |
|    policy_gradient_loss | -0.00458    |
|    std                  | 1.09        |
|    value_loss           | 2.42        |
-----------------------------------------
-----------------------------------------
| rollout/                |             |
|    ep_len_mean          | 250         |
|    ep_rew_mean          | 240         |
|    success_rate         | 0           |
| time/                   |             |
|    fps                  | 3839        |
|    iterations           | 466         |
|    time_elapsed         | 994         |
|    total_timesteps      | 3817472     |
| train/                  |             |
|    approx_kl            | 0.048303284 |
|    clip_fraction        | 0.228       |
|    clip_range           | 0.2         |
|    entropy_loss         | -8.82       |
|    explained_variance   | 0.991       |
|    learning_rate        | 0.0003      |
|    loss                 | -0.0479     |
|    n_updates            | 4650        |
|    policy_gradient_loss | -0.0101     |
|    std                  | 1.1         |
|    value_loss           | 0.0895      |
-----------------------------------------
Eval num_timesteps=3825000, episode_reward=244.27 +/- 0.65
Episode length: 250.00 +/- 0.00
Success rate: 0.00%
-----------------------------------------
| eval/                   |             |
|    mean_ep_length       | 250         |
|    mean_reward          | 244         |
|    success_rate         | 0           |
| time/                   |             |
|    total_timesteps      | 3825000     |
| train/                  |             |
|    approx_kl            | 0.017023895 |
|    clip_fraction        | 0.222       |
|    clip_range           | 0.2         |
|    entropy_loss         | -8.82       |
|    explained_variance   | 0.978       |
|    learning_rate        | 0.0003      |
|    loss                 | -0.0334     |
|    n_updates            | 4660        |
|    policy_gradient_loss | -0.00509    |
|    std                  | 1.09        |
|    value_loss           | 0.107       |
-----------------------------------------
---------------------------------
| rollout/           |          |
|    ep_len_mean     | 250      |
|    ep_rew_mean     | 240      |
|    success_rate    | 0        |
| time/              |          |
|    fps             | 3838     |
|    iterations      | 467      |
|    time_elapsed    | 996      |
|    total_timesteps | 3825664  |
---------------------------------
-----------------------------------------
| rollout/                |             |
|    ep_len_mean          | 250         |
|    ep_rew_mean          | 243         |
|    success_rate         | 0           |
| time/                   |             |
|    fps                  | 3839        |
|    iterations           | 468         |
|    time_elapsed         | 998         |
|    total_timesteps      | 3833856     |
| train/                  |             |
|    approx_kl            | 0.025339615 |
|    clip_fraction        | 0.336       |
|    clip_range           | 0.2         |
|    entropy_loss         | -8.84       |
|    explained_variance   | 0.926       |
|    learning_rate        | 0.0003      |
|    loss                 | -0.0225     |
|    n_updates            | 4670        |
|    policy_gradient_loss | -0.00812    |
|    std                  | 1.1         |
|    value_loss           | 0.167       |
-----------------------------------------
-----------------------------------------
| rollout/                |             |
|    ep_len_mean          | 250         |
|    ep_rew_mean          | 243         |
|    success_rate         | 0           |
| time/                   |             |
|    fps                  | 3839        |
|    iterations           | 469         |
|    time_elapsed         | 1000        |
|    total_timesteps      | 3842048     |
| train/                  |             |
|    approx_kl            | 0.015624499 |
|    clip_fraction        | 0.274       |
|    clip_range           | 0.2         |
|    entropy_loss         | -8.87       |
|    explained_variance   | 0.991       |
|    learning_rate        | 0.0003      |
|    loss                 | -0.0542     |
|    n_updates            | 4680        |
|    policy_gradient_loss | -0.00564    |
|    std                  | 1.1         |
|    value_loss           | 0.0198      |
-----------------------------------------
Eval num_timesteps=3850000, episode_reward=244.30 +/- 0.48
Episode length: 250.00 +/- 0.00
Success rate: 0.00%
-----------------------------------------
| eval/                   |             |
|    mean_ep_length       | 250         |
|    mean_reward          | 244         |
|    success_rate         | 0           |
| time/                   |             |
|    total_timesteps      | 3850000     |
| train/                  |             |
|    approx_kl            | 0.012849206 |
|    clip_fraction        | 0.205       |
|    clip_range           | 0.2         |
|    entropy_loss         | -8.86       |
|    explained_variance   | 0.996       |
|    learning_rate        | 0.0003      |
|    loss                 | -0.0423     |
|    n_updates            | 4690        |
|    policy_gradient_loss | -0.00726    |
|    std                  | 1.1         |
|    value_loss           | 0.015       |
-----------------------------------------
---------------------------------
| rollout/           |          |
|    ep_len_mean     | 250      |
|    ep_rew_mean     | 243      |
|    success_rate    | 0        |
| time/              |          |
|    fps             | 3838     |
|    iterations      | 470      |
|    time_elapsed    | 1002     |
|    total_timesteps | 3850240  |
---------------------------------
-----------------------------------------
| rollout/                |             |
|    ep_len_mean          | 250         |
|    ep_rew_mean          | 243         |
|    success_rate         | 0           |
| time/                   |             |
|    fps                  | 3839        |
|    iterations           | 471         |
|    time_elapsed         | 1004        |
|    total_timesteps      | 3858432     |
| train/                  |             |
|    approx_kl            | 0.012112934 |
|    clip_fraction        | 0.17        |
|    clip_range           | 0.2         |
|    entropy_loss         | -8.85       |
|    explained_variance   | 0.993       |
|    learning_rate        | 0.0003      |
|    loss                 | -0.052      |
|    n_updates            | 4700        |
|    policy_gradient_loss | -0.00758    |
|    std                  | 1.1         |
|    value_loss           | 0.025       |
-----------------------------------------
-----------------------------------------
| rollout/                |             |
|    ep_len_mean          | 250         |
|    ep_rew_mean          | 238         |
|    success_rate         | 0           |
| time/                   |             |
|    fps                  | 3839        |
|    iterations           | 472         |
|    time_elapsed         | 1007        |
|    total_timesteps      | 3866624     |
| train/                  |             |
|    approx_kl            | 0.014890726 |
|    clip_fraction        | 0.158       |
|    clip_range           | 0.2         |
|    entropy_loss         | -8.83       |
|    explained_variance   | 0.788       |
|    learning_rate        | 0.0003      |
|    loss                 | 2.69        |
|    n_updates            | 4710        |
|    policy_gradient_loss | -0.00587    |
|    std                  | 1.1         |
|    value_loss           | 2.43        |
-----------------------------------------
-----------------------------------------
| rollout/                |             |
|    ep_len_mean          | 250         |
|    ep_rew_mean          | 233         |
|    success_rate         | 0           |
| time/                   |             |
|    fps                  | 3840        |
|    iterations           | 473         |
|    time_elapsed         | 1008        |
|    total_timesteps      | 3874816     |
| train/                  |             |
|    approx_kl            | 0.009154249 |
|    clip_fraction        | 0.153       |
|    clip_range           | 0.2         |
|    entropy_loss         | -8.83       |
|    explained_variance   | 0.981       |
|    learning_rate        | 0.0003      |
|    loss                 | 8.61        |
|    n_updates            | 4720        |
|    policy_gradient_loss | -0.00565    |
|    std                  | 1.1         |
|    value_loss           | 4.64        |
-----------------------------------------
Eval num_timesteps=3875000, episode_reward=244.12 +/- 0.80
Episode length: 250.00 +/- 0.00
Success rate: 0.00%
------------------------------------------
| eval/                   |              |
|    mean_ep_length       | 250          |
|    mean_reward          | 244          |
|    success_rate         | 0            |
| time/                   |              |
|    total_timesteps      | 3875000      |
| train/                  |              |
|    approx_kl            | 0.0072511574 |
|    clip_fraction        | 0.1          |
|    clip_range           | 0.2          |
|    entropy_loss         | -8.85        |
|    explained_variance   | 0.968        |
|    learning_rate        | 0.0003       |
|    loss                 | 1.78         |
|    n_updates            | 4730         |
|    policy_gradient_loss | -0.00523     |
|    std                  | 1.1          |
|    value_loss           | 7.11         |
------------------------------------------
---------------------------------
| rollout/           |          |
|    ep_len_mean     | 250      |
|    ep_rew_mean     | 233      |
|    success_rate    | 0        |
| time/              |          |
|    fps             | 3839     |
|    iterations      | 474      |
|    time_elapsed    | 1011     |
|    total_timesteps | 3883008  |
---------------------------------
-----------------------------------------
| rollout/                |             |
|    ep_len_mean          | 250         |
|    ep_rew_mean          | 236         |
|    success_rate         | 0           |
| time/                   |             |
|    fps                  | 3839        |
|    iterations           | 475         |
|    time_elapsed         | 1013        |
|    total_timesteps      | 3891200     |
| train/                  |             |
|    approx_kl            | 0.017193211 |
|    clip_fraction        | 0.232       |
|    clip_range           | 0.2         |
|    entropy_loss         | -8.84       |
|    explained_variance   | 0.882       |
|    learning_rate        | 0.0003      |
|    loss                 | -0.0274     |
|    n_updates            | 4740        |
|    policy_gradient_loss | -0.00715    |
|    std                  | 1.1         |
|    value_loss           | 0.105       |
-----------------------------------------
-----------------------------------------
| rollout/                |             |
|    ep_len_mean          | 250         |
|    ep_rew_mean          | 236         |
|    success_rate         | 0           |
| time/                   |             |
|    fps                  | 3839        |
|    iterations           | 476         |
|    time_elapsed         | 1015        |
|    total_timesteps      | 3899392     |
| train/                  |             |
|    approx_kl            | 0.013013562 |
|    clip_fraction        | 0.163       |
|    clip_range           | 0.2         |
|    entropy_loss         | -8.84       |
|    explained_variance   | 0.962       |
|    learning_rate        | 0.0003      |
|    loss                 | 0.487       |
|    n_updates            | 4750        |
|    policy_gradient_loss | -0.00931    |
|    std                  | 1.1         |
|    value_loss           | 1.78        |
-----------------------------------------
Eval num_timesteps=3900000, episode_reward=243.57 +/- 1.07
Episode length: 250.00 +/- 0.00
Success rate: 0.00%
-----------------------------------------
| eval/                   |             |
|    mean_ep_length       | 250         |
|    mean_reward          | 244         |
|    success_rate         | 0           |
| time/                   |             |
|    total_timesteps      | 3900000     |
| train/                  |             |
|    approx_kl            | 0.019402664 |
|    clip_fraction        | 0.181       |
|    clip_range           | 0.2         |
|    entropy_loss         | -8.88       |
|    explained_variance   | 0.959       |
|    learning_rate        | 0.0003      |
|    loss                 | 0.029       |
|    n_updates            | 4760        |
|    policy_gradient_loss | -0.00698    |
|    std                  | 1.11        |
|    value_loss           | 4.99        |
-----------------------------------------
---------------------------------
| rollout/           |          |
|    ep_len_mean     | 250      |
|    ep_rew_mean     | 238      |
|    success_rate    | 0        |
| time/              |          |
|    fps             | 3837     |
|    iterations      | 477      |
|    time_elapsed    | 1018     |
|    total_timesteps | 3907584  |
---------------------------------
-----------------------------------------
| rollout/                |             |
|    ep_len_mean          | 250         |
|    ep_rew_mean          | 235         |
|    success_rate         | 0           |
| time/                   |             |
|    fps                  | 3838        |
|    iterations           | 478         |
|    time_elapsed         | 1020        |
|    total_timesteps      | 3915776     |
| train/                  |             |
|    approx_kl            | 0.020229425 |
|    clip_fraction        | 0.277       |
|    clip_range           | 0.2         |
|    entropy_loss         | -8.89       |
|    explained_variance   | 0.964       |
|    learning_rate        | 0.0003      |
|    loss                 | 0.13        |
|    n_updates            | 4770        |
|    policy_gradient_loss | -0.00247    |
|    std                  | 1.11        |
|    value_loss           | 6.23        |
-----------------------------------------
-----------------------------------------
| rollout/                |             |
|    ep_len_mean          | 250         |
|    ep_rew_mean          | 237         |
|    success_rate         | 0           |
| time/                   |             |
|    fps                  | 3839        |
|    iterations           | 479         |
|    time_elapsed         | 1022        |
|    total_timesteps      | 3923968     |
| train/                  |             |
|    approx_kl            | 0.019057097 |
|    clip_fraction        | 0.253       |
|    clip_range           | 0.2         |
|    entropy_loss         | -8.89       |
|    explained_variance   | 0.953       |
|    learning_rate        | 0.0003      |
|    loss                 | 0.0692      |
|    n_updates            | 4780        |
|    policy_gradient_loss | -0.00396    |
|    std                  | 1.11        |
|    value_loss           | 5.44        |
-----------------------------------------
Eval num_timesteps=3925000, episode_reward=243.39 +/- 0.66
Episode length: 250.00 +/- 0.00
Success rate: 0.00%
-----------------------------------------
| eval/                   |             |
|    mean_ep_length       | 250         |
|    mean_reward          | 243         |
|    success_rate         | 0           |
| time/                   |             |
|    total_timesteps      | 3925000     |
| train/                  |             |
|    approx_kl            | 0.014320074 |
|    clip_fraction        | 0.26        |
|    clip_range           | 0.2         |
|    entropy_loss         | -8.87       |
|    explained_variance   | 0.933       |
|    learning_rate        | 0.0003      |
|    loss                 | -0.0476     |
|    n_updates            | 4790        |
|    policy_gradient_loss | -0.00498    |
|    std                  | 1.1         |
|    value_loss           | 0.0343      |
-----------------------------------------
---------------------------------
| rollout/           |          |
|    ep_len_mean     | 250      |
|    ep_rew_mean     | 237      |
|    success_rate    | 0        |
| time/              |          |
|    fps             | 3837     |
|    iterations      | 480      |
|    time_elapsed    | 1024     |
|    total_timesteps | 3932160  |
---------------------------------
-----------------------------------------
| rollout/                |             |
|    ep_len_mean          | 250         |
|    ep_rew_mean          | 242         |
|    success_rate         | 0           |
| time/                   |             |
|    fps                  | 3838        |
|    iterations           | 481         |
|    time_elapsed         | 1026        |
|    total_timesteps      | 3940352     |
| train/                  |             |
|    approx_kl            | 0.012771695 |
|    clip_fraction        | 0.151       |
|    clip_range           | 0.2         |
|    entropy_loss         | -8.86       |
|    explained_variance   | 0.928       |
|    learning_rate        | 0.0003      |
|    loss                 | 0.837       |
|    n_updates            | 4800        |
|    policy_gradient_loss | -0.00304    |
|    std                  | 1.11        |
|    value_loss           | 1.88        |
-----------------------------------------
-----------------------------------------
| rollout/                |             |
|    ep_len_mean          | 250         |
|    ep_rew_mean          | 242         |
|    success_rate         | 0           |
| time/                   |             |
|    fps                  | 3839        |
|    iterations           | 482         |
|    time_elapsed         | 1028        |
|    total_timesteps      | 3948544     |
| train/                  |             |
|    approx_kl            | 0.023454577 |
|    clip_fraction        | 0.257       |
|    clip_range           | 0.2         |
|    entropy_loss         | -8.87       |
|    explained_variance   | 0.895       |
|    learning_rate        | 0.0003      |
|    loss                 | 0.0105      |
|    n_updates            | 4810        |
|    policy_gradient_loss | -0.00867    |
|    std                  | 1.11        |
|    value_loss           | 0.0892      |
-----------------------------------------
Eval num_timesteps=3950000, episode_reward=227.55 +/- 34.72
Episode length: 250.00 +/- 0.00
Success rate: 0.00%
----------------------------------------
| eval/                   |            |
|    mean_ep_length       | 250        |
|    mean_reward          | 228        |
|    success_rate         | 0          |
| time/                   |            |
|    total_timesteps      | 3950000    |
| train/                  |            |
|    approx_kl            | 0.01782723 |
|    clip_fraction        | 0.256      |
|    clip_range           | 0.2        |
|    entropy_loss         | -8.85      |
|    explained_variance   | 0.99       |
|    learning_rate        | 0.0003     |
|    loss                 | -0.0479    |
|    n_updates            | 4820       |
|    policy_gradient_loss | -0.00981   |
|    std                  | 1.1        |
|    value_loss           | 0.0238     |
----------------------------------------
---------------------------------
| rollout/           |          |
|    ep_len_mean     | 250      |
|    ep_rew_mean     | 243      |
|    success_rate    | 0        |
| time/              |          |
|    fps             | 3838     |
|    iterations      | 483      |
|    time_elapsed    | 1030     |
|    total_timesteps | 3956736  |
---------------------------------
-----------------------------------------
| rollout/                |             |
|    ep_len_mean          | 250         |
|    ep_rew_mean          | 243         |
|    success_rate         | 0           |
| time/                   |             |
|    fps                  | 3839        |
|    iterations           | 484         |
|    time_elapsed         | 1032        |
|    total_timesteps      | 3964928     |
| train/                  |             |
|    approx_kl            | 0.019382041 |
|    clip_fraction        | 0.249       |
|    clip_range           | 0.2         |
|    entropy_loss         | -8.82       |
|    explained_variance   | 0.995       |
|    learning_rate        | 0.0003      |
|    loss                 | -0.0447     |
|    n_updates            | 4830        |
|    policy_gradient_loss | -0.0114     |
|    std                  | 1.1         |
|    value_loss           | 0.0148      |
-----------------------------------------
-----------------------------------------
| rollout/                |             |
|    ep_len_mean          | 250         |
|    ep_rew_mean          | 243         |
|    success_rate         | 0           |
| time/                   |             |
|    fps                  | 3839        |
|    iterations           | 485         |
|    time_elapsed         | 1034        |
|    total_timesteps      | 3973120     |
| train/                  |             |
|    approx_kl            | 0.017261306 |
|    clip_fraction        | 0.214       |
|    clip_range           | 0.2         |
|    entropy_loss         | -8.78       |
|    explained_variance   | 0.996       |
|    learning_rate        | 0.0003      |
|    loss                 | -0.0509     |
|    n_updates            | 4840        |
|    policy_gradient_loss | -0.00789    |
|    std                  | 1.09        |
|    value_loss           | 0.00982     |
-----------------------------------------
Eval num_timesteps=3975000, episode_reward=244.16 +/- 0.67
Episode length: 250.00 +/- 0.00
Success rate: 0.00%
-----------------------------------------
| eval/                   |             |
|    mean_ep_length       | 250         |
|    mean_reward          | 244         |
|    success_rate         | 0           |
| time/                   |             |
|    total_timesteps      | 3975000     |
| train/                  |             |
|    approx_kl            | 0.014200853 |
|    clip_fraction        | 0.177       |
|    clip_range           | 0.2         |
|    entropy_loss         | -8.75       |
|    explained_variance   | 0.995       |
|    learning_rate        | 0.0003      |
|    loss                 | -0.0283     |
|    n_updates            | 4850        |
|    policy_gradient_loss | -0.00695    |
|    std                  | 1.09        |
|    value_loss           | 0.0153      |
-----------------------------------------
---------------------------------
| rollout/           |          |
|    ep_len_mean     | 250      |
|    ep_rew_mean     | 243      |
|    success_rate    | 0        |
| time/              |          |
|    fps             | 3838     |
|    iterations      | 486      |
|    time_elapsed    | 1037     |
|    total_timesteps | 3981312  |
---------------------------------
-----------------------------------------
| rollout/                |             |
|    ep_len_mean          | 250         |
|    ep_rew_mean          | 243         |
|    success_rate         | 0           |
| time/                   |             |
|    fps                  | 3839        |
|    iterations           | 487         |
|    time_elapsed         | 1039        |
|    total_timesteps      | 3989504     |
| train/                  |             |
|    approx_kl            | 0.016050704 |
|    clip_fraction        | 0.207       |
|    clip_range           | 0.2         |
|    entropy_loss         | -8.74       |
|    explained_variance   | 0.985       |
|    learning_rate        | 0.0003      |
|    loss                 | -0.0392     |
|    n_updates            | 4860        |
|    policy_gradient_loss | -0.00808    |
|    std                  | 1.09        |
|    value_loss           | 0.085       |
-----------------------------------------
-----------------------------------------
| rollout/                |             |
|    ep_len_mean          | 250         |
|    ep_rew_mean          | 241         |
|    success_rate         | 0           |
| time/                   |             |
|    fps                  | 3840        |
|    iterations           | 488         |
|    time_elapsed         | 1040        |
|    total_timesteps      | 3997696     |
| train/                  |             |
|    approx_kl            | 0.013264243 |
|    clip_fraction        | 0.211       |
|    clip_range           | 0.2         |
|    entropy_loss         | -8.74       |
|    explained_variance   | 0.99        |
|    learning_rate        | 0.0003      |
|    loss                 | -0.0456     |
|    n_updates            | 4870        |
|    policy_gradient_loss | -0.00724    |
|    std                  | 1.09        |
|    value_loss           | 0.0227      |
-----------------------------------------
Eval num_timesteps=4000000, episode_reward=243.72 +/- 0.66
Episode length: 250.00 +/- 0.00
Success rate: 0.00%
-----------------------------------------
| eval/                   |             |
|    mean_ep_length       | 250         |
|    mean_reward          | 244         |
|    success_rate         | 0           |
| time/                   |             |
|    total_timesteps      | 4000000     |
| train/                  |             |
|    approx_kl            | 0.016493395 |
|    clip_fraction        | 0.191       |
|    clip_range           | 0.2         |
|    entropy_loss         | -8.74       |
|    explained_variance   | 0.957       |
|    learning_rate        | 0.0003      |
|    loss                 | 0.826       |
|    n_updates            | 4880        |
|    policy_gradient_loss | -0.00828    |
|    std                  | 1.09        |
|    value_loss           | 2.24        |
-----------------------------------------
---------------------------------
| rollout/           |          |
|    ep_len_mean     | 250      |
|    ep_rew_mean     | 241      |
|    success_rate    | 0        |
| time/              |          |
|    fps             | 3839     |
|    iterations      | 489      |
|    time_elapsed    | 1043     |
|    total_timesteps | 4005888  |
---------------------------------
----------------------------------------
| rollout/                |            |
|    ep_len_mean          | 250        |
|    ep_rew_mean          | 239        |
|    success_rate         | 0          |
| time/                   |            |
|    fps                  | 3840       |
|    iterations           | 490        |
|    time_elapsed         | 1045       |
|    total_timesteps      | 4014080    |
| train/                  |            |
|    approx_kl            | 0.01715454 |
|    clip_fraction        | 0.22       |
|    clip_range           | 0.2        |
|    entropy_loss         | -8.74      |
|    explained_variance   | 0.983      |
|    learning_rate        | 0.0003     |
|    loss                 | -0.0549    |
|    n_updates            | 4890       |
|    policy_gradient_loss | -0.00659   |
|    std                  | 1.09       |
|    value_loss           | 0.0248     |
----------------------------------------
-----------------------------------------
| rollout/                |             |
|    ep_len_mean          | 250         |
|    ep_rew_mean          | 240         |
|    success_rate         | 0           |
| time/                   |             |
|    fps                  | 3840        |
|    iterations           | 491         |
|    time_elapsed         | 1047        |
|    total_timesteps      | 4022272     |
| train/                  |             |
|    approx_kl            | 0.013718002 |
|    clip_fraction        | 0.199       |
|    clip_range           | 0.2         |
|    entropy_loss         | -8.75       |
|    explained_variance   | 0.961       |
|    learning_rate        | 0.0003      |
|    loss                 | 1.64        |
|    n_updates            | 4900        |
|    policy_gradient_loss | -0.00933    |
|    std                  | 1.09        |
|    value_loss           | 1.99        |
-----------------------------------------
Eval num_timesteps=4025000, episode_reward=243.46 +/- 0.80
Episode length: 250.00 +/- 0.00
Success rate: 0.00%
-----------------------------------------
| eval/                   |             |
|    mean_ep_length       | 250         |
|    mean_reward          | 243         |
|    success_rate         | 0           |
| time/                   |             |
|    total_timesteps      | 4025000     |
| train/                  |             |
|    approx_kl            | 0.016296865 |
|    clip_fraction        | 0.213       |
|    clip_range           | 0.2         |
|    entropy_loss         | -8.75       |
|    explained_variance   | 0.878       |
|    learning_rate        | 0.0003      |
|    loss                 | -0.0303     |
|    n_updates            | 4910        |
|    policy_gradient_loss | -0.00697    |
|    std                  | 1.09        |
|    value_loss           | 0.171       |
-----------------------------------------
---------------------------------
| rollout/           |          |
|    ep_len_mean     | 250      |
|    ep_rew_mean     | 238      |
|    success_rate    | 0        |
| time/              |          |
|    fps             | 3839     |
|    iterations      | 492      |
|    time_elapsed    | 1049     |
|    total_timesteps | 4030464  |
---------------------------------
-----------------------------------------
| rollout/                |             |
|    ep_len_mean          | 250         |
|    ep_rew_mean          | 240         |
|    success_rate         | 0           |
| time/                   |             |
|    fps                  | 3840        |
|    iterations           | 493         |
|    time_elapsed         | 1051        |
|    total_timesteps      | 4038656     |
| train/                  |             |
|    approx_kl            | 0.008092821 |
|    clip_fraction        | 0.102       |
|    clip_range           | 0.2         |
|    entropy_loss         | -8.77       |
|    explained_variance   | 0.951       |
|    learning_rate        | 0.0003      |
|    loss                 | 0.599       |
|    n_updates            | 4920        |
|    policy_gradient_loss | -0.00664    |
|    std                  | 1.1         |
|    value_loss           | 3.94        |
-----------------------------------------
----------------------------------------
| rollout/                |            |
|    ep_len_mean          | 250        |
|    ep_rew_mean          | 239        |
|    success_rate         | 0          |
| time/                   |            |
|    fps                  | 3841       |
|    iterations           | 494        |
|    time_elapsed         | 1053       |
|    total_timesteps      | 4046848    |
| train/                  |            |
|    approx_kl            | 0.00959373 |
|    clip_fraction        | 0.0753     |
|    clip_range           | 0.2        |
|    entropy_loss         | -8.79      |
|    explained_variance   | 0.928      |
|    learning_rate        | 0.0003     |
|    loss                 | 3.06       |
|    n_updates            | 4930       |
|    policy_gradient_loss | -0.00896   |
|    std                  | 1.1        |
|    value_loss           | 4.84       |
----------------------------------------
Eval num_timesteps=4050000, episode_reward=244.30 +/- 0.56
Episode length: 250.00 +/- 0.00
Success rate: 0.00%
-----------------------------------------
| eval/                   |             |
|    mean_ep_length       | 250         |
|    mean_reward          | 244         |
|    success_rate         | 0           |
| time/                   |             |
|    total_timesteps      | 4050000     |
| train/                  |             |
|    approx_kl            | 0.018091723 |
|    clip_fraction        | 0.23        |
|    clip_range           | 0.2         |
|    entropy_loss         | -8.8        |
|    explained_variance   | 0.976       |
|    learning_rate        | 0.0003      |
|    loss                 | -0.0451     |
|    n_updates            | 4940        |
|    policy_gradient_loss | -0.00182    |
|    std                  | 1.1         |
|    value_loss           | 0.0877      |
-----------------------------------------
---------------------------------
| rollout/           |          |
|    ep_len_mean     | 250      |
|    ep_rew_mean     | 242      |
|    success_rate    | 0        |
| time/              |          |
|    fps             | 3839     |
|    iterations      | 495      |
|    time_elapsed    | 1056     |
|    total_timesteps | 4055040  |
---------------------------------
-----------------------------------------
| rollout/                |             |
|    ep_len_mean          | 250         |
|    ep_rew_mean          | 240         |
|    success_rate         | 0           |
| time/                   |             |
|    fps                  | 3840        |
|    iterations           | 496         |
|    time_elapsed         | 1057        |
|    total_timesteps      | 4063232     |
| train/                  |             |
|    approx_kl            | 0.032942526 |
|    clip_fraction        | 0.234       |
|    clip_range           | 0.2         |
|    entropy_loss         | -8.79       |
|    explained_variance   | 0.92        |
|    learning_rate        | 0.0003      |
|    loss                 | 0.00824     |
|    n_updates            | 4950        |
|    policy_gradient_loss | -0.00628    |
|    std                  | 1.1         |
|    value_loss           | 2.77        |
-----------------------------------------
----------------------------------------
| rollout/                |            |
|    ep_len_mean          | 250        |
|    ep_rew_mean          | 241        |
|    success_rate         | 0          |
| time/                   |            |
|    fps                  | 3841       |
|    iterations           | 497        |
|    time_elapsed         | 1059       |
|    total_timesteps      | 4071424    |
| train/                  |            |
|    approx_kl            | 0.10432576 |
|    clip_fraction        | 0.221      |
|    clip_range           | 0.2        |
|    entropy_loss         | -8.81      |
|    explained_variance   | 0.98       |
|    learning_rate        | 0.0003     |
|    loss                 | -0.0416    |
|    n_updates            | 4960       |
|    policy_gradient_loss | -0.0108    |
|    std                  | 1.1        |
|    value_loss           | 0.128      |
----------------------------------------
Eval num_timesteps=4075000, episode_reward=243.63 +/- 1.47
Episode length: 250.00 +/- 0.00
Success rate: 0.00%
-----------------------------------------
| eval/                   |             |
|    mean_ep_length       | 250         |
|    mean_reward          | 244         |
|    success_rate         | 0           |
| time/                   |             |
|    total_timesteps      | 4075000     |
| train/                  |             |
|    approx_kl            | 0.015239067 |
|    clip_fraction        | 0.246       |
|    clip_range           | 0.2         |
|    entropy_loss         | -8.82       |
|    explained_variance   | 0.991       |
|    learning_rate        | 0.0003      |
|    loss                 | -0.0467     |
|    n_updates            | 4970        |
|    policy_gradient_loss | -0.00641    |
|    std                  | 1.11        |
|    value_loss           | 0.0233      |
-----------------------------------------
---------------------------------
| rollout/           |          |
|    ep_len_mean     | 250      |
|    ep_rew_mean     | 241      |
|    success_rate    | 0        |
| time/              |          |
|    fps             | 3840     |
|    iterations      | 498      |
|    time_elapsed    | 1062     |
|    total_timesteps | 4079616  |
---------------------------------
-----------------------------------------
| rollout/                |             |
|    ep_len_mean          | 250         |
|    ep_rew_mean          | 243         |
|    success_rate         | 0           |
| time/                   |             |
|    fps                  | 3841        |
|    iterations           | 499         |
|    time_elapsed         | 1064        |
|    total_timesteps      | 4087808     |
| train/                  |             |
|    approx_kl            | 0.015405396 |
|    clip_fraction        | 0.215       |
|    clip_range           | 0.2         |
|    entropy_loss         | -8.81       |
|    explained_variance   | 0.991       |
|    learning_rate        | 0.0003      |
|    loss                 | -0.0534     |
|    n_updates            | 4980        |
|    policy_gradient_loss | -0.00826    |
|    std                  | 1.1         |
|    value_loss           | 0.0264      |
-----------------------------------------
-----------------------------------------
| rollout/                |             |
|    ep_len_mean          | 250         |
|    ep_rew_mean          | 243         |
|    success_rate         | 0           |
| time/                   |             |
|    fps                  | 3841        |
|    iterations           | 500         |
|    time_elapsed         | 1066        |
|    total_timesteps      | 4096000     |
| train/                  |             |
|    approx_kl            | 0.016363015 |
|    clip_fraction        | 0.214       |
|    clip_range           | 0.2         |
|    entropy_loss         | -8.79       |
|    explained_variance   | 0.996       |
|    learning_rate        | 0.0003      |
|    loss                 | -0.044      |
|    n_updates            | 4990        |
|    policy_gradient_loss | -0.00669    |
|    std                  | 1.1         |
|    value_loss           | 0.0108      |
-----------------------------------------
Eval num_timesteps=4100000, episode_reward=243.98 +/- 1.02
Episode length: 250.00 +/- 0.00
Success rate: 0.00%
----------------------------------------
| eval/                   |            |
|    mean_ep_length       | 250        |
|    mean_reward          | 244        |
|    success_rate         | 0          |
| time/                   |            |
|    total_timesteps      | 4100000    |
| train/                  |            |
|    approx_kl            | 0.01161081 |
|    clip_fraction        | 0.173      |
|    clip_range           | 0.2        |
|    entropy_loss         | -8.76      |
|    explained_variance   | 0.996      |
|    learning_rate        | 0.0003     |
|    loss                 | -0.0479    |
|    n_updates            | 5000       |
|    policy_gradient_loss | -0.00979   |
|    std                  | 1.09       |
|    value_loss           | 0.0132     |
----------------------------------------
---------------------------------
| rollout/           |          |
|    ep_len_mean     | 250      |
|    ep_rew_mean     | 243      |
|    success_rate    | 0        |
| time/              |          |
|    fps             | 3840     |
|    iterations      | 501      |
|    time_elapsed    | 1068     |
|    total_timesteps | 4104192  |
---------------------------------
-----------------------------------------
| rollout/                |             |
|    ep_len_mean          | 250         |
|    ep_rew_mean          | 242         |
|    success_rate         | 0           |
| time/                   |             |
|    fps                  | 3841        |
|    iterations           | 502         |
|    time_elapsed         | 1070        |
|    total_timesteps      | 4112384     |
| train/                  |             |
|    approx_kl            | 0.014154499 |
|    clip_fraction        | 0.184       |
|    clip_range           | 0.2         |
|    entropy_loss         | -8.75       |
|    explained_variance   | 0.995       |
|    learning_rate        | 0.0003      |
|    loss                 | -0.0434     |
|    n_updates            | 5010        |
|    policy_gradient_loss | -0.00889    |
|    std                  | 1.09        |
|    value_loss           | 0.0209      |
-----------------------------------------
-----------------------------------------
| rollout/                |             |
|    ep_len_mean          | 250         |
|    ep_rew_mean          | 240         |
|    success_rate         | 0           |
| time/                   |             |
|    fps                  | 3842        |
|    iterations           | 503         |
|    time_elapsed         | 1072        |
|    total_timesteps      | 4120576     |
| train/                  |             |
|    approx_kl            | 0.014385851 |
|    clip_fraction        | 0.227       |
|    clip_range           | 0.2         |
|    entropy_loss         | -8.76       |
|    explained_variance   | 0.944       |
|    learning_rate        | 0.0003      |
|    loss                 | 1.75        |
|    n_updates            | 5020        |
|    policy_gradient_loss | -0.0035     |
|    std                  | 1.1         |
|    value_loss           | 1.6         |
-----------------------------------------
Eval num_timesteps=4125000, episode_reward=244.01 +/- 0.61
Episode length: 250.00 +/- 0.00
Success rate: 0.00%
-----------------------------------------
| eval/                   |             |
|    mean_ep_length       | 250         |
|    mean_reward          | 244         |
|    success_rate         | 0           |
| time/                   |             |
|    total_timesteps      | 4125000     |
| train/                  |             |
|    approx_kl            | 0.027043907 |
|    clip_fraction        | 0.242       |
|    clip_range           | 0.2         |
|    entropy_loss         | -8.78       |
|    explained_variance   | 0.974       |
|    learning_rate        | 0.0003      |
|    loss                 | -0.00549    |
|    n_updates            | 5030        |
|    policy_gradient_loss | -0.00366    |
|    std                  | 1.09        |
|    value_loss           | 3.16        |
-----------------------------------------
---------------------------------
| rollout/           |          |
|    ep_len_mean     | 250      |
|    ep_rew_mean     | 240      |
|    success_rate    | 0        |
| time/              |          |
|    fps             | 3841     |
|    iterations      | 504      |
|    time_elapsed    | 1074     |
|    total_timesteps | 4128768  |
---------------------------------
-----------------------------------------
| rollout/                |             |
|    ep_len_mean          | 250         |
|    ep_rew_mean          | 240         |
|    success_rate         | 0           |
| time/                   |             |
|    fps                  | 3842        |
|    iterations           | 505         |
|    time_elapsed         | 1076        |
|    total_timesteps      | 4136960     |
| train/                  |             |
|    approx_kl            | 0.019031497 |
|    clip_fraction        | 0.253       |
|    clip_range           | 0.2         |
|    entropy_loss         | -8.78       |
|    explained_variance   | 0.871       |
|    learning_rate        | 0.0003      |
|    loss                 | 0.103       |
|    n_updates            | 5040        |
|    policy_gradient_loss | -0.0086     |
|    std                  | 1.1         |
|    value_loss           | 0.442       |
-----------------------------------------
-----------------------------------------
| rollout/                |             |
|    ep_len_mean          | 250         |
|    ep_rew_mean          | 243         |
|    success_rate         | 0           |
| time/                   |             |
|    fps                  | 3842        |
|    iterations           | 506         |
|    time_elapsed         | 1078        |
|    total_timesteps      | 4145152     |
| train/                  |             |
|    approx_kl            | 0.019429412 |
|    clip_fraction        | 0.238       |
|    clip_range           | 0.2         |
|    entropy_loss         | -8.76       |
|    explained_variance   | 0.981       |
|    learning_rate        | 0.0003      |
|    loss                 | -0.0278     |
|    n_updates            | 5050        |
|    policy_gradient_loss | -0.00582    |
|    std                  | 1.09        |
|    value_loss           | 0.064       |
-----------------------------------------
Eval num_timesteps=4150000, episode_reward=243.86 +/- 0.98
Episode length: 250.00 +/- 0.00
Success rate: 0.00%
-----------------------------------------
| eval/                   |             |
|    mean_ep_length       | 250         |
|    mean_reward          | 244         |
|    success_rate         | 0           |
| time/                   |             |
|    total_timesteps      | 4150000     |
| train/                  |             |
|    approx_kl            | 0.017428134 |
|    clip_fraction        | 0.251       |
|    clip_range           | 0.2         |
|    entropy_loss         | -8.72       |
|    explained_variance   | 0.989       |
|    learning_rate        | 0.0003      |
|    loss                 | -0.0603     |
|    n_updates            | 5060        |
|    policy_gradient_loss | -0.00596    |
|    std                  | 1.08        |
|    value_loss           | 0.0233      |
-----------------------------------------
---------------------------------
| rollout/           |          |
|    ep_len_mean     | 250      |
|    ep_rew_mean     | 243      |
|    success_rate    | 0        |
| time/              |          |
|    fps             | 3841     |
|    iterations      | 507      |
|    time_elapsed    | 1081     |
|    total_timesteps | 4153344  |
---------------------------------
-----------------------------------------
| rollout/                |             |
|    ep_len_mean          | 250         |
|    ep_rew_mean          | 240         |
|    success_rate         | 0           |
| time/                   |             |
|    fps                  | 3842        |
|    iterations           | 508         |
|    time_elapsed         | 1083        |
|    total_timesteps      | 4161536     |
| train/                  |             |
|    approx_kl            | 0.013382279 |
|    clip_fraction        | 0.239       |
|    clip_range           | 0.2         |
|    entropy_loss         | -8.67       |
|    explained_variance   | 0.993       |
|    learning_rate        | 0.0003      |
|    loss                 | -0.0586     |
|    n_updates            | 5070        |
|    policy_gradient_loss | -0.00902    |
|    std                  | 1.07        |
|    value_loss           | 0.0184      |
-----------------------------------------
-----------------------------------------
| rollout/                |             |
|    ep_len_mean          | 250         |
|    ep_rew_mean          | 240         |
|    success_rate         | 0           |
| time/                   |             |
|    fps                  | 3843        |
|    iterations           | 509         |
|    time_elapsed         | 1084        |
|    total_timesteps      | 4169728     |
| train/                  |             |
|    approx_kl            | 0.014275918 |
|    clip_fraction        | 0.16        |
|    clip_range           | 0.2         |
|    entropy_loss         | -8.67       |
|    explained_variance   | 0.938       |
|    learning_rate        | 0.0003      |
|    loss                 | -0.00379    |
|    n_updates            | 5080        |
|    policy_gradient_loss | -0.00193    |
|    std                  | 1.08        |
|    value_loss           | 1.69        |
-----------------------------------------
Eval num_timesteps=4175000, episode_reward=242.43 +/- 0.99
Episode length: 250.00 +/- 0.00
Success rate: 0.00%
-----------------------------------------
| eval/                   |             |
|    mean_ep_length       | 250         |
|    mean_reward          | 242         |
|    success_rate         | 0           |
| time/                   |             |
|    total_timesteps      | 4175000     |
| train/                  |             |
|    approx_kl            | 0.016132131 |
|    clip_fraction        | 0.217       |
|    clip_range           | 0.2         |
|    entropy_loss         | -8.66       |
|    explained_variance   | 0.849       |
|    learning_rate        | 0.0003      |
|    loss                 | -0.0484     |
|    n_updates            | 5090        |
|    policy_gradient_loss | -0.00719    |
|    std                  | 1.07        |
|    value_loss           | 0.0649      |
-----------------------------------------
---------------------------------
| rollout/           |          |
|    ep_len_mean     | 250      |
|    ep_rew_mean     | 240      |
|    success_rate    | 0        |
| time/              |          |
|    fps             | 3842     |
|    iterations      | 510      |
|    time_elapsed    | 1087     |
|    total_timesteps | 4177920  |
---------------------------------
-----------------------------------------
| rollout/                |             |
|    ep_len_mean          | 250         |
|    ep_rew_mean          | 242         |
|    success_rate         | 0           |
| time/                   |             |
|    fps                  | 3842        |
|    iterations           | 511         |
|    time_elapsed         | 1089        |
|    total_timesteps      | 4186112     |
| train/                  |             |
|    approx_kl            | 0.018980518 |
|    clip_fraction        | 0.25        |
|    clip_range           | 0.2         |
|    entropy_loss         | -8.66       |
|    explained_variance   | 0.951       |
|    learning_rate        | 0.0003      |
|    loss                 | 0.237       |
|    n_updates            | 5100        |
|    policy_gradient_loss | -0.00788    |
|    std                  | 1.08        |
|    value_loss           | 0.389       |
-----------------------------------------
-----------------------------------------
| rollout/                |             |
|    ep_len_mean          | 250         |
|    ep_rew_mean          | 239         |
|    success_rate         | 0           |
| time/                   |             |
|    fps                  | 3843        |
|    iterations           | 512         |
|    time_elapsed         | 1091        |
|    total_timesteps      | 4194304     |
| train/                  |             |
|    approx_kl            | 0.014232505 |
|    clip_fraction        | 0.207       |
|    clip_range           | 0.2         |
|    entropy_loss         | -8.68       |
|    explained_variance   | 0.961       |
|    learning_rate        | 0.0003      |
|    loss                 | 0.291       |
|    n_updates            | 5110        |
|    policy_gradient_loss | -0.00977    |
|    std                  | 1.08        |
|    value_loss           | 1.4         |
-----------------------------------------
Eval num_timesteps=4200000, episode_reward=243.35 +/- 1.28
Episode length: 250.00 +/- 0.00
Success rate: 0.00%
-----------------------------------------
| eval/                   |             |
|    mean_ep_length       | 250         |
|    mean_reward          | 243         |
|    success_rate         | 0           |
| time/                   |             |
|    total_timesteps      | 4200000     |
| train/                  |             |
|    approx_kl            | 0.019139135 |
|    clip_fraction        | 0.243       |
|    clip_range           | 0.2         |
|    entropy_loss         | -8.69       |
|    explained_variance   | 0.973       |
|    learning_rate        | 0.0003      |
|    loss                 | -0.0201     |
|    n_updates            | 5120        |
|    policy_gradient_loss | -0.00398    |
|    std                  | 1.08        |
|    value_loss           | 0.645       |
-----------------------------------------
---------------------------------
| rollout/           |          |
|    ep_len_mean     | 250      |
|    ep_rew_mean     | 239      |
|    success_rate    | 0        |
| time/              |          |
|    fps             | 3842     |
|    iterations      | 513      |
|    time_elapsed    | 1093     |
|    total_timesteps | 4202496  |
---------------------------------
----------------------------------------
| rollout/                |            |
|    ep_len_mean          | 250        |
|    ep_rew_mean          | 240        |
|    success_rate         | 0          |
| time/                   |            |
|    fps                  | 3843       |
|    iterations           | 514        |
|    time_elapsed         | 1095       |
|    total_timesteps      | 4210688    |
| train/                  |            |
|    approx_kl            | 0.02524831 |
|    clip_fraction        | 0.34       |
|    clip_range           | 0.2        |
|    entropy_loss         | -8.69      |
|    explained_variance   | 0.854      |
|    learning_rate        | 0.0003     |
|    loss                 | -0.0382    |
|    n_updates            | 5130       |
|    policy_gradient_loss | -0.00213   |
|    std                  | 1.08       |
|    value_loss           | 0.166      |
----------------------------------------
-----------------------------------------
| rollout/                |             |
|    ep_len_mean          | 250         |
|    ep_rew_mean          | 243         |
|    success_rate         | 0           |
| time/                   |             |
|    fps                  | 3844        |
|    iterations           | 515         |
|    time_elapsed         | 1097        |
|    total_timesteps      | 4218880     |
| train/                  |             |
|    approx_kl            | 0.019856617 |
|    clip_fraction        | 0.218       |
|    clip_range           | 0.2         |
|    entropy_loss         | -8.69       |
|    explained_variance   | 0.991       |
|    learning_rate        | 0.0003      |
|    loss                 | -0.0409     |
|    n_updates            | 5140        |
|    policy_gradient_loss | -0.0075     |
|    std                  | 1.08        |
|    value_loss           | 0.0226      |
-----------------------------------------
Eval num_timesteps=4225000, episode_reward=244.28 +/- 0.83
Episode length: 250.00 +/- 0.00
Success rate: 0.00%
-----------------------------------------
| eval/                   |             |
|    mean_ep_length       | 250         |
|    mean_reward          | 244         |
|    success_rate         | 0           |
| time/                   |             |
|    total_timesteps      | 4225000     |
| train/                  |             |
|    approx_kl            | 0.014318257 |
|    clip_fraction        | 0.192       |
|    clip_range           | 0.2         |
|    entropy_loss         | -8.68       |
|    explained_variance   | 0.978       |
|    learning_rate        | 0.0003      |
|    loss                 | -0.0384     |
|    n_updates            | 5150        |
|    policy_gradient_loss | -0.0081     |
|    std                  | 1.08        |
|    value_loss           | 0.0911      |
-----------------------------------------
---------------------------------
| rollout/           |          |
|    ep_len_mean     | 250      |
|    ep_rew_mean     | 243      |
|    success_rate    | 0        |
| time/              |          |
|    fps             | 3842     |
|    iterations      | 516      |
|    time_elapsed    | 1099     |
|    total_timesteps | 4227072  |
---------------------------------
-----------------------------------------
| rollout/                |             |
|    ep_len_mean          | 250         |
|    ep_rew_mean          | 243         |
|    success_rate         | 0           |
| time/                   |             |
|    fps                  | 3843        |
|    iterations           | 517         |
|    time_elapsed         | 1101        |
|    total_timesteps      | 4235264     |
| train/                  |             |
|    approx_kl            | 0.017775921 |
|    clip_fraction        | 0.248       |
|    clip_range           | 0.2         |
|    entropy_loss         | -8.66       |
|    explained_variance   | 0.992       |
|    learning_rate        | 0.0003      |
|    loss                 | -0.0586     |
|    n_updates            | 5160        |
|    policy_gradient_loss | -0.00809    |
|    std                  | 1.08        |
|    value_loss           | 0.0219      |
-----------------------------------------
-----------------------------------------
| rollout/                |             |
|    ep_len_mean          | 250         |
|    ep_rew_mean          | 242         |
|    success_rate         | 0           |
| time/                   |             |
|    fps                  | 3843        |
|    iterations           | 518         |
|    time_elapsed         | 1104        |
|    total_timesteps      | 4243456     |
| train/                  |             |
|    approx_kl            | 0.018658105 |
|    clip_fraction        | 0.267       |
|    clip_range           | 0.2         |
|    entropy_loss         | -8.66       |
|    explained_variance   | 0.981       |
|    learning_rate        | 0.0003      |
|    loss                 | -0.0405     |
|    n_updates            | 5170        |
|    policy_gradient_loss | -0.00827    |
|    std                  | 1.08        |
|    value_loss           | 0.0291      |
-----------------------------------------
Eval num_timesteps=4250000, episode_reward=242.68 +/- 1.42
Episode length: 250.00 +/- 0.00
Success rate: 0.00%
-----------------------------------------
| eval/                   |             |
|    mean_ep_length       | 250         |
|    mean_reward          | 243         |
|    success_rate         | 0           |
| time/                   |             |
|    total_timesteps      | 4250000     |
| train/                  |             |
|    approx_kl            | 0.013826566 |
|    clip_fraction        | 0.223       |
|    clip_range           | 0.2         |
|    entropy_loss         | -8.68       |
|    explained_variance   | 0.987       |
|    learning_rate        | 0.0003      |
|    loss                 | -0.0449     |
|    n_updates            | 5180        |
|    policy_gradient_loss | -0.00682    |
|    std                  | 1.08        |
|    value_loss           | 0.0733      |
-----------------------------------------
---------------------------------
| rollout/           |          |
|    ep_len_mean     | 250      |
|    ep_rew_mean     | 243      |
|    success_rate    | 0        |
| time/              |          |
|    fps             | 3842     |
|    iterations      | 519      |
|    time_elapsed    | 1106     |
|    total_timesteps | 4251648  |
---------------------------------
-----------------------------------------
| rollout/                |             |
|    ep_len_mean          | 250         |
|    ep_rew_mean          | 243         |
|    success_rate         | 0           |
| time/                   |             |
|    fps                  | 3843        |
|    iterations           | 520         |
|    time_elapsed         | 1108        |
|    total_timesteps      | 4259840     |
| train/                  |             |
|    approx_kl            | 0.018900592 |
|    clip_fraction        | 0.215       |
|    clip_range           | 0.2         |
|    entropy_loss         | -8.67       |
|    explained_variance   | 0.991       |
|    learning_rate        | 0.0003      |
|    loss                 | -0.0362     |
|    n_updates            | 5190        |
|    policy_gradient_loss | -0.0119     |
|    std                  | 1.08        |
|    value_loss           | 0.0204      |
-----------------------------------------
-----------------------------------------
| rollout/                |             |
|    ep_len_mean          | 250         |
|    ep_rew_mean          | 243         |
|    success_rate         | 0           |
| time/                   |             |
|    fps                  | 3843        |
|    iterations           | 521         |
|    time_elapsed         | 1110        |
|    total_timesteps      | 4268032     |
| train/                  |             |
|    approx_kl            | 0.012947995 |
|    clip_fraction        | 0.198       |
|    clip_range           | 0.2         |
|    entropy_loss         | -8.64       |
|    explained_variance   | 0.994       |
|    learning_rate        | 0.0003      |
|    loss                 | -0.0365     |
|    n_updates            | 5200        |
|    policy_gradient_loss | -0.0109     |
|    std                  | 1.07        |
|    value_loss           | 0.0177      |
-----------------------------------------
Eval num_timesteps=4275000, episode_reward=243.35 +/- 1.19
Episode length: 250.00 +/- 0.00
Success rate: 0.00%
----------------------------------------
| eval/                   |            |
|    mean_ep_length       | 250        |
|    mean_reward          | 243        |
|    success_rate         | 0          |
| time/                   |            |
|    total_timesteps      | 4275000    |
| train/                  |            |
|    approx_kl            | 0.01574059 |
|    clip_fraction        | 0.217      |
|    clip_range           | 0.2        |
|    entropy_loss         | -8.63      |
|    explained_variance   | 0.996      |
|    learning_rate        | 0.0003     |
|    loss                 | -0.0457    |
|    n_updates            | 5210       |
|    policy_gradient_loss | -0.00998   |
|    std                  | 1.07       |
|    value_loss           | 0.0153     |
----------------------------------------
---------------------------------
| rollout/           |          |
|    ep_len_mean     | 250      |
|    ep_rew_mean     | 238      |
|    success_rate    | 0        |
| time/              |          |
|    fps             | 3842     |
|    iterations      | 522      |
|    time_elapsed    | 1112     |
|    total_timesteps | 4276224  |
---------------------------------
------------------------------------------
| rollout/                |              |
|    ep_len_mean          | 250          |
|    ep_rew_mean          | 235          |
|    success_rate         | 0            |
| time/                   |              |
|    fps                  | 3843         |
|    iterations           | 523          |
|    time_elapsed         | 1114         |
|    total_timesteps      | 4284416      |
| train/                  |              |
|    approx_kl            | 0.0069711497 |
|    clip_fraction        | 0.0955       |
|    clip_range           | 0.2          |
|    entropy_loss         | -8.63        |
|    explained_variance   | 0.956        |
|    learning_rate        | 0.0003       |
|    loss                 | 4.4          |
|    n_updates            | 5220         |
|    policy_gradient_loss | -0.00861     |
|    std                  | 1.07         |
|    value_loss           | 4.34         |
------------------------------------------
-----------------------------------------
| rollout/                |             |
|    ep_len_mean          | 250         |
|    ep_rew_mean          | 232         |
|    success_rate         | 0           |
| time/                   |             |
|    fps                  | 3843        |
|    iterations           | 524         |
|    time_elapsed         | 1116        |
|    total_timesteps      | 4292608     |
| train/                  |             |
|    approx_kl            | 0.090795666 |
|    clip_fraction        | 0.252       |
|    clip_range           | 0.2         |
|    entropy_loss         | -8.64       |
|    explained_variance   | 0.993       |
|    learning_rate        | 0.0003      |
|    loss                 | -0.0531     |
|    n_updates            | 5230        |
|    policy_gradient_loss | -0.015      |
|    std                  | 1.07        |
|    value_loss           | 0.0961      |
-----------------------------------------
Eval num_timesteps=4300000, episode_reward=243.64 +/- 1.13
Episode length: 250.00 +/- 0.00
Success rate: 0.00%
-----------------------------------------
| eval/                   |             |
|    mean_ep_length       | 250         |
|    mean_reward          | 244         |
|    success_rate         | 0           |
| time/                   |             |
|    total_timesteps      | 4300000     |
| train/                  |             |
|    approx_kl            | 0.012226319 |
|    clip_fraction        | 0.137       |
|    clip_range           | 0.2         |
|    entropy_loss         | -8.64       |
|    explained_variance   | 0.969       |
|    learning_rate        | 0.0003      |
|    loss                 | 4.59        |
|    n_updates            | 5240        |
|    policy_gradient_loss | -0.0023     |
|    std                  | 1.08        |
|    value_loss           | 4.35        |
-----------------------------------------
---------------------------------
| rollout/           |          |
|    ep_len_mean     | 250      |
|    ep_rew_mean     | 235      |
|    success_rate    | 0        |
| time/              |          |
|    fps             | 3842     |
|    iterations      | 525      |
|    time_elapsed    | 1119     |
|    total_timesteps | 4300800  |
---------------------------------
-----------------------------------------
| rollout/                |             |
|    ep_len_mean          | 250         |
|    ep_rew_mean          | 240         |
|    success_rate         | 0           |
| time/                   |             |
|    fps                  | 3843        |
|    iterations           | 526         |
|    time_elapsed         | 1121        |
|    total_timesteps      | 4308992     |
| train/                  |             |
|    approx_kl            | 0.018342849 |
|    clip_fraction        | 0.239       |
|    clip_range           | 0.2         |
|    entropy_loss         | -8.65       |
|    explained_variance   | 0.984       |
|    learning_rate        | 0.0003      |
|    loss                 | -0.0401     |
|    n_updates            | 5250        |
|    policy_gradient_loss | -0.00555    |
|    std                  | 1.08        |
|    value_loss           | 0.0231      |
-----------------------------------------
-----------------------------------------
| rollout/                |             |
|    ep_len_mean          | 250         |
|    ep_rew_mean          | 242         |
|    success_rate         | 0           |
| time/                   |             |
|    fps                  | 3844        |
|    iterations           | 527         |
|    time_elapsed         | 1123        |
|    total_timesteps      | 4317184     |
| train/                  |             |
|    approx_kl            | 0.018673131 |
|    clip_fraction        | 0.251       |
|    clip_range           | 0.2         |
|    entropy_loss         | -8.66       |
|    explained_variance   | 0.716       |
|    learning_rate        | 0.0003      |
|    loss                 | -0.0216     |
|    n_updates            | 5260        |
|    policy_gradient_loss | -0.00795    |
|    std                  | 1.08        |
|    value_loss           | 0.287       |
-----------------------------------------
Eval num_timesteps=4325000, episode_reward=243.61 +/- 0.25
Episode length: 250.00 +/- 0.00
Success rate: 0.00%
-----------------------------------------
| eval/                   |             |
|    mean_ep_length       | 250         |
|    mean_reward          | 244         |
|    success_rate         | 0           |
| time/                   |             |
|    total_timesteps      | 4325000     |
| train/                  |             |
|    approx_kl            | 0.015773457 |
|    clip_fraction        | 0.172       |
|    clip_range           | 0.2         |
|    entropy_loss         | -8.68       |
|    explained_variance   | 0.943       |
|    learning_rate        | 0.0003      |
|    loss                 | 0.289       |
|    n_updates            | 5270        |
|    policy_gradient_loss | -0.012      |
|    std                  | 1.09        |
|    value_loss           | 1.34        |
-----------------------------------------
---------------------------------
| rollout/           |          |
|    ep_len_mean     | 250      |
|    ep_rew_mean     | 237      |
|    success_rate    | 0        |
| time/              |          |
|    fps             | 3843     |
|    iterations      | 528      |
|    time_elapsed    | 1125     |
|    total_timesteps | 4325376  |
---------------------------------
-----------------------------------------
| rollout/                |             |
|    ep_len_mean          | 250         |
|    ep_rew_mean          | 237         |
|    success_rate         | 0           |
| time/                   |             |
|    fps                  | 3843        |
|    iterations           | 529         |
|    time_elapsed         | 1127        |
|    total_timesteps      | 4333568     |
| train/                  |             |
|    approx_kl            | 0.006926343 |
|    clip_fraction        | 0.114       |
|    clip_range           | 0.2         |
|    entropy_loss         | -8.7        |
|    explained_variance   | 0.969       |
|    learning_rate        | 0.0003      |
|    loss                 | 3.44        |
|    n_updates            | 5280        |
|    policy_gradient_loss | -0.00816    |
|    std                  | 1.09        |
|    value_loss           | 8.04        |
-----------------------------------------
-----------------------------------------
| rollout/                |             |
|    ep_len_mean          | 250         |
|    ep_rew_mean          | 237         |
|    success_rate         | 0           |
| time/                   |             |
|    fps                  | 3844        |
|    iterations           | 530         |
|    time_elapsed         | 1129        |
|    total_timesteps      | 4341760     |
| train/                  |             |
|    approx_kl            | 0.016625855 |
|    clip_fraction        | 0.238       |
|    clip_range           | 0.2         |
|    entropy_loss         | -8.71       |
|    explained_variance   | 0.927       |
|    learning_rate        | 0.0003      |
|    loss                 | -0.0349     |
|    n_updates            | 5290        |
|    policy_gradient_loss | -0.0066     |
|    std                  | 1.09        |
|    value_loss           | 0.0489      |
-----------------------------------------
-----------------------------------------
| rollout/                |             |
|    ep_len_mean          | 250         |
|    ep_rew_mean          | 240         |
|    success_rate         | 0           |
| time/                   |             |
|    fps                  | 3845        |
|    iterations           | 531         |
|    time_elapsed         | 1131        |
|    total_timesteps      | 4349952     |
| train/                  |             |
|    approx_kl            | 0.019208666 |
|    clip_fraction        | 0.267       |
|    clip_range           | 0.2         |
|    entropy_loss         | -8.7        |
|    explained_variance   | 0.989       |
|    learning_rate        | 0.0003      |
|    loss                 | -0.0426     |
|    n_updates            | 5300        |
|    policy_gradient_loss | -0.00976    |
|    std                  | 1.09        |
|    value_loss           | 0.0177      |
-----------------------------------------
Eval num_timesteps=4350000, episode_reward=242.99 +/- 0.92
Episode length: 250.00 +/- 0.00
Success rate: 0.00%
-----------------------------------------
| eval/                   |             |
|    mean_ep_length       | 250         |
|    mean_reward          | 243         |
|    success_rate         | 0           |
| time/                   |             |
|    total_timesteps      | 4350000     |
| train/                  |             |
|    approx_kl            | 0.013284894 |
|    clip_fraction        | 0.212       |
|    clip_range           | 0.2         |
|    entropy_loss         | -8.69       |
|    explained_variance   | 0.966       |
|    learning_rate        | 0.0003      |
|    loss                 | 0.027       |
|    n_updates            | 5310        |
|    policy_gradient_loss | -0.00397    |
|    std                  | 1.09        |
|    value_loss           | 3.81        |
-----------------------------------------
---------------------------------
| rollout/           |          |
|    ep_len_mean     | 250      |
|    ep_rew_mean     | 240      |
|    success_rate    | 0        |
| time/              |          |
|    fps             | 3844     |
|    iterations      | 532      |
|    time_elapsed    | 1133     |
|    total_timesteps | 4358144  |
---------------------------------
-----------------------------------------
| rollout/                |             |
|    ep_len_mean          | 250         |
|    ep_rew_mean          | 234         |
|    success_rate         | 0           |
| time/                   |             |
|    fps                  | 3844        |
|    iterations           | 533         |
|    time_elapsed         | 1135        |
|    total_timesteps      | 4366336     |
| train/                  |             |
|    approx_kl            | 0.019265972 |
|    clip_fraction        | 0.25        |
|    clip_range           | 0.2         |
|    entropy_loss         | -8.7        |
|    explained_variance   | 0.78        |
|    learning_rate        | 0.0003      |
|    loss                 | 0.979       |
|    n_updates            | 5320        |
|    policy_gradient_loss | -0.00477    |
|    std                  | 1.09        |
|    value_loss           | 0.839       |
-----------------------------------------
-----------------------------------------
| rollout/                |             |
|    ep_len_mean          | 250         |
|    ep_rew_mean          | 234         |
|    success_rate         | 0           |
| time/                   |             |
|    fps                  | 3845        |
|    iterations           | 534         |
|    time_elapsed         | 1137        |
|    total_timesteps      | 4374528     |
| train/                  |             |
|    approx_kl            | 0.026047487 |
|    clip_fraction        | 0.205       |
|    clip_range           | 0.2         |
|    entropy_loss         | -8.7        |
|    explained_variance   | 0.979       |
|    learning_rate        | 0.0003      |
|    loss                 | -0.00764    |
|    n_updates            | 5330        |
|    policy_gradient_loss | -0.00542    |
|    std                  | 1.09        |
|    value_loss           | 5.96        |
-----------------------------------------
Eval num_timesteps=4375000, episode_reward=243.97 +/- 0.70
Episode length: 250.00 +/- 0.00
Success rate: 0.00%
-----------------------------------------
| eval/                   |             |
|    mean_ep_length       | 250         |
|    mean_reward          | 244         |
|    success_rate         | 0           |
| time/                   |             |
|    total_timesteps      | 4375000     |
| train/                  |             |
|    approx_kl            | 0.005123788 |
|    clip_fraction        | 0.0996      |
|    clip_range           | 0.2         |
|    entropy_loss         | -8.71       |
|    explained_variance   | 0.946       |
|    learning_rate        | 0.0003      |
|    loss                 | 0.189       |
|    n_updates            | 5340        |
|    policy_gradient_loss | -0.00544    |
|    std                  | 1.09        |
|    value_loss           | 11.6        |
-----------------------------------------
---------------------------------
| rollout/           |          |
|    ep_len_mean     | 250      |
|    ep_rew_mean     | 229      |
|    success_rate    | 0        |
| time/              |          |
|    fps             | 3844     |
|    iterations      | 535      |
|    time_elapsed    | 1140     |
|    total_timesteps | 4382720  |
---------------------------------
----------------------------------------
| rollout/                |            |
|    ep_len_mean          | 250        |
|    ep_rew_mean          | 227        |
|    success_rate         | 0          |
| time/                   |            |
|    fps                  | 3844       |
|    iterations           | 536        |
|    time_elapsed         | 1142       |
|    total_timesteps      | 4390912    |
| train/                  |            |
|    approx_kl            | 0.01006746 |
|    clip_fraction        | 0.0801     |
|    clip_range           | 0.2        |
|    entropy_loss         | -8.71      |
|    explained_variance   | 0.974      |
|    learning_rate        | 0.0003     |
|    loss                 | 2.57       |
|    n_updates            | 5350       |
|    policy_gradient_loss | -0.00943   |
|    std                  | 1.09       |
|    value_loss           | 8.89       |
----------------------------------------
-----------------------------------------
| rollout/                |             |
|    ep_len_mean          | 250         |
|    ep_rew_mean          | 227         |
|    success_rate         | 0           |
| time/                   |             |
|    fps                  | 3845        |
|    iterations           | 537         |
|    time_elapsed         | 1143        |
|    total_timesteps      | 4399104     |
| train/                  |             |
|    approx_kl            | 0.006608512 |
|    clip_fraction        | 0.0649      |
|    clip_range           | 0.2         |
|    entropy_loss         | -8.71       |
|    explained_variance   | 0.975       |
|    learning_rate        | 0.0003      |
|    loss                 | 1.08        |
|    n_updates            | 5360        |
|    policy_gradient_loss | -0.00635    |
|    std                  | 1.09        |
|    value_loss           | 14.7        |
-----------------------------------------
Eval num_timesteps=4400000, episode_reward=243.14 +/- 0.73
Episode length: 250.00 +/- 0.00
Success rate: 0.00%
------------------------------------------
| eval/                   |              |
|    mean_ep_length       | 250          |
|    mean_reward          | 243          |
|    success_rate         | 0            |
| time/                   |              |
|    total_timesteps      | 4400000      |
| train/                  |              |
|    approx_kl            | 0.0066039413 |
|    clip_fraction        | 0.0844       |
|    clip_range           | 0.2          |
|    entropy_loss         | -8.71        |
|    explained_variance   | 0.961        |
|    learning_rate        | 0.0003       |
|    loss                 | 6.58         |
|    n_updates            | 5370         |
|    policy_gradient_loss | -0.00762     |
|    std                  | 1.09         |
|    value_loss           | 15.6         |
------------------------------------------
---------------------------------
| rollout/           |          |
|    ep_len_mean     | 250      |
|    ep_rew_mean     | 232      |
|    success_rate    | 0        |
| time/              |          |
|    fps             | 3844     |
|    iterations      | 538      |
|    time_elapsed    | 1146     |
|    total_timesteps | 4407296  |
---------------------------------
----------------------------------------
| rollout/                |            |
|    ep_len_mean          | 250        |
|    ep_rew_mean          | 238        |
|    success_rate         | 0          |
| time/                   |            |
|    fps                  | 3845       |
|    iterations           | 539        |
|    time_elapsed         | 1148       |
|    total_timesteps      | 4415488    |
| train/                  |            |
|    approx_kl            | 0.03537292 |
|    clip_fraction        | 0.362      |
|    clip_range           | 0.2        |
|    entropy_loss         | -8.72      |
|    explained_variance   | 0.974      |
|    learning_rate        | 0.0003     |
|    loss                 | 0.0772     |
|    n_updates            | 5380       |
|    policy_gradient_loss | 0.000264   |
|    std                  | 1.09       |
|    value_loss           | 0.268      |
----------------------------------------
-----------------------------------------
| rollout/                |             |
|    ep_len_mean          | 250         |
|    ep_rew_mean          | 241         |
|    success_rate         | 0           |
| time/                   |             |
|    fps                  | 3845        |
|    iterations           | 540         |
|    time_elapsed         | 1150        |
|    total_timesteps      | 4423680     |
| train/                  |             |
|    approx_kl            | 0.025502406 |
|    clip_fraction        | 0.322       |
|    clip_range           | 0.2         |
|    entropy_loss         | -8.7        |
|    explained_variance   | 0.965       |
|    learning_rate        | 0.0003      |
|    loss                 | -0.0528     |
|    n_updates            | 5390        |
|    policy_gradient_loss | -0.00778    |
|    std                  | 1.08        |
|    value_loss           | 0.0306      |
-----------------------------------------
Eval num_timesteps=4425000, episode_reward=243.14 +/- 0.80
Episode length: 250.00 +/- 0.00
Success rate: 0.00%
----------------------------------------
| eval/                   |            |
|    mean_ep_length       | 250        |
|    mean_reward          | 243        |
|    success_rate         | 0          |
| time/                   |            |
|    total_timesteps      | 4425000    |
| train/                  |            |
|    approx_kl            | 0.01958209 |
|    clip_fraction        | 0.28       |
|    clip_range           | 0.2        |
|    entropy_loss         | -8.68      |
|    explained_variance   | 0.993      |
|    learning_rate        | 0.0003     |
|    loss                 | -0.0508    |
|    n_updates            | 5400       |
|    policy_gradient_loss | -0.00991   |
|    std                  | 1.08       |
|    value_loss           | 0.0127     |
----------------------------------------
---------------------------------
| rollout/           |          |
|    ep_len_mean     | 250      |
|    ep_rew_mean     | 242      |
|    success_rate    | 0        |
| time/              |          |
|    fps             | 3844     |
|    iterations      | 541      |
|    time_elapsed    | 1152     |
|    total_timesteps | 4431872  |
---------------------------------
-----------------------------------------
| rollout/                |             |
|    ep_len_mean          | 250         |
|    ep_rew_mean          | 240         |
|    success_rate         | 0           |
| time/                   |             |
|    fps                  | 3845        |
|    iterations           | 542         |
|    time_elapsed         | 1154        |
|    total_timesteps      | 4440064     |
| train/                  |             |
|    approx_kl            | 0.018617757 |
|    clip_fraction        | 0.232       |
|    clip_range           | 0.2         |
|    entropy_loss         | -8.7        |
|    explained_variance   | 0.994       |
|    learning_rate        | 0.0003      |
|    loss                 | -0.0492     |
|    n_updates            | 5410        |
|    policy_gradient_loss | -0.0103     |
|    std                  | 1.09        |
|    value_loss           | 0.0194      |
-----------------------------------------
-----------------------------------------
| rollout/                |             |
|    ep_len_mean          | 250         |
|    ep_rew_mean          | 240         |
|    success_rate         | 0           |
| time/                   |             |
|    fps                  | 3846        |
|    iterations           | 543         |
|    time_elapsed         | 1156        |
|    total_timesteps      | 4448256     |
| train/                  |             |
|    approx_kl            | 0.025618494 |
|    clip_fraction        | 0.198       |
|    clip_range           | 0.2         |
|    entropy_loss         | -8.72       |
|    explained_variance   | 0.954       |
|    learning_rate        | 0.0003      |
|    loss                 | 0.0158      |
|    n_updates            | 5420        |
|    policy_gradient_loss | -0.00666    |
|    std                  | 1.09        |
|    value_loss           | 4.61        |
-----------------------------------------
Eval num_timesteps=4450000, episode_reward=243.94 +/- 0.60
Episode length: 250.00 +/- 0.00
Success rate: 0.00%
-----------------------------------------
| eval/                   |             |
|    mean_ep_length       | 250         |
|    mean_reward          | 244         |
|    success_rate         | 0           |
| time/                   |             |
|    total_timesteps      | 4450000     |
| train/                  |             |
|    approx_kl            | 0.017520629 |
|    clip_fraction        | 0.235       |
|    clip_range           | 0.2         |
|    entropy_loss         | -8.69       |
|    explained_variance   | 0.983       |
|    learning_rate        | 0.0003      |
|    loss                 | -0.0492     |
|    n_updates            | 5430        |
|    policy_gradient_loss | -0.00782    |
|    std                  | 1.08        |
|    value_loss           | 0.0185      |
-----------------------------------------
---------------------------------
| rollout/           |          |
|    ep_len_mean     | 250      |
|    ep_rew_mean     | 240      |
|    success_rate    | 0        |
| time/              |          |
|    fps             | 3845     |
|    iterations      | 544      |
|    time_elapsed    | 1158     |
|    total_timesteps | 4456448  |
---------------------------------
----------------------------------------
| rollout/                |            |
|    ep_len_mean          | 250        |
|    ep_rew_mean          | 243        |
|    success_rate         | 0          |
| time/                   |            |
|    fps                  | 3846       |
|    iterations           | 545        |
|    time_elapsed         | 1160       |
|    total_timesteps      | 4464640    |
| train/                  |            |
|    approx_kl            | 0.01624468 |
|    clip_fraction        | 0.231      |
|    clip_range           | 0.2        |
|    entropy_loss         | -8.66      |
|    explained_variance   | 0.995      |
|    learning_rate        | 0.0003     |
|    loss                 | -0.0369    |
|    n_updates            | 5440       |
|    policy_gradient_loss | -0.00943   |
|    std                  | 1.08       |
|    value_loss           | 0.0137     |
----------------------------------------
-----------------------------------------
| rollout/                |             |
|    ep_len_mean          | 250         |
|    ep_rew_mean          | 241         |
|    success_rate         | 0           |
| time/                   |             |
|    fps                  | 3846        |
|    iterations           | 546         |
|    time_elapsed         | 1162        |
|    total_timesteps      | 4472832     |
| train/                  |             |
|    approx_kl            | 0.018185183 |
|    clip_fraction        | 0.214       |
|    clip_range           | 0.2         |
|    entropy_loss         | -8.65       |
|    explained_variance   | 0.993       |
|    learning_rate        | 0.0003      |
|    loss                 | -0.0528     |
|    n_updates            | 5450        |
|    policy_gradient_loss | -0.00855    |
|    std                  | 1.08        |
|    value_loss           | 0.0212      |
-----------------------------------------
Eval num_timesteps=4475000, episode_reward=243.57 +/- 0.82
Episode length: 250.00 +/- 0.00
Success rate: 0.00%
-----------------------------------------
| eval/                   |             |
|    mean_ep_length       | 250         |
|    mean_reward          | 244         |
|    success_rate         | 0           |
| time/                   |             |
|    total_timesteps      | 4475000     |
| train/                  |             |
|    approx_kl            | 0.009839607 |
|    clip_fraction        | 0.16        |
|    clip_range           | 0.2         |
|    entropy_loss         | -8.65       |
|    explained_variance   | 0.98        |
|    learning_rate        | 0.0003      |
|    loss                 | -0.0216     |
|    n_updates            | 5460        |
|    policy_gradient_loss | -0.00425    |
|    std                  | 1.08        |
|    value_loss           | 0.33        |
-----------------------------------------
---------------------------------
| rollout/           |          |
|    ep_len_mean     | 250      |
|    ep_rew_mean     | 241      |
|    success_rate    | 0        |
| time/              |          |
|    fps             | 3845     |
|    iterations      | 547      |
|    time_elapsed    | 1165     |
|    total_timesteps | 4481024  |
---------------------------------
-----------------------------------------
| rollout/                |             |
|    ep_len_mean          | 250         |
|    ep_rew_mean          | 239         |
|    success_rate         | 0           |
| time/                   |             |
|    fps                  | 3846        |
|    iterations           | 548         |
|    time_elapsed         | 1167        |
|    total_timesteps      | 4489216     |
| train/                  |             |
|    approx_kl            | 0.013266211 |
|    clip_fraction        | 0.189       |
|    clip_range           | 0.2         |
|    entropy_loss         | -8.64       |
|    explained_variance   | 0.992       |
|    learning_rate        | 0.0003      |
|    loss                 | -0.0572     |
|    n_updates            | 5470        |
|    policy_gradient_loss | -0.00872    |
|    std                  | 1.07        |
|    value_loss           | 0.0118      |
-----------------------------------------
-----------------------------------------
| rollout/                |             |
|    ep_len_mean          | 250         |
|    ep_rew_mean          | 242         |
|    success_rate         | 0           |
| time/                   |             |
|    fps                  | 3846        |
|    iterations           | 549         |
|    time_elapsed         | 1169        |
|    total_timesteps      | 4497408     |
| train/                  |             |
|    approx_kl            | 0.017711457 |
|    clip_fraction        | 0.201       |
|    clip_range           | 0.2         |
|    entropy_loss         | -8.64       |
|    explained_variance   | 0.986       |
|    learning_rate        | 0.0003      |
|    loss                 | -0.032      |
|    n_updates            | 5480        |
|    policy_gradient_loss | -0.00994    |
|    std                  | 1.08        |
|    value_loss           | 0.343       |
-----------------------------------------
Eval num_timesteps=4500000, episode_reward=243.53 +/- 0.45
Episode length: 250.00 +/- 0.00
Success rate: 0.00%
-----------------------------------------
| eval/                   |             |
|    mean_ep_length       | 250         |
|    mean_reward          | 244         |
|    success_rate         | 0           |
| time/                   |             |
|    total_timesteps      | 4500000     |
| train/                  |             |
|    approx_kl            | 0.013468649 |
|    clip_fraction        | 0.215       |
|    clip_range           | 0.2         |
|    entropy_loss         | -8.64       |
|    explained_variance   | 0.992       |
|    learning_rate        | 0.0003      |
|    loss                 | -0.0606     |
|    n_updates            | 5490        |
|    policy_gradient_loss | -0.00472    |
|    std                  | 1.07        |
|    value_loss           | 0.0125      |
-----------------------------------------
---------------------------------
| rollout/           |          |
|    ep_len_mean     | 250      |
|    ep_rew_mean     | 242      |
|    success_rate    | 0        |
| time/              |          |
|    fps             | 3845     |
|    iterations      | 550      |
|    time_elapsed    | 1171     |
|    total_timesteps | 4505600  |
---------------------------------
-----------------------------------------
| rollout/                |             |
|    ep_len_mean          | 250         |
|    ep_rew_mean          | 238         |
|    success_rate         | 0           |
| time/                   |             |
|    fps                  | 3846        |
|    iterations           | 551         |
|    time_elapsed         | 1173        |
|    total_timesteps      | 4513792     |
| train/                  |             |
|    approx_kl            | 0.019481158 |
|    clip_fraction        | 0.237       |
|    clip_range           | 0.2         |
|    entropy_loss         | -8.6        |
|    explained_variance   | 0.994       |
|    learning_rate        | 0.0003      |
|    loss                 | -0.0613     |
|    n_updates            | 5500        |
|    policy_gradient_loss | -0.00832    |
|    std                  | 1.07        |
|    value_loss           | 0.0162      |
-----------------------------------------
-----------------------------------------
| rollout/                |             |
|    ep_len_mean          | 250         |
|    ep_rew_mean          | 235         |
|    success_rate         | 0           |
| time/                   |             |
|    fps                  | 3846        |
|    iterations           | 552         |
|    time_elapsed         | 1175        |
|    total_timesteps      | 4521984     |
| train/                  |             |
|    approx_kl            | 0.006814411 |
|    clip_fraction        | 0.0875      |
|    clip_range           | 0.2         |
|    entropy_loss         | -8.59       |
|    explained_variance   | 0.965       |
|    learning_rate        | 0.0003      |
|    loss                 | 2.78        |
|    n_updates            | 5510        |
|    policy_gradient_loss | -0.00749    |
|    std                  | 1.07        |
|    value_loss           | 5.8         |
-----------------------------------------
Eval num_timesteps=4525000, episode_reward=243.48 +/- 0.43
Episode length: 250.00 +/- 0.00
Success rate: 0.00%
-----------------------------------------
| eval/                   |             |
|    mean_ep_length       | 250         |
|    mean_reward          | 243         |
|    success_rate         | 0           |
| time/                   |             |
|    total_timesteps      | 4525000     |
| train/                  |             |
|    approx_kl            | 0.014735293 |
|    clip_fraction        | 0.245       |
|    clip_range           | 0.2         |
|    entropy_loss         | -8.62       |
|    explained_variance   | 0.974       |
|    learning_rate        | 0.0003      |
|    loss                 | -0.0309     |
|    n_updates            | 5520        |
|    policy_gradient_loss | -0.00247    |
|    std                  | 1.08        |
|    value_loss           | 5.61        |
-----------------------------------------
---------------------------------
| rollout/           |          |
|    ep_len_mean     | 250      |
|    ep_rew_mean     | 231      |
|    success_rate    | 0        |
| time/              |          |
|    fps             | 3845     |
|    iterations      | 553      |
|    time_elapsed    | 1177     |
|    total_timesteps | 4530176  |
---------------------------------
------------------------------------------
| rollout/                |              |
|    ep_len_mean          | 250          |
|    ep_rew_mean          | 236          |
|    success_rate         | 0            |
| time/                   |              |
|    fps                  | 3846         |
|    iterations           | 554          |
|    time_elapsed         | 1179         |
|    total_timesteps      | 4538368      |
| train/                  |              |
|    approx_kl            | 0.0077469563 |
|    clip_fraction        | 0.121        |
|    clip_range           | 0.2          |
|    entropy_loss         | -8.64        |
|    explained_variance   | 0.964        |
|    learning_rate        | 0.0003       |
|    loss                 | 2.12         |
|    n_updates            | 5530         |
|    policy_gradient_loss | -0.00532     |
|    std                  | 1.08         |
|    value_loss           | 11.4         |
------------------------------------------
----------------------------------------
| rollout/                |            |
|    ep_len_mean          | 250        |
|    ep_rew_mean          | 237        |
|    success_rate         | 0          |
| time/                   |            |
|    fps                  | 3847       |
|    iterations           | 555        |
|    time_elapsed         | 1181       |
|    total_timesteps      | 4546560    |
| train/                  |            |
|    approx_kl            | 0.01046415 |
|    clip_fraction        | 0.206      |
|    clip_range           | 0.2        |
|    entropy_loss         | -8.64      |
|    explained_variance   | 0.829      |
|    learning_rate        | 0.0003     |
|    loss                 | 4.05       |
|    n_updates            | 5540       |
|    policy_gradient_loss | -0.00468   |
|    std                  | 1.08       |
|    value_loss           | 8.14       |
----------------------------------------
Eval num_timesteps=4550000, episode_reward=242.93 +/- 1.28
Episode length: 250.00 +/- 0.00
Success rate: 0.00%
-----------------------------------------
| eval/                   |             |
|    mean_ep_length       | 250         |
|    mean_reward          | 243         |
|    success_rate         | 0           |
| time/                   |             |
|    total_timesteps      | 4550000     |
| train/                  |             |
|    approx_kl            | 0.023016747 |
|    clip_fraction        | 0.254       |
|    clip_range           | 0.2         |
|    entropy_loss         | -8.62       |
|    explained_variance   | 0.988       |
|    learning_rate        | 0.0003      |
|    loss                 | -0.0228     |
|    n_updates            | 5550        |
|    policy_gradient_loss | -0.0092     |
|    std                  | 1.07        |
|    value_loss           | 0.329       |
-----------------------------------------
---------------------------------
| rollout/           |          |
|    ep_len_mean     | 250      |
|    ep_rew_mean     | 241      |
|    success_rate    | 0        |
| time/              |          |
|    fps             | 3846     |
|    iterations      | 556      |
|    time_elapsed    | 1184     |
|    total_timesteps | 4554752  |
---------------------------------
-----------------------------------------
| rollout/                |             |
|    ep_len_mean          | 250         |
|    ep_rew_mean          | 241         |
|    success_rate         | 0           |
| time/                   |             |
|    fps                  | 3846        |
|    iterations           | 557         |
|    time_elapsed         | 1186        |
|    total_timesteps      | 4562944     |
| train/                  |             |
|    approx_kl            | 0.020403342 |
|    clip_fraction        | 0.291       |
|    clip_range           | 0.2         |
|    entropy_loss         | -8.59       |
|    explained_variance   | 0.969       |
|    learning_rate        | 0.0003      |
|    loss                 | -0.0421     |
|    n_updates            | 5560        |
|    policy_gradient_loss | -0.0098     |
|    std                  | 1.07        |
|    value_loss           | 0.0418      |
-----------------------------------------
-----------------------------------------
| rollout/                |             |
|    ep_len_mean          | 250         |
|    ep_rew_mean          | 240         |
|    success_rate         | 0           |
| time/                   |             |
|    fps                  | 3847        |
|    iterations           | 558         |
|    time_elapsed         | 1188        |
|    total_timesteps      | 4571136     |
| train/                  |             |
|    approx_kl            | 0.020484332 |
|    clip_fraction        | 0.252       |
|    clip_range           | 0.2         |
|    entropy_loss         | -8.57       |
|    explained_variance   | 0.994       |
|    learning_rate        | 0.0003      |
|    loss                 | -0.0497     |
|    n_updates            | 5570        |
|    policy_gradient_loss | -0.00985    |
|    std                  | 1.06        |
|    value_loss           | 0.0167      |
-----------------------------------------
Eval num_timesteps=4575000, episode_reward=238.17 +/- 11.03
Episode length: 250.00 +/- 0.00
Success rate: 0.00%
-----------------------------------------
| eval/                   |             |
|    mean_ep_length       | 250         |
|    mean_reward          | 238         |
|    success_rate         | 0           |
| time/                   |             |
|    total_timesteps      | 4575000     |
| train/                  |             |
|    approx_kl            | 0.012917452 |
|    clip_fraction        | 0.186       |
|    clip_range           | 0.2         |
|    entropy_loss         | -8.55       |
|    explained_variance   | 0.973       |
|    learning_rate        | 0.0003      |
|    loss                 | 0.00128     |
|    n_updates            | 5580        |
|    policy_gradient_loss | -0.00343    |
|    std                  | 1.06        |
|    value_loss           | 3.32        |
-----------------------------------------
---------------------------------
| rollout/           |          |
|    ep_len_mean     | 250      |
|    ep_rew_mean     | 240      |
|    success_rate    | 0        |
| time/              |          |
|    fps             | 3846     |
|    iterations      | 559      |
|    time_elapsed    | 1190     |
|    total_timesteps | 4579328  |
---------------------------------
-----------------------------------------
| rollout/                |             |
|    ep_len_mean          | 250         |
|    ep_rew_mean          | 239         |
|    success_rate         | 0           |
| time/                   |             |
|    fps                  | 3847        |
|    iterations           | 560         |
|    time_elapsed         | 1192        |
|    total_timesteps      | 4587520     |
| train/                  |             |
|    approx_kl            | 0.022372918 |
|    clip_fraction        | 0.181       |
|    clip_range           | 0.2         |
|    entropy_loss         | -8.59       |
|    explained_variance   | 0.971       |
|    learning_rate        | 0.0003      |
|    loss                 | 0.166       |
|    n_updates            | 5590        |
|    policy_gradient_loss | -0.00693    |
|    std                  | 1.07        |
|    value_loss           | 0.418       |
-----------------------------------------
------------------------------------------
| rollout/                |              |
|    ep_len_mean          | 250          |
|    ep_rew_mean          | 242          |
|    success_rate         | 0            |
| time/                   |              |
|    fps                  | 3847         |
|    iterations           | 561          |
|    time_elapsed         | 1194         |
|    total_timesteps      | 4595712      |
| train/                  |              |
|    approx_kl            | 0.0104175955 |
|    clip_fraction        | 0.197        |
|    clip_range           | 0.2          |
|    entropy_loss         | -8.61        |
|    explained_variance   | 0.938        |
|    learning_rate        | 0.0003       |
|    loss                 | 1.91         |
|    n_updates            | 5600         |
|    policy_gradient_loss | -0.00176     |
|    std                  | 1.07         |
|    value_loss           | 5.74         |
------------------------------------------
Eval num_timesteps=4600000, episode_reward=243.32 +/- 1.00
Episode length: 250.00 +/- 0.00
Success rate: 0.00%
-----------------------------------------
| eval/                   |             |
|    mean_ep_length       | 250         |
|    mean_reward          | 243         |
|    success_rate         | 0           |
| time/                   |             |
|    total_timesteps      | 4600000     |
| train/                  |             |
|    approx_kl            | 0.035030074 |
|    clip_fraction        | 0.334       |
|    clip_range           | 0.2         |
|    entropy_loss         | -8.6        |
|    explained_variance   | 0.948       |
|    learning_rate        | 0.0003      |
|    loss                 | -0.0387     |
|    n_updates            | 5610        |
|    policy_gradient_loss | -0.00636    |
|    std                  | 1.07        |
|    value_loss           | 0.0572      |
-----------------------------------------
---------------------------------
| rollout/           |          |
|    ep_len_mean     | 250      |
|    ep_rew_mean     | 242      |
|    success_rate    | 0        |
| time/              |          |
|    fps             | 3846     |
|    iterations      | 562      |
|    time_elapsed    | 1196     |
|    total_timesteps | 4603904  |
---------------------------------
-----------------------------------------
| rollout/                |             |
|    ep_len_mean          | 250         |
|    ep_rew_mean          | 242         |
|    success_rate         | 0           |
| time/                   |             |
|    fps                  | 3847        |
|    iterations           | 563         |
|    time_elapsed         | 1198        |
|    total_timesteps      | 4612096     |
| train/                  |             |
|    approx_kl            | 0.016794505 |
|    clip_fraction        | 0.238       |
|    clip_range           | 0.2         |
|    entropy_loss         | -8.6        |
|    explained_variance   | 0.969       |
|    learning_rate        | 0.0003      |
|    loss                 | -0.0511     |
|    n_updates            | 5620        |
|    policy_gradient_loss | -0.0089     |
|    std                  | 1.07        |
|    value_loss           | 0.0465      |
-----------------------------------------
-----------------------------------------
| rollout/                |             |
|    ep_len_mean          | 250         |
|    ep_rew_mean          | 242         |
|    success_rate         | 0           |
| time/                   |             |
|    fps                  | 3848        |
|    iterations           | 564         |
|    time_elapsed         | 1200        |
|    total_timesteps      | 4620288     |
| train/                  |             |
|    approx_kl            | 0.012751175 |
|    clip_fraction        | 0.178       |
|    clip_range           | 0.2         |
|    entropy_loss         | -8.61       |
|    explained_variance   | 0.959       |
|    learning_rate        | 0.0003      |
|    loss                 | -0.0382     |
|    n_updates            | 5630        |
|    policy_gradient_loss | -0.00715    |
|    std                  | 1.07        |
|    value_loss           | 1.24        |
-----------------------------------------
Eval num_timesteps=4625000, episode_reward=243.53 +/- 1.05
Episode length: 250.00 +/- 0.00
Success rate: 0.00%
-----------------------------------------
| eval/                   |             |
|    mean_ep_length       | 250         |
|    mean_reward          | 244         |
|    success_rate         | 0           |
| time/                   |             |
|    total_timesteps      | 4625000     |
| train/                  |             |
|    approx_kl            | 0.009881363 |
|    clip_fraction        | 0.209       |
|    clip_range           | 0.2         |
|    entropy_loss         | -8.62       |
|    explained_variance   | 0.785       |
|    learning_rate        | 0.0003      |
|    loss                 | -0.00217    |
|    n_updates            | 5640        |
|    policy_gradient_loss | -0.00708    |
|    std                  | 1.07        |
|    value_loss           | 2.62        |
-----------------------------------------
---------------------------------
| rollout/           |          |
|    ep_len_mean     | 250      |
|    ep_rew_mean     | 239      |
|    success_rate    | 0        |
| time/              |          |
|    fps             | 3847     |
|    iterations      | 565      |
|    time_elapsed    | 1203     |
|    total_timesteps | 4628480  |
---------------------------------
-----------------------------------------
| rollout/                |             |
|    ep_len_mean          | 250         |
|    ep_rew_mean          | 240         |
|    success_rate         | 0           |
| time/                   |             |
|    fps                  | 3847        |
|    iterations           | 566         |
|    time_elapsed         | 1204        |
|    total_timesteps      | 4636672     |
| train/                  |             |
|    approx_kl            | 0.031226173 |
|    clip_fraction        | 0.326       |
|    clip_range           | 0.2         |
|    entropy_loss         | -8.65       |
|    explained_variance   | 0.996       |
|    learning_rate        | 0.0003      |
|    loss                 | -0.0521     |
|    n_updates            | 5650        |
|    policy_gradient_loss | -0.00831    |
|    std                  | 1.09        |
|    value_loss           | 0.057       |
-----------------------------------------
-----------------------------------------
| rollout/                |             |
|    ep_len_mean          | 250         |
|    ep_rew_mean          | 240         |
|    success_rate         | 0           |
| time/                   |             |
|    fps                  | 3848        |
|    iterations           | 567         |
|    time_elapsed         | 1206        |
|    total_timesteps      | 4644864     |
| train/                  |             |
|    approx_kl            | 0.017336603 |
|    clip_fraction        | 0.197       |
|    clip_range           | 0.2         |
|    entropy_loss         | -8.67       |
|    explained_variance   | 0.988       |
|    learning_rate        | 0.0003      |
|    loss                 | -0.0526     |
|    n_updates            | 5660        |
|    policy_gradient_loss | -0.00603    |
|    std                  | 1.08        |
|    value_loss           | 0.0121      |
-----------------------------------------
Eval num_timesteps=4650000, episode_reward=243.32 +/- 1.17
Episode length: 250.00 +/- 0.00
Success rate: 0.00%
-----------------------------------------
| eval/                   |             |
|    mean_ep_length       | 250         |
|    mean_reward          | 243         |
|    success_rate         | 0           |
| time/                   |             |
|    total_timesteps      | 4650000     |
| train/                  |             |
|    approx_kl            | 0.014111761 |
|    clip_fraction        | 0.223       |
|    clip_range           | 0.2         |
|    entropy_loss         | -8.63       |
|    explained_variance   | 0.996       |
|    learning_rate        | 0.0003      |
|    loss                 | -0.0631     |
|    n_updates            | 5670        |
|    policy_gradient_loss | -0.00827    |
|    std                  | 1.07        |
|    value_loss           | 0.00979     |
-----------------------------------------
---------------------------------
| rollout/           |          |
|    ep_len_mean     | 250      |
|    ep_rew_mean     | 243      |
|    success_rate    | 0        |
| time/              |          |
|    fps             | 3847     |
|    iterations      | 568      |
|    time_elapsed    | 1209     |
|    total_timesteps | 4653056  |
---------------------------------
----------------------------------------
| rollout/                |            |
|    ep_len_mean          | 250        |
|    ep_rew_mean          | 243        |
|    success_rate         | 0          |
| time/                   |            |
|    fps                  | 3848       |
|    iterations           | 569        |
|    time_elapsed         | 1211       |
|    total_timesteps      | 4661248    |
| train/                  |            |
|    approx_kl            | 0.02920172 |
|    clip_fraction        | 0.257      |
|    clip_range           | 0.2        |
|    entropy_loss         | -8.61      |
|    explained_variance   | 0.953      |
|    learning_rate        | 0.0003     |
|    loss                 | -0.00737   |
|    n_updates            | 5680       |
|    policy_gradient_loss | -0.00934   |
|    std                  | 1.07       |
|    value_loss           | 0.1        |
----------------------------------------
-----------------------------------------
| rollout/                |             |
|    ep_len_mean          | 250         |
|    ep_rew_mean          | 243         |
|    success_rate         | 0           |
| time/                   |             |
|    fps                  | 3848        |
|    iterations           | 570         |
|    time_elapsed         | 1213        |
|    total_timesteps      | 4669440     |
| train/                  |             |
|    approx_kl            | 0.017067488 |
|    clip_fraction        | 0.22        |
|    clip_range           | 0.2         |
|    entropy_loss         | -8.61       |
|    explained_variance   | 0.974       |
|    learning_rate        | 0.0003      |
|    loss                 | -0.0358     |
|    n_updates            | 5690        |
|    policy_gradient_loss | -0.00591    |
|    std                  | 1.07        |
|    value_loss           | 0.208       |
-----------------------------------------
Eval num_timesteps=4675000, episode_reward=243.78 +/- 1.21
Episode length: 250.00 +/- 0.00
Success rate: 0.00%
-----------------------------------------
| eval/                   |             |
|    mean_ep_length       | 250         |
|    mean_reward          | 244         |
|    success_rate         | 0           |
| time/                   |             |
|    total_timesteps      | 4675000     |
| train/                  |             |
|    approx_kl            | 0.019878753 |
|    clip_fraction        | 0.217       |
|    clip_range           | 0.2         |
|    entropy_loss         | -8.61       |
|    explained_variance   | 0.992       |
|    learning_rate        | 0.0003      |
|    loss                 | -0.0571     |
|    n_updates            | 5700        |
|    policy_gradient_loss | -0.00839    |
|    std                  | 1.07        |
|    value_loss           | 0.0141      |
-----------------------------------------
---------------------------------
| rollout/           |          |
|    ep_len_mean     | 250      |
|    ep_rew_mean     | 242      |
|    success_rate    | 0        |
| time/              |          |
|    fps             | 3847     |
|    iterations      | 571      |
|    time_elapsed    | 1215     |
|    total_timesteps | 4677632  |
---------------------------------
-----------------------------------------
| rollout/                |             |
|    ep_len_mean          | 250         |
|    ep_rew_mean          | 239         |
|    success_rate         | 0           |
| time/                   |             |
|    fps                  | 3848        |
|    iterations           | 572         |
|    time_elapsed         | 1217        |
|    total_timesteps      | 4685824     |
| train/                  |             |
|    approx_kl            | 0.011818496 |
|    clip_fraction        | 0.185       |
|    clip_range           | 0.2         |
|    entropy_loss         | -8.61       |
|    explained_variance   | 0.961       |
|    learning_rate        | 0.0003      |
|    loss                 | -0.0118     |
|    n_updates            | 5710        |
|    policy_gradient_loss | -0.00767    |
|    std                  | 1.07        |
|    value_loss           | 4.55        |
-----------------------------------------
----------------------------------------
| rollout/                |            |
|    ep_len_mean          | 250        |
|    ep_rew_mean          | 239        |
|    success_rate         | 0          |
| time/                   |            |
|    fps                  | 3849       |
|    iterations           | 573        |
|    time_elapsed         | 1219       |
|    total_timesteps      | 4694016    |
| train/                  |            |
|    approx_kl            | 0.01419363 |
|    clip_fraction        | 0.143      |
|    clip_range           | 0.2        |
|    entropy_loss         | -8.61      |
|    explained_variance   | 0.986      |
|    learning_rate        | 0.0003     |
|    loss                 | -0.0129    |
|    n_updates            | 5720       |
|    policy_gradient_loss | -0.0107    |
|    std                  | 1.07       |
|    value_loss           | 0.534      |
----------------------------------------
Eval num_timesteps=4700000, episode_reward=242.92 +/- 1.37
Episode length: 250.00 +/- 0.00
Success rate: 0.00%
-----------------------------------------
| eval/                   |             |
|    mean_ep_length       | 250         |
|    mean_reward          | 243         |
|    success_rate         | 0           |
| time/                   |             |
|    total_timesteps      | 4700000     |
| train/                  |             |
|    approx_kl            | 0.014443532 |
|    clip_fraction        | 0.222       |
|    clip_range           | 0.2         |
|    entropy_loss         | -8.6        |
|    explained_variance   | 0.943       |
|    learning_rate        | 0.0003      |
|    loss                 | 0.0161      |
|    n_updates            | 5730        |
|    policy_gradient_loss | -0.00561    |
|    std                  | 1.07        |
|    value_loss           | 1.03        |
-----------------------------------------
---------------------------------
| rollout/           |          |
|    ep_len_mean     | 250      |
|    ep_rew_mean     | 242      |
|    success_rate    | 0        |
| time/              |          |
|    fps             | 3847     |
|    iterations      | 574      |
|    time_elapsed    | 1221     |
|    total_timesteps | 4702208  |
---------------------------------
-----------------------------------------
| rollout/                |             |
|    ep_len_mean          | 250         |
|    ep_rew_mean          | 242         |
|    success_rate         | 0           |
| time/                   |             |
|    fps                  | 3848        |
|    iterations           | 575         |
|    time_elapsed         | 1223        |
|    total_timesteps      | 4710400     |
| train/                  |             |
|    approx_kl            | 0.017418366 |
|    clip_fraction        | 0.202       |
|    clip_range           | 0.2         |
|    entropy_loss         | -8.62       |
|    explained_variance   | 0.879       |
|    learning_rate        | 0.0003      |
|    loss                 | 0.274       |
|    n_updates            | 5740        |
|    policy_gradient_loss | -0.00742    |
|    std                  | 1.08        |
|    value_loss           | 0.537       |
-----------------------------------------
----------------------------------------
| rollout/                |            |
|    ep_len_mean          | 250        |
|    ep_rew_mean          | 240        |
|    success_rate         | 0          |
| time/                   |            |
|    fps                  | 3849       |
|    iterations           | 576        |
|    time_elapsed         | 1225       |
|    total_timesteps      | 4718592    |
| train/                  |            |
|    approx_kl            | 0.03226775 |
|    clip_fraction        | 0.238      |
|    clip_range           | 0.2        |
|    entropy_loss         | -8.63      |
|    explained_variance   | 0.963      |
|    learning_rate        | 0.0003     |
|    loss                 | -0.0191    |
|    n_updates            | 5750       |
|    policy_gradient_loss | -0.00235   |
|    std                  | 1.08       |
|    value_loss           | 0.776      |
----------------------------------------
Eval num_timesteps=4725000, episode_reward=243.48 +/- 0.89
Episode length: 250.00 +/- 0.00
Success rate: 0.00%
-----------------------------------------
| eval/                   |             |
|    mean_ep_length       | 250         |
|    mean_reward          | 243         |
|    success_rate         | 0           |
| time/                   |             |
|    total_timesteps      | 4725000     |
| train/                  |             |
|    approx_kl            | 0.016668264 |
|    clip_fraction        | 0.207       |
|    clip_range           | 0.2         |
|    entropy_loss         | -8.63       |
|    explained_variance   | 0.963       |
|    learning_rate        | 0.0003      |
|    loss                 | 0.0581      |
|    n_updates            | 5760        |
|    policy_gradient_loss | -0.00316    |
|    std                  | 1.08        |
|    value_loss           | 4.18        |
-----------------------------------------
---------------------------------
| rollout/           |          |
|    ep_len_mean     | 250      |
|    ep_rew_mean     | 237      |
|    success_rate    | 0        |
| time/              |          |
|    fps             | 3848     |
|    iterations      | 577      |
|    time_elapsed    | 1228     |
|    total_timesteps | 4726784  |
---------------------------------
-----------------------------------------
| rollout/                |             |
|    ep_len_mean          | 250         |
|    ep_rew_mean          | 232         |
|    success_rate         | 0           |
| time/                   |             |
|    fps                  | 3849        |
|    iterations           | 578         |
|    time_elapsed         | 1230        |
|    total_timesteps      | 4734976     |
| train/                  |             |
|    approx_kl            | 0.010592038 |
|    clip_fraction        | 0.114       |
|    clip_range           | 0.2         |
|    entropy_loss         | -8.64       |
|    explained_variance   | 0.965       |
|    learning_rate        | 0.0003      |
|    loss                 | 0.935       |
|    n_updates            | 5770        |
|    policy_gradient_loss | -0.00796    |
|    std                  | 1.08        |
|    value_loss           | 7.4         |
-----------------------------------------
-----------------------------------------
| rollout/                |             |
|    ep_len_mean          | 250         |
|    ep_rew_mean          | 235         |
|    success_rate         | 0           |
| time/                   |             |
|    fps                  | 3849        |
|    iterations           | 579         |
|    time_elapsed         | 1232        |
|    total_timesteps      | 4743168     |
| train/                  |             |
|    approx_kl            | 0.021015346 |
|    clip_fraction        | 0.26        |
|    clip_range           | 0.2         |
|    entropy_loss         | -8.66       |
|    explained_variance   | 0.98        |
|    learning_rate        | 0.0003      |
|    loss                 | 0.019       |
|    n_updates            | 5780        |
|    policy_gradient_loss | -0.00331    |
|    std                  | 1.09        |
|    value_loss           | 7.65        |
-----------------------------------------
Eval num_timesteps=4750000, episode_reward=243.17 +/- 1.09
Episode length: 250.00 +/- 0.00
Success rate: 0.00%
-----------------------------------------
| eval/                   |             |
|    mean_ep_length       | 250         |
|    mean_reward          | 243         |
|    success_rate         | 0           |
| time/                   |             |
|    total_timesteps      | 4750000     |
| train/                  |             |
|    approx_kl            | 0.026080772 |
|    clip_fraction        | 0.314       |
|    clip_range           | 0.2         |
|    entropy_loss         | -8.68       |
|    explained_variance   | 0.948       |
|    learning_rate        | 0.0003      |
|    loss                 | 0.00269     |
|    n_updates            | 5790        |
|    policy_gradient_loss | -0.0015     |
|    std                  | 1.09        |
|    value_loss           | 7.59        |
-----------------------------------------
---------------------------------
| rollout/           |          |
|    ep_len_mean     | 250      |
|    ep_rew_mean     | 235      |
|    success_rate    | 0        |
| time/              |          |
|    fps             | 3848     |
|    iterations      | 580      |
|    time_elapsed    | 1234     |
|    total_timesteps | 4751360  |
---------------------------------
----------------------------------------
| rollout/                |            |
|    ep_len_mean          | 250        |
|    ep_rew_mean          | 237        |
|    success_rate         | 0          |
| time/                   |            |
|    fps                  | 3849       |
|    iterations           | 581        |
|    time_elapsed         | 1236       |
|    total_timesteps      | 4759552    |
| train/                  |            |
|    approx_kl            | 0.07380694 |
|    clip_fraction        | 0.308      |
|    clip_range           | 0.2        |
|    entropy_loss         | -8.68      |
|    explained_variance   | 0.995      |
|    learning_rate        | 0.0003     |
|    loss                 | -0.0536    |
|    n_updates            | 5800       |
|    policy_gradient_loss | -0.0154    |
|    std                  | 1.09       |
|    value_loss           | 0.0587     |
----------------------------------------
-----------------------------------------
| rollout/                |             |
|    ep_len_mean          | 250         |
|    ep_rew_mean          | 234         |
|    success_rate         | 0           |
| time/                   |             |
|    fps                  | 3849        |
|    iterations           | 582         |
|    time_elapsed         | 1238        |
|    total_timesteps      | 4767744     |
| train/                  |             |
|    approx_kl            | 0.030213017 |
|    clip_fraction        | 0.358       |
|    clip_range           | 0.2         |
|    entropy_loss         | -8.68       |
|    explained_variance   | 0.97        |
|    learning_rate        | 0.0003      |
|    loss                 | 0.469       |
|    n_updates            | 5810        |
|    policy_gradient_loss | -0.00231    |
|    std                  | 1.09        |
|    value_loss           | 6.38        |
-----------------------------------------
Eval num_timesteps=4775000, episode_reward=243.98 +/- 0.75
Episode length: 250.00 +/- 0.00
Success rate: 0.00%
----------------------------------------
| eval/                   |            |
|    mean_ep_length       | 250        |
|    mean_reward          | 244        |
|    success_rate         | 0          |
| time/                   |            |
|    total_timesteps      | 4775000    |
| train/                  |            |
|    approx_kl            | 0.02623823 |
|    clip_fraction        | 0.283      |
|    clip_range           | 0.2        |
|    entropy_loss         | -8.68      |
|    explained_variance   | 0.973      |
|    learning_rate        | 0.0003     |
|    loss                 | 0.0552     |
|    n_updates            | 5820       |
|    policy_gradient_loss | -0.0023    |
|    std                  | 1.09       |
|    value_loss           | 7.59       |
----------------------------------------
---------------------------------
| rollout/           |          |
|    ep_len_mean     | 250      |
|    ep_rew_mean     | 235      |
|    success_rate    | 0        |
| time/              |          |
|    fps             | 3848     |
|    iterations      | 583      |
|    time_elapsed    | 1240     |
|    total_timesteps | 4775936  |
---------------------------------
-----------------------------------------
| rollout/                |             |
|    ep_len_mean          | 250         |
|    ep_rew_mean          | 234         |
|    success_rate         | 0           |
| time/                   |             |
|    fps                  | 3849        |
|    iterations           | 584         |
|    time_elapsed         | 1242        |
|    total_timesteps      | 4784128     |
| train/                  |             |
|    approx_kl            | 0.015380729 |
|    clip_fraction        | 0.267       |
|    clip_range           | 0.2         |
|    entropy_loss         | -8.7        |
|    explained_variance   | 0.973       |
|    learning_rate        | 0.0003      |
|    loss                 | -0.0143     |
|    n_updates            | 5830        |
|    policy_gradient_loss | -0.00306    |
|    std                  | 1.09        |
|    value_loss           | 6.59        |
-----------------------------------------
-----------------------------------------
| rollout/                |             |
|    ep_len_mean          | 250         |
|    ep_rew_mean          | 237         |
|    success_rate         | 0           |
| time/                   |             |
|    fps                  | 3850        |
|    iterations           | 585         |
|    time_elapsed         | 1244        |
|    total_timesteps      | 4792320     |
| train/                  |             |
|    approx_kl            | 0.017567247 |
|    clip_fraction        | 0.189       |
|    clip_range           | 0.2         |
|    entropy_loss         | -8.71       |
|    explained_variance   | 0.973       |
|    learning_rate        | 0.0003      |
|    loss                 | 0.546       |
|    n_updates            | 5840        |
|    policy_gradient_loss | -0.0049     |
|    std                  | 1.09        |
|    value_loss           | 8.3         |
-----------------------------------------
Eval num_timesteps=4800000, episode_reward=242.81 +/- 0.58
Episode length: 250.00 +/- 0.00
Success rate: 0.00%
-----------------------------------------
| eval/                   |             |
|    mean_ep_length       | 250         |
|    mean_reward          | 243         |
|    success_rate         | 0           |
| time/                   |             |
|    total_timesteps      | 4800000     |
| train/                  |             |
|    approx_kl            | 0.028008917 |
|    clip_fraction        | 0.306       |
|    clip_range           | 0.2         |
|    entropy_loss         | -8.7        |
|    explained_variance   | 0.972       |
|    learning_rate        | 0.0003      |
|    loss                 | -0.0404     |
|    n_updates            | 5850        |
|    policy_gradient_loss | -0.00615    |
|    std                  | 1.1         |
|    value_loss           | 0.0204      |
-----------------------------------------
---------------------------------
| rollout/           |          |
|    ep_len_mean     | 250      |
|    ep_rew_mean     | 239      |
|    success_rate    | 0        |
| time/              |          |
|    fps             | 3849     |
|    iterations      | 586      |
|    time_elapsed    | 1247     |
|    total_timesteps | 4800512  |
---------------------------------
-----------------------------------------
| rollout/                |             |
|    ep_len_mean          | 250         |
|    ep_rew_mean          | 242         |
|    success_rate         | 0           |
| time/                   |             |
|    fps                  | 3849        |
|    iterations           | 587         |
|    time_elapsed         | 1249        |
|    total_timesteps      | 4808704     |
| train/                  |             |
|    approx_kl            | 0.028820233 |
|    clip_fraction        | 0.341       |
|    clip_range           | 0.2         |
|    entropy_loss         | -8.7        |
|    explained_variance   | 0.921       |
|    learning_rate        | 0.0003      |
|    loss                 | -0.0194     |
|    n_updates            | 5860        |
|    policy_gradient_loss | -0.0123     |
|    std                  | 1.1         |
|    value_loss           | 0.163       |
-----------------------------------------
-----------------------------------------
| rollout/                |             |
|    ep_len_mean          | 250         |
|    ep_rew_mean          | 235         |
|    success_rate         | 0           |
| time/                   |             |
|    fps                  | 3850        |
|    iterations           | 588         |
|    time_elapsed         | 1250        |
|    total_timesteps      | 4816896     |
| train/                  |             |
|    approx_kl            | 0.012188572 |
|    clip_fraction        | 0.176       |
|    clip_range           | 0.2         |
|    entropy_loss         | -8.71       |
|    explained_variance   | 0.93        |
|    learning_rate        | 0.0003      |
|    loss                 | 0.175       |
|    n_updates            | 5870        |
|    policy_gradient_loss | -0.00639    |
|    std                  | 1.1         |
|    value_loss           | 6.7         |
-----------------------------------------
Eval num_timesteps=4825000, episode_reward=242.99 +/- 0.90
Episode length: 250.00 +/- 0.00
Success rate: 0.00%
-----------------------------------------
| eval/                   |             |
|    mean_ep_length       | 250         |
|    mean_reward          | 243         |
|    success_rate         | 0           |
| time/                   |             |
|    total_timesteps      | 4825000     |
| train/                  |             |
|    approx_kl            | 0.010175737 |
|    clip_fraction        | 0.101       |
|    clip_range           | 0.2         |
|    entropy_loss         | -8.72       |
|    explained_variance   | 0.969       |
|    learning_rate        | 0.0003      |
|    loss                 | 1.5         |
|    n_updates            | 5880        |
|    policy_gradient_loss | -0.00672    |
|    std                  | 1.1         |
|    value_loss           | 10.2        |
-----------------------------------------
---------------------------------
| rollout/           |          |
|    ep_len_mean     | 250      |
|    ep_rew_mean     | 235      |
|    success_rate    | 0        |
| time/              |          |
|    fps             | 3849     |
|    iterations      | 589      |
|    time_elapsed    | 1253     |
|    total_timesteps | 4825088  |
---------------------------------
-----------------------------------------
| rollout/                |             |
|    ep_len_mean          | 250         |
|    ep_rew_mean          | 235         |
|    success_rate         | 0           |
| time/                   |             |
|    fps                  | 3850        |
|    iterations           | 590         |
|    time_elapsed         | 1255        |
|    total_timesteps      | 4833280     |
| train/                  |             |
|    approx_kl            | 0.020665169 |
|    clip_fraction        | 0.234       |
|    clip_range           | 0.2         |
|    entropy_loss         | -8.74       |
|    explained_variance   | 0.668       |
|    learning_rate        | 0.0003      |
|    loss                 | 0.135       |
|    n_updates            | 5890        |
|    policy_gradient_loss | -0.00643    |
|    std                  | 1.1         |
|    value_loss           | 1.5         |
-----------------------------------------
-----------------------------------------
| rollout/                |             |
|    ep_len_mean          | 250         |
|    ep_rew_mean          | 242         |
|    success_rate         | 0           |
| time/                   |             |
|    fps                  | 3850        |
|    iterations           | 591         |
|    time_elapsed         | 1257        |
|    total_timesteps      | 4841472     |
| train/                  |             |
|    approx_kl            | 0.020489585 |
|    clip_fraction        | 0.247       |
|    clip_range           | 0.2         |
|    entropy_loss         | -8.77       |
|    explained_variance   | 0.968       |
|    learning_rate        | 0.0003      |
|    loss                 | 0.148       |
|    n_updates            | 5900        |
|    policy_gradient_loss | -0.00797    |
|    std                  | 1.11        |
|    value_loss           | 0.429       |
-----------------------------------------
-----------------------------------------
| rollout/                |             |
|    ep_len_mean          | 250         |
|    ep_rew_mean          | 242         |
|    success_rate         | 0           |
| time/                   |             |
|    fps                  | 3851        |
|    iterations           | 592         |
|    time_elapsed         | 1259        |
|    total_timesteps      | 4849664     |
| train/                  |             |
|    approx_kl            | 0.019819502 |
|    clip_fraction        | 0.246       |
|    clip_range           | 0.2         |
|    entropy_loss         | -8.75       |
|    explained_variance   | 0.973       |
|    learning_rate        | 0.0003      |
|    loss                 | -0.0527     |
|    n_updates            | 5910        |
|    policy_gradient_loss | -0.00875    |
|    std                  | 1.1         |
|    value_loss           | 0.0295      |
-----------------------------------------
Eval num_timesteps=4850000, episode_reward=243.51 +/- 0.40
Episode length: 250.00 +/- 0.00
Success rate: 0.00%
-----------------------------------------
| eval/                   |             |
|    mean_ep_length       | 250         |
|    mean_reward          | 244         |
|    success_rate         | 0           |
| time/                   |             |
|    total_timesteps      | 4850000     |
| train/                  |             |
|    approx_kl            | 0.017845152 |
|    clip_fraction        | 0.242       |
|    clip_range           | 0.2         |
|    entropy_loss         | -8.74       |
|    explained_variance   | 0.824       |
|    learning_rate        | 0.0003      |
|    loss                 | 0.0337      |
|    n_updates            | 5920        |
|    policy_gradient_loss | -0.00639    |
|    std                  | 1.1         |
|    value_loss           | 0.26        |
-----------------------------------------
---------------------------------
| rollout/           |          |
|    ep_len_mean     | 250      |
|    ep_rew_mean     | 243      |
|    success_rate    | 0        |
| time/              |          |
|    fps             | 3850     |
|    iterations      | 593      |
|    time_elapsed    | 1261     |
|    total_timesteps | 4857856  |
---------------------------------
-----------------------------------------
| rollout/                |             |
|    ep_len_mean          | 250         |
|    ep_rew_mean          | 240         |
|    success_rate         | 0           |
| time/                   |             |
|    fps                  | 3851        |
|    iterations           | 594         |
|    time_elapsed         | 1263        |
|    total_timesteps      | 4866048     |
| train/                  |             |
|    approx_kl            | 0.022590417 |
|    clip_fraction        | 0.247       |
|    clip_range           | 0.2         |
|    entropy_loss         | -8.75       |
|    explained_variance   | 0.971       |
|    learning_rate        | 0.0003      |
|    loss                 | -0.0214     |
|    n_updates            | 5930        |
|    policy_gradient_loss | -0.00507    |
|    std                  | 1.11        |
|    value_loss           | 6.48        |
-----------------------------------------
-----------------------------------------
| rollout/                |             |
|    ep_len_mean          | 250         |
|    ep_rew_mean          | 240         |
|    success_rate         | 0           |
| time/                   |             |
|    fps                  | 3851        |
|    iterations           | 595         |
|    time_elapsed         | 1265        |
|    total_timesteps      | 4874240     |
| train/                  |             |
|    approx_kl            | 0.019320522 |
|    clip_fraction        | 0.227       |
|    clip_range           | 0.2         |
|    entropy_loss         | -8.74       |
|    explained_variance   | 0.982       |
|    learning_rate        | 0.0003      |
|    loss                 | -0.0177     |
|    n_updates            | 5940        |
|    policy_gradient_loss | -0.00887    |
|    std                  | 1.1         |
|    value_loss           | 0.25        |
-----------------------------------------
Eval num_timesteps=4875000, episode_reward=243.55 +/- 0.84
Episode length: 250.00 +/- 0.00
Success rate: 0.00%
-----------------------------------------
| eval/                   |             |
|    mean_ep_length       | 250         |
|    mean_reward          | 244         |
|    success_rate         | 0           |
| time/                   |             |
|    total_timesteps      | 4875000     |
| train/                  |             |
|    approx_kl            | 0.020134311 |
|    clip_fraction        | 0.258       |
|    clip_range           | 0.2         |
|    entropy_loss         | -8.74       |
|    explained_variance   | 0.976       |
|    learning_rate        | 0.0003      |
|    loss                 | -0.0455     |
|    n_updates            | 5950        |
|    policy_gradient_loss | -0.00828    |
|    std                  | 1.1         |
|    value_loss           | 0.0406      |
-----------------------------------------
---------------------------------
| rollout/           |          |
|    ep_len_mean     | 250      |
|    ep_rew_mean     | 240      |
|    success_rate    | 0        |
| time/              |          |
|    fps             | 3850     |
|    iterations      | 596      |
|    time_elapsed    | 1267     |
|    total_timesteps | 4882432  |
---------------------------------
-----------------------------------------
| rollout/                |             |
|    ep_len_mean          | 250         |
|    ep_rew_mean          | 243         |
|    success_rate         | 0           |
| time/                   |             |
|    fps                  | 3851        |
|    iterations           | 597         |
|    time_elapsed         | 1269        |
|    total_timesteps      | 4890624     |
| train/                  |             |
|    approx_kl            | 0.015135501 |
|    clip_fraction        | 0.225       |
|    clip_range           | 0.2         |
|    entropy_loss         | -8.73       |
|    explained_variance   | 0.991       |
|    learning_rate        | 0.0003      |
|    loss                 | -0.0543     |
|    n_updates            | 5960        |
|    policy_gradient_loss | -0.0107     |
|    std                  | 1.1         |
|    value_loss           | 0.0179      |
-----------------------------------------
----------------------------------------
| rollout/                |            |
|    ep_len_mean          | 250        |
|    ep_rew_mean          | 243        |
|    success_rate         | 0          |
| time/                   |            |
|    fps                  | 3851       |
|    iterations           | 598        |
|    time_elapsed         | 1271       |
|    total_timesteps      | 4898816    |
| train/                  |            |
|    approx_kl            | 0.01634239 |
|    clip_fraction        | 0.206      |
|    clip_range           | 0.2        |
|    entropy_loss         | -8.72      |
|    explained_variance   | 0.967      |
|    learning_rate        | 0.0003     |
|    loss                 | -0.0488    |
|    n_updates            | 5970       |
|    policy_gradient_loss | -0.00921   |
|    std                  | 1.1        |
|    value_loss           | 0.12       |
----------------------------------------
Eval num_timesteps=4900000, episode_reward=243.71 +/- 1.04
Episode length: 250.00 +/- 0.00
Success rate: 0.00%
-----------------------------------------
| eval/                   |             |
|    mean_ep_length       | 250         |
|    mean_reward          | 244         |
|    success_rate         | 0           |
| time/                   |             |
|    total_timesteps      | 4900000     |
| train/                  |             |
|    approx_kl            | 0.021466635 |
|    clip_fraction        | 0.221       |
|    clip_range           | 0.2         |
|    entropy_loss         | -8.73       |
|    explained_variance   | 0.983       |
|    learning_rate        | 0.0003      |
|    loss                 | -0.0307     |
|    n_updates            | 5980        |
|    policy_gradient_loss | -0.00691    |
|    std                  | 1.1         |
|    value_loss           | 0.153       |
-----------------------------------------
---------------------------------
| rollout/           |          |
|    ep_len_mean     | 250      |
|    ep_rew_mean     | 242      |
|    success_rate    | 0        |
| time/              |          |
|    fps             | 3850     |
|    iterations      | 599      |
|    time_elapsed    | 1274     |
|    total_timesteps | 4907008  |
---------------------------------
-----------------------------------------
| rollout/                |             |
|    ep_len_mean          | 250         |
|    ep_rew_mean          | 234         |
|    success_rate         | 0           |
| time/                   |             |
|    fps                  | 3851        |
|    iterations           | 600         |
|    time_elapsed         | 1276        |
|    total_timesteps      | 4915200     |
| train/                  |             |
|    approx_kl            | 0.016575467 |
|    clip_fraction        | 0.171       |
|    clip_range           | 0.2         |
|    entropy_loss         | -8.72       |
|    explained_variance   | 0.979       |
|    learning_rate        | 0.0003      |
|    loss                 | 0.171       |
|    n_updates            | 5990        |
|    policy_gradient_loss | -0.00859    |
|    std                  | 1.1         |
|    value_loss           | 0.257       |
-----------------------------------------
-----------------------------------------
| rollout/                |             |
|    ep_len_mean          | 250         |
|    ep_rew_mean          | 234         |
|    success_rate         | 0           |
| time/                   |             |
|    fps                  | 3851        |
|    iterations           | 601         |
|    time_elapsed         | 1278        |
|    total_timesteps      | 4923392     |
| train/                  |             |
|    approx_kl            | 0.005551923 |
|    clip_fraction        | 0.0828      |
|    clip_range           | 0.2         |
|    entropy_loss         | -8.73       |
|    explained_variance   | 0.967       |
|    learning_rate        | 0.0003      |
|    loss                 | 1.98        |
|    n_updates            | 6000        |
|    policy_gradient_loss | -0.00381    |
|    std                  | 1.1         |
|    value_loss           | 10.2        |
-----------------------------------------
Eval num_timesteps=4925000, episode_reward=243.44 +/- 1.06
Episode length: 250.00 +/- 0.00
Success rate: 0.00%
-----------------------------------------
| eval/                   |             |
|    mean_ep_length       | 250         |
|    mean_reward          | 243         |
|    success_rate         | 0           |
| time/                   |             |
|    total_timesteps      | 4925000     |
| train/                  |             |
|    approx_kl            | 0.016420597 |
|    clip_fraction        | 0.235       |
|    clip_range           | 0.2         |
|    entropy_loss         | -8.72       |
|    explained_variance   | 0.631       |
|    learning_rate        | 0.0003      |
|    loss                 | -0.0238     |
|    n_updates            | 6010        |
|    policy_gradient_loss | -0.00808    |
|    std                  | 1.1         |
|    value_loss           | 0.0824      |
-----------------------------------------
---------------------------------
| rollout/           |          |
|    ep_len_mean     | 250      |
|    ep_rew_mean     | 234      |
|    success_rate    | 0        |
| time/              |          |
|    fps             | 3850     |
|    iterations      | 602      |
|    time_elapsed    | 1280     |
|    total_timesteps | 4931584  |
---------------------------------
-----------------------------------------
| rollout/                |             |
|    ep_len_mean          | 250         |
|    ep_rew_mean          | 236         |
|    success_rate         | 0           |
| time/                   |             |
|    fps                  | 3850        |
|    iterations           | 603         |
|    time_elapsed         | 1282        |
|    total_timesteps      | 4939776     |
| train/                  |             |
|    approx_kl            | 0.009779546 |
|    clip_fraction        | 0.132       |
|    clip_range           | 0.2         |
|    entropy_loss         | -8.72       |
|    explained_variance   | 0.948       |
|    learning_rate        | 0.0003      |
|    loss                 | 8.89        |
|    n_updates            | 6020        |
|    policy_gradient_loss | -0.00673    |
|    std                  | 1.1         |
|    value_loss           | 14.3        |
-----------------------------------------
----------------------------------------
| rollout/                |            |
|    ep_len_mean          | 250        |
|    ep_rew_mean          | 236        |
|    success_rate         | 0          |
| time/                   |            |
|    fps                  | 3850       |
|    iterations           | 604        |
|    time_elapsed         | 1284       |
|    total_timesteps      | 4947968    |
| train/                  |            |
|    approx_kl            | 0.01315331 |
|    clip_fraction        | 0.144      |
|    clip_range           | 0.2        |
|    entropy_loss         | -8.71      |
|    explained_variance   | 0.941      |
|    learning_rate        | 0.0003     |
|    loss                 | 0.496      |
|    n_updates            | 6030       |
|    policy_gradient_loss | -0.00684   |
|    std                  | 1.09       |
|    value_loss           | 0.966      |
----------------------------------------
Eval num_timesteps=4950000, episode_reward=244.11 +/- 0.62
Episode length: 250.00 +/- 0.00
Success rate: 0.00%
-----------------------------------------
| eval/                   |             |
|    mean_ep_length       | 250         |
|    mean_reward          | 244         |
|    success_rate         | 0           |
| time/                   |             |
|    total_timesteps      | 4950000     |
| train/                  |             |
|    approx_kl            | 0.015800193 |
|    clip_fraction        | 0.193       |
|    clip_range           | 0.2         |
|    entropy_loss         | -8.68       |
|    explained_variance   | 0.941       |
|    learning_rate        | 0.0003      |
|    loss                 | -0.00462    |
|    n_updates            | 6040        |
|    policy_gradient_loss | -0.00556    |
|    std                  | 1.09        |
|    value_loss           | 0.318       |
-----------------------------------------
---------------------------------
| rollout/           |          |
|    ep_len_mean     | 250      |
|    ep_rew_mean     | 234      |
|    success_rate    | 0        |
| time/              |          |
|    fps             | 3849     |
|    iterations      | 605      |
|    time_elapsed    | 1287     |
|    total_timesteps | 4956160  |
---------------------------------
-----------------------------------------
| rollout/                |             |
|    ep_len_mean          | 250         |
|    ep_rew_mean          | 239         |
|    success_rate         | 0           |
| time/                   |             |
|    fps                  | 3850        |
|    iterations           | 606         |
|    time_elapsed         | 1289        |
|    total_timesteps      | 4964352     |
| train/                  |             |
|    approx_kl            | 0.027718965 |
|    clip_fraction        | 0.291       |
|    clip_range           | 0.2         |
|    entropy_loss         | -8.66       |
|    explained_variance   | 0.962       |
|    learning_rate        | 0.0003      |
|    loss                 | 0.0649      |
|    n_updates            | 6050        |
|    policy_gradient_loss | -0.00348    |
|    std                  | 1.09        |
|    value_loss           | 3.63        |
-----------------------------------------
----------------------------------------
| rollout/                |            |
|    ep_len_mean          | 250        |
|    ep_rew_mean          | 233        |
|    success_rate         | 0          |
| time/                   |            |
|    fps                  | 3851       |
|    iterations           | 607        |
|    time_elapsed         | 1291       |
|    total_timesteps      | 4972544    |
| train/                  |            |
|    approx_kl            | 0.03595443 |
|    clip_fraction        | 0.256      |
|    clip_range           | 0.2        |
|    entropy_loss         | -8.67      |
|    explained_variance   | 0.984      |
|    learning_rate        | 0.0003     |
|    loss                 | -0.028     |
|    n_updates            | 6060       |
|    policy_gradient_loss | -0.0123    |
|    std                  | 1.09       |
|    value_loss           | 0.158      |
----------------------------------------
Eval num_timesteps=4975000, episode_reward=242.05 +/- 1.44
Episode length: 250.00 +/- 0.00
Success rate: 0.00%
-----------------------------------------
| eval/                   |             |
|    mean_ep_length       | 250         |
|    mean_reward          | 242         |
|    success_rate         | 0           |
| time/                   |             |
|    total_timesteps      | 4975000     |
| train/                  |             |
|    approx_kl            | 0.008101215 |
|    clip_fraction        | 0.118       |
|    clip_range           | 0.2         |
|    entropy_loss         | -8.68       |
|    explained_variance   | 0.965       |
|    learning_rate        | 0.0003      |
|    loss                 | 1.16        |
|    n_updates            | 6070        |
|    policy_gradient_loss | -0.00599    |
|    std                  | 1.1         |
|    value_loss           | 12.5        |
-----------------------------------------
---------------------------------
| rollout/           |          |
|    ep_len_mean     | 250      |
|    ep_rew_mean     | 225      |
|    success_rate    | 0        |
| time/              |          |
|    fps             | 3850     |
|    iterations      | 608      |
|    time_elapsed    | 1293     |
|    total_timesteps | 4980736  |
---------------------------------
-----------------------------------------
| rollout/                |             |
|    ep_len_mean          | 250         |
|    ep_rew_mean          | 224         |
|    success_rate         | 0           |
| time/                   |             |
|    fps                  | 3850        |
|    iterations           | 609         |
|    time_elapsed         | 1295        |
|    total_timesteps      | 4988928     |
| train/                  |             |
|    approx_kl            | 0.004221815 |
|    clip_fraction        | 0.0403      |
|    clip_range           | 0.2         |
|    entropy_loss         | -8.69       |
|    explained_variance   | 0.98        |
|    learning_rate        | 0.0003      |
|    loss                 | 7.4         |
|    n_updates            | 6080        |
|    policy_gradient_loss | -0.00681    |
|    std                  | 1.1         |
|    value_loss           | 14.1        |
-----------------------------------------
-----------------------------------------
| rollout/                |             |
|    ep_len_mean          | 250         |
|    ep_rew_mean          | 224         |
|    success_rate         | 0           |
| time/                   |             |
|    fps                  | 3851        |
|    iterations           | 610         |
|    time_elapsed         | 1297        |
|    total_timesteps      | 4997120     |
| train/                  |             |
|    approx_kl            | 0.008263602 |
|    clip_fraction        | 0.188       |
|    clip_range           | 0.2         |
|    entropy_loss         | -8.7        |
|    explained_variance   | 0.963       |
|    learning_rate        | 0.0003      |
|    loss                 | 0.47        |
|    n_updates            | 6090        |
|    policy_gradient_loss | -0.00363    |
|    std                  | 1.1         |
|    value_loss           | 9.04        |
-----------------------------------------
Eval num_timesteps=5000000, episode_reward=244.11 +/- 0.61
Episode length: 250.00 +/- 0.00
Success rate: 0.00%
-----------------------------------------
| eval/                   |             |
|    mean_ep_length       | 250         |
|    mean_reward          | 244         |
|    success_rate         | 0           |
| time/                   |             |
|    total_timesteps      | 5000000     |
| train/                  |             |
|    approx_kl            | 0.012052902 |
|    clip_fraction        | 0.171       |
|    clip_range           | 0.2         |
|    entropy_loss         | -8.72       |
|    explained_variance   | 0.967       |
|    learning_rate        | 0.0003      |
|    loss                 | 12.7        |
|    n_updates            | 6100        |
|    policy_gradient_loss | -0.00876    |
|    std                  | 1.1         |
|    value_loss           | 8.58        |
-----------------------------------------
---------------------------------
| rollout/           |          |
|    ep_len_mean     | 250      |
|    ep_rew_mean     | 227      |
|    success_rate    | 0        |
| time/              |          |
|    fps             | 3850     |
|    iterations      | 611      |
|    time_elapsed    | 1299     |
|    total_timesteps | 5005312  |
---------------------------------
 100% ------------------ 5,005,312/5,000,000 [ 0:21:39 < 0:00:00 , 3,912 it/s ]
Saved final model to C:\Users\Haikal\Desktop\Tech Learning\so101-rl-poc\runs\ppo_v5\final.zip
C:\Users\Haikal\miniforge3\envs\so101-rl\Lib\site-packages\stable_baselines3\common\callbacks.py:419: UserWarning: Training and eval env are not of the same type<stable_baselines3.common.vec_env.subproc_vec_env.SubprocVecEnv object at 0x0000020D0105C150> != <stable_baselines3.common.vec_env.dummy_vec_env.DummyVecEnv object at 0x0000020D7FF94410>
  warnings.warn("Training and eval env are not of the same type" f"{self.training_env} != {self.eval_env}")
