Using cpu device
Logging to C:\Users\Haikal\Desktop\Tech Learning\so101-rl-poc\runs\ppo_v6\tb\PPO_1
---------------------------------
| rollout/           |          |
|    ep_len_mean     | 500      |
|    ep_rew_mean     | -215     |
|    success_rate    | 0        |
| time/              |          |
|    fps             | 7597     |
|    iterations      | 1        |
|    time_elapsed    | 1        |
|    total_timesteps | 8192     |
---------------------------------
-----------------------------------------
| rollout/                |             |
|    ep_len_mean          | 500         |
|    ep_rew_mean          | -212        |
|    success_rate         | 0           |
| time/                   |             |
|    fps                  | 5508        |
|    iterations           | 2           |
|    time_elapsed         | 2           |
|    total_timesteps      | 16384       |
| train/                  |             |
|    approx_kl            | 0.011256799 |
|    clip_fraction        | 0.146       |
|    clip_range           | 0.2         |
|    entropy_loss         | -8.53       |
|    explained_variance   | 0.00299     |
|    learning_rate        | 0.0003      |
|    loss                 | 0.581       |
|    n_updates            | 10          |
|    policy_gradient_loss | -0.00989    |
|    std                  | 1           |
|    value_loss           | 4.1         |
-----------------------------------------
-----------------------------------------
| rollout/                |             |
|    ep_len_mean          | 500         |
|    ep_rew_mean          | -207        |
|    success_rate         | 0           |
| time/                   |             |
|    fps                  | 5036        |
|    iterations           | 3           |
|    time_elapsed         | 4           |
|    total_timesteps      | 24576       |
| train/                  |             |
|    approx_kl            | 0.013659546 |
|    clip_fraction        | 0.17        |
|    clip_range           | 0.2         |
|    entropy_loss         | -8.53       |
|    explained_variance   | 0.387       |
|    learning_rate        | 0.0003      |
|    loss                 | 0.686       |
|    n_updates            | 20          |
|    policy_gradient_loss | -0.0151     |
|    std                  | 1           |
|    value_loss           | 2.89        |
-----------------------------------------
Eval num_timesteps=25000, episode_reward=-156.72 +/- 1.39
Episode length: 500.00 +/- 0.00
Success rate: 0.00%
-----------------------------------------
| eval/                   |             |
|    mean_ep_length       | 500         |
|    mean_reward          | -157        |
|    success_rate         | 0           |
| time/                   |             |
|    total_timesteps      | 25000       |
| train/                  |             |
|    approx_kl            | 0.016561061 |
|    clip_fraction        | 0.203       |
|    clip_range           | 0.2         |
|    entropy_loss         | -8.5        |
|    explained_variance   | 0.396       |
|    learning_rate        | 0.0003      |
|    loss                 | 0.44        |
|    n_updates            | 30          |
|    policy_gradient_loss | -0.0198     |
|    std                  | 0.995       |
|    value_loss           | 1.87        |
-----------------------------------------
New best mean reward!
---------------------------------
| rollout/           |          |
|    ep_len_mean     | 500      |
|    ep_rew_mean     | -199     |
|    success_rate    | 0        |
| time/              |          |
|    fps             | 4185     |
|    iterations      | 4        |
|    time_elapsed    | 7        |
|    total_timesteps | 32768    |
---------------------------------
-----------------------------------------
| rollout/                |             |
|    ep_len_mean          | 500         |
|    ep_rew_mean          | -192        |
|    success_rate         | 0           |
| time/                   |             |
|    fps                  | 4179        |
|    iterations           | 5           |
|    time_elapsed         | 9           |
|    total_timesteps      | 40960       |
| train/                  |             |
|    approx_kl            | 0.016048297 |
|    clip_fraction        | 0.197       |
|    clip_range           | 0.2         |
|    entropy_loss         | -8.49       |
|    explained_variance   | 0.452       |
|    learning_rate        | 0.0003      |
|    loss                 | 0.3         |
|    n_updates            | 40          |
|    policy_gradient_loss | -0.0171     |
|    std                  | 0.996       |
|    value_loss           | 1.13        |
-----------------------------------------
-----------------------------------------
| rollout/                |             |
|    ep_len_mean          | 500         |
|    ep_rew_mean          | -185        |
|    success_rate         | 0           |
| time/                   |             |
|    fps                  | 4168        |
|    iterations           | 6           |
|    time_elapsed         | 11          |
|    total_timesteps      | 49152       |
| train/                  |             |
|    approx_kl            | 0.013786832 |
|    clip_fraction        | 0.188       |
|    clip_range           | 0.2         |
|    entropy_loss         | -8.48       |
|    explained_variance   | 0.395       |
|    learning_rate        | 0.0003      |
|    loss                 | 0.276       |
|    n_updates            | 50          |
|    policy_gradient_loss | -0.0147     |
|    std                  | 0.996       |
|    value_loss           | 0.869       |
-----------------------------------------
Eval num_timesteps=50000, episode_reward=-132.52 +/- 6.73
Episode length: 500.00 +/- 0.00
Success rate: 0.00%
-----------------------------------------
| eval/                   |             |
|    mean_ep_length       | 500         |
|    mean_reward          | -133        |
|    success_rate         | 0           |
| time/                   |             |
|    total_timesteps      | 50000       |
| train/                  |             |
|    approx_kl            | 0.011885364 |
|    clip_fraction        | 0.173       |
|    clip_range           | 0.2         |
|    entropy_loss         | -8.47       |
|    explained_variance   | 0.287       |
|    learning_rate        | 0.0003      |
|    loss                 | 0.806       |
|    n_updates            | 60          |
|    policy_gradient_loss | -0.0112     |
|    std                  | 0.99        |
|    value_loss           | 1.57        |
-----------------------------------------
New best mean reward!
---------------------------------
| rollout/           |          |
|    ep_len_mean     | 500      |
|    ep_rew_mean     | -176     |
|    success_rate    | 0        |
| time/              |          |
|    fps             | 3848     |
|    iterations      | 7        |
|    time_elapsed    | 14       |
|    total_timesteps | 57344    |
---------------------------------
-----------------------------------------
| rollout/                |             |
|    ep_len_mean          | 500         |
|    ep_rew_mean          | -165        |
|    success_rate         | 0           |
| time/                   |             |
|    fps                  | 3873        |
|    iterations           | 8           |
|    time_elapsed         | 16          |
|    total_timesteps      | 65536       |
| train/                  |             |
|    approx_kl            | 0.011538226 |
|    clip_fraction        | 0.156       |
|    clip_range           | 0.2         |
|    entropy_loss         | -8.45       |
|    explained_variance   | 0.46        |
|    learning_rate        | 0.0003      |
|    loss                 | 0.321       |
|    n_updates            | 70          |
|    policy_gradient_loss | -0.00961    |
|    std                  | 0.989       |
|    value_loss           | 1.15        |
-----------------------------------------
-----------------------------------------
| rollout/                |             |
|    ep_len_mean          | 500         |
|    ep_rew_mean          | -156        |
|    success_rate         | 0           |
| time/                   |             |
|    fps                  | 3892        |
|    iterations           | 9           |
|    time_elapsed         | 18          |
|    total_timesteps      | 73728       |
| train/                  |             |
|    approx_kl            | 0.011298533 |
|    clip_fraction        | 0.15        |
|    clip_range           | 0.2         |
|    entropy_loss         | -8.45       |
|    explained_variance   | 0.586       |
|    learning_rate        | 0.0003      |
|    loss                 | 0.747       |
|    n_updates            | 80          |
|    policy_gradient_loss | -0.0123     |
|    std                  | 0.989       |
|    value_loss           | 2.04        |
-----------------------------------------
Eval num_timesteps=75000, episode_reward=-139.18 +/- 5.43
Episode length: 500.00 +/- 0.00
Success rate: 0.00%
----------------------------------------
| eval/                   |            |
|    mean_ep_length       | 500        |
|    mean_reward          | -139       |
|    success_rate         | 0          |
| time/                   |            |
|    total_timesteps      | 75000      |
| train/                  |            |
|    approx_kl            | 0.01015746 |
|    clip_fraction        | 0.111      |
|    clip_range           | 0.2        |
|    entropy_loss         | -8.42      |
|    explained_variance   | 0.688      |
|    learning_rate        | 0.0003     |
|    loss                 | 0.787      |
|    n_updates            | 90         |
|    policy_gradient_loss | -0.00858   |
|    std                  | 0.982      |
|    value_loss           | 1.47       |
----------------------------------------
---------------------------------
| rollout/           |          |
|    ep_len_mean     | 500      |
|    ep_rew_mean     | -148     |
|    success_rate    | 0        |
| time/              |          |
|    fps             | 3710     |
|    iterations      | 10       |
|    time_elapsed    | 22       |
|    total_timesteps | 81920    |
---------------------------------
-----------------------------------------
| rollout/                |             |
|    ep_len_mean          | 500         |
|    ep_rew_mean          | -143        |
|    success_rate         | 0           |
| time/                   |             |
|    fps                  | 3740        |
|    iterations           | 11          |
|    time_elapsed         | 24          |
|    total_timesteps      | 90112       |
| train/                  |             |
|    approx_kl            | 0.011499798 |
|    clip_fraction        | 0.151       |
|    clip_range           | 0.2         |
|    entropy_loss         | -8.38       |
|    explained_variance   | 0.73        |
|    learning_rate        | 0.0003      |
|    loss                 | 0.975       |
|    n_updates            | 100         |
|    policy_gradient_loss | -0.0101     |
|    std                  | 0.977       |
|    value_loss           | 2.21        |
-----------------------------------------
----------------------------------------
| rollout/                |            |
|    ep_len_mean          | 500        |
|    ep_rew_mean          | -140       |
|    success_rate         | 0          |
| time/                   |            |
|    fps                  | 3759       |
|    iterations           | 12         |
|    time_elapsed         | 26         |
|    total_timesteps      | 98304      |
| train/                  |            |
|    approx_kl            | 0.01016539 |
|    clip_fraction        | 0.121      |
|    clip_range           | 0.2        |
|    entropy_loss         | -8.36      |
|    explained_variance   | 0.824      |
|    learning_rate        | 0.0003     |
|    loss                 | 0.769      |
|    n_updates            | 110        |
|    policy_gradient_loss | -0.0108    |
|    std                  | 0.975      |
|    value_loss           | 2.24       |
----------------------------------------
Eval num_timesteps=100000, episode_reward=-111.03 +/- 35.53
Episode length: 500.00 +/- 0.00
Success rate: 0.00%
-----------------------------------------
| eval/                   |             |
|    mean_ep_length       | 500         |
|    mean_reward          | -111        |
|    success_rate         | 0           |
| time/                   |             |
|    total_timesteps      | 100000      |
| train/                  |             |
|    approx_kl            | 0.008344888 |
|    clip_fraction        | 0.114       |
|    clip_range           | 0.2         |
|    entropy_loss         | -8.35       |
|    explained_variance   | 0.861       |
|    learning_rate        | 0.0003      |
|    loss                 | 0.732       |
|    n_updates            | 120         |
|    policy_gradient_loss | -0.00822    |
|    std                  | 0.974       |
|    value_loss           | 1.88        |
-----------------------------------------
New best mean reward!
---------------------------------
| rollout/           |          |
|    ep_len_mean     | 500      |
|    ep_rew_mean     | -136     |
|    success_rate    | 0        |
| time/              |          |
|    fps             | 3631     |
|    iterations      | 13       |
|    time_elapsed    | 29       |
|    total_timesteps | 106496   |
---------------------------------
-----------------------------------------
| rollout/                |             |
|    ep_len_mean          | 500         |
|    ep_rew_mean          | -133        |
|    success_rate         | 0           |
| time/                   |             |
|    fps                  | 3654        |
|    iterations           | 14          |
|    time_elapsed         | 31          |
|    total_timesteps      | 114688      |
| train/                  |             |
|    approx_kl            | 0.010445786 |
|    clip_fraction        | 0.135       |
|    clip_range           | 0.2         |
|    entropy_loss         | -8.35       |
|    explained_variance   | 0.774       |
|    learning_rate        | 0.0003      |
|    loss                 | 0.905       |
|    n_updates            | 130         |
|    policy_gradient_loss | -0.00915    |
|    std                  | 0.973       |
|    value_loss           | 2.23        |
-----------------------------------------
----------------------------------------
| rollout/                |            |
|    ep_len_mean          | 500        |
|    ep_rew_mean          | -129       |
|    success_rate         | 0          |
| time/                   |            |
|    fps                  | 3673       |
|    iterations           | 15         |
|    time_elapsed         | 33         |
|    total_timesteps      | 122880     |
| train/                  |            |
|    approx_kl            | 0.00919823 |
|    clip_fraction        | 0.118      |
|    clip_range           | 0.2        |
|    entropy_loss         | -8.34      |
|    explained_variance   | 0.766      |
|    learning_rate        | 0.0003     |
|    loss                 | 1.24       |
|    n_updates            | 140        |
|    policy_gradient_loss | -0.0088    |
|    std                  | 0.972      |
|    value_loss           | 3.55       |
----------------------------------------
Eval num_timesteps=125000, episode_reward=-141.11 +/- 2.58
Episode length: 500.00 +/- 0.00
Success rate: 0.00%
-----------------------------------------
| eval/                   |             |
|    mean_ep_length       | 500         |
|    mean_reward          | -141        |
|    success_rate         | 0           |
| time/                   |             |
|    total_timesteps      | 125000      |
| train/                  |             |
|    approx_kl            | 0.010482065 |
|    clip_fraction        | 0.122       |
|    clip_range           | 0.2         |
|    entropy_loss         | -8.32       |
|    explained_variance   | 0.805       |
|    learning_rate        | 0.0003      |
|    loss                 | 1.55        |
|    n_updates            | 150         |
|    policy_gradient_loss | -0.0082     |
|    std                  | 0.967       |
|    value_loss           | 3.1         |
-----------------------------------------
---------------------------------
| rollout/           |          |
|    ep_len_mean     | 500      |
|    ep_rew_mean     | -127     |
|    success_rate    | 0        |
| time/              |          |
|    fps             | 3582     |
|    iterations      | 16       |
|    time_elapsed    | 36       |
|    total_timesteps | 131072   |
---------------------------------
-----------------------------------------
| rollout/                |             |
|    ep_len_mean          | 500         |
|    ep_rew_mean          | -124        |
|    success_rate         | 0           |
| time/                   |             |
|    fps                  | 3604        |
|    iterations           | 17          |
|    time_elapsed         | 38          |
|    total_timesteps      | 139264      |
| train/                  |             |
|    approx_kl            | 0.009437728 |
|    clip_fraction        | 0.12        |
|    clip_range           | 0.2         |
|    entropy_loss         | -8.3        |
|    explained_variance   | 0.814       |
|    learning_rate        | 0.0003      |
|    loss                 | 1.66        |
|    n_updates            | 160         |
|    policy_gradient_loss | -0.00885    |
|    std                  | 0.964       |
|    value_loss           | 3.04        |
-----------------------------------------
-----------------------------------------
| rollout/                |             |
|    ep_len_mean          | 500         |
|    ep_rew_mean          | -117        |
|    success_rate         | 0           |
| time/                   |             |
|    fps                  | 3628        |
|    iterations           | 18          |
|    time_elapsed         | 40          |
|    total_timesteps      | 147456      |
| train/                  |             |
|    approx_kl            | 0.010611357 |
|    clip_fraction        | 0.129       |
|    clip_range           | 0.2         |
|    entropy_loss         | -8.28       |
|    explained_variance   | 0.887       |
|    learning_rate        | 0.0003      |
|    loss                 | 0.963       |
|    n_updates            | 170         |
|    policy_gradient_loss | -0.00718    |
|    std                  | 0.963       |
|    value_loss           | 3.37        |
-----------------------------------------
Eval num_timesteps=150000, episode_reward=-134.05 +/- 2.92
Episode length: 500.00 +/- 0.00
Success rate: 0.00%
----------------------------------------
| eval/                   |            |
|    mean_ep_length       | 500        |
|    mean_reward          | -134       |
|    success_rate         | 0          |
| time/                   |            |
|    total_timesteps      | 150000     |
| train/                  |            |
|    approx_kl            | 0.00980952 |
|    clip_fraction        | 0.117      |
|    clip_range           | 0.2        |
|    entropy_loss         | -8.28      |
|    explained_variance   | 0.879      |
|    learning_rate        | 0.0003     |
|    loss                 | 2.01       |
|    n_updates            | 180        |
|    policy_gradient_loss | -0.00687   |
|    std                  | 0.963      |
|    value_loss           | 5.43       |
----------------------------------------
---------------------------------
| rollout/           |          |
|    ep_len_mean     | 500      |
|    ep_rew_mean     | -116     |
|    success_rate    | 0        |
| time/              |          |
|    fps             | 3564     |
|    iterations      | 19       |
|    time_elapsed    | 43       |
|    total_timesteps | 155648   |
---------------------------------
-----------------------------------------
| rollout/                |             |
|    ep_len_mean          | 500         |
|    ep_rew_mean          | -110        |
|    success_rate         | 0           |
| time/                   |             |
|    fps                  | 3587        |
|    iterations           | 20          |
|    time_elapsed         | 45          |
|    total_timesteps      | 163840      |
| train/                  |             |
|    approx_kl            | 0.011371782 |
|    clip_fraction        | 0.128       |
|    clip_range           | 0.2         |
|    entropy_loss         | -8.26       |
|    explained_variance   | 0.868       |
|    learning_rate        | 0.0003      |
|    loss                 | 1.56        |
|    n_updates            | 190         |
|    policy_gradient_loss | -0.00898    |
|    std                  | 0.959       |
|    value_loss           | 4.09        |
-----------------------------------------
-----------------------------------------
| rollout/                |             |
|    ep_len_mean          | 500         |
|    ep_rew_mean          | -105        |
|    success_rate         | 0           |
| time/                   |             |
|    fps                  | 3609        |
|    iterations           | 21          |
|    time_elapsed         | 47          |
|    total_timesteps      | 172032      |
| train/                  |             |
|    approx_kl            | 0.011867603 |
|    clip_fraction        | 0.131       |
|    clip_range           | 0.2         |
|    entropy_loss         | -8.24       |
|    explained_variance   | 0.81        |
|    learning_rate        | 0.0003      |
|    loss                 | 1.97        |
|    n_updates            | 200         |
|    policy_gradient_loss | -0.00756    |
|    std                  | 0.955       |
|    value_loss           | 4.95        |
-----------------------------------------
Eval num_timesteps=175000, episode_reward=-102.39 +/- 43.14
Episode length: 500.00 +/- 0.00
Success rate: 0.00%
-----------------------------------------
| eval/                   |             |
|    mean_ep_length       | 500         |
|    mean_reward          | -102        |
|    success_rate         | 0           |
| time/                   |             |
|    total_timesteps      | 175000      |
| train/                  |             |
|    approx_kl            | 0.009706947 |
|    clip_fraction        | 0.125       |
|    clip_range           | 0.2         |
|    entropy_loss         | -8.23       |
|    explained_variance   | 0.851       |
|    learning_rate        | 0.0003      |
|    loss                 | 3.05        |
|    n_updates            | 210         |
|    policy_gradient_loss | -0.00745    |
|    std                  | 0.955       |
|    value_loss           | 6.17        |
-----------------------------------------
New best mean reward!
---------------------------------
| rollout/           |          |
|    ep_len_mean     | 500      |
|    ep_rew_mean     | -102     |
|    success_rate    | 0        |
| time/              |          |
|    fps             | 3552     |
|    iterations      | 22       |
|    time_elapsed    | 50       |
|    total_timesteps | 180224   |
---------------------------------
-----------------------------------------
| rollout/                |             |
|    ep_len_mean          | 500         |
|    ep_rew_mean          | -98         |
|    success_rate         | 0           |
| time/                   |             |
|    fps                  | 3571        |
|    iterations           | 23          |
|    time_elapsed         | 52          |
|    total_timesteps      | 188416      |
| train/                  |             |
|    approx_kl            | 0.014489155 |
|    clip_fraction        | 0.155       |
|    clip_range           | 0.2         |
|    entropy_loss         | -8.23       |
|    explained_variance   | 0.865       |
|    learning_rate        | 0.0003      |
|    loss                 | 2.46        |
|    n_updates            | 220         |
|    policy_gradient_loss | -0.00947    |
|    std                  | 0.956       |
|    value_loss           | 5.58        |
-----------------------------------------
-----------------------------------------
| rollout/                |             |
|    ep_len_mean          | 500         |
|    ep_rew_mean          | -98.4       |
|    success_rate         | 0           |
| time/                   |             |
|    fps                  | 3591        |
|    iterations           | 24          |
|    time_elapsed         | 54          |
|    total_timesteps      | 196608      |
| train/                  |             |
|    approx_kl            | 0.012152797 |
|    clip_fraction        | 0.158       |
|    clip_range           | 0.2         |
|    entropy_loss         | -8.22       |
|    explained_variance   | 0.772       |
|    learning_rate        | 0.0003      |
|    loss                 | 1.47        |
|    n_updates            | 230         |
|    policy_gradient_loss | -0.00624    |
|    std                  | 0.955       |
|    value_loss           | 4.98        |
-----------------------------------------
Eval num_timesteps=200000, episode_reward=41.80 +/- 156.36
Episode length: 500.00 +/- 0.00
Success rate: 0.00%
-----------------------------------------
| eval/                   |             |
|    mean_ep_length       | 500         |
|    mean_reward          | 41.8        |
|    success_rate         | 0           |
| time/                   |             |
|    total_timesteps      | 200000      |
| train/                  |             |
|    approx_kl            | 0.013893024 |
|    clip_fraction        | 0.173       |
|    clip_range           | 0.2         |
|    entropy_loss         | -8.21       |
|    explained_variance   | 0.865       |
|    learning_rate        | 0.0003      |
|    loss                 | 1.69        |
|    n_updates            | 240         |
|    policy_gradient_loss | -0.00938    |
|    std                  | 0.951       |
|    value_loss           | 4.35        |
-----------------------------------------
New best mean reward!
---------------------------------
| rollout/           |          |
|    ep_len_mean     | 500      |
|    ep_rew_mean     | -91.5    |
|    success_rate    | 0        |
| time/              |          |
|    fps             | 3535     |
|    iterations      | 25       |
|    time_elapsed    | 57       |
|    total_timesteps | 204800   |
---------------------------------
-----------------------------------------
| rollout/                |             |
|    ep_len_mean          | 500         |
|    ep_rew_mean          | -89.9       |
|    success_rate         | 0           |
| time/                   |             |
|    fps                  | 3553        |
|    iterations           | 26          |
|    time_elapsed         | 59          |
|    total_timesteps      | 212992      |
| train/                  |             |
|    approx_kl            | 0.011751922 |
|    clip_fraction        | 0.16        |
|    clip_range           | 0.2         |
|    entropy_loss         | -8.2        |
|    explained_variance   | 0.833       |
|    learning_rate        | 0.0003      |
|    loss                 | 2.98        |
|    n_updates            | 250         |
|    policy_gradient_loss | -0.00642    |
|    std                  | 0.951       |
|    value_loss           | 6.32        |
-----------------------------------------
-----------------------------------------
| rollout/                |             |
|    ep_len_mean          | 500         |
|    ep_rew_mean          | -89.5       |
|    success_rate         | 0           |
| time/                   |             |
|    fps                  | 3570        |
|    iterations           | 27          |
|    time_elapsed         | 61          |
|    total_timesteps      | 221184      |
| train/                  |             |
|    approx_kl            | 0.013814857 |
|    clip_fraction        | 0.157       |
|    clip_range           | 0.2         |
|    entropy_loss         | -8.19       |
|    explained_variance   | 0.886       |
|    learning_rate        | 0.0003      |
|    loss                 | 2.39        |
|    n_updates            | 260         |
|    policy_gradient_loss | -0.00782    |
|    std                  | 0.95        |
|    value_loss           | 5.92        |
-----------------------------------------
Eval num_timesteps=225000, episode_reward=173.89 +/- 207.15
Episode length: 500.00 +/- 0.00
Success rate: 0.00%
-----------------------------------------
| eval/                   |             |
|    mean_ep_length       | 500         |
|    mean_reward          | 174         |
|    success_rate         | 0           |
| time/                   |             |
|    total_timesteps      | 225000      |
| train/                  |             |
|    approx_kl            | 0.010584302 |
|    clip_fraction        | 0.167       |
|    clip_range           | 0.2         |
|    entropy_loss         | -8.18       |
|    explained_variance   | 0.92        |
|    learning_rate        | 0.0003      |
|    loss                 | 2.2         |
|    n_updates            | 270         |
|    policy_gradient_loss | -0.00792    |
|    std                  | 0.946       |
|    value_loss           | 6.39        |
-----------------------------------------
New best mean reward!
---------------------------------
| rollout/           |          |
|    ep_len_mean     | 500      |
|    ep_rew_mean     | -82.5    |
|    success_rate    | 0        |
| time/              |          |
|    fps             | 3519     |
|    iterations      | 28       |
|    time_elapsed    | 65       |
|    total_timesteps | 229376   |
---------------------------------
-----------------------------------------
| rollout/                |             |
|    ep_len_mean          | 500         |
|    ep_rew_mean          | -80.5       |
|    success_rate         | 0           |
| time/                   |             |
|    fps                  | 3531        |
|    iterations           | 29          |
|    time_elapsed         | 67          |
|    total_timesteps      | 237568      |
| train/                  |             |
|    approx_kl            | 0.011882236 |
|    clip_fraction        | 0.156       |
|    clip_range           | 0.2         |
|    entropy_loss         | -8.15       |
|    explained_variance   | 0.762       |
|    learning_rate        | 0.0003      |
|    loss                 | 2.22        |
|    n_updates            | 280         |
|    policy_gradient_loss | -0.00769    |
|    std                  | 0.943       |
|    value_loss           | 6.81        |
-----------------------------------------
-----------------------------------------
| rollout/                |             |
|    ep_len_mean          | 500         |
|    ep_rew_mean          | -73.8       |
|    success_rate         | 0           |
| time/                   |             |
|    fps                  | 3546        |
|    iterations           | 30          |
|    time_elapsed         | 69          |
|    total_timesteps      | 245760      |
| train/                  |             |
|    approx_kl            | 0.011451878 |
|    clip_fraction        | 0.15        |
|    clip_range           | 0.2         |
|    entropy_loss         | -8.13       |
|    explained_variance   | 0.897       |
|    learning_rate        | 0.0003      |
|    loss                 | 2.79        |
|    n_updates            | 290         |
|    policy_gradient_loss | -0.0069     |
|    std                  | 0.94        |
|    value_loss           | 7.59        |
-----------------------------------------
Eval num_timesteps=250000, episode_reward=257.84 +/- 191.26
Episode length: 500.00 +/- 0.00
Success rate: 0.00%
-----------------------------------------
| eval/                   |             |
|    mean_ep_length       | 500         |
|    mean_reward          | 258         |
|    success_rate         | 0           |
| time/                   |             |
|    total_timesteps      | 250000      |
| train/                  |             |
|    approx_kl            | 0.014158029 |
|    clip_fraction        | 0.176       |
|    clip_range           | 0.2         |
|    entropy_loss         | -8.12       |
|    explained_variance   | 0.753       |
|    learning_rate        | 0.0003      |
|    loss                 | 2.92        |
|    n_updates            | 300         |
|    policy_gradient_loss | -0.00835    |
|    std                  | 0.94        |
|    value_loss           | 6.93        |
-----------------------------------------
New best mean reward!
---------------------------------
| rollout/           |          |
|    ep_len_mean     | 500      |
|    ep_rew_mean     | -75.1    |
|    success_rate    | 0        |
| time/              |          |
|    fps             | 3501     |
|    iterations      | 31       |
|    time_elapsed    | 72       |
|    total_timesteps | 253952   |
---------------------------------
-----------------------------------------
| rollout/                |             |
|    ep_len_mean          | 500         |
|    ep_rew_mean          | -70.8       |
|    success_rate         | 0           |
| time/                   |             |
|    fps                  | 3515        |
|    iterations           | 32          |
|    time_elapsed         | 74          |
|    total_timesteps      | 262144      |
| train/                  |             |
|    approx_kl            | 0.012779208 |
|    clip_fraction        | 0.16        |
|    clip_range           | 0.2         |
|    entropy_loss         | -8.12       |
|    explained_variance   | 0.842       |
|    learning_rate        | 0.0003      |
|    loss                 | 2.59        |
|    n_updates            | 310         |
|    policy_gradient_loss | -0.00835    |
|    std                  | 0.939       |
|    value_loss           | 7.6         |
-----------------------------------------
-----------------------------------------
| rollout/                |             |
|    ep_len_mean          | 500         |
|    ep_rew_mean          | -64.9       |
|    success_rate         | 0           |
| time/                   |             |
|    fps                  | 3529        |
|    iterations           | 33          |
|    time_elapsed         | 76          |
|    total_timesteps      | 270336      |
| train/                  |             |
|    approx_kl            | 0.011569185 |
|    clip_fraction        | 0.135       |
|    clip_range           | 0.2         |
|    entropy_loss         | -8.11       |
|    explained_variance   | 0.808       |
|    learning_rate        | 0.0003      |
|    loss                 | 3.51        |
|    n_updates            | 320         |
|    policy_gradient_loss | -0.00595    |
|    std                  | 0.94        |
|    value_loss           | 8.8         |
-----------------------------------------
Eval num_timesteps=275000, episode_reward=338.46 +/- 70.28
Episode length: 500.00 +/- 0.00
Success rate: 0.00%
-----------------------------------------
| eval/                   |             |
|    mean_ep_length       | 500         |
|    mean_reward          | 338         |
|    success_rate         | 0           |
| time/                   |             |
|    total_timesteps      | 275000      |
| train/                  |             |
|    approx_kl            | 0.011175524 |
|    clip_fraction        | 0.143       |
|    clip_range           | 0.2         |
|    entropy_loss         | -8.11       |
|    explained_variance   | 0.847       |
|    learning_rate        | 0.0003      |
|    loss                 | 2.02        |
|    n_updates            | 330         |
|    policy_gradient_loss | -0.00648    |
|    std                  | 0.937       |
|    value_loss           | 7.62        |
-----------------------------------------
New best mean reward!
---------------------------------
| rollout/           |          |
|    ep_len_mean     | 500      |
|    ep_rew_mean     | -66.6    |
|    success_rate    | 0        |
| time/              |          |
|    fps             | 3493     |
|    iterations      | 34       |
|    time_elapsed    | 79       |
|    total_timesteps | 278528   |
---------------------------------
-----------------------------------------
| rollout/                |             |
|    ep_len_mean          | 500         |
|    ep_rew_mean          | -64.1       |
|    success_rate         | 0           |
| time/                   |             |
|    fps                  | 3508        |
|    iterations           | 35          |
|    time_elapsed         | 81          |
|    total_timesteps      | 286720      |
| train/                  |             |
|    approx_kl            | 0.012435626 |
|    clip_fraction        | 0.149       |
|    clip_range           | 0.2         |
|    entropy_loss         | -8.09       |
|    explained_variance   | 0.767       |
|    learning_rate        | 0.0003      |
|    loss                 | 2.98        |
|    n_updates            | 340         |
|    policy_gradient_loss | -0.00668    |
|    std                  | 0.934       |
|    value_loss           | 7.82        |
-----------------------------------------
----------------------------------------
| rollout/                |            |
|    ep_len_mean          | 500        |
|    ep_rew_mean          | -65.6      |
|    success_rate         | 0          |
| time/                   |            |
|    fps                  | 3520       |
|    iterations           | 36         |
|    time_elapsed         | 83         |
|    total_timesteps      | 294912     |
| train/                  |            |
|    approx_kl            | 0.01211676 |
|    clip_fraction        | 0.166      |
|    clip_range           | 0.2        |
|    entropy_loss         | -8.1       |
|    explained_variance   | 0.734      |
|    learning_rate        | 0.0003     |
|    loss                 | 3.39       |
|    n_updates            | 350        |
|    policy_gradient_loss | -0.00685   |
|    std                  | 0.938      |
|    value_loss           | 9.07       |
----------------------------------------
Eval num_timesteps=300000, episode_reward=442.02 +/- 51.07
Episode length: 500.00 +/- 0.00
Success rate: 0.00%
-----------------------------------------
| eval/                   |             |
|    mean_ep_length       | 500         |
|    mean_reward          | 442         |
|    success_rate         | 0           |
| time/                   |             |
|    total_timesteps      | 300000      |
| train/                  |             |
|    approx_kl            | 0.014439271 |
|    clip_fraction        | 0.169       |
|    clip_range           | 0.2         |
|    entropy_loss         | -8.09       |
|    explained_variance   | 0.806       |
|    learning_rate        | 0.0003      |
|    loss                 | 3.4         |
|    n_updates            | 360         |
|    policy_gradient_loss | -0.00807    |
|    std                  | 0.934       |
|    value_loss           | 8.06        |
-----------------------------------------
New best mean reward!
---------------------------------
| rollout/           |          |
|    ep_len_mean     | 500      |
|    ep_rew_mean     | -60.4    |
|    success_rate    | 0        |
| time/              |          |
|    fps             | 3483     |
|    iterations      | 37       |
|    time_elapsed    | 87       |
|    total_timesteps | 303104   |
---------------------------------
-----------------------------------------
| rollout/                |             |
|    ep_len_mean          | 500         |
|    ep_rew_mean          | -59.9       |
|    success_rate         | 0           |
| time/                   |             |
|    fps                  | 3496        |
|    iterations           | 38          |
|    time_elapsed         | 89          |
|    total_timesteps      | 311296      |
| train/                  |             |
|    approx_kl            | 0.012008305 |
|    clip_fraction        | 0.14        |
|    clip_range           | 0.2         |
|    entropy_loss         | -8.08       |
|    explained_variance   | 0.761       |
|    learning_rate        | 0.0003      |
|    loss                 | 3.97        |
|    n_updates            | 370         |
|    policy_gradient_loss | -0.00553    |
|    std                  | 0.933       |
|    value_loss           | 11.6        |
-----------------------------------------
-----------------------------------------
| rollout/                |             |
|    ep_len_mean          | 500         |
|    ep_rew_mean          | -53.6       |
|    success_rate         | 0           |
| time/                   |             |
|    fps                  | 3508        |
|    iterations           | 39          |
|    time_elapsed         | 91          |
|    total_timesteps      | 319488      |
| train/                  |             |
|    approx_kl            | 0.011842787 |
|    clip_fraction        | 0.157       |
|    clip_range           | 0.2         |
|    entropy_loss         | -8.06       |
|    explained_variance   | 0.724       |
|    learning_rate        | 0.0003      |
|    loss                 | 3.1         |
|    n_updates            | 380         |
|    policy_gradient_loss | -0.00593    |
|    std                  | 0.93        |
|    value_loss           | 8.74        |
-----------------------------------------
Eval num_timesteps=325000, episode_reward=349.66 +/- 142.33
Episode length: 500.00 +/- 0.00
Success rate: 0.00%
-----------------------------------------
| eval/                   |             |
|    mean_ep_length       | 500         |
|    mean_reward          | 350         |
|    success_rate         | 0           |
| time/                   |             |
|    total_timesteps      | 325000      |
| train/                  |             |
|    approx_kl            | 0.013777625 |
|    clip_fraction        | 0.168       |
|    clip_range           | 0.2         |
|    entropy_loss         | -8.05       |
|    explained_variance   | 0.678       |
|    learning_rate        | 0.0003      |
|    loss                 | 3.52        |
|    n_updates            | 390         |
|    policy_gradient_loss | -0.0077     |
|    std                  | 0.928       |
|    value_loss           | 10.9        |
-----------------------------------------
---------------------------------
| rollout/           |          |
|    ep_len_mean     | 500      |
|    ep_rew_mean     | -48.3    |
|    success_rate    | 0        |
| time/              |          |
|    fps             | 3476     |
|    iterations      | 40       |
|    time_elapsed    | 94       |
|    total_timesteps | 327680   |
---------------------------------
-----------------------------------------
| rollout/                |             |
|    ep_len_mean          | 500         |
|    ep_rew_mean          | -45.6       |
|    success_rate         | 0           |
| time/                   |             |
|    fps                  | 3486        |
|    iterations           | 41          |
|    time_elapsed         | 96          |
|    total_timesteps      | 335872      |
| train/                  |             |
|    approx_kl            | 0.013132734 |
|    clip_fraction        | 0.162       |
|    clip_range           | 0.2         |
|    entropy_loss         | -8.05       |
|    explained_variance   | 0.653       |
|    learning_rate        | 0.0003      |
|    loss                 | 3.91        |
|    n_updates            | 400         |
|    policy_gradient_loss | -0.00562    |
|    std                  | 0.931       |
|    value_loss           | 10.2        |
-----------------------------------------
-----------------------------------------
| rollout/                |             |
|    ep_len_mean          | 500         |
|    ep_rew_mean          | -48         |
|    success_rate         | 0           |
| time/                   |             |
|    fps                  | 3494        |
|    iterations           | 42          |
|    time_elapsed         | 98          |
|    total_timesteps      | 344064      |
| train/                  |             |
|    approx_kl            | 0.015564044 |
|    clip_fraction        | 0.171       |
|    clip_range           | 0.2         |
|    entropy_loss         | -8.06       |
|    explained_variance   | 0.782       |
|    learning_rate        | 0.0003      |
|    loss                 | 2.73        |
|    n_updates            | 410         |
|    policy_gradient_loss | -0.00756    |
|    std                  | 0.932       |
|    value_loss           | 7.39        |
-----------------------------------------
Eval num_timesteps=350000, episode_reward=271.21 +/- 228.20
Episode length: 500.00 +/- 0.00
Success rate: 0.00%
-----------------------------------------
| eval/                   |             |
|    mean_ep_length       | 500         |
|    mean_reward          | 271         |
|    success_rate         | 0           |
| time/                   |             |
|    total_timesteps      | 350000      |
| train/                  |             |
|    approx_kl            | 0.012083652 |
|    clip_fraction        | 0.143       |
|    clip_range           | 0.2         |
|    entropy_loss         | -8.05       |
|    explained_variance   | 0.836       |
|    learning_rate        | 0.0003      |
|    loss                 | 2.7         |
|    n_updates            | 420         |
|    policy_gradient_loss | -0.00747    |
|    std                  | 0.929       |
|    value_loss           | 7.8         |
-----------------------------------------
---------------------------------
| rollout/           |          |
|    ep_len_mean     | 500      |
|    ep_rew_mean     | -46.2    |
|    success_rate    | 0        |
| time/              |          |
|    fps             | 3464     |
|    iterations      | 43       |
|    time_elapsed    | 101      |
|    total_timesteps | 352256   |
---------------------------------
-----------------------------------------
| rollout/                |             |
|    ep_len_mean          | 500         |
|    ep_rew_mean          | -49.5       |
|    success_rate         | 0           |
| time/                   |             |
|    fps                  | 3476        |
|    iterations           | 44          |
|    time_elapsed         | 103         |
|    total_timesteps      | 360448      |
| train/                  |             |
|    approx_kl            | 0.012788935 |
|    clip_fraction        | 0.15        |
|    clip_range           | 0.2         |
|    entropy_loss         | -8.03       |
|    explained_variance   | 0.722       |
|    learning_rate        | 0.0003      |
|    loss                 | 4.11        |
|    n_updates            | 430         |
|    policy_gradient_loss | -0.0066     |
|    std                  | 0.925       |
|    value_loss           | 9.6         |
-----------------------------------------
-----------------------------------------
| rollout/                |             |
|    ep_len_mean          | 500         |
|    ep_rew_mean          | -51.8       |
|    success_rate         | 0           |
| time/                   |             |
|    fps                  | 3486        |
|    iterations           | 45          |
|    time_elapsed         | 105         |
|    total_timesteps      | 368640      |
| train/                  |             |
|    approx_kl            | 0.012574915 |
|    clip_fraction        | 0.15        |
|    clip_range           | 0.2         |
|    entropy_loss         | -8.02       |
|    explained_variance   | 0.827       |
|    learning_rate        | 0.0003      |
|    loss                 | 2.72        |
|    n_updates            | 440         |
|    policy_gradient_loss | -0.00998    |
|    std                  | 0.925       |
|    value_loss           | 7.9         |
-----------------------------------------
Eval num_timesteps=375000, episode_reward=123.97 +/- 199.95
Episode length: 500.00 +/- 0.00
Success rate: 0.00%
-----------------------------------------
| eval/                   |             |
|    mean_ep_length       | 500         |
|    mean_reward          | 124         |
|    success_rate         | 0           |
| time/                   |             |
|    total_timesteps      | 375000      |
| train/                  |             |
|    approx_kl            | 0.012361837 |
|    clip_fraction        | 0.161       |
|    clip_range           | 0.2         |
|    entropy_loss         | -8.01       |
|    explained_variance   | 0.68        |
|    learning_rate        | 0.0003      |
|    loss                 | 2.89        |
|    n_updates            | 450         |
|    policy_gradient_loss | -0.0063     |
|    std                  | 0.926       |
|    value_loss           | 7.5         |
-----------------------------------------
---------------------------------
| rollout/           |          |
|    ep_len_mean     | 500      |
|    ep_rew_mean     | -50.4    |
|    success_rate    | 0        |
| time/              |          |
|    fps             | 3459     |
|    iterations      | 46       |
|    time_elapsed    | 108      |
|    total_timesteps | 376832   |
---------------------------------
-----------------------------------------
| rollout/                |             |
|    ep_len_mean          | 500         |
|    ep_rew_mean          | -44.6       |
|    success_rate         | 0           |
| time/                   |             |
|    fps                  | 3468        |
|    iterations           | 47          |
|    time_elapsed         | 110         |
|    total_timesteps      | 385024      |
| train/                  |             |
|    approx_kl            | 0.012493078 |
|    clip_fraction        | 0.153       |
|    clip_range           | 0.2         |
|    entropy_loss         | -8.02       |
|    explained_variance   | 0.728       |
|    learning_rate        | 0.0003      |
|    loss                 | 3.71        |
|    n_updates            | 460         |
|    policy_gradient_loss | -0.00787    |
|    std                  | 0.927       |
|    value_loss           | 10.2        |
-----------------------------------------
-----------------------------------------
| rollout/                |             |
|    ep_len_mean          | 500         |
|    ep_rew_mean          | -40.3       |
|    success_rate         | 0           |
| time/                   |             |
|    fps                  | 3478        |
|    iterations           | 48          |
|    time_elapsed         | 113         |
|    total_timesteps      | 393216      |
| train/                  |             |
|    approx_kl            | 0.011896561 |
|    clip_fraction        | 0.138       |
|    clip_range           | 0.2         |
|    entropy_loss         | -8.02       |
|    explained_variance   | 0.657       |
|    learning_rate        | 0.0003      |
|    loss                 | 3.31        |
|    n_updates            | 470         |
|    policy_gradient_loss | -0.00621    |
|    std                  | 0.927       |
|    value_loss           | 8.81        |
-----------------------------------------
Eval num_timesteps=400000, episode_reward=291.22 +/- 198.48
Episode length: 500.00 +/- 0.00
Success rate: 0.00%
-----------------------------------------
| eval/                   |             |
|    mean_ep_length       | 500         |
|    mean_reward          | 291         |
|    success_rate         | 0           |
| time/                   |             |
|    total_timesteps      | 400000      |
| train/                  |             |
|    approx_kl            | 0.014575988 |
|    clip_fraction        | 0.166       |
|    clip_range           | 0.2         |
|    entropy_loss         | -8.02       |
|    explained_variance   | 0.85        |
|    learning_rate        | 0.0003      |
|    loss                 | 3.34        |
|    n_updates            | 480         |
|    policy_gradient_loss | -0.00791    |
|    std                  | 0.926       |
|    value_loss           | 8.33        |
-----------------------------------------
---------------------------------
| rollout/           |          |
|    ep_len_mean     | 500      |
|    ep_rew_mean     | -40.7    |
|    success_rate    | 0        |
| time/              |          |
|    fps             | 3447     |
|    iterations      | 49       |
|    time_elapsed    | 116      |
|    total_timesteps | 401408   |
---------------------------------
-----------------------------------------
| rollout/                |             |
|    ep_len_mean          | 500         |
|    ep_rew_mean          | -39.2       |
|    success_rate         | 0           |
| time/                   |             |
|    fps                  | 3457        |
|    iterations           | 50          |
|    time_elapsed         | 118         |
|    total_timesteps      | 409600      |
| train/                  |             |
|    approx_kl            | 0.013533093 |
|    clip_fraction        | 0.142       |
|    clip_range           | 0.2         |
|    entropy_loss         | -8.02       |
|    explained_variance   | 0.827       |
|    learning_rate        | 0.0003      |
|    loss                 | 3.3         |
|    n_updates            | 490         |
|    policy_gradient_loss | -0.00573    |
|    std                  | 0.928       |
|    value_loss           | 10.6        |
-----------------------------------------
----------------------------------------
| rollout/                |            |
|    ep_len_mean          | 500        |
|    ep_rew_mean          | -33.5      |
|    success_rate         | 0          |
| time/                   |            |
|    fps                  | 3466       |
|    iterations           | 51         |
|    time_elapsed         | 120        |
|    total_timesteps      | 417792     |
| train/                  |            |
|    approx_kl            | 0.01136761 |
|    clip_fraction        | 0.165      |
|    clip_range           | 0.2        |
|    entropy_loss         | -8.03      |
|    explained_variance   | 0.807      |
|    learning_rate        | 0.0003     |
|    loss                 | 3.96       |
|    n_updates            | 500        |
|    policy_gradient_loss | -0.00646   |
|    std                  | 0.929      |
|    value_loss           | 9.19       |
----------------------------------------
Eval num_timesteps=425000, episode_reward=368.51 +/- 83.41
Episode length: 500.00 +/- 0.00
Success rate: 0.00%
-----------------------------------------
| eval/                   |             |
|    mean_ep_length       | 500         |
|    mean_reward          | 369         |
|    success_rate         | 0           |
| time/                   |             |
|    total_timesteps      | 425000      |
| train/                  |             |
|    approx_kl            | 0.012073131 |
|    clip_fraction        | 0.152       |
|    clip_range           | 0.2         |
|    entropy_loss         | -8.04       |
|    explained_variance   | 0.887       |
|    learning_rate        | 0.0003      |
|    loss                 | 3.85        |
|    n_updates            | 510         |
|    policy_gradient_loss | -0.00535    |
|    std                  | 0.93        |
|    value_loss           | 10          |
-----------------------------------------
---------------------------------
| rollout/           |          |
|    ep_len_mean     | 500      |
|    ep_rew_mean     | -29.2    |
|    success_rate    | 0        |
| time/              |          |
|    fps             | 3442     |
|    iterations      | 52       |
|    time_elapsed    | 123      |
|    total_timesteps | 425984   |
---------------------------------
-----------------------------------------
| rollout/                |             |
|    ep_len_mean          | 500         |
|    ep_rew_mean          | -21.1       |
|    success_rate         | 0           |
| time/                   |             |
|    fps                  | 3448        |
|    iterations           | 53          |
|    time_elapsed         | 125         |
|    total_timesteps      | 434176      |
| train/                  |             |
|    approx_kl            | 0.011656875 |
|    clip_fraction        | 0.146       |
|    clip_range           | 0.2         |
|    entropy_loss         | -8.04       |
|    explained_variance   | 0.854       |
|    learning_rate        | 0.0003      |
|    loss                 | 3.96        |
|    n_updates            | 520         |
|    policy_gradient_loss | -0.00738    |
|    std                  | 0.93        |
|    value_loss           | 10.6        |
-----------------------------------------
-----------------------------------------
| rollout/                |             |
|    ep_len_mean          | 500         |
|    ep_rew_mean          | -13         |
|    success_rate         | 0           |
| time/                   |             |
|    fps                  | 3454        |
|    iterations           | 54          |
|    time_elapsed         | 128         |
|    total_timesteps      | 442368      |
| train/                  |             |
|    approx_kl            | 0.010781751 |
|    clip_fraction        | 0.142       |
|    clip_range           | 0.2         |
|    entropy_loss         | -8.04       |
|    explained_variance   | 0.86        |
|    learning_rate        | 0.0003      |
|    loss                 | 4.69        |
|    n_updates            | 530         |
|    policy_gradient_loss | -0.00921    |
|    std                  | 0.93        |
|    value_loss           | 15.1        |
-----------------------------------------
Eval num_timesteps=450000, episode_reward=383.48 +/- 175.93
Episode length: 500.00 +/- 0.00
Success rate: 0.00%
-----------------------------------------
| eval/                   |             |
|    mean_ep_length       | 500         |
|    mean_reward          | 383         |
|    success_rate         | 0           |
| time/                   |             |
|    total_timesteps      | 450000      |
| train/                  |             |
|    approx_kl            | 0.011240952 |
|    clip_fraction        | 0.138       |
|    clip_range           | 0.2         |
|    entropy_loss         | -8.03       |
|    explained_variance   | 0.85        |
|    learning_rate        | 0.0003      |
|    loss                 | 3.83        |
|    n_updates            | 540         |
|    policy_gradient_loss | -0.0066     |
|    std                  | 0.928       |
|    value_loss           | 12.6        |
-----------------------------------------
---------------------------------
| rollout/           |          |
|    ep_len_mean     | 500      |
|    ep_rew_mean     | -6.43    |
|    success_rate    | 0        |
| time/              |          |
|    fps             | 3433     |
|    iterations      | 55       |
|    time_elapsed    | 131      |
|    total_timesteps | 450560   |
---------------------------------
-----------------------------------------
| rollout/                |             |
|    ep_len_mean          | 500         |
|    ep_rew_mean          | 3.65        |
|    success_rate         | 0           |
| time/                   |             |
|    fps                  | 3441        |
|    iterations           | 56          |
|    time_elapsed         | 133         |
|    total_timesteps      | 458752      |
| train/                  |             |
|    approx_kl            | 0.012677591 |
|    clip_fraction        | 0.153       |
|    clip_range           | 0.2         |
|    entropy_loss         | -8          |
|    explained_variance   | 0.881       |
|    learning_rate        | 0.0003      |
|    loss                 | 5.37        |
|    n_updates            | 550         |
|    policy_gradient_loss | -0.00865    |
|    std                  | 0.921       |
|    value_loss           | 12          |
-----------------------------------------
----------------------------------------
| rollout/                |            |
|    ep_len_mean          | 500        |
|    ep_rew_mean          | 16.9       |
|    success_rate         | 0          |
| time/                   |            |
|    fps                  | 3448       |
|    iterations           | 57         |
|    time_elapsed         | 135        |
|    total_timesteps      | 466944     |
| train/                  |            |
|    approx_kl            | 0.01263882 |
|    clip_fraction        | 0.169      |
|    clip_range           | 0.2        |
|    entropy_loss         | -7.97      |
|    explained_variance   | 0.858      |
|    learning_rate        | 0.0003     |
|    loss                 | 3.03       |
|    n_updates            | 560        |
|    policy_gradient_loss | -0.00713   |
|    std                  | 0.918      |
|    value_loss           | 10.1       |
----------------------------------------
Eval num_timesteps=475000, episode_reward=357.88 +/- 3.44
Episode length: 500.00 +/- 0.00
Success rate: 0.00%
-----------------------------------------
| eval/                   |             |
|    mean_ep_length       | 500         |
|    mean_reward          | 358         |
|    success_rate         | 0           |
| time/                   |             |
|    total_timesteps      | 475000      |
| train/                  |             |
|    approx_kl            | 0.010482535 |
|    clip_fraction        | 0.13        |
|    clip_range           | 0.2         |
|    entropy_loss         | -7.97       |
|    explained_variance   | 0.89        |
|    learning_rate        | 0.0003      |
|    loss                 | 5.72        |
|    n_updates            | 570         |
|    policy_gradient_loss | -0.00563    |
|    std                  | 0.921       |
|    value_loss           | 15.6        |
-----------------------------------------
---------------------------------
| rollout/           |          |
|    ep_len_mean     | 500      |
|    ep_rew_mean     | 17.7     |
|    success_rate    | 0        |
| time/              |          |
|    fps             | 3427     |
|    iterations      | 58       |
|    time_elapsed    | 138      |
|    total_timesteps | 475136   |
---------------------------------
-----------------------------------------
| rollout/                |             |
|    ep_len_mean          | 500         |
|    ep_rew_mean          | 17.4        |
|    success_rate         | 0           |
| time/                   |             |
|    fps                  | 3435        |
|    iterations           | 59          |
|    time_elapsed         | 140         |
|    total_timesteps      | 483328      |
| train/                  |             |
|    approx_kl            | 0.013984621 |
|    clip_fraction        | 0.16        |
|    clip_range           | 0.2         |
|    entropy_loss         | -7.99       |
|    explained_variance   | 0.898       |
|    learning_rate        | 0.0003      |
|    loss                 | 4.99        |
|    n_updates            | 580         |
|    policy_gradient_loss | -0.00724    |
|    std                  | 0.923       |
|    value_loss           | 11.1        |
-----------------------------------------
-----------------------------------------
| rollout/                |             |
|    ep_len_mean          | 500         |
|    ep_rew_mean          | 13.3        |
|    success_rate         | 0           |
| time/                   |             |
|    fps                  | 3443        |
|    iterations           | 60          |
|    time_elapsed         | 142         |
|    total_timesteps      | 491520      |
| train/                  |             |
|    approx_kl            | 0.012662729 |
|    clip_fraction        | 0.137       |
|    clip_range           | 0.2         |
|    entropy_loss         | -7.99       |
|    explained_variance   | 0.884       |
|    learning_rate        | 0.0003      |
|    loss                 | 6.04        |
|    n_updates            | 590         |
|    policy_gradient_loss | -0.00811    |
|    std                  | 0.922       |
|    value_loss           | 16.5        |
-----------------------------------------
---------------------------------------
| rollout/                |           |
|    ep_len_mean          | 500       |
|    ep_rew_mean          | 15.1      |
|    success_rate         | 0         |
| time/                   |           |
|    fps                  | 3449      |
|    iterations           | 61        |
|    time_elapsed         | 144       |
|    total_timesteps      | 499712    |
| train/                  |           |
|    approx_kl            | 0.0108048 |
|    clip_fraction        | 0.142     |
|    clip_range           | 0.2       |
|    entropy_loss         | -7.98     |
|    explained_variance   | 0.841     |
|    learning_rate        | 0.0003    |
|    loss                 | 6.78      |
|    n_updates            | 600       |
|    policy_gradient_loss | -0.00756  |
|    std                  | 0.921     |
|    value_loss           | 16.2      |
---------------------------------------
Eval num_timesteps=500000, episode_reward=351.28 +/- 158.28
Episode length: 500.00 +/- 0.00
Success rate: 0.00%
-----------------------------------------
| eval/                   |             |
|    mean_ep_length       | 500         |
|    mean_reward          | 351         |
|    success_rate         | 0           |
| time/                   |             |
|    total_timesteps      | 500000      |
| train/                  |             |
|    approx_kl            | 0.012687238 |
|    clip_fraction        | 0.143       |
|    clip_range           | 0.2         |
|    entropy_loss         | -7.97       |
|    explained_variance   | 0.895       |
|    learning_rate        | 0.0003      |
|    loss                 | 6.05        |
|    n_updates            | 610         |
|    policy_gradient_loss | -0.00557    |
|    std                  | 0.919       |
|    value_loss           | 15.1        |
-----------------------------------------
---------------------------------
| rollout/           |          |
|    ep_len_mean     | 500      |
|    ep_rew_mean     | 19.8     |
|    success_rate    | 0        |
| time/              |          |
|    fps             | 3428     |
|    iterations      | 62       |
|    time_elapsed    | 148      |
|    total_timesteps | 507904   |
---------------------------------
-----------------------------------------
| rollout/                |             |
|    ep_len_mean          | 500         |
|    ep_rew_mean          | 25.8        |
|    success_rate         | 0           |
| time/                   |             |
|    fps                  | 3435        |
|    iterations           | 63          |
|    time_elapsed         | 150         |
|    total_timesteps      | 516096      |
| train/                  |             |
|    approx_kl            | 0.011655088 |
|    clip_fraction        | 0.143       |
|    clip_range           | 0.2         |
|    entropy_loss         | -7.97       |
|    explained_variance   | 0.885       |
|    learning_rate        | 0.0003      |
|    loss                 | 7.56        |
|    n_updates            | 620         |
|    policy_gradient_loss | -0.00531    |
|    std                  | 0.92        |
|    value_loss           | 17.4        |
-----------------------------------------
-----------------------------------------
| rollout/                |             |
|    ep_len_mean          | 500         |
|    ep_rew_mean          | 34.6        |
|    success_rate         | 0           |
| time/                   |             |
|    fps                  | 3441        |
|    iterations           | 64          |
|    time_elapsed         | 152         |
|    total_timesteps      | 524288      |
| train/                  |             |
|    approx_kl            | 0.012258904 |
|    clip_fraction        | 0.145       |
|    clip_range           | 0.2         |
|    entropy_loss         | -7.96       |
|    explained_variance   | 0.879       |
|    learning_rate        | 0.0003      |
|    loss                 | 6.58        |
|    n_updates            | 630         |
|    policy_gradient_loss | -0.00649    |
|    std                  | 0.918       |
|    value_loss           | 17.2        |
-----------------------------------------
Eval num_timesteps=525000, episode_reward=407.11 +/- 26.49
Episode length: 500.00 +/- 0.00
Success rate: 0.00%
-----------------------------------------
| eval/                   |             |
|    mean_ep_length       | 500         |
|    mean_reward          | 407         |
|    success_rate         | 0           |
| time/                   |             |
|    total_timesteps      | 525000      |
| train/                  |             |
|    approx_kl            | 0.016704056 |
|    clip_fraction        | 0.147       |
|    clip_range           | 0.2         |
|    entropy_loss         | -7.95       |
|    explained_variance   | 0.902       |
|    learning_rate        | 0.0003      |
|    loss                 | 5.97        |
|    n_updates            | 640         |
|    policy_gradient_loss | -0.00527    |
|    std                  | 0.915       |
|    value_loss           | 14.9        |
-----------------------------------------
---------------------------------
| rollout/           |          |
|    ep_len_mean     | 500      |
|    ep_rew_mean     | 49.2     |
|    success_rate    | 0        |
| time/              |          |
|    fps             | 3419     |
|    iterations      | 65       |
|    time_elapsed    | 155      |
|    total_timesteps | 532480   |
---------------------------------
-----------------------------------------
| rollout/                |             |
|    ep_len_mean          | 500         |
|    ep_rew_mean          | 71          |
|    success_rate         | 0           |
| time/                   |             |
|    fps                  | 3423        |
|    iterations           | 66          |
|    time_elapsed         | 157         |
|    total_timesteps      | 540672      |
| train/                  |             |
|    approx_kl            | 0.014306507 |
|    clip_fraction        | 0.157       |
|    clip_range           | 0.2         |
|    entropy_loss         | -7.95       |
|    explained_variance   | 0.853       |
|    learning_rate        | 0.0003      |
|    loss                 | 5.17        |
|    n_updates            | 650         |
|    policy_gradient_loss | -0.00608    |
|    std                  | 0.917       |
|    value_loss           | 13.6        |
-----------------------------------------
----------------------------------------
| rollout/                |            |
|    ep_len_mean          | 500        |
|    ep_rew_mean          | 87         |
|    success_rate         | 0          |
| time/                   |            |
|    fps                  | 3428       |
|    iterations           | 67         |
|    time_elapsed         | 160        |
|    total_timesteps      | 548864     |
| train/                  |            |
|    approx_kl            | 0.01308335 |
|    clip_fraction        | 0.155      |
|    clip_range           | 0.2        |
|    entropy_loss         | -7.95      |
|    explained_variance   | 0.851      |
|    learning_rate        | 0.0003     |
|    loss                 | 6.52       |
|    n_updates            | 660        |
|    policy_gradient_loss | -0.00663   |
|    std                  | 0.916      |
|    value_loss           | 15.1       |
----------------------------------------
Eval num_timesteps=550000, episode_reward=413.56 +/- 29.97
Episode length: 500.00 +/- 0.00
Success rate: 0.00%
-----------------------------------------
| eval/                   |             |
|    mean_ep_length       | 500         |
|    mean_reward          | 414         |
|    success_rate         | 0           |
| time/                   |             |
|    total_timesteps      | 550000      |
| train/                  |             |
|    approx_kl            | 0.011932043 |
|    clip_fraction        | 0.167       |
|    clip_range           | 0.2         |
|    entropy_loss         | -7.94       |
|    explained_variance   | 0.863       |
|    learning_rate        | 0.0003      |
|    loss                 | 6.97        |
|    n_updates            | 670         |
|    policy_gradient_loss | -0.00761    |
|    std                  | 0.915       |
|    value_loss           | 18.9        |
-----------------------------------------
---------------------------------
| rollout/           |          |
|    ep_len_mean     | 500      |
|    ep_rew_mean     | 92.6     |
|    success_rate    | 0        |
| time/              |          |
|    fps             | 3409     |
|    iterations      | 68       |
|    time_elapsed    | 163      |
|    total_timesteps | 557056   |
---------------------------------
-----------------------------------------
| rollout/                |             |
|    ep_len_mean          | 500         |
|    ep_rew_mean          | 85.6        |
|    success_rate         | 0           |
| time/                   |             |
|    fps                  | 3416        |
|    iterations           | 69          |
|    time_elapsed         | 165         |
|    total_timesteps      | 565248      |
| train/                  |             |
|    approx_kl            | 0.013006117 |
|    clip_fraction        | 0.159       |
|    clip_range           | 0.2         |
|    entropy_loss         | -7.93       |
|    explained_variance   | 0.91        |
|    learning_rate        | 0.0003      |
|    loss                 | 6.36        |
|    n_updates            | 680         |
|    policy_gradient_loss | -0.00702    |
|    std                  | 0.913       |
|    value_loss           | 16.5        |
-----------------------------------------
-----------------------------------------
| rollout/                |             |
|    ep_len_mean          | 500         |
|    ep_rew_mean          | 95.9        |
|    success_rate         | 0           |
| time/                   |             |
|    fps                  | 3422        |
|    iterations           | 70          |
|    time_elapsed         | 167         |
|    total_timesteps      | 573440      |
| train/                  |             |
|    approx_kl            | 0.014222583 |
|    clip_fraction        | 0.177       |
|    clip_range           | 0.2         |
|    entropy_loss         | -7.92       |
|    explained_variance   | 0.945       |
|    learning_rate        | 0.0003      |
|    loss                 | 5.07        |
|    n_updates            | 690         |
|    policy_gradient_loss | -0.00959    |
|    std                  | 0.912       |
|    value_loss           | 14.6        |
-----------------------------------------
Eval num_timesteps=575000, episode_reward=229.60 +/- 143.51
Episode length: 500.00 +/- 0.00
Success rate: 0.00%
-----------------------------------------
| eval/                   |             |
|    mean_ep_length       | 500         |
|    mean_reward          | 230         |
|    success_rate         | 0           |
| time/                   |             |
|    total_timesteps      | 575000      |
| train/                  |             |
|    approx_kl            | 0.015723545 |
|    clip_fraction        | 0.188       |
|    clip_range           | 0.2         |
|    entropy_loss         | -7.91       |
|    explained_variance   | 0.91        |
|    learning_rate        | 0.0003      |
|    loss                 | 5.11        |
|    n_updates            | 700         |
|    policy_gradient_loss | -0.00841    |
|    std                  | 0.909       |
|    value_loss           | 14          |
-----------------------------------------
---------------------------------
| rollout/           |          |
|    ep_len_mean     | 500      |
|    ep_rew_mean     | 92.9     |
|    success_rate    | 0        |
| time/              |          |
|    fps             | 3405     |
|    iterations      | 71       |
|    time_elapsed    | 170      |
|    total_timesteps | 581632   |
---------------------------------
-----------------------------------------
| rollout/                |             |
|    ep_len_mean          | 500         |
|    ep_rew_mean          | 90.3        |
|    success_rate         | 0           |
| time/                   |             |
|    fps                  | 3411        |
|    iterations           | 72          |
|    time_elapsed         | 172         |
|    total_timesteps      | 589824      |
| train/                  |             |
|    approx_kl            | 0.010655534 |
|    clip_fraction        | 0.146       |
|    clip_range           | 0.2         |
|    entropy_loss         | -7.88       |
|    explained_variance   | 0.907       |
|    learning_rate        | 0.0003      |
|    loss                 | 5.67        |
|    n_updates            | 710         |
|    policy_gradient_loss | -0.00657    |
|    std                  | 0.905       |
|    value_loss           | 16          |
-----------------------------------------
-----------------------------------------
| rollout/                |             |
|    ep_len_mean          | 500         |
|    ep_rew_mean          | 88.9        |
|    success_rate         | 0           |
| time/                   |             |
|    fps                  | 3417        |
|    iterations           | 73          |
|    time_elapsed         | 174         |
|    total_timesteps      | 598016      |
| train/                  |             |
|    approx_kl            | 0.012030771 |
|    clip_fraction        | 0.15        |
|    clip_range           | 0.2         |
|    entropy_loss         | -7.86       |
|    explained_variance   | 0.858       |
|    learning_rate        | 0.0003      |
|    loss                 | 5.43        |
|    n_updates            | 720         |
|    policy_gradient_loss | -0.00702    |
|    std                  | 0.904       |
|    value_loss           | 16          |
-----------------------------------------
Eval num_timesteps=600000, episode_reward=362.93 +/- 22.62
Episode length: 500.00 +/- 0.00
Success rate: 0.00%
-----------------------------------------
| eval/                   |             |
|    mean_ep_length       | 500         |
|    mean_reward          | 363         |
|    success_rate         | 0           |
| time/                   |             |
|    total_timesteps      | 600000      |
| train/                  |             |
|    approx_kl            | 0.011565486 |
|    clip_fraction        | 0.155       |
|    clip_range           | 0.2         |
|    entropy_loss         | -7.84       |
|    explained_variance   | 0.922       |
|    learning_rate        | 0.0003      |
|    loss                 | 6.41        |
|    n_updates            | 730         |
|    policy_gradient_loss | -0.00726    |
|    std                  | 0.9         |
|    value_loss           | 13.7        |
-----------------------------------------
---------------------------------
| rollout/           |          |
|    ep_len_mean     | 500      |
|    ep_rew_mean     | 114      |
|    success_rate    | 0        |
| time/              |          |
|    fps             | 3399     |
|    iterations      | 74       |
|    time_elapsed    | 178      |
|    total_timesteps | 606208   |
---------------------------------
-----------------------------------------
| rollout/                |             |
|    ep_len_mean          | 500         |
|    ep_rew_mean          | 133         |
|    success_rate         | 0           |
| time/                   |             |
|    fps                  | 3405        |
|    iterations           | 75          |
|    time_elapsed         | 180         |
|    total_timesteps      | 614400      |
| train/                  |             |
|    approx_kl            | 0.010954364 |
|    clip_fraction        | 0.138       |
|    clip_range           | 0.2         |
|    entropy_loss         | -7.81       |
|    explained_variance   | 0.932       |
|    learning_rate        | 0.0003      |
|    loss                 | 6.81        |
|    n_updates            | 740         |
|    policy_gradient_loss | -0.00801    |
|    std                  | 0.895       |
|    value_loss           | 16.2        |
-----------------------------------------
-----------------------------------------
| rollout/                |             |
|    ep_len_mean          | 500         |
|    ep_rew_mean          | 145         |
|    success_rate         | 0           |
| time/                   |             |
|    fps                  | 3411        |
|    iterations           | 76          |
|    time_elapsed         | 182         |
|    total_timesteps      | 622592      |
| train/                  |             |
|    approx_kl            | 0.011061786 |
|    clip_fraction        | 0.154       |
|    clip_range           | 0.2         |
|    entropy_loss         | -7.78       |
|    explained_variance   | 0.935       |
|    learning_rate        | 0.0003      |
|    loss                 | 5.14        |
|    n_updates            | 750         |
|    policy_gradient_loss | -0.00598    |
|    std                  | 0.891       |
|    value_loss           | 15.2        |
-----------------------------------------
Eval num_timesteps=625000, episode_reward=418.95 +/- 33.90
Episode length: 500.00 +/- 0.00
Success rate: 0.00%
-----------------------------------------
| eval/                   |             |
|    mean_ep_length       | 500         |
|    mean_reward          | 419         |
|    success_rate         | 0           |
| time/                   |             |
|    total_timesteps      | 625000      |
| train/                  |             |
|    approx_kl            | 0.013918022 |
|    clip_fraction        | 0.171       |
|    clip_range           | 0.2         |
|    entropy_loss         | -7.78       |
|    explained_variance   | 0.922       |
|    learning_rate        | 0.0003      |
|    loss                 | 8.39        |
|    n_updates            | 760         |
|    policy_gradient_loss | -0.00719    |
|    std                  | 0.893       |
|    value_loss           | 18.1        |
-----------------------------------------
---------------------------------
| rollout/           |          |
|    ep_len_mean     | 500      |
|    ep_rew_mean     | 152      |
|    success_rate    | 0        |
| time/              |          |
|    fps             | 3394     |
|    iterations      | 77       |
|    time_elapsed    | 185      |
|    total_timesteps | 630784   |
---------------------------------
-----------------------------------------
| rollout/                |             |
|    ep_len_mean          | 500         |
|    ep_rew_mean          | 164         |
|    success_rate         | 0           |
| time/                   |             |
|    fps                  | 3398        |
|    iterations           | 78          |
|    time_elapsed         | 188         |
|    total_timesteps      | 638976      |
| train/                  |             |
|    approx_kl            | 0.013438307 |
|    clip_fraction        | 0.166       |
|    clip_range           | 0.2         |
|    entropy_loss         | -7.76       |
|    explained_variance   | 0.922       |
|    learning_rate        | 0.0003      |
|    loss                 | 5.98        |
|    n_updates            | 770         |
|    policy_gradient_loss | -0.0058     |
|    std                  | 0.888       |
|    value_loss           | 14.9        |
-----------------------------------------
----------------------------------------
| rollout/                |            |
|    ep_len_mean          | 500        |
|    ep_rew_mean          | 173        |
|    success_rate         | 0          |
| time/                   |            |
|    fps                  | 3403       |
|    iterations           | 79         |
|    time_elapsed         | 190        |
|    total_timesteps      | 647168     |
| train/                  |            |
|    approx_kl            | 0.01387292 |
|    clip_fraction        | 0.175      |
|    clip_range           | 0.2        |
|    entropy_loss         | -7.72      |
|    explained_variance   | 0.937      |
|    learning_rate        | 0.0003     |
|    loss                 | 4.18       |
|    n_updates            | 780        |
|    policy_gradient_loss | -0.00648   |
|    std                  | 0.882      |
|    value_loss           | 12         |
----------------------------------------
Eval num_timesteps=650000, episode_reward=411.62 +/- 29.76
Episode length: 500.00 +/- 0.00
Success rate: 0.00%
-----------------------------------------
| eval/                   |             |
|    mean_ep_length       | 500         |
|    mean_reward          | 412         |
|    success_rate         | 0           |
| time/                   |             |
|    total_timesteps      | 650000      |
| train/                  |             |
|    approx_kl            | 0.014041504 |
|    clip_fraction        | 0.171       |
|    clip_range           | 0.2         |
|    entropy_loss         | -7.71       |
|    explained_variance   | 0.949       |
|    learning_rate        | 0.0003      |
|    loss                 | 6.88        |
|    n_updates            | 790         |
|    policy_gradient_loss | -0.00765    |
|    std                  | 0.882       |
|    value_loss           | 17.1        |
-----------------------------------------
---------------------------------
| rollout/           |          |
|    ep_len_mean     | 500      |
|    ep_rew_mean     | 178      |
|    success_rate    | 0        |
| time/              |          |
|    fps             | 3388     |
|    iterations      | 80       |
|    time_elapsed    | 193      |
|    total_timesteps | 655360   |
---------------------------------
-----------------------------------------
| rollout/                |             |
|    ep_len_mean          | 500         |
|    ep_rew_mean          | 170         |
|    success_rate         | 0           |
| time/                   |             |
|    fps                  | 3393        |
|    iterations           | 81          |
|    time_elapsed         | 195         |
|    total_timesteps      | 663552      |
| train/                  |             |
|    approx_kl            | 0.013968524 |
|    clip_fraction        | 0.17        |
|    clip_range           | 0.2         |
|    entropy_loss         | -7.71       |
|    explained_variance   | 0.933       |
|    learning_rate        | 0.0003      |
|    loss                 | 4.42        |
|    n_updates            | 800         |
|    policy_gradient_loss | -0.0039     |
|    std                  | 0.882       |
|    value_loss           | 13.3        |
-----------------------------------------
-----------------------------------------
| rollout/                |             |
|    ep_len_mean          | 500         |
|    ep_rew_mean          | 164         |
|    success_rate         | 0           |
| time/                   |             |
|    fps                  | 3397        |
|    iterations           | 82          |
|    time_elapsed         | 197         |
|    total_timesteps      | 671744      |
| train/                  |             |
|    approx_kl            | 0.017453026 |
|    clip_fraction        | 0.17        |
|    clip_range           | 0.2         |
|    entropy_loss         | -7.71       |
|    explained_variance   | 0.935       |
|    learning_rate        | 0.0003      |
|    loss                 | 4.34        |
|    n_updates            | 810         |
|    policy_gradient_loss | -0.00619    |
|    std                  | 0.884       |
|    value_loss           | 11.1        |
-----------------------------------------
Eval num_timesteps=675000, episode_reward=372.48 +/- 246.35
Episode length: 500.00 +/- 0.00
Success rate: 0.00%
----------------------------------------
| eval/                   |            |
|    mean_ep_length       | 500        |
|    mean_reward          | 372        |
|    success_rate         | 0          |
| time/                   |            |
|    total_timesteps      | 675000     |
| train/                  |            |
|    approx_kl            | 0.01694759 |
|    clip_fraction        | 0.192      |
|    clip_range           | 0.2        |
|    entropy_loss         | -7.7       |
|    explained_variance   | 0.954      |
|    learning_rate        | 0.0003     |
|    loss                 | 7.89       |
|    n_updates            | 820        |
|    policy_gradient_loss | -0.00449   |
|    std                  | 0.881      |
|    value_loss           | 14.2       |
----------------------------------------
---------------------------------
| rollout/           |          |
|    ep_len_mean     | 500      |
|    ep_rew_mean     | 182      |
|    success_rate    | 0        |
| time/              |          |
|    fps             | 3381     |
|    iterations      | 83       |
|    time_elapsed    | 201      |
|    total_timesteps | 679936   |
---------------------------------
-----------------------------------------
| rollout/                |             |
|    ep_len_mean          | 500         |
|    ep_rew_mean          | 177         |
|    success_rate         | 0           |
| time/                   |             |
|    fps                  | 3386        |
|    iterations           | 84          |
|    time_elapsed         | 203         |
|    total_timesteps      | 688128      |
| train/                  |             |
|    approx_kl            | 0.012217363 |
|    clip_fraction        | 0.137       |
|    clip_range           | 0.2         |
|    entropy_loss         | -7.69       |
|    explained_variance   | 0.896       |
|    learning_rate        | 0.0003      |
|    loss                 | 9.72        |
|    n_updates            | 830         |
|    policy_gradient_loss | -0.00639    |
|    std                  | 0.882       |
|    value_loss           | 23.5        |
-----------------------------------------
-----------------------------------------
| rollout/                |             |
|    ep_len_mean          | 500         |
|    ep_rew_mean          | 176         |
|    success_rate         | 0           |
| time/                   |             |
|    fps                  | 3391        |
|    iterations           | 85          |
|    time_elapsed         | 205         |
|    total_timesteps      | 696320      |
| train/                  |             |
|    approx_kl            | 0.016188785 |
|    clip_fraction        | 0.198       |
|    clip_range           | 0.2         |
|    entropy_loss         | -7.68       |
|    explained_variance   | 0.936       |
|    learning_rate        | 0.0003      |
|    loss                 | 5.19        |
|    n_updates            | 840         |
|    policy_gradient_loss | -0.00638    |
|    std                  | 0.878       |
|    value_loss           | 10.5        |
-----------------------------------------
Eval num_timesteps=700000, episode_reward=291.81 +/- 242.05
Episode length: 500.00 +/- 0.00
Success rate: 0.00%
------------------------------------------
| eval/                   |              |
|    mean_ep_length       | 500          |
|    mean_reward          | 292          |
|    success_rate         | 0            |
| time/                   |              |
|    total_timesteps      | 700000       |
| train/                  |              |
|    approx_kl            | 0.0112955505 |
|    clip_fraction        | 0.145        |
|    clip_range           | 0.2          |
|    entropy_loss         | -7.66        |
|    explained_variance   | 0.941        |
|    learning_rate        | 0.0003       |
|    loss                 | 5.15         |
|    n_updates            | 850          |
|    policy_gradient_loss | -0.00417     |
|    std                  | 0.876        |
|    value_loss           | 14.9         |
------------------------------------------
---------------------------------
| rollout/           |          |
|    ep_len_mean     | 500      |
|    ep_rew_mean     | 176      |
|    success_rate    | 0        |
| time/              |          |
|    fps             | 3376     |
|    iterations      | 86       |
|    time_elapsed    | 208      |
|    total_timesteps | 704512   |
---------------------------------
-----------------------------------------
| rollout/                |             |
|    ep_len_mean          | 500         |
|    ep_rew_mean          | 191         |
|    success_rate         | 0           |
| time/                   |             |
|    fps                  | 3381        |
|    iterations           | 87          |
|    time_elapsed         | 210         |
|    total_timesteps      | 712704      |
| train/                  |             |
|    approx_kl            | 0.012040637 |
|    clip_fraction        | 0.155       |
|    clip_range           | 0.2         |
|    entropy_loss         | -7.66       |
|    explained_variance   | 0.972       |
|    learning_rate        | 0.0003      |
|    loss                 | 5.59        |
|    n_updates            | 860         |
|    policy_gradient_loss | -0.00548    |
|    std                  | 0.88        |
|    value_loss           | 14.6        |
-----------------------------------------
---------------------------------------
| rollout/                |           |
|    ep_len_mean          | 500       |
|    ep_rew_mean          | 197       |
|    success_rate         | 0         |
| time/                   |           |
|    fps                  | 3385      |
|    iterations           | 88        |
|    time_elapsed         | 212       |
|    total_timesteps      | 720896    |
| train/                  |           |
|    approx_kl            | 0.0101363 |
|    clip_fraction        | 0.174     |
|    clip_range           | 0.2       |
|    entropy_loss         | -7.67     |
|    explained_variance   | 0.926     |
|    learning_rate        | 0.0003    |
|    loss                 | 4.48      |
|    n_updates            | 870       |
|    policy_gradient_loss | -0.00269  |
|    std                  | 0.879     |
|    value_loss           | 14.2      |
---------------------------------------
Eval num_timesteps=725000, episode_reward=445.22 +/- 67.67
Episode length: 500.00 +/- 0.00
Success rate: 0.00%
-----------------------------------------
| eval/                   |             |
|    mean_ep_length       | 500         |
|    mean_reward          | 445         |
|    success_rate         | 0           |
| time/                   |             |
|    total_timesteps      | 725000      |
| train/                  |             |
|    approx_kl            | 0.009679936 |
|    clip_fraction        | 0.131       |
|    clip_range           | 0.2         |
|    entropy_loss         | -7.67       |
|    explained_variance   | 0.964       |
|    learning_rate        | 0.0003      |
|    loss                 | 11          |
|    n_updates            | 880         |
|    policy_gradient_loss | -0.00656    |
|    std                  | 0.878       |
|    value_loss           | 20.7        |
-----------------------------------------
New best mean reward!
---------------------------------
| rollout/           |          |
|    ep_len_mean     | 500      |
|    ep_rew_mean     | 197      |
|    success_rate    | 0        |
| time/              |          |
|    fps             | 3367     |
|    iterations      | 89       |
|    time_elapsed    | 216      |
|    total_timesteps | 729088   |
---------------------------------
---------------------------------------
| rollout/                |           |
|    ep_len_mean          | 500       |
|    ep_rew_mean          | 198       |
|    success_rate         | 0         |
| time/                   |           |
|    fps                  | 3370      |
|    iterations           | 90        |
|    time_elapsed         | 218       |
|    total_timesteps      | 737280    |
| train/                  |           |
|    approx_kl            | 0.0122943 |
|    clip_fraction        | 0.169     |
|    clip_range           | 0.2       |
|    entropy_loss         | -7.66     |
|    explained_variance   | 0.965     |
|    learning_rate        | 0.0003    |
|    loss                 | 11.2      |
|    n_updates            | 890       |
|    policy_gradient_loss | -0.00612  |
|    std                  | 0.879     |
|    value_loss           | 17.4      |
---------------------------------------
-----------------------------------------
| rollout/                |             |
|    ep_len_mean          | 500         |
|    ep_rew_mean          | 201         |
|    success_rate         | 0           |
| time/                   |             |
|    fps                  | 3375        |
|    iterations           | 91          |
|    time_elapsed         | 220         |
|    total_timesteps      | 745472      |
| train/                  |             |
|    approx_kl            | 0.016254665 |
|    clip_fraction        | 0.161       |
|    clip_range           | 0.2         |
|    entropy_loss         | -7.65       |
|    explained_variance   | 0.94        |
|    learning_rate        | 0.0003      |
|    loss                 | 9.5         |
|    n_updates            | 900         |
|    policy_gradient_loss | -0.00759    |
|    std                  | 0.876       |
|    value_loss           | 22.8        |
-----------------------------------------
Eval num_timesteps=750000, episode_reward=430.25 +/- 47.24
Episode length: 500.00 +/- 0.00
Success rate: 0.00%
-----------------------------------------
| eval/                   |             |
|    mean_ep_length       | 500         |
|    mean_reward          | 430         |
|    success_rate         | 0           |
| time/                   |             |
|    total_timesteps      | 750000      |
| train/                  |             |
|    approx_kl            | 0.015284933 |
|    clip_fraction        | 0.201       |
|    clip_range           | 0.2         |
|    entropy_loss         | -7.63       |
|    explained_variance   | 0.947       |
|    learning_rate        | 0.0003      |
|    loss                 | 4.69        |
|    n_updates            | 910         |
|    policy_gradient_loss | -0.00817    |
|    std                  | 0.875       |
|    value_loss           | 14.5        |
-----------------------------------------
---------------------------------
| rollout/           |          |
|    ep_len_mean     | 500      |
|    ep_rew_mean     | 206      |
|    success_rate    | 0        |
| time/              |          |
|    fps             | 3360     |
|    iterations      | 92       |
|    time_elapsed    | 224      |
|    total_timesteps | 753664   |
---------------------------------
-----------------------------------------
| rollout/                |             |
|    ep_len_mean          | 500         |
|    ep_rew_mean          | 198         |
|    success_rate         | 0           |
| time/                   |             |
|    fps                  | 3366        |
|    iterations           | 93          |
|    time_elapsed         | 226         |
|    total_timesteps      | 761856      |
| train/                  |             |
|    approx_kl            | 0.014261561 |
|    clip_fraction        | 0.163       |
|    clip_range           | 0.2         |
|    entropy_loss         | -7.62       |
|    explained_variance   | 0.944       |
|    learning_rate        | 0.0003      |
|    loss                 | 8.13        |
|    n_updates            | 920         |
|    policy_gradient_loss | -0.00474    |
|    std                  | 0.874       |
|    value_loss           | 16.5        |
-----------------------------------------
-----------------------------------------
| rollout/                |             |
|    ep_len_mean          | 500         |
|    ep_rew_mean          | 186         |
|    success_rate         | 0           |
| time/                   |             |
|    fps                  | 3371        |
|    iterations           | 94          |
|    time_elapsed         | 228         |
|    total_timesteps      | 770048      |
| train/                  |             |
|    approx_kl            | 0.013930934 |
|    clip_fraction        | 0.2         |
|    clip_range           | 0.2         |
|    entropy_loss         | -7.62       |
|    explained_variance   | 0.958       |
|    learning_rate        | 0.0003      |
|    loss                 | 4.08        |
|    n_updates            | 930         |
|    policy_gradient_loss | -0.00391    |
|    std                  | 0.876       |
|    value_loss           | 11.6        |
-----------------------------------------
Eval num_timesteps=775000, episode_reward=397.01 +/- 79.06
Episode length: 500.00 +/- 0.00
Success rate: 0.00%
-----------------------------------------
| eval/                   |             |
|    mean_ep_length       | 500         |
|    mean_reward          | 397         |
|    success_rate         | 0           |
| time/                   |             |
|    total_timesteps      | 775000      |
| train/                  |             |
|    approx_kl            | 0.011661262 |
|    clip_fraction        | 0.174       |
|    clip_range           | 0.2         |
|    entropy_loss         | -7.62       |
|    explained_variance   | 0.915       |
|    learning_rate        | 0.0003      |
|    loss                 | 5.78        |
|    n_updates            | 940         |
|    policy_gradient_loss | -0.00666    |
|    std                  | 0.874       |
|    value_loss           | 14.3        |
-----------------------------------------
---------------------------------
| rollout/           |          |
|    ep_len_mean     | 500      |
|    ep_rew_mean     | 190      |
|    success_rate    | 0        |
| time/              |          |
|    fps             | 3358     |
|    iterations      | 95       |
|    time_elapsed    | 231      |
|    total_timesteps | 778240   |
---------------------------------
-----------------------------------------
| rollout/                |             |
|    ep_len_mean          | 500         |
|    ep_rew_mean          | 191         |
|    success_rate         | 0           |
| time/                   |             |
|    fps                  | 3362        |
|    iterations           | 96          |
|    time_elapsed         | 233         |
|    total_timesteps      | 786432      |
| train/                  |             |
|    approx_kl            | 0.014643868 |
|    clip_fraction        | 0.167       |
|    clip_range           | 0.2         |
|    entropy_loss         | -7.62       |
|    explained_variance   | 0.948       |
|    learning_rate        | 0.0003      |
|    loss                 | 11.7        |
|    n_updates            | 950         |
|    policy_gradient_loss | -0.00686    |
|    std                  | 0.876       |
|    value_loss           | 17.6        |
-----------------------------------------
-----------------------------------------
| rollout/                |             |
|    ep_len_mean          | 500         |
|    ep_rew_mean          | 189         |
|    success_rate         | 0           |
| time/                   |             |
|    fps                  | 3365        |
|    iterations           | 97          |
|    time_elapsed         | 236         |
|    total_timesteps      | 794624      |
| train/                  |             |
|    approx_kl            | 0.012530435 |
|    clip_fraction        | 0.157       |
|    clip_range           | 0.2         |
|    entropy_loss         | -7.63       |
|    explained_variance   | 0.961       |
|    learning_rate        | 0.0003      |
|    loss                 | 4.34        |
|    n_updates            | 960         |
|    policy_gradient_loss | -0.00672    |
|    std                  | 0.877       |
|    value_loss           | 15.1        |
-----------------------------------------
Eval num_timesteps=800000, episode_reward=411.67 +/- 49.68
Episode length: 500.00 +/- 0.00
Success rate: 0.00%
-----------------------------------------
| eval/                   |             |
|    mean_ep_length       | 500         |
|    mean_reward          | 412         |
|    success_rate         | 0           |
| time/                   |             |
|    total_timesteps      | 800000      |
| train/                  |             |
|    approx_kl            | 0.013369059 |
|    clip_fraction        | 0.159       |
|    clip_range           | 0.2         |
|    entropy_loss         | -7.63       |
|    explained_variance   | 0.951       |
|    learning_rate        | 0.0003      |
|    loss                 | 6.7         |
|    n_updates            | 970         |
|    policy_gradient_loss | -0.00637    |
|    std                  | 0.875       |
|    value_loss           | 23.1        |
-----------------------------------------
---------------------------------
| rollout/           |          |
|    ep_len_mean     | 500      |
|    ep_rew_mean     | 199      |
|    success_rate    | 0        |
| time/              |          |
|    fps             | 3351     |
|    iterations      | 98       |
|    time_elapsed    | 239      |
|    total_timesteps | 802816   |
---------------------------------
-----------------------------------------
| rollout/                |             |
|    ep_len_mean          | 500         |
|    ep_rew_mean          | 180         |
|    success_rate         | 0           |
| time/                   |             |
|    fps                  | 3356        |
|    iterations           | 99          |
|    time_elapsed         | 241         |
|    total_timesteps      | 811008      |
| train/                  |             |
|    approx_kl            | 0.020392459 |
|    clip_fraction        | 0.211       |
|    clip_range           | 0.2         |
|    entropy_loss         | -7.62       |
|    explained_variance   | 0.93        |
|    learning_rate        | 0.0003      |
|    loss                 | 3.25        |
|    n_updates            | 980         |
|    policy_gradient_loss | -0.00519    |
|    std                  | 0.874       |
|    value_loss           | 11.9        |
-----------------------------------------
-----------------------------------------
| rollout/                |             |
|    ep_len_mean          | 500         |
|    ep_rew_mean          | 193         |
|    success_rate         | 0           |
| time/                   |             |
|    fps                  | 3359        |
|    iterations           | 100         |
|    time_elapsed         | 243         |
|    total_timesteps      | 819200      |
| train/                  |             |
|    approx_kl            | 0.010520188 |
|    clip_fraction        | 0.145       |
|    clip_range           | 0.2         |
|    entropy_loss         | -7.59       |
|    explained_variance   | 0.948       |
|    learning_rate        | 0.0003      |
|    loss                 | 6.4         |
|    n_updates            | 990         |
|    policy_gradient_loss | -0.00792    |
|    std                  | 0.867       |
|    value_loss           | 18.8        |
-----------------------------------------
Eval num_timesteps=825000, episode_reward=366.84 +/- 56.68
Episode length: 500.00 +/- 0.00
Success rate: 0.00%
----------------------------------------
| eval/                   |            |
|    mean_ep_length       | 500        |
|    mean_reward          | 367        |
|    success_rate         | 0          |
| time/                   |            |
|    total_timesteps      | 825000     |
| train/                  |            |
|    approx_kl            | 0.01136066 |
|    clip_fraction        | 0.136      |
|    clip_range           | 0.2        |
|    entropy_loss         | -7.54      |
|    explained_variance   | 0.959      |
|    learning_rate        | 0.0003     |
|    loss                 | 5.92       |
|    n_updates            | 1000       |
|    policy_gradient_loss | -0.00646   |
|    std                  | 0.86       |
|    value_loss           | 19.1       |
----------------------------------------
---------------------------------
| rollout/           |          |
|    ep_len_mean     | 500      |
|    ep_rew_mean     | 200      |
|    success_rate    | 0        |
| time/              |          |
|    fps             | 3341     |
|    iterations      | 101      |
|    time_elapsed    | 247      |
|    total_timesteps | 827392   |
---------------------------------
-----------------------------------------
| rollout/                |             |
|    ep_len_mean          | 500         |
|    ep_rew_mean          | 196         |
|    success_rate         | 0           |
| time/                   |             |
|    fps                  | 3344        |
|    iterations           | 102         |
|    time_elapsed         | 249         |
|    total_timesteps      | 835584      |
| train/                  |             |
|    approx_kl            | 0.014034624 |
|    clip_fraction        | 0.151       |
|    clip_range           | 0.2         |
|    entropy_loss         | -7.52       |
|    explained_variance   | 0.968       |
|    learning_rate        | 0.0003      |
|    loss                 | 4.65        |
|    n_updates            | 1010        |
|    policy_gradient_loss | -0.0079     |
|    std                  | 0.86        |
|    value_loss           | 15.1        |
-----------------------------------------
-----------------------------------------
| rollout/                |             |
|    ep_len_mean          | 500         |
|    ep_rew_mean          | 200         |
|    success_rate         | 0           |
| time/                   |             |
|    fps                  | 3347        |
|    iterations           | 103         |
|    time_elapsed         | 252         |
|    total_timesteps      | 843776      |
| train/                  |             |
|    approx_kl            | 0.014826311 |
|    clip_fraction        | 0.177       |
|    clip_range           | 0.2         |
|    entropy_loss         | -7.52       |
|    explained_variance   | 0.959       |
|    learning_rate        | 0.0003      |
|    loss                 | 4.56        |
|    n_updates            | 1020        |
|    policy_gradient_loss | -0.00443    |
|    std                  | 0.861       |
|    value_loss           | 16.4        |
-----------------------------------------
Eval num_timesteps=850000, episode_reward=307.57 +/- 77.93
Episode length: 500.00 +/- 0.00
Success rate: 0.00%
-----------------------------------------
| eval/                   |             |
|    mean_ep_length       | 500         |
|    mean_reward          | 308         |
|    success_rate         | 0           |
| time/                   |             |
|    total_timesteps      | 850000      |
| train/                  |             |
|    approx_kl            | 0.015803874 |
|    clip_fraction        | 0.192       |
|    clip_range           | 0.2         |
|    entropy_loss         | -7.51       |
|    explained_variance   | 0.953       |
|    learning_rate        | 0.0003      |
|    loss                 | 4.78        |
|    n_updates            | 1030        |
|    policy_gradient_loss | -0.00862    |
|    std                  | 0.857       |
|    value_loss           | 17          |
-----------------------------------------
---------------------------------
| rollout/           |          |
|    ep_len_mean     | 500      |
|    ep_rew_mean     | 206      |
|    success_rate    | 0        |
| time/              |          |
|    fps             | 3335     |
|    iterations      | 104      |
|    time_elapsed    | 255      |
|    total_timesteps | 851968   |
---------------------------------
----------------------------------------
| rollout/                |            |
|    ep_len_mean          | 500        |
|    ep_rew_mean          | 209        |
|    success_rate         | 0          |
| time/                   |            |
|    fps                  | 3339       |
|    iterations           | 105        |
|    time_elapsed         | 257        |
|    total_timesteps      | 860160     |
| train/                  |            |
|    approx_kl            | 0.01562717 |
|    clip_fraction        | 0.178      |
|    clip_range           | 0.2        |
|    entropy_loss         | -7.49      |
|    explained_variance   | 0.956      |
|    learning_rate        | 0.0003     |
|    loss                 | 7.11       |
|    n_updates            | 1040       |
|    policy_gradient_loss | -0.00601   |
|    std                  | 0.855      |
|    value_loss           | 18.3       |
----------------------------------------
----------------------------------------
| rollout/                |            |
|    ep_len_mean          | 500        |
|    ep_rew_mean          | 210        |
|    success_rate         | 0          |
| time/                   |            |
|    fps                  | 3343       |
|    iterations           | 106        |
|    time_elapsed         | 259        |
|    total_timesteps      | 868352     |
| train/                  |            |
|    approx_kl            | 0.01586827 |
|    clip_fraction        | 0.173      |
|    clip_range           | 0.2        |
|    entropy_loss         | -7.49      |
|    explained_variance   | 0.953      |
|    learning_rate        | 0.0003     |
|    loss                 | 8.4        |
|    n_updates            | 1050       |
|    policy_gradient_loss | -0.006     |
|    std                  | 0.858      |
|    value_loss           | 20.3       |
----------------------------------------
Eval num_timesteps=875000, episode_reward=391.65 +/- 55.62
Episode length: 500.00 +/- 0.00
Success rate: 0.00%
-----------------------------------------
| eval/                   |             |
|    mean_ep_length       | 500         |
|    mean_reward          | 392         |
|    success_rate         | 0           |
| time/                   |             |
|    total_timesteps      | 875000      |
| train/                  |             |
|    approx_kl            | 0.016006347 |
|    clip_fraction        | 0.181       |
|    clip_range           | 0.2         |
|    entropy_loss         | -7.5        |
|    explained_variance   | 0.937       |
|    learning_rate        | 0.0003      |
|    loss                 | 6.56        |
|    n_updates            | 1060        |
|    policy_gradient_loss | -0.00628    |
|    std                  | 0.857       |
|    value_loss           | 17.5        |
-----------------------------------------
---------------------------------
| rollout/           |          |
|    ep_len_mean     | 500      |
|    ep_rew_mean     | 207      |
|    success_rate    | 0        |
| time/              |          |
|    fps             | 3332     |
|    iterations      | 107      |
|    time_elapsed    | 262      |
|    total_timesteps | 876544   |
---------------------------------
----------------------------------------
| rollout/                |            |
|    ep_len_mean          | 500        |
|    ep_rew_mean          | 205        |
|    success_rate         | 0          |
| time/                   |            |
|    fps                  | 3337       |
|    iterations           | 108        |
|    time_elapsed         | 265        |
|    total_timesteps      | 884736     |
| train/                  |            |
|    approx_kl            | 0.02059217 |
|    clip_fraction        | 0.191      |
|    clip_range           | 0.2        |
|    entropy_loss         | -7.5       |
|    explained_variance   | 0.933      |
|    learning_rate        | 0.0003     |
|    loss                 | 4.65       |
|    n_updates            | 1070       |
|    policy_gradient_loss | -0.00656   |
|    std                  | 0.858      |
|    value_loss           | 14.2       |
----------------------------------------
----------------------------------------
| rollout/                |            |
|    ep_len_mean          | 500        |
|    ep_rew_mean          | 203        |
|    success_rate         | 0          |
| time/                   |            |
|    fps                  | 3341       |
|    iterations           | 109        |
|    time_elapsed         | 267        |
|    total_timesteps      | 892928     |
| train/                  |            |
|    approx_kl            | 0.01688831 |
|    clip_fraction        | 0.177      |
|    clip_range           | 0.2        |
|    entropy_loss         | -7.49      |
|    explained_variance   | 0.952      |
|    learning_rate        | 0.0003     |
|    loss                 | 5.02       |
|    n_updates            | 1080       |
|    policy_gradient_loss | -0.00454   |
|    std                  | 0.856      |
|    value_loss           | 15.4       |
----------------------------------------
Eval num_timesteps=900000, episode_reward=378.68 +/- 24.93
Episode length: 500.00 +/- 0.00
Success rate: 0.00%
-----------------------------------------
| eval/                   |             |
|    mean_ep_length       | 500         |
|    mean_reward          | 379         |
|    success_rate         | 0           |
| time/                   |             |
|    total_timesteps      | 900000      |
| train/                  |             |
|    approx_kl            | 0.013967279 |
|    clip_fraction        | 0.173       |
|    clip_range           | 0.2         |
|    entropy_loss         | -7.5        |
|    explained_variance   | 0.971       |
|    learning_rate        | 0.0003      |
|    loss                 | 7.03        |
|    n_updates            | 1090        |
|    policy_gradient_loss | -0.00653    |
|    std                  | 0.86        |
|    value_loss           | 14.4        |
-----------------------------------------
---------------------------------
| rollout/           |          |
|    ep_len_mean     | 500      |
|    ep_rew_mean     | 195      |
|    success_rate    | 0        |
| time/              |          |
|    fps             | 3330     |
|    iterations      | 110      |
|    time_elapsed    | 270      |
|    total_timesteps | 901120   |
---------------------------------
-----------------------------------------
| rollout/                |             |
|    ep_len_mean          | 500         |
|    ep_rew_mean          | 205         |
|    success_rate         | 0           |
| time/                   |             |
|    fps                  | 3332        |
|    iterations           | 111         |
|    time_elapsed         | 272         |
|    total_timesteps      | 909312      |
| train/                  |             |
|    approx_kl            | 0.010518182 |
|    clip_fraction        | 0.154       |
|    clip_range           | 0.2         |
|    entropy_loss         | -7.51       |
|    explained_variance   | 0.96        |
|    learning_rate        | 0.0003      |
|    loss                 | 10.3        |
|    n_updates            | 1100        |
|    policy_gradient_loss | -0.00705    |
|    std                  | 0.859       |
|    value_loss           | 22.9        |
-----------------------------------------
-----------------------------------------
| rollout/                |             |
|    ep_len_mean          | 500         |
|    ep_rew_mean          | 222         |
|    success_rate         | 0           |
| time/                   |             |
|    fps                  | 3336        |
|    iterations           | 112         |
|    time_elapsed         | 275         |
|    total_timesteps      | 917504      |
| train/                  |             |
|    approx_kl            | 0.017224679 |
|    clip_fraction        | 0.186       |
|    clip_range           | 0.2         |
|    entropy_loss         | -7.49       |
|    explained_variance   | 0.956       |
|    learning_rate        | 0.0003      |
|    loss                 | 4.19        |
|    n_updates            | 1110        |
|    policy_gradient_loss | -0.00569    |
|    std                  | 0.857       |
|    value_loss           | 14.9        |
-----------------------------------------
Eval num_timesteps=925000, episode_reward=343.98 +/- 23.24
Episode length: 500.00 +/- 0.00
Success rate: 0.00%
-----------------------------------------
| eval/                   |             |
|    mean_ep_length       | 500         |
|    mean_reward          | 344         |
|    success_rate         | 0           |
| time/                   |             |
|    total_timesteps      | 925000      |
| train/                  |             |
|    approx_kl            | 0.018610904 |
|    clip_fraction        | 0.178       |
|    clip_range           | 0.2         |
|    entropy_loss         | -7.5        |
|    explained_variance   | 0.953       |
|    learning_rate        | 0.0003      |
|    loss                 | 8.21        |
|    n_updates            | 1120        |
|    policy_gradient_loss | -0.0082     |
|    std                  | 0.859       |
|    value_loss           | 19          |
-----------------------------------------
---------------------------------
| rollout/           |          |
|    ep_len_mean     | 500      |
|    ep_rew_mean     | 238      |
|    success_rate    | 0        |
| time/              |          |
|    fps             | 3323     |
|    iterations      | 113      |
|    time_elapsed    | 278      |
|    total_timesteps | 925696   |
---------------------------------
-----------------------------------------
| rollout/                |             |
|    ep_len_mean          | 500         |
|    ep_rew_mean          | 249         |
|    success_rate         | 0           |
| time/                   |             |
|    fps                  | 3324        |
|    iterations           | 114         |
|    time_elapsed         | 280         |
|    total_timesteps      | 933888      |
| train/                  |             |
|    approx_kl            | 0.015202865 |
|    clip_fraction        | 0.207       |
|    clip_range           | 0.2         |
|    entropy_loss         | -7.49       |
|    explained_variance   | 0.962       |
|    learning_rate        | 0.0003      |
|    loss                 | 7.13        |
|    n_updates            | 1130        |
|    policy_gradient_loss | -0.0024     |
|    std                  | 0.858       |
|    value_loss           | 10.6        |
-----------------------------------------
-----------------------------------------
| rollout/                |             |
|    ep_len_mean          | 500         |
|    ep_rew_mean          | 256         |
|    success_rate         | 0           |
| time/                   |             |
|    fps                  | 3326        |
|    iterations           | 115         |
|    time_elapsed         | 283         |
|    total_timesteps      | 942080      |
| train/                  |             |
|    approx_kl            | 0.011600631 |
|    clip_fraction        | 0.161       |
|    clip_range           | 0.2         |
|    entropy_loss         | -7.48       |
|    explained_variance   | 0.933       |
|    learning_rate        | 0.0003      |
|    loss                 | 2.61        |
|    n_updates            | 1140        |
|    policy_gradient_loss | -0.00362    |
|    std                  | 0.855       |
|    value_loss           | 14.6        |
-----------------------------------------
Eval num_timesteps=950000, episode_reward=325.19 +/- 92.08
Episode length: 500.00 +/- 0.00
Success rate: 0.00%
-----------------------------------------
| eval/                   |             |
|    mean_ep_length       | 500         |
|    mean_reward          | 325         |
|    success_rate         | 0           |
| time/                   |             |
|    total_timesteps      | 950000      |
| train/                  |             |
|    approx_kl            | 0.016052468 |
|    clip_fraction        | 0.188       |
|    clip_range           | 0.2         |
|    entropy_loss         | -7.47       |
|    explained_variance   | 0.963       |
|    learning_rate        | 0.0003      |
|    loss                 | 5.99        |
|    n_updates            | 1150        |
|    policy_gradient_loss | -0.00376    |
|    std                  | 0.856       |
|    value_loss           | 14.8        |
-----------------------------------------
---------------------------------
| rollout/           |          |
|    ep_len_mean     | 500      |
|    ep_rew_mean     | 278      |
|    success_rate    | 0        |
| time/              |          |
|    fps             | 3311     |
|    iterations      | 116      |
|    time_elapsed    | 286      |
|    total_timesteps | 950272   |
---------------------------------
-----------------------------------------
| rollout/                |             |
|    ep_len_mean          | 500         |
|    ep_rew_mean          | 280         |
|    success_rate         | 0           |
| time/                   |             |
|    fps                  | 3312        |
|    iterations           | 117         |
|    time_elapsed         | 289         |
|    total_timesteps      | 958464      |
| train/                  |             |
|    approx_kl            | 0.021369562 |
|    clip_fraction        | 0.231       |
|    clip_range           | 0.2         |
|    entropy_loss         | -7.46       |
|    explained_variance   | 0.945       |
|    learning_rate        | 0.0003      |
|    loss                 | 2.88        |
|    n_updates            | 1160        |
|    policy_gradient_loss | -0.00611    |
|    std                  | 0.853       |
|    value_loss           | 8.32        |
-----------------------------------------
-----------------------------------------
| rollout/                |             |
|    ep_len_mean          | 500         |
|    ep_rew_mean          | 288         |
|    success_rate         | 0           |
| time/                   |             |
|    fps                  | 3314        |
|    iterations           | 118         |
|    time_elapsed         | 291         |
|    total_timesteps      | 966656      |
| train/                  |             |
|    approx_kl            | 0.012805387 |
|    clip_fraction        | 0.172       |
|    clip_range           | 0.2         |
|    entropy_loss         | -7.46       |
|    explained_variance   | 0.957       |
|    learning_rate        | 0.0003      |
|    loss                 | 3.64        |
|    n_updates            | 1170        |
|    policy_gradient_loss | -0.00674    |
|    std                  | 0.856       |
|    value_loss           | 11.4        |
-----------------------------------------
-----------------------------------------
| rollout/                |             |
|    ep_len_mean          | 500         |
|    ep_rew_mean          | 287         |
|    success_rate         | 0           |
| time/                   |             |
|    fps                  | 3317        |
|    iterations           | 119         |
|    time_elapsed         | 293         |
|    total_timesteps      | 974848      |
| train/                  |             |
|    approx_kl            | 0.017955419 |
|    clip_fraction        | 0.183       |
|    clip_range           | 0.2         |
|    entropy_loss         | -7.47       |
|    explained_variance   | 0.959       |
|    learning_rate        | 0.0003      |
|    loss                 | 4.53        |
|    n_updates            | 1180        |
|    policy_gradient_loss | -0.00491    |
|    std                  | 0.854       |
|    value_loss           | 9.46        |
-----------------------------------------
Eval num_timesteps=975000, episode_reward=366.90 +/- 39.95
Episode length: 500.00 +/- 0.00
Success rate: 0.00%
-----------------------------------------
| eval/                   |             |
|    mean_ep_length       | 500         |
|    mean_reward          | 367         |
|    success_rate         | 0           |
| time/                   |             |
|    total_timesteps      | 975000      |
| train/                  |             |
|    approx_kl            | 0.015618503 |
|    clip_fraction        | 0.183       |
|    clip_range           | 0.2         |
|    entropy_loss         | -7.46       |
|    explained_variance   | 0.957       |
|    learning_rate        | 0.0003      |
|    loss                 | 4.01        |
|    n_updates            | 1190        |
|    policy_gradient_loss | -0.00629    |
|    std                  | 0.855       |
|    value_loss           | 11.8        |
-----------------------------------------
---------------------------------
| rollout/           |          |
|    ep_len_mean     | 500      |
|    ep_rew_mean     | 280      |
|    success_rate    | 0        |
| time/              |          |
|    fps             | 3307     |
|    iterations      | 120      |
|    time_elapsed    | 297      |
|    total_timesteps | 983040   |
---------------------------------
-----------------------------------------
| rollout/                |             |
|    ep_len_mean          | 500         |
|    ep_rew_mean          | 291         |
|    success_rate         | 0           |
| time/                   |             |
|    fps                  | 3310        |
|    iterations           | 121         |
|    time_elapsed         | 299         |
|    total_timesteps      | 991232      |
| train/                  |             |
|    approx_kl            | 0.016833395 |
|    clip_fraction        | 0.208       |
|    clip_range           | 0.2         |
|    entropy_loss         | -7.45       |
|    explained_variance   | 0.957       |
|    learning_rate        | 0.0003      |
|    loss                 | 3.08        |
|    n_updates            | 1200        |
|    policy_gradient_loss | -0.00439    |
|    std                  | 0.852       |
|    value_loss           | 9.85        |
-----------------------------------------
-----------------------------------------
| rollout/                |             |
|    ep_len_mean          | 500         |
|    ep_rew_mean          | 280         |
|    success_rate         | 0           |
| time/                   |             |
|    fps                  | 3314        |
|    iterations           | 122         |
|    time_elapsed         | 301         |
|    total_timesteps      | 999424      |
| train/                  |             |
|    approx_kl            | 0.013767447 |
|    clip_fraction        | 0.164       |
|    clip_range           | 0.2         |
|    entropy_loss         | -7.45       |
|    explained_variance   | 0.971       |
|    learning_rate        | 0.0003      |
|    loss                 | 2.92        |
|    n_updates            | 1210        |
|    policy_gradient_loss | -0.00589    |
|    std                  | 0.854       |
|    value_loss           | 10.6        |
-----------------------------------------
Eval num_timesteps=1000000, episode_reward=420.29 +/- 11.44
Episode length: 500.00 +/- 0.00
Success rate: 0.00%
-----------------------------------------
| eval/                   |             |
|    mean_ep_length       | 500         |
|    mean_reward          | 420         |
|    success_rate         | 0           |
| time/                   |             |
|    total_timesteps      | 1000000     |
| train/                  |             |
|    approx_kl            | 0.013261303 |
|    clip_fraction        | 0.151       |
|    clip_range           | 0.2         |
|    entropy_loss         | -7.43       |
|    explained_variance   | 0.956       |
|    learning_rate        | 0.0003      |
|    loss                 | 6.97        |
|    n_updates            | 1220        |
|    policy_gradient_loss | -0.00519    |
|    std                  | 0.847       |
|    value_loss           | 13.6        |
-----------------------------------------
---------------------------------
| rollout/           |          |
|    ep_len_mean     | 500      |
|    ep_rew_mean     | 275      |
|    success_rate    | 0        |
| time/              |          |
|    fps             | 3306     |
|    iterations      | 123      |
|    time_elapsed    | 304      |
|    total_timesteps | 1007616  |
---------------------------------
------------------------------------------
| rollout/                |              |
|    ep_len_mean          | 500          |
|    ep_rew_mean          | 269          |
|    success_rate         | 0            |
| time/                   |              |
|    fps                  | 3310         |
|    iterations           | 124          |
|    time_elapsed         | 306          |
|    total_timesteps      | 1015808      |
| train/                  |              |
|    approx_kl            | 0.0136009175 |
|    clip_fraction        | 0.178        |
|    clip_range           | 0.2          |
|    entropy_loss         | -7.4         |
|    explained_variance   | 0.96         |
|    learning_rate        | 0.0003       |
|    loss                 | 5.36         |
|    n_updates            | 1230         |
|    policy_gradient_loss | -0.00906     |
|    std                  | 0.845        |
|    value_loss           | 14.5         |
------------------------------------------
-----------------------------------------
| rollout/                |             |
|    ep_len_mean          | 500         |
|    ep_rew_mean          | 284         |
|    success_rate         | 0           |
| time/                   |             |
|    fps                  | 3313        |
|    iterations           | 125         |
|    time_elapsed         | 308         |
|    total_timesteps      | 1024000     |
| train/                  |             |
|    approx_kl            | 0.018272668 |
|    clip_fraction        | 0.2         |
|    clip_range           | 0.2         |
|    entropy_loss         | -7.37       |
|    explained_variance   | 0.956       |
|    learning_rate        | 0.0003      |
|    loss                 | 5.08        |
|    n_updates            | 1240        |
|    policy_gradient_loss | -0.00705    |
|    std                  | 0.84        |
|    value_loss           | 10.5        |
-----------------------------------------
Eval num_timesteps=1025000, episode_reward=423.35 +/- 15.06
Episode length: 500.00 +/- 0.00
Success rate: 0.00%
----------------------------------------
| eval/                   |            |
|    mean_ep_length       | 500        |
|    mean_reward          | 423        |
|    success_rate         | 0          |
| time/                   |            |
|    total_timesteps      | 1025000    |
| train/                  |            |
|    approx_kl            | 0.02027094 |
|    clip_fraction        | 0.221      |
|    clip_range           | 0.2        |
|    entropy_loss         | -7.37      |
|    explained_variance   | 0.958      |
|    learning_rate        | 0.0003     |
|    loss                 | 1.45       |
|    n_updates            | 1250       |
|    policy_gradient_loss | -0.00194   |
|    std                  | 0.843      |
|    value_loss           | 5.05       |
----------------------------------------
---------------------------------
| rollout/           |          |
|    ep_len_mean     | 500      |
|    ep_rew_mean     | 283      |
|    success_rate    | 0        |
| time/              |          |
|    fps             | 3306     |
|    iterations      | 126      |
|    time_elapsed    | 312      |
|    total_timesteps | 1032192  |
---------------------------------
-----------------------------------------
| rollout/                |             |
|    ep_len_mean          | 500         |
|    ep_rew_mean          | 284         |
|    success_rate         | 0           |
| time/                   |             |
|    fps                  | 3310        |
|    iterations           | 127         |
|    time_elapsed         | 314         |
|    total_timesteps      | 1040384     |
| train/                  |             |
|    approx_kl            | 0.013399467 |
|    clip_fraction        | 0.173       |
|    clip_range           | 0.2         |
|    entropy_loss         | -7.36       |
|    explained_variance   | 0.923       |
|    learning_rate        | 0.0003      |
|    loss                 | 3.58        |
|    n_updates            | 1260        |
|    policy_gradient_loss | -0.00499    |
|    std                  | 0.837       |
|    value_loss           | 9.93        |
-----------------------------------------
-----------------------------------------
| rollout/                |             |
|    ep_len_mean          | 500         |
|    ep_rew_mean          | 284         |
|    success_rate         | 0           |
| time/                   |             |
|    fps                  | 3313        |
|    iterations           | 128         |
|    time_elapsed         | 316         |
|    total_timesteps      | 1048576     |
| train/                  |             |
|    approx_kl            | 0.013266478 |
|    clip_fraction        | 0.158       |
|    clip_range           | 0.2         |
|    entropy_loss         | -7.32       |
|    explained_variance   | 0.892       |
|    learning_rate        | 0.0003      |
|    loss                 | 9.93        |
|    n_updates            | 1270        |
|    policy_gradient_loss | -0.00507    |
|    std                  | 0.834       |
|    value_loss           | 17.7        |
-----------------------------------------
Eval num_timesteps=1050000, episode_reward=401.56 +/- 6.33
Episode length: 500.00 +/- 0.00
Success rate: 0.00%
-----------------------------------------
| eval/                   |             |
|    mean_ep_length       | 500         |
|    mean_reward          | 402         |
|    success_rate         | 0           |
| time/                   |             |
|    total_timesteps      | 1050000     |
| train/                  |             |
|    approx_kl            | 0.017403224 |
|    clip_fraction        | 0.197       |
|    clip_range           | 0.2         |
|    entropy_loss         | -7.3        |
|    explained_variance   | 0.974       |
|    learning_rate        | 0.0003      |
|    loss                 | 2.03        |
|    n_updates            | 1280        |
|    policy_gradient_loss | -0.00473    |
|    std                  | 0.833       |
|    value_loss           | 9.42        |
-----------------------------------------
---------------------------------
| rollout/           |          |
|    ep_len_mean     | 500      |
|    ep_rew_mean     | 286      |
|    success_rate    | 0        |
| time/              |          |
|    fps             | 3305     |
|    iterations      | 129      |
|    time_elapsed    | 319      |
|    total_timesteps | 1056768  |
---------------------------------
----------------------------------------
| rollout/                |            |
|    ep_len_mean          | 500        |
|    ep_rew_mean          | 291        |
|    success_rate         | 0          |
| time/                   |            |
|    fps                  | 3309       |
|    iterations           | 130        |
|    time_elapsed         | 321        |
|    total_timesteps      | 1064960    |
| train/                  |            |
|    approx_kl            | 0.01158069 |
|    clip_fraction        | 0.138      |
|    clip_range           | 0.2        |
|    entropy_loss         | -7.31      |
|    explained_variance   | 0.961      |
|    learning_rate        | 0.0003     |
|    loss                 | 9.9        |
|    n_updates            | 1290       |
|    policy_gradient_loss | -0.00922   |
|    std                  | 0.836      |
|    value_loss           | 18         |
----------------------------------------
-----------------------------------------
| rollout/                |             |
|    ep_len_mean          | 500         |
|    ep_rew_mean          | 287         |
|    success_rate         | 0           |
| time/                   |             |
|    fps                  | 3312        |
|    iterations           | 131         |
|    time_elapsed         | 323         |
|    total_timesteps      | 1073152     |
| train/                  |             |
|    approx_kl            | 0.011592329 |
|    clip_fraction        | 0.15        |
|    clip_range           | 0.2         |
|    entropy_loss         | -7.32       |
|    explained_variance   | 0.939       |
|    learning_rate        | 0.0003      |
|    loss                 | 8.4         |
|    n_updates            | 1300        |
|    policy_gradient_loss | -0.006      |
|    std                  | 0.836       |
|    value_loss           | 13.3        |
-----------------------------------------
Eval num_timesteps=1075000, episode_reward=424.58 +/- 26.34
Episode length: 500.00 +/- 0.00
Success rate: 0.00%
---------------------------------------
| eval/                   |           |
|    mean_ep_length       | 500       |
|    mean_reward          | 425       |
|    success_rate         | 0         |
| time/                   |           |
|    total_timesteps      | 1075000   |
| train/                  |           |
|    approx_kl            | 0.0193903 |
|    clip_fraction        | 0.221     |
|    clip_range           | 0.2       |
|    entropy_loss         | -7.31     |
|    explained_variance   | 0.981     |
|    learning_rate        | 0.0003    |
|    loss                 | 1.68      |
|    n_updates            | 1310      |
|    policy_gradient_loss | -0.00434  |
|    std                  | 0.834     |
|    value_loss           | 5.31      |
---------------------------------------
---------------------------------
| rollout/           |          |
|    ep_len_mean     | 500      |
|    ep_rew_mean     | 299      |
|    success_rate    | 0        |
| time/              |          |
|    fps             | 3304     |
|    iterations      | 132      |
|    time_elapsed    | 327      |
|    total_timesteps | 1081344  |
---------------------------------
-----------------------------------------
| rollout/                |             |
|    ep_len_mean          | 500         |
|    ep_rew_mean          | 303         |
|    success_rate         | 0           |
| time/                   |             |
|    fps                  | 3308        |
|    iterations           | 133         |
|    time_elapsed         | 329         |
|    total_timesteps      | 1089536     |
| train/                  |             |
|    approx_kl            | 0.018445773 |
|    clip_fraction        | 0.196       |
|    clip_range           | 0.2         |
|    entropy_loss         | -7.3        |
|    explained_variance   | 0.919       |
|    learning_rate        | 0.0003      |
|    loss                 | 3.14        |
|    n_updates            | 1320        |
|    policy_gradient_loss | -0.00198    |
|    std                  | 0.834       |
|    value_loss           | 6.25        |
-----------------------------------------
----------------------------------------
| rollout/                |            |
|    ep_len_mean          | 500        |
|    ep_rew_mean          | 311        |
|    success_rate         | 0          |
| time/                   |            |
|    fps                  | 3311       |
|    iterations           | 134        |
|    time_elapsed         | 331        |
|    total_timesteps      | 1097728    |
| train/                  |            |
|    approx_kl            | 0.01525555 |
|    clip_fraction        | 0.23       |
|    clip_range           | 0.2        |
|    entropy_loss         | -7.29      |
|    explained_variance   | 0.962      |
|    learning_rate        | 0.0003     |
|    loss                 | 1.56       |
|    n_updates            | 1330       |
|    policy_gradient_loss | -0.00077   |
|    std                  | 0.831      |
|    value_loss           | 6.02       |
----------------------------------------
Eval num_timesteps=1100000, episode_reward=450.75 +/- 13.11
Episode length: 500.00 +/- 0.00
Success rate: 0.00%
-----------------------------------------
| eval/                   |             |
|    mean_ep_length       | 500         |
|    mean_reward          | 451         |
|    success_rate         | 0           |
| time/                   |             |
|    total_timesteps      | 1100000     |
| train/                  |             |
|    approx_kl            | 0.015411268 |
|    clip_fraction        | 0.194       |
|    clip_range           | 0.2         |
|    entropy_loss         | -7.27       |
|    explained_variance   | 0.967       |
|    learning_rate        | 0.0003      |
|    loss                 | 1.32        |
|    n_updates            | 1340        |
|    policy_gradient_loss | -0.00586    |
|    std                  | 0.827       |
|    value_loss           | 5.04        |
-----------------------------------------
New best mean reward!
---------------------------------
| rollout/           |          |
|    ep_len_mean     | 500      |
|    ep_rew_mean     | 313      |
|    success_rate    | 0        |
| time/              |          |
|    fps             | 3303     |
|    iterations      | 135      |
|    time_elapsed    | 334      |
|    total_timesteps | 1105920  |
---------------------------------
---------------------------------------
| rollout/                |           |
|    ep_len_mean          | 500       |
|    ep_rew_mean          | 301       |
|    success_rate         | 0         |
| time/                   |           |
|    fps                  | 3306      |
|    iterations           | 136       |
|    time_elapsed         | 336       |
|    total_timesteps      | 1114112   |
| train/                  |           |
|    approx_kl            | 0.0141597 |
|    clip_fraction        | 0.156     |
|    clip_range           | 0.2       |
|    entropy_loss         | -7.27     |
|    explained_variance   | 0.956     |
|    learning_rate        | 0.0003    |
|    loss                 | 2.74      |
|    n_updates            | 1350      |
|    policy_gradient_loss | -0.00607  |
|    std                  | 0.831     |
|    value_loss           | 9.09      |
---------------------------------------
----------------------------------------
| rollout/                |            |
|    ep_len_mean          | 500        |
|    ep_rew_mean          | 300        |
|    success_rate         | 0          |
| time/                   |            |
|    fps                  | 3309       |
|    iterations           | 137        |
|    time_elapsed         | 339        |
|    total_timesteps      | 1122304    |
| train/                  |            |
|    approx_kl            | 0.01303494 |
|    clip_fraction        | 0.149      |
|    clip_range           | 0.2        |
|    entropy_loss         | -7.28      |
|    explained_variance   | 0.97       |
|    learning_rate        | 0.0003     |
|    loss                 | 2.9        |
|    n_updates            | 1360       |
|    policy_gradient_loss | -0.00671   |
|    std                  | 0.831      |
|    value_loss           | 9.12       |
----------------------------------------
Eval num_timesteps=1125000, episode_reward=416.65 +/- 39.06
Episode length: 500.00 +/- 0.00
Success rate: 0.00%
-----------------------------------------
| eval/                   |             |
|    mean_ep_length       | 500         |
|    mean_reward          | 417         |
|    success_rate         | 0           |
| time/                   |             |
|    total_timesteps      | 1125000     |
| train/                  |             |
|    approx_kl            | 0.011166771 |
|    clip_fraction        | 0.161       |
|    clip_range           | 0.2         |
|    entropy_loss         | -7.28       |
|    explained_variance   | 0.971       |
|    learning_rate        | 0.0003      |
|    loss                 | 2.49        |
|    n_updates            | 1370        |
|    policy_gradient_loss | -0.00747    |
|    std                  | 0.832       |
|    value_loss           | 9.1         |
-----------------------------------------
---------------------------------
| rollout/           |          |
|    ep_len_mean     | 500      |
|    ep_rew_mean     | 293      |
|    success_rate    | 0        |
| time/              |          |
|    fps             | 3301     |
|    iterations      | 138      |
|    time_elapsed    | 342      |
|    total_timesteps | 1130496  |
---------------------------------
------------------------------------------
| rollout/                |              |
|    ep_len_mean          | 500          |
|    ep_rew_mean          | 298          |
|    success_rate         | 0            |
| time/                   |              |
|    fps                  | 3304         |
|    iterations           | 139          |
|    time_elapsed         | 344          |
|    total_timesteps      | 1138688      |
| train/                  |              |
|    approx_kl            | 0.0131908115 |
|    clip_fraction        | 0.195        |
|    clip_range           | 0.2          |
|    entropy_loss         | -7.28        |
|    explained_variance   | 0.959        |
|    learning_rate        | 0.0003       |
|    loss                 | 13.5         |
|    n_updates            | 1380         |
|    policy_gradient_loss | -0.00919     |
|    std                  | 0.832        |
|    value_loss           | 12.6         |
------------------------------------------
-----------------------------------------
| rollout/                |             |
|    ep_len_mean          | 500         |
|    ep_rew_mean          | 296         |
|    success_rate         | 0           |
| time/                   |             |
|    fps                  | 3308        |
|    iterations           | 140         |
|    time_elapsed         | 346         |
|    total_timesteps      | 1146880     |
| train/                  |             |
|    approx_kl            | 0.016509725 |
|    clip_fraction        | 0.174       |
|    clip_range           | 0.2         |
|    entropy_loss         | -7.27       |
|    explained_variance   | 0.927       |
|    learning_rate        | 0.0003      |
|    loss                 | 2.25        |
|    n_updates            | 1390        |
|    policy_gradient_loss | -0.0062     |
|    std                  | 0.83        |
|    value_loss           | 7.63        |
-----------------------------------------
Eval num_timesteps=1150000, episode_reward=429.40 +/- 24.49
Episode length: 500.00 +/- 0.00
Success rate: 0.00%
-----------------------------------------
| eval/                   |             |
|    mean_ep_length       | 500         |
|    mean_reward          | 429         |
|    success_rate         | 0           |
| time/                   |             |
|    total_timesteps      | 1150000     |
| train/                  |             |
|    approx_kl            | 0.011500059 |
|    clip_fraction        | 0.152       |
|    clip_range           | 0.2         |
|    entropy_loss         | -7.27       |
|    explained_variance   | 0.963       |
|    learning_rate        | 0.0003      |
|    loss                 | 3.69        |
|    n_updates            | 1400        |
|    policy_gradient_loss | -0.00681    |
|    std                  | 0.831       |
|    value_loss           | 13.2        |
-----------------------------------------
---------------------------------
| rollout/           |          |
|    ep_len_mean     | 500      |
|    ep_rew_mean     | 298      |
|    success_rate    | 0        |
| time/              |          |
|    fps             | 3299     |
|    iterations      | 141      |
|    time_elapsed    | 350      |
|    total_timesteps | 1155072  |
---------------------------------
-----------------------------------------
| rollout/                |             |
|    ep_len_mean          | 500         |
|    ep_rew_mean          | 301         |
|    success_rate         | 0           |
| time/                   |             |
|    fps                  | 3303        |
|    iterations           | 142         |
|    time_elapsed         | 352         |
|    total_timesteps      | 1163264     |
| train/                  |             |
|    approx_kl            | 0.013253063 |
|    clip_fraction        | 0.166       |
|    clip_range           | 0.2         |
|    entropy_loss         | -7.28       |
|    explained_variance   | 0.971       |
|    learning_rate        | 0.0003      |
|    loss                 | 3.68        |
|    n_updates            | 1410        |
|    policy_gradient_loss | -0.00868    |
|    std                  | 0.832       |
|    value_loss           | 11.8        |
-----------------------------------------
----------------------------------------
| rollout/                |            |
|    ep_len_mean          | 500        |
|    ep_rew_mean          | 291        |
|    success_rate         | 0          |
| time/                   |            |
|    fps                  | 3306       |
|    iterations           | 143        |
|    time_elapsed         | 354        |
|    total_timesteps      | 1171456    |
| train/                  |            |
|    approx_kl            | 0.01301362 |
|    clip_fraction        | 0.144      |
|    clip_range           | 0.2        |
|    entropy_loss         | -7.27      |
|    explained_variance   | 0.977      |
|    learning_rate        | 0.0003     |
|    loss                 | 4.87       |
|    n_updates            | 1420       |
|    policy_gradient_loss | -0.00647   |
|    std                  | 0.829      |
|    value_loss           | 12.1       |
----------------------------------------
Eval num_timesteps=1175000, episode_reward=436.30 +/- 18.92
Episode length: 500.00 +/- 0.00
Success rate: 0.00%
-----------------------------------------
| eval/                   |             |
|    mean_ep_length       | 500         |
|    mean_reward          | 436         |
|    success_rate         | 0           |
| time/                   |             |
|    total_timesteps      | 1175000     |
| train/                  |             |
|    approx_kl            | 0.012416296 |
|    clip_fraction        | 0.129       |
|    clip_range           | 0.2         |
|    entropy_loss         | -7.25       |
|    explained_variance   | 0.97        |
|    learning_rate        | 0.0003      |
|    loss                 | 11.1        |
|    n_updates            | 1430        |
|    policy_gradient_loss | -0.00904    |
|    std                  | 0.828       |
|    value_loss           | 17.3        |
-----------------------------------------
---------------------------------
| rollout/           |          |
|    ep_len_mean     | 500      |
|    ep_rew_mean     | 288      |
|    success_rate    | 0        |
| time/              |          |
|    fps             | 3298     |
|    iterations      | 144      |
|    time_elapsed    | 357      |
|    total_timesteps | 1179648  |
---------------------------------
-----------------------------------------
| rollout/                |             |
|    ep_len_mean          | 500         |
|    ep_rew_mean          | 276         |
|    success_rate         | 0           |
| time/                   |             |
|    fps                  | 3302        |
|    iterations           | 145         |
|    time_elapsed         | 359         |
|    total_timesteps      | 1187840     |
| train/                  |             |
|    approx_kl            | 0.011463906 |
|    clip_fraction        | 0.161       |
|    clip_range           | 0.2         |
|    entropy_loss         | -7.26       |
|    explained_variance   | 0.973       |
|    learning_rate        | 0.0003      |
|    loss                 | 6.99        |
|    n_updates            | 1440        |
|    policy_gradient_loss | -0.00801    |
|    std                  | 0.83        |
|    value_loss           | 15.9        |
-----------------------------------------
-----------------------------------------
| rollout/                |             |
|    ep_len_mean          | 500         |
|    ep_rew_mean          | 274         |
|    success_rate         | 0           |
| time/                   |             |
|    fps                  | 3305        |
|    iterations           | 146         |
|    time_elapsed         | 361         |
|    total_timesteps      | 1196032     |
| train/                  |             |
|    approx_kl            | 0.012433471 |
|    clip_fraction        | 0.159       |
|    clip_range           | 0.2         |
|    entropy_loss         | -7.27       |
|    explained_variance   | 0.973       |
|    learning_rate        | 0.0003      |
|    loss                 | 13.6        |
|    n_updates            | 1450        |
|    policy_gradient_loss | -0.00868    |
|    std                  | 0.832       |
|    value_loss           | 19.2        |
-----------------------------------------
Eval num_timesteps=1200000, episode_reward=445.32 +/- 23.04
Episode length: 500.00 +/- 0.00
Success rate: 0.00%
-----------------------------------------
| eval/                   |             |
|    mean_ep_length       | 500         |
|    mean_reward          | 445         |
|    success_rate         | 0           |
| time/                   |             |
|    total_timesteps      | 1200000     |
| train/                  |             |
|    approx_kl            | 0.013925904 |
|    clip_fraction        | 0.198       |
|    clip_range           | 0.2         |
|    entropy_loss         | -7.26       |
|    explained_variance   | 0.979       |
|    learning_rate        | 0.0003      |
|    loss                 | 1.44        |
|    n_updates            | 1460        |
|    policy_gradient_loss | -0.00578    |
|    std                  | 0.829       |
|    value_loss           | 9.9         |
-----------------------------------------
---------------------------------
| rollout/           |          |
|    ep_len_mean     | 500      |
|    ep_rew_mean     | 260      |
|    success_rate    | 0        |
| time/              |          |
|    fps             | 3297     |
|    iterations      | 147      |
|    time_elapsed    | 365      |
|    total_timesteps | 1204224  |
---------------------------------
----------------------------------------
| rollout/                |            |
|    ep_len_mean          | 500        |
|    ep_rew_mean          | 277        |
|    success_rate         | 0          |
| time/                   |            |
|    fps                  | 3300       |
|    iterations           | 148        |
|    time_elapsed         | 367        |
|    total_timesteps      | 1212416    |
| train/                  |            |
|    approx_kl            | 0.01213602 |
|    clip_fraction        | 0.162      |
|    clip_range           | 0.2        |
|    entropy_loss         | -7.23      |
|    explained_variance   | 0.971      |
|    learning_rate        | 0.0003     |
|    loss                 | 4.59       |
|    n_updates            | 1470       |
|    policy_gradient_loss | -0.00574   |
|    std                  | 0.826      |
|    value_loss           | 22.3       |
----------------------------------------
-----------------------------------------
| rollout/                |             |
|    ep_len_mean          | 500         |
|    ep_rew_mean          | 277         |
|    success_rate         | 0           |
| time/                   |             |
|    fps                  | 3303        |
|    iterations           | 149         |
|    time_elapsed         | 369         |
|    total_timesteps      | 1220608     |
| train/                  |             |
|    approx_kl            | 0.016199134 |
|    clip_fraction        | 0.189       |
|    clip_range           | 0.2         |
|    entropy_loss         | -7.22       |
|    explained_variance   | 0.98        |
|    learning_rate        | 0.0003      |
|    loss                 | 2.58        |
|    n_updates            | 1480        |
|    policy_gradient_loss | -0.00768    |
|    std                  | 0.824       |
|    value_loss           | 11.8        |
-----------------------------------------
Eval num_timesteps=1225000, episode_reward=428.97 +/- 10.98
Episode length: 500.00 +/- 0.00
Success rate: 0.00%
-----------------------------------------
| eval/                   |             |
|    mean_ep_length       | 500         |
|    mean_reward          | 429         |
|    success_rate         | 0           |
| time/                   |             |
|    total_timesteps      | 1225000     |
| train/                  |             |
|    approx_kl            | 0.016722314 |
|    clip_fraction        | 0.202       |
|    clip_range           | 0.2         |
|    entropy_loss         | -7.22       |
|    explained_variance   | 0.971       |
|    learning_rate        | 0.0003      |
|    loss                 | 3.65        |
|    n_updates            | 1490        |
|    policy_gradient_loss | -0.00804    |
|    std                  | 0.825       |
|    value_loss           | 12          |
-----------------------------------------
---------------------------------
| rollout/           |          |
|    ep_len_mean     | 500      |
|    ep_rew_mean     | 270      |
|    success_rate    | 0        |
| time/              |          |
|    fps             | 3295     |
|    iterations      | 150      |
|    time_elapsed    | 372      |
|    total_timesteps | 1228800  |
---------------------------------
-----------------------------------------
| rollout/                |             |
|    ep_len_mean          | 500         |
|    ep_rew_mean          | 287         |
|    success_rate         | 0           |
| time/                   |             |
|    fps                  | 3299        |
|    iterations           | 151         |
|    time_elapsed         | 374         |
|    total_timesteps      | 1236992     |
| train/                  |             |
|    approx_kl            | 0.010856129 |
|    clip_fraction        | 0.184       |
|    clip_range           | 0.2         |
|    entropy_loss         | -7.23       |
|    explained_variance   | 0.985       |
|    learning_rate        | 0.0003      |
|    loss                 | 3.45        |
|    n_updates            | 1500        |
|    policy_gradient_loss | -0.00627    |
|    std                  | 0.828       |
|    value_loss           | 10.6        |
-----------------------------------------
-----------------------------------------
| rollout/                |             |
|    ep_len_mean          | 500         |
|    ep_rew_mean          | 299         |
|    success_rate         | 0           |
| time/                   |             |
|    fps                  | 3302        |
|    iterations           | 152         |
|    time_elapsed         | 377         |
|    total_timesteps      | 1245184     |
| train/                  |             |
|    approx_kl            | 0.018766217 |
|    clip_fraction        | 0.263       |
|    clip_range           | 0.2         |
|    entropy_loss         | -7.22       |
|    explained_variance   | 0.983       |
|    learning_rate        | 0.0003      |
|    loss                 | 2.2         |
|    n_updates            | 1510        |
|    policy_gradient_loss | -0.00377    |
|    std                  | 0.824       |
|    value_loss           | 5.92        |
-----------------------------------------
Eval num_timesteps=1250000, episode_reward=441.46 +/- 9.81
Episode length: 500.00 +/- 0.00
Success rate: 0.00%
----------------------------------------
| eval/                   |            |
|    mean_ep_length       | 500        |
|    mean_reward          | 441        |
|    success_rate         | 0          |
| time/                   |            |
|    total_timesteps      | 1250000    |
| train/                  |            |
|    approx_kl            | 0.02822093 |
|    clip_fraction        | 0.243      |
|    clip_range           | 0.2        |
|    entropy_loss         | -7.2       |
|    explained_variance   | 0.958      |
|    learning_rate        | 0.0003     |
|    loss                 | 0.879      |
|    n_updates            | 1520       |
|    policy_gradient_loss | -0.00239   |
|    std                  | 0.824      |
|    value_loss           | 3.42       |
----------------------------------------
---------------------------------
| rollout/           |          |
|    ep_len_mean     | 500      |
|    ep_rew_mean     | 322      |
|    success_rate    | 0        |
| time/              |          |
|    fps             | 3295     |
|    iterations      | 153      |
|    time_elapsed    | 380      |
|    total_timesteps | 1253376  |
---------------------------------
-----------------------------------------
| rollout/                |             |
|    ep_len_mean          | 500         |
|    ep_rew_mean          | 329         |
|    success_rate         | 0           |
| time/                   |             |
|    fps                  | 3298        |
|    iterations           | 154         |
|    time_elapsed         | 382         |
|    total_timesteps      | 1261568     |
| train/                  |             |
|    approx_kl            | 0.019835608 |
|    clip_fraction        | 0.258       |
|    clip_range           | 0.2         |
|    entropy_loss         | -7.21       |
|    explained_variance   | 0.936       |
|    learning_rate        | 0.0003      |
|    loss                 | 1.55        |
|    n_updates            | 1530        |
|    policy_gradient_loss | -0.00113    |
|    std                  | 0.826       |
|    value_loss           | 3.17        |
-----------------------------------------
-----------------------------------------
| rollout/                |             |
|    ep_len_mean          | 500         |
|    ep_rew_mean          | 351         |
|    success_rate         | 0           |
| time/                   |             |
|    fps                  | 3301        |
|    iterations           | 155         |
|    time_elapsed         | 384         |
|    total_timesteps      | 1269760     |
| train/                  |             |
|    approx_kl            | 0.015465448 |
|    clip_fraction        | 0.194       |
|    clip_range           | 0.2         |
|    entropy_loss         | -7.22       |
|    explained_variance   | 0.923       |
|    learning_rate        | 0.0003      |
|    loss                 | 1.57        |
|    n_updates            | 1540        |
|    policy_gradient_loss | -0.00508    |
|    std                  | 0.827       |
|    value_loss           | 6.11        |
-----------------------------------------
Eval num_timesteps=1275000, episode_reward=451.17 +/- 12.87
Episode length: 500.00 +/- 0.00
Success rate: 0.00%
-----------------------------------------
| eval/                   |             |
|    mean_ep_length       | 500         |
|    mean_reward          | 451         |
|    success_rate         | 0           |
| time/                   |             |
|    total_timesteps      | 1275000     |
| train/                  |             |
|    approx_kl            | 0.015352975 |
|    clip_fraction        | 0.21        |
|    clip_range           | 0.2         |
|    entropy_loss         | -7.21       |
|    explained_variance   | 0.925       |
|    learning_rate        | 0.0003      |
|    loss                 | 1.25        |
|    n_updates            | 1550        |
|    policy_gradient_loss | -0.00564    |
|    std                  | 0.826       |
|    value_loss           | 3.69        |
-----------------------------------------
New best mean reward!
---------------------------------
| rollout/           |          |
|    ep_len_mean     | 500      |
|    ep_rew_mean     | 359      |
|    success_rate    | 0        |
| time/              |          |
|    fps             | 3294     |
|    iterations      | 156      |
|    time_elapsed    | 387      |
|    total_timesteps | 1277952  |
---------------------------------
-----------------------------------------
| rollout/                |             |
|    ep_len_mean          | 500         |
|    ep_rew_mean          | 374         |
|    success_rate         | 0           |
| time/                   |             |
|    fps                  | 3297        |
|    iterations           | 157         |
|    time_elapsed         | 390         |
|    total_timesteps      | 1286144     |
| train/                  |             |
|    approx_kl            | 0.013412066 |
|    clip_fraction        | 0.148       |
|    clip_range           | 0.2         |
|    entropy_loss         | -7.2        |
|    explained_variance   | 0.966       |
|    learning_rate        | 0.0003      |
|    loss                 | 3.03        |
|    n_updates            | 1560        |
|    policy_gradient_loss | -0.00963    |
|    std                  | 0.823       |
|    value_loss           | 9.05        |
-----------------------------------------
-----------------------------------------
| rollout/                |             |
|    ep_len_mean          | 500         |
|    ep_rew_mean          | 372         |
|    success_rate         | 0           |
| time/                   |             |
|    fps                  | 3300        |
|    iterations           | 158         |
|    time_elapsed         | 392         |
|    total_timesteps      | 1294336     |
| train/                  |             |
|    approx_kl            | 0.013658168 |
|    clip_fraction        | 0.168       |
|    clip_range           | 0.2         |
|    entropy_loss         | -7.17       |
|    explained_variance   | 0.957       |
|    learning_rate        | 0.0003      |
|    loss                 | 1.79        |
|    n_updates            | 1570        |
|    policy_gradient_loss | -0.00586    |
|    std                  | 0.819       |
|    value_loss           | 6.64        |
-----------------------------------------
Eval num_timesteps=1300000, episode_reward=425.22 +/- 43.29
Episode length: 500.00 +/- 0.00
Success rate: 0.00%
-----------------------------------------
| eval/                   |             |
|    mean_ep_length       | 500         |
|    mean_reward          | 425         |
|    success_rate         | 0           |
| time/                   |             |
|    total_timesteps      | 1300000     |
| train/                  |             |
|    approx_kl            | 0.017923158 |
|    clip_fraction        | 0.189       |
|    clip_range           | 0.2         |
|    entropy_loss         | -7.18       |
|    explained_variance   | 0.974       |
|    learning_rate        | 0.0003      |
|    loss                 | 1.83        |
|    n_updates            | 1580        |
|    policy_gradient_loss | -0.0113     |
|    std                  | 0.824       |
|    value_loss           | 7.18        |
-----------------------------------------
---------------------------------
| rollout/           |          |
|    ep_len_mean     | 500      |
|    ep_rew_mean     | 359      |
|    success_rate    | 0        |
| time/              |          |
|    fps             | 3293     |
|    iterations      | 159      |
|    time_elapsed    | 395      |
|    total_timesteps | 1302528  |
---------------------------------
-----------------------------------------
| rollout/                |             |
|    ep_len_mean          | 500         |
|    ep_rew_mean          | 354         |
|    success_rate         | 0           |
| time/                   |             |
|    fps                  | 3296        |
|    iterations           | 160         |
|    time_elapsed         | 397         |
|    total_timesteps      | 1310720     |
| train/                  |             |
|    approx_kl            | 0.010656524 |
|    clip_fraction        | 0.126       |
|    clip_range           | 0.2         |
|    entropy_loss         | -7.19       |
|    explained_variance   | 0.96        |
|    learning_rate        | 0.0003      |
|    loss                 | 4.19        |
|    n_updates            | 1590        |
|    policy_gradient_loss | -0.00803    |
|    std                  | 0.823       |
|    value_loss           | 13.1        |
-----------------------------------------
-----------------------------------------
| rollout/                |             |
|    ep_len_mean          | 500         |
|    ep_rew_mean          | 363         |
|    success_rate         | 0           |
| time/                   |             |
|    fps                  | 3299        |
|    iterations           | 161         |
|    time_elapsed         | 399         |
|    total_timesteps      | 1318912     |
| train/                  |             |
|    approx_kl            | 0.016601084 |
|    clip_fraction        | 0.178       |
|    clip_range           | 0.2         |
|    entropy_loss         | -7.2        |
|    explained_variance   | 0.972       |
|    learning_rate        | 0.0003      |
|    loss                 | 1.64        |
|    n_updates            | 1600        |
|    policy_gradient_loss | -0.00753    |
|    std                  | 0.827       |
|    value_loss           | 5.38        |
-----------------------------------------
Eval num_timesteps=1325000, episode_reward=421.37 +/- 49.32
Episode length: 500.00 +/- 0.00
Success rate: 0.00%
-----------------------------------------
| eval/                   |             |
|    mean_ep_length       | 500         |
|    mean_reward          | 421         |
|    success_rate         | 0           |
| time/                   |             |
|    total_timesteps      | 1325000     |
| train/                  |             |
|    approx_kl            | 0.018016279 |
|    clip_fraction        | 0.255       |
|    clip_range           | 0.2         |
|    entropy_loss         | -7.23       |
|    explained_variance   | 0.917       |
|    learning_rate        | 0.0003      |
|    loss                 | 1.11        |
|    n_updates            | 1610        |
|    policy_gradient_loss | 0.00035     |
|    std                  | 0.831       |
|    value_loss           | 2.03        |
-----------------------------------------
---------------------------------
| rollout/           |          |
|    ep_len_mean     | 500      |
|    ep_rew_mean     | 347      |
|    success_rate    | 0        |
| time/              |          |
|    fps             | 3293     |
|    iterations      | 162      |
|    time_elapsed    | 402      |
|    total_timesteps | 1327104  |
---------------------------------
-----------------------------------------
| rollout/                |             |
|    ep_len_mean          | 500         |
|    ep_rew_mean          | 349         |
|    success_rate         | 0           |
| time/                   |             |
|    fps                  | 3296        |
|    iterations           | 163         |
|    time_elapsed         | 405         |
|    total_timesteps      | 1335296     |
| train/                  |             |
|    approx_kl            | 0.012105166 |
|    clip_fraction        | 0.148       |
|    clip_range           | 0.2         |
|    entropy_loss         | -7.26       |
|    explained_variance   | 0.972       |
|    learning_rate        | 0.0003      |
|    loss                 | 2.08        |
|    n_updates            | 1620        |
|    policy_gradient_loss | -0.00716    |
|    std                  | 0.837       |
|    value_loss           | 8.42        |
-----------------------------------------
-----------------------------------------
| rollout/                |             |
|    ep_len_mean          | 500         |
|    ep_rew_mean          | 342         |
|    success_rate         | 0           |
| time/                   |             |
|    fps                  | 3299        |
|    iterations           | 164         |
|    time_elapsed         | 407         |
|    total_timesteps      | 1343488     |
| train/                  |             |
|    approx_kl            | 0.012120943 |
|    clip_fraction        | 0.139       |
|    clip_range           | 0.2         |
|    entropy_loss         | -7.28       |
|    explained_variance   | 0.97        |
|    learning_rate        | 0.0003      |
|    loss                 | 2.18        |
|    n_updates            | 1630        |
|    policy_gradient_loss | -0.00838    |
|    std                  | 0.835       |
|    value_loss           | 7.56        |
-----------------------------------------
Eval num_timesteps=1350000, episode_reward=443.01 +/- 3.27
Episode length: 500.00 +/- 0.00
Success rate: 0.00%
-----------------------------------------
| eval/                   |             |
|    mean_ep_length       | 500         |
|    mean_reward          | 443         |
|    success_rate         | 0           |
| time/                   |             |
|    total_timesteps      | 1350000     |
| train/                  |             |
|    approx_kl            | 0.011711055 |
|    clip_fraction        | 0.122       |
|    clip_range           | 0.2         |
|    entropy_loss         | -7.26       |
|    explained_variance   | 0.979       |
|    learning_rate        | 0.0003      |
|    loss                 | 3.06        |
|    n_updates            | 1640        |
|    policy_gradient_loss | -0.00831    |
|    std                  | 0.834       |
|    value_loss           | 8.04        |
-----------------------------------------
---------------------------------
| rollout/           |          |
|    ep_len_mean     | 500      |
|    ep_rew_mean     | 342      |
|    success_rate    | 0        |
| time/              |          |
|    fps             | 3293     |
|    iterations      | 165      |
|    time_elapsed    | 410      |
|    total_timesteps | 1351680  |
---------------------------------
-----------------------------------------
| rollout/                |             |
|    ep_len_mean          | 500         |
|    ep_rew_mean          | 357         |
|    success_rate         | 0           |
| time/                   |             |
|    fps                  | 3296        |
|    iterations           | 166         |
|    time_elapsed         | 412         |
|    total_timesteps      | 1359872     |
| train/                  |             |
|    approx_kl            | 0.013437819 |
|    clip_fraction        | 0.163       |
|    clip_range           | 0.2         |
|    entropy_loss         | -7.25       |
|    explained_variance   | 0.963       |
|    learning_rate        | 0.0003      |
|    loss                 | 2.35        |
|    n_updates            | 1650        |
|    policy_gradient_loss | -0.00802    |
|    std                  | 0.833       |
|    value_loss           | 7.59        |
-----------------------------------------
------------------------------------------
| rollout/                |              |
|    ep_len_mean          | 500          |
|    ep_rew_mean          | 357          |
|    success_rate         | 0            |
| time/                   |              |
|    fps                  | 3299         |
|    iterations           | 167          |
|    time_elapsed         | 414          |
|    total_timesteps      | 1368064      |
| train/                  |              |
|    approx_kl            | 0.0142038595 |
|    clip_fraction        | 0.167        |
|    clip_range           | 0.2          |
|    entropy_loss         | -7.24        |
|    explained_variance   | 0.91         |
|    learning_rate        | 0.0003       |
|    loss                 | 1.5          |
|    n_updates            | 1660         |
|    policy_gradient_loss | -0.00724     |
|    std                  | 0.83         |
|    value_loss           | 5.5          |
------------------------------------------
Eval num_timesteps=1375000, episode_reward=418.82 +/- 21.27
Episode length: 500.00 +/- 0.00
Success rate: 0.00%
-----------------------------------------
| eval/                   |             |
|    mean_ep_length       | 500         |
|    mean_reward          | 419         |
|    success_rate         | 0           |
| time/                   |             |
|    total_timesteps      | 1375000     |
| train/                  |             |
|    approx_kl            | 0.014539694 |
|    clip_fraction        | 0.158       |
|    clip_range           | 0.2         |
|    entropy_loss         | -7.23       |
|    explained_variance   | 0.941       |
|    learning_rate        | 0.0003      |
|    loss                 | 6.61        |
|    n_updates            | 1670        |
|    policy_gradient_loss | -0.00945    |
|    std                  | 0.832       |
|    value_loss           | 8.44        |
-----------------------------------------
---------------------------------
| rollout/           |          |
|    ep_len_mean     | 500      |
|    ep_rew_mean     | 375      |
|    success_rate    | 0        |
| time/              |          |
|    fps             | 3293     |
|    iterations      | 168      |
|    time_elapsed    | 417      |
|    total_timesteps | 1376256  |
---------------------------------
-----------------------------------------
| rollout/                |             |
|    ep_len_mean          | 500         |
|    ep_rew_mean          | 372         |
|    success_rate         | 0           |
| time/                   |             |
|    fps                  | 3295        |
|    iterations           | 169         |
|    time_elapsed         | 420         |
|    total_timesteps      | 1384448     |
| train/                  |             |
|    approx_kl            | 0.015745543 |
|    clip_fraction        | 0.18        |
|    clip_range           | 0.2         |
|    entropy_loss         | -7.25       |
|    explained_variance   | 0.941       |
|    learning_rate        | 0.0003      |
|    loss                 | 0.928       |
|    n_updates            | 1680        |
|    policy_gradient_loss | -0.00774    |
|    std                  | 0.835       |
|    value_loss           | 5.5         |
-----------------------------------------
-----------------------------------------
| rollout/                |             |
|    ep_len_mean          | 500         |
|    ep_rew_mean          | 379         |
|    success_rate         | 0           |
| time/                   |             |
|    fps                  | 3299        |
|    iterations           | 170         |
|    time_elapsed         | 422         |
|    total_timesteps      | 1392640     |
| train/                  |             |
|    approx_kl            | 0.015774202 |
|    clip_fraction        | 0.163       |
|    clip_range           | 0.2         |
|    entropy_loss         | -7.27       |
|    explained_variance   | 0.946       |
|    learning_rate        | 0.0003      |
|    loss                 | 4.63        |
|    n_updates            | 1690        |
|    policy_gradient_loss | -0.00793    |
|    std                  | 0.838       |
|    value_loss           | 10.2        |
-----------------------------------------
Eval num_timesteps=1400000, episode_reward=410.89 +/- 34.84
Episode length: 500.00 +/- 0.00
Success rate: 0.00%
-----------------------------------------
| eval/                   |             |
|    mean_ep_length       | 500         |
|    mean_reward          | 411         |
|    success_rate         | 0           |
| time/                   |             |
|    total_timesteps      | 1400000     |
| train/                  |             |
|    approx_kl            | 0.012864614 |
|    clip_fraction        | 0.166       |
|    clip_range           | 0.2         |
|    entropy_loss         | -7.28       |
|    explained_variance   | 0.979       |
|    learning_rate        | 0.0003      |
|    loss                 | 2.25        |
|    n_updates            | 1700        |
|    policy_gradient_loss | -0.00848    |
|    std                  | 0.839       |
|    value_loss           | 13.3        |
-----------------------------------------
---------------------------------
| rollout/           |          |
|    ep_len_mean     | 500      |
|    ep_rew_mean     | 373      |
|    success_rate    | 0        |
| time/              |          |
|    fps             | 3292     |
|    iterations      | 171      |
|    time_elapsed    | 425      |
|    total_timesteps | 1400832  |
---------------------------------
-----------------------------------------
| rollout/                |             |
|    ep_len_mean          | 500         |
|    ep_rew_mean          | 365         |
|    success_rate         | 0           |
| time/                   |             |
|    fps                  | 3295        |
|    iterations           | 172         |
|    time_elapsed         | 427         |
|    total_timesteps      | 1409024     |
| train/                  |             |
|    approx_kl            | 0.010946861 |
|    clip_fraction        | 0.145       |
|    clip_range           | 0.2         |
|    entropy_loss         | -7.27       |
|    explained_variance   | 0.973       |
|    learning_rate        | 0.0003      |
|    loss                 | 4.82        |
|    n_updates            | 1710        |
|    policy_gradient_loss | -0.00846    |
|    std                  | 0.835       |
|    value_loss           | 9.32        |
-----------------------------------------
-----------------------------------------
| rollout/                |             |
|    ep_len_mean          | 500         |
|    ep_rew_mean          | 356         |
|    success_rate         | 0           |
| time/                   |             |
|    fps                  | 3298        |
|    iterations           | 173         |
|    time_elapsed         | 429         |
|    total_timesteps      | 1417216     |
| train/                  |             |
|    approx_kl            | 0.013193158 |
|    clip_fraction        | 0.177       |
|    clip_range           | 0.2         |
|    entropy_loss         | -7.26       |
|    explained_variance   | 0.941       |
|    learning_rate        | 0.0003      |
|    loss                 | 1.92        |
|    n_updates            | 1720        |
|    policy_gradient_loss | -0.00703    |
|    std                  | 0.838       |
|    value_loss           | 5.94        |
-----------------------------------------
Eval num_timesteps=1425000, episode_reward=414.78 +/- 22.12
Episode length: 500.00 +/- 0.00
Success rate: 0.00%
----------------------------------------
| eval/                   |            |
|    mean_ep_length       | 500        |
|    mean_reward          | 415        |
|    success_rate         | 0          |
| time/                   |            |
|    total_timesteps      | 1425000    |
| train/                  |            |
|    approx_kl            | 0.01699281 |
|    clip_fraction        | 0.201      |
|    clip_range           | 0.2        |
|    entropy_loss         | -7.28      |
|    explained_variance   | 0.978      |
|    learning_rate        | 0.0003     |
|    loss                 | 1.47       |
|    n_updates            | 1730       |
|    policy_gradient_loss | -0.00832   |
|    std                  | 0.839      |
|    value_loss           | 6.34       |
----------------------------------------
---------------------------------
| rollout/           |          |
|    ep_len_mean     | 500      |
|    ep_rew_mean     | 359      |
|    success_rate    | 0        |
| time/              |          |
|    fps             | 3292     |
|    iterations      | 174      |
|    time_elapsed    | 432      |
|    total_timesteps | 1425408  |
---------------------------------
-----------------------------------------
| rollout/                |             |
|    ep_len_mean          | 500         |
|    ep_rew_mean          | 364         |
|    success_rate         | 0           |
| time/                   |             |
|    fps                  | 3295        |
|    iterations           | 175         |
|    time_elapsed         | 435         |
|    total_timesteps      | 1433600     |
| train/                  |             |
|    approx_kl            | 0.017452072 |
|    clip_fraction        | 0.202       |
|    clip_range           | 0.2         |
|    entropy_loss         | -7.29       |
|    explained_variance   | 0.981       |
|    learning_rate        | 0.0003      |
|    loss                 | 1.09        |
|    n_updates            | 1740        |
|    policy_gradient_loss | -0.0065     |
|    std                  | 0.84        |
|    value_loss           | 4.91        |
-----------------------------------------
-----------------------------------------
| rollout/                |             |
|    ep_len_mean          | 500         |
|    ep_rew_mean          | 361         |
|    success_rate         | 0           |
| time/                   |             |
|    fps                  | 3298        |
|    iterations           | 176         |
|    time_elapsed         | 437         |
|    total_timesteps      | 1441792     |
| train/                  |             |
|    approx_kl            | 0.013281257 |
|    clip_fraction        | 0.187       |
|    clip_range           | 0.2         |
|    entropy_loss         | -7.28       |
|    explained_variance   | 0.977       |
|    learning_rate        | 0.0003      |
|    loss                 | 0.587       |
|    n_updates            | 1750        |
|    policy_gradient_loss | -0.00747    |
|    std                  | 0.837       |
|    value_loss           | 4.57        |
-----------------------------------------
-----------------------------------------
| rollout/                |             |
|    ep_len_mean          | 500         |
|    ep_rew_mean          | 361         |
|    success_rate         | 0           |
| time/                   |             |
|    fps                  | 3301        |
|    iterations           | 177         |
|    time_elapsed         | 439         |
|    total_timesteps      | 1449984     |
| train/                  |             |
|    approx_kl            | 0.016453566 |
|    clip_fraction        | 0.172       |
|    clip_range           | 0.2         |
|    entropy_loss         | -7.26       |
|    explained_variance   | 0.969       |
|    learning_rate        | 0.0003      |
|    loss                 | 1.55        |
|    n_updates            | 1760        |
|    policy_gradient_loss | -0.00721    |
|    std                  | 0.836       |
|    value_loss           | 6.06        |
-----------------------------------------
Eval num_timesteps=1450000, episode_reward=470.76 +/- 26.45
Episode length: 500.00 +/- 0.00
Success rate: 0.00%
-----------------------------------------
| eval/                   |             |
|    mean_ep_length       | 500         |
|    mean_reward          | 471         |
|    success_rate         | 0           |
| time/                   |             |
|    total_timesteps      | 1450000     |
| train/                  |             |
|    approx_kl            | 0.016294498 |
|    clip_fraction        | 0.198       |
|    clip_range           | 0.2         |
|    entropy_loss         | -7.24       |
|    explained_variance   | 0.94        |
|    learning_rate        | 0.0003      |
|    loss                 | 1.34        |
|    n_updates            | 1770        |
|    policy_gradient_loss | -0.00668    |
|    std                  | 0.832       |
|    value_loss           | 4.19        |
-----------------------------------------
New best mean reward!
---------------------------------
| rollout/           |          |
|    ep_len_mean     | 500      |
|    ep_rew_mean     | 365      |
|    success_rate    | 0        |
| time/              |          |
|    fps             | 3295     |
|    iterations      | 178      |
|    time_elapsed    | 442      |
|    total_timesteps | 1458176  |
---------------------------------
-----------------------------------------
| rollout/                |             |
|    ep_len_mean          | 500         |
|    ep_rew_mean          | 356         |
|    success_rate         | 0           |
| time/                   |             |
|    fps                  | 3298        |
|    iterations           | 179         |
|    time_elapsed         | 444         |
|    total_timesteps      | 1466368     |
| train/                  |             |
|    approx_kl            | 0.011549899 |
|    clip_fraction        | 0.127       |
|    clip_range           | 0.2         |
|    entropy_loss         | -7.25       |
|    explained_variance   | 0.968       |
|    learning_rate        | 0.0003      |
|    loss                 | 4.81        |
|    n_updates            | 1780        |
|    policy_gradient_loss | -0.00931    |
|    std                  | 0.836       |
|    value_loss           | 12.4        |
-----------------------------------------
-----------------------------------------
| rollout/                |             |
|    ep_len_mean          | 500         |
|    ep_rew_mean          | 355         |
|    success_rate         | 0           |
| time/                   |             |
|    fps                  | 3300        |
|    iterations           | 180         |
|    time_elapsed         | 446         |
|    total_timesteps      | 1474560     |
| train/                  |             |
|    approx_kl            | 0.013691828 |
|    clip_fraction        | 0.158       |
|    clip_range           | 0.2         |
|    entropy_loss         | -7.25       |
|    explained_variance   | 0.965       |
|    learning_rate        | 0.0003      |
|    loss                 | 1.87        |
|    n_updates            | 1790        |
|    policy_gradient_loss | -0.00966    |
|    std                  | 0.834       |
|    value_loss           | 9.93        |
-----------------------------------------
Eval num_timesteps=1475000, episode_reward=448.58 +/- 28.52
Episode length: 500.00 +/- 0.00
Success rate: 0.00%
-----------------------------------------
| eval/                   |             |
|    mean_ep_length       | 500         |
|    mean_reward          | 449         |
|    success_rate         | 0           |
| time/                   |             |
|    total_timesteps      | 1475000     |
| train/                  |             |
|    approx_kl            | 0.012110097 |
|    clip_fraction        | 0.159       |
|    clip_range           | 0.2         |
|    entropy_loss         | -7.23       |
|    explained_variance   | 0.963       |
|    learning_rate        | 0.0003      |
|    loss                 | 4.09        |
|    n_updates            | 1800        |
|    policy_gradient_loss | -0.0093     |
|    std                  | 0.832       |
|    value_loss           | 10.9        |
-----------------------------------------
---------------------------------
| rollout/           |          |
|    ep_len_mean     | 500      |
|    ep_rew_mean     | 352      |
|    success_rate    | 0        |
| time/              |          |
|    fps             | 3294     |
|    iterations      | 181      |
|    time_elapsed    | 450      |
|    total_timesteps | 1482752  |
---------------------------------
-----------------------------------------
| rollout/                |             |
|    ep_len_mean          | 500         |
|    ep_rew_mean          | 353         |
|    success_rate         | 0           |
| time/                   |             |
|    fps                  | 3297        |
|    iterations           | 182         |
|    time_elapsed         | 452         |
|    total_timesteps      | 1490944     |
| train/                  |             |
|    approx_kl            | 0.015191905 |
|    clip_fraction        | 0.197       |
|    clip_range           | 0.2         |
|    entropy_loss         | -7.24       |
|    explained_variance   | 0.972       |
|    learning_rate        | 0.0003      |
|    loss                 | 2.18        |
|    n_updates            | 1810        |
|    policy_gradient_loss | -0.00873    |
|    std                  | 0.836       |
|    value_loss           | 5.7         |
-----------------------------------------
-----------------------------------------
| rollout/                |             |
|    ep_len_mean          | 500         |
|    ep_rew_mean          | 351         |
|    success_rate         | 0           |
| time/                   |             |
|    fps                  | 3299        |
|    iterations           | 183         |
|    time_elapsed         | 454         |
|    total_timesteps      | 1499136     |
| train/                  |             |
|    approx_kl            | 0.017605308 |
|    clip_fraction        | 0.184       |
|    clip_range           | 0.2         |
|    entropy_loss         | -7.26       |
|    explained_variance   | 0.969       |
|    learning_rate        | 0.0003      |
|    loss                 | 1.49        |
|    n_updates            | 1820        |
|    policy_gradient_loss | -0.0069     |
|    std                  | 0.84        |
|    value_loss           | 4.97        |
-----------------------------------------
Eval num_timesteps=1500000, episode_reward=380.51 +/- 51.11
Episode length: 500.00 +/- 0.00
Success rate: 0.00%
----------------------------------------
| eval/                   |            |
|    mean_ep_length       | 500        |
|    mean_reward          | 381        |
|    success_rate         | 0          |
| time/                   |            |
|    total_timesteps      | 1500000    |
| train/                  |            |
|    approx_kl            | 0.01319885 |
|    clip_fraction        | 0.16       |
|    clip_range           | 0.2        |
|    entropy_loss         | -7.29      |
|    explained_variance   | 0.971      |
|    learning_rate        | 0.0003     |
|    loss                 | 3.45       |
|    n_updates            | 1830       |
|    policy_gradient_loss | -0.00914   |
|    std                  | 0.842      |
|    value_loss           | 10.4       |
----------------------------------------
---------------------------------
| rollout/           |          |
|    ep_len_mean     | 500      |
|    ep_rew_mean     | 342      |
|    success_rate    | 0        |
| time/              |          |
|    fps             | 3293     |
|    iterations      | 184      |
|    time_elapsed    | 457      |
|    total_timesteps | 1507328  |
---------------------------------
-----------------------------------------
| rollout/                |             |
|    ep_len_mean          | 500         |
|    ep_rew_mean          | 347         |
|    success_rate         | 0           |
| time/                   |             |
|    fps                  | 3296        |
|    iterations           | 185         |
|    time_elapsed         | 459         |
|    total_timesteps      | 1515520     |
| train/                  |             |
|    approx_kl            | 0.013463305 |
|    clip_fraction        | 0.165       |
|    clip_range           | 0.2         |
|    entropy_loss         | -7.29       |
|    explained_variance   | 0.967       |
|    learning_rate        | 0.0003      |
|    loss                 | 2.55        |
|    n_updates            | 1840        |
|    policy_gradient_loss | -0.0106     |
|    std                  | 0.843       |
|    value_loss           | 10.3        |
-----------------------------------------
-----------------------------------------
| rollout/                |             |
|    ep_len_mean          | 500         |
|    ep_rew_mean          | 348         |
|    success_rate         | 0           |
| time/                   |             |
|    fps                  | 3299        |
|    iterations           | 186         |
|    time_elapsed         | 461         |
|    total_timesteps      | 1523712     |
| train/                  |             |
|    approx_kl            | 0.012462899 |
|    clip_fraction        | 0.169       |
|    clip_range           | 0.2         |
|    entropy_loss         | -7.31       |
|    explained_variance   | 0.96        |
|    learning_rate        | 0.0003      |
|    loss                 | 2.48        |
|    n_updates            | 1850        |
|    policy_gradient_loss | -0.00873    |
|    std                  | 0.847       |
|    value_loss           | 10.8        |
-----------------------------------------
Eval num_timesteps=1525000, episode_reward=452.52 +/- 34.69
Episode length: 500.00 +/- 0.00
Success rate: 0.00%
-----------------------------------------
| eval/                   |             |
|    mean_ep_length       | 500         |
|    mean_reward          | 453         |
|    success_rate         | 0           |
| time/                   |             |
|    total_timesteps      | 1525000     |
| train/                  |             |
|    approx_kl            | 0.017048087 |
|    clip_fraction        | 0.193       |
|    clip_range           | 0.2         |
|    entropy_loss         | -7.33       |
|    explained_variance   | 0.967       |
|    learning_rate        | 0.0003      |
|    loss                 | 1.68        |
|    n_updates            | 1860        |
|    policy_gradient_loss | -0.00711    |
|    std                  | 0.853       |
|    value_loss           | 7.11        |
-----------------------------------------
---------------------------------
| rollout/           |          |
|    ep_len_mean     | 500      |
|    ep_rew_mean     | 353      |
|    success_rate    | 0        |
| time/              |          |
|    fps             | 3293     |
|    iterations      | 187      |
|    time_elapsed    | 465      |
|    total_timesteps | 1531904  |
---------------------------------
-----------------------------------------
| rollout/                |             |
|    ep_len_mean          | 500         |
|    ep_rew_mean          | 352         |
|    success_rate         | 0           |
| time/                   |             |
|    fps                  | 3295        |
|    iterations           | 188         |
|    time_elapsed         | 467         |
|    total_timesteps      | 1540096     |
| train/                  |             |
|    approx_kl            | 0.016679049 |
|    clip_fraction        | 0.219       |
|    clip_range           | 0.2         |
|    entropy_loss         | -7.36       |
|    explained_variance   | 0.971       |
|    learning_rate        | 0.0003      |
|    loss                 | 1.07        |
|    n_updates            | 1870        |
|    policy_gradient_loss | -0.00909    |
|    std                  | 0.857       |
|    value_loss           | 3.35        |
-----------------------------------------
-----------------------------------------
| rollout/                |             |
|    ep_len_mean          | 500         |
|    ep_rew_mean          | 359         |
|    success_rate         | 0           |
| time/                   |             |
|    fps                  | 3298        |
|    iterations           | 189         |
|    time_elapsed         | 469         |
|    total_timesteps      | 1548288     |
| train/                  |             |
|    approx_kl            | 0.012895553 |
|    clip_fraction        | 0.164       |
|    clip_range           | 0.2         |
|    entropy_loss         | -7.4        |
|    explained_variance   | 0.963       |
|    learning_rate        | 0.0003      |
|    loss                 | 7.43        |
|    n_updates            | 1880        |
|    policy_gradient_loss | -0.0114     |
|    std                  | 0.861       |
|    value_loss           | 12.8        |
-----------------------------------------
Eval num_timesteps=1550000, episode_reward=472.29 +/- 12.32
Episode length: 500.00 +/- 0.00
Success rate: 0.00%
-----------------------------------------
| eval/                   |             |
|    mean_ep_length       | 500         |
|    mean_reward          | 472         |
|    success_rate         | 0           |
| time/                   |             |
|    total_timesteps      | 1550000     |
| train/                  |             |
|    approx_kl            | 0.018191133 |
|    clip_fraction        | 0.192       |
|    clip_range           | 0.2         |
|    entropy_loss         | -7.44       |
|    explained_variance   | 0.972       |
|    learning_rate        | 0.0003      |
|    loss                 | 1.24        |
|    n_updates            | 1890        |
|    policy_gradient_loss | -0.0084     |
|    std                  | 0.869       |
|    value_loss           | 5.13        |
-----------------------------------------
New best mean reward!
---------------------------------
| rollout/           |          |
|    ep_len_mean     | 500      |
|    ep_rew_mean     | 381      |
|    success_rate    | 0        |
| time/              |          |
|    fps             | 3292     |
|    iterations      | 190      |
|    time_elapsed    | 472      |
|    total_timesteps | 1556480  |
---------------------------------
------------------------------------------
| rollout/                |              |
|    ep_len_mean          | 500          |
|    ep_rew_mean          | 370          |
|    success_rate         | 0            |
| time/                   |              |
|    fps                  | 3294         |
|    iterations           | 191          |
|    time_elapsed         | 474          |
|    total_timesteps      | 1564672      |
| train/                  |              |
|    approx_kl            | 0.0134348385 |
|    clip_fraction        | 0.148        |
|    clip_range           | 0.2          |
|    entropy_loss         | -7.46        |
|    explained_variance   | 0.924        |
|    learning_rate        | 0.0003       |
|    loss                 | 2.61         |
|    n_updates            | 1900         |
|    policy_gradient_loss | -0.00852     |
|    std                  | 0.868        |
|    value_loss           | 8.43         |
------------------------------------------
-----------------------------------------
| rollout/                |             |
|    ep_len_mean          | 500         |
|    ep_rew_mean          | 362         |
|    success_rate         | 0           |
| time/                   |             |
|    fps                  | 3297        |
|    iterations           | 192         |
|    time_elapsed         | 476         |
|    total_timesteps      | 1572864     |
| train/                  |             |
|    approx_kl            | 0.011322072 |
|    clip_fraction        | 0.112       |
|    clip_range           | 0.2         |
|    entropy_loss         | -7.45       |
|    explained_variance   | 0.946       |
|    learning_rate        | 0.0003      |
|    loss                 | 3.96        |
|    n_updates            | 1910        |
|    policy_gradient_loss | -0.0116     |
|    std                  | 0.867       |
|    value_loss           | 21.9        |
-----------------------------------------
Eval num_timesteps=1575000, episode_reward=482.80 +/- 9.42
Episode length: 500.00 +/- 0.00
Success rate: 0.00%
-----------------------------------------
| eval/                   |             |
|    mean_ep_length       | 500         |
|    mean_reward          | 483         |
|    success_rate         | 0           |
| time/                   |             |
|    total_timesteps      | 1575000     |
| train/                  |             |
|    approx_kl            | 0.015994001 |
|    clip_fraction        | 0.176       |
|    clip_range           | 0.2         |
|    entropy_loss         | -7.46       |
|    explained_variance   | 0.969       |
|    learning_rate        | 0.0003      |
|    loss                 | 4.16        |
|    n_updates            | 1920        |
|    policy_gradient_loss | -0.0102     |
|    std                  | 0.872       |
|    value_loss           | 8.41        |
-----------------------------------------
New best mean reward!
---------------------------------
| rollout/           |          |
|    ep_len_mean     | 500      |
|    ep_rew_mean     | 356      |
|    success_rate    | 0        |
| time/              |          |
|    fps             | 3291     |
|    iterations      | 193      |
|    time_elapsed    | 480      |
|    total_timesteps | 1581056  |
---------------------------------
-----------------------------------------
| rollout/                |             |
|    ep_len_mean          | 500         |
|    ep_rew_mean          | 344         |
|    success_rate         | 0           |
| time/                   |             |
|    fps                  | 3294        |
|    iterations           | 194         |
|    time_elapsed         | 482         |
|    total_timesteps      | 1589248     |
| train/                  |             |
|    approx_kl            | 0.015581677 |
|    clip_fraction        | 0.161       |
|    clip_range           | 0.2         |
|    entropy_loss         | -7.47       |
|    explained_variance   | 0.948       |
|    learning_rate        | 0.0003      |
|    loss                 | 5.25        |
|    n_updates            | 1930        |
|    policy_gradient_loss | -0.0108     |
|    std                  | 0.87        |
|    value_loss           | 13          |
-----------------------------------------
-----------------------------------------
| rollout/                |             |
|    ep_len_mean          | 500         |
|    ep_rew_mean          | 324         |
|    success_rate         | 0           |
| time/                   |             |
|    fps                  | 3297        |
|    iterations           | 195         |
|    time_elapsed         | 484         |
|    total_timesteps      | 1597440     |
| train/                  |             |
|    approx_kl            | 0.016002418 |
|    clip_fraction        | 0.179       |
|    clip_range           | 0.2         |
|    entropy_loss         | -7.46       |
|    explained_variance   | 0.978       |
|    learning_rate        | 0.0003      |
|    loss                 | 4.94        |
|    n_updates            | 1940        |
|    policy_gradient_loss | -0.0109     |
|    std                  | 0.869       |
|    value_loss           | 9.22        |
-----------------------------------------
Eval num_timesteps=1600000, episode_reward=443.60 +/- 49.97
Episode length: 500.00 +/- 0.00
Success rate: 0.00%
-----------------------------------------
| eval/                   |             |
|    mean_ep_length       | 500         |
|    mean_reward          | 444         |
|    success_rate         | 0           |
| time/                   |             |
|    total_timesteps      | 1600000     |
| train/                  |             |
|    approx_kl            | 0.021362804 |
|    clip_fraction        | 0.202       |
|    clip_range           | 0.2         |
|    entropy_loss         | -7.46       |
|    explained_variance   | 0.954       |
|    learning_rate        | 0.0003      |
|    loss                 | 2.37        |
|    n_updates            | 1950        |
|    policy_gradient_loss | -0.00974    |
|    std                  | 0.871       |
|    value_loss           | 8.3         |
-----------------------------------------
---------------------------------
| rollout/           |          |
|    ep_len_mean     | 500      |
|    ep_rew_mean     | 302      |
|    success_rate    | 0        |
| time/              |          |
|    fps             | 3292     |
|    iterations      | 196      |
|    time_elapsed    | 487      |
|    total_timesteps | 1605632  |
---------------------------------
----------------------------------------
| rollout/                |            |
|    ep_len_mean          | 500        |
|    ep_rew_mean          | 301        |
|    success_rate         | 0          |
| time/                   |            |
|    fps                  | 3294       |
|    iterations           | 197        |
|    time_elapsed         | 489        |
|    total_timesteps      | 1613824    |
| train/                  |            |
|    approx_kl            | 0.01388088 |
|    clip_fraction        | 0.176      |
|    clip_range           | 0.2        |
|    entropy_loss         | -7.46      |
|    explained_variance   | 0.969      |
|    learning_rate        | 0.0003     |
|    loss                 | 6.09       |
|    n_updates            | 1960       |
|    policy_gradient_loss | -0.00952   |
|    std                  | 0.87       |
|    value_loss           | 12         |
----------------------------------------
-----------------------------------------
| rollout/                |             |
|    ep_len_mean          | 500         |
|    ep_rew_mean          | 305         |
|    success_rate         | 0           |
| time/                   |             |
|    fps                  | 3297        |
|    iterations           | 198         |
|    time_elapsed         | 491         |
|    total_timesteps      | 1622016     |
| train/                  |             |
|    approx_kl            | 0.016862512 |
|    clip_fraction        | 0.189       |
|    clip_range           | 0.2         |
|    entropy_loss         | -7.44       |
|    explained_variance   | 0.972       |
|    learning_rate        | 0.0003      |
|    loss                 | 1.92        |
|    n_updates            | 1970        |
|    policy_gradient_loss | -0.00532    |
|    std                  | 0.868       |
|    value_loss           | 7.83        |
-----------------------------------------
Eval num_timesteps=1625000, episode_reward=480.05 +/- 9.28
Episode length: 500.00 +/- 0.00
Success rate: 0.00%
-----------------------------------------
| eval/                   |             |
|    mean_ep_length       | 500         |
|    mean_reward          | 480         |
|    success_rate         | 0           |
| time/                   |             |
|    total_timesteps      | 1625000     |
| train/                  |             |
|    approx_kl            | 0.013585145 |
|    clip_fraction        | 0.161       |
|    clip_range           | 0.2         |
|    entropy_loss         | -7.45       |
|    explained_variance   | 0.958       |
|    learning_rate        | 0.0003      |
|    loss                 | 4.15        |
|    n_updates            | 1980        |
|    policy_gradient_loss | -0.0118     |
|    std                  | 0.873       |
|    value_loss           | 10.9        |
-----------------------------------------
---------------------------------
| rollout/           |          |
|    ep_len_mean     | 500      |
|    ep_rew_mean     | 291      |
|    success_rate    | 0        |
| time/              |          |
|    fps             | 3292     |
|    iterations      | 199      |
|    time_elapsed    | 495      |
|    total_timesteps | 1630208  |
---------------------------------
-----------------------------------------
| rollout/                |             |
|    ep_len_mean          | 500         |
|    ep_rew_mean          | 304         |
|    success_rate         | 0           |
| time/                   |             |
|    fps                  | 3295        |
|    iterations           | 200         |
|    time_elapsed         | 497         |
|    total_timesteps      | 1638400     |
| train/                  |             |
|    approx_kl            | 0.012400592 |
|    clip_fraction        | 0.152       |
|    clip_range           | 0.2         |
|    entropy_loss         | -7.45       |
|    explained_variance   | 0.974       |
|    learning_rate        | 0.0003      |
|    loss                 | 4.43        |
|    n_updates            | 1990        |
|    policy_gradient_loss | -0.0104     |
|    std                  | 0.873       |
|    value_loss           | 13.5        |
-----------------------------------------
-----------------------------------------
| rollout/                |             |
|    ep_len_mean          | 500         |
|    ep_rew_mean          | 310         |
|    success_rate         | 0           |
| time/                   |             |
|    fps                  | 3297        |
|    iterations           | 201         |
|    time_elapsed         | 499         |
|    total_timesteps      | 1646592     |
| train/                  |             |
|    approx_kl            | 0.017203629 |
|    clip_fraction        | 0.185       |
|    clip_range           | 0.2         |
|    entropy_loss         | -7.44       |
|    explained_variance   | 0.949       |
|    learning_rate        | 0.0003      |
|    loss                 | 2.36        |
|    n_updates            | 2000        |
|    policy_gradient_loss | -0.00928    |
|    std                  | 0.87        |
|    value_loss           | 6.96        |
-----------------------------------------
Eval num_timesteps=1650000, episode_reward=451.25 +/- 54.65
Episode length: 500.00 +/- 0.00
Success rate: 0.00%
-----------------------------------------
| eval/                   |             |
|    mean_ep_length       | 500         |
|    mean_reward          | 451         |
|    success_rate         | 0           |
| time/                   |             |
|    total_timesteps      | 1650000     |
| train/                  |             |
|    approx_kl            | 0.014485874 |
|    clip_fraction        | 0.147       |
|    clip_range           | 0.2         |
|    entropy_loss         | -7.44       |
|    explained_variance   | 0.954       |
|    learning_rate        | 0.0003      |
|    loss                 | 4.11        |
|    n_updates            | 2010        |
|    policy_gradient_loss | -0.0122     |
|    std                  | 0.872       |
|    value_loss           | 16.3        |
-----------------------------------------
---------------------------------
| rollout/           |          |
|    ep_len_mean     | 500      |
|    ep_rew_mean     | 299      |
|    success_rate    | 0        |
| time/              |          |
|    fps             | 3292     |
|    iterations      | 202      |
|    time_elapsed    | 502      |
|    total_timesteps | 1654784  |
---------------------------------
-----------------------------------------
| rollout/                |             |
|    ep_len_mean          | 500         |
|    ep_rew_mean          | 289         |
|    success_rate         | 0           |
| time/                   |             |
|    fps                  | 3295        |
|    iterations           | 203         |
|    time_elapsed         | 504         |
|    total_timesteps      | 1662976     |
| train/                  |             |
|    approx_kl            | 0.014843336 |
|    clip_fraction        | 0.158       |
|    clip_range           | 0.2         |
|    entropy_loss         | -7.46       |
|    explained_variance   | 0.97        |
|    learning_rate        | 0.0003      |
|    loss                 | 2.94        |
|    n_updates            | 2020        |
|    policy_gradient_loss | -0.0131     |
|    std                  | 0.877       |
|    value_loss           | 12.7        |
-----------------------------------------
-----------------------------------------
| rollout/                |             |
|    ep_len_mean          | 500         |
|    ep_rew_mean          | 303         |
|    success_rate         | 0           |
| time/                   |             |
|    fps                  | 3297        |
|    iterations           | 204         |
|    time_elapsed         | 506         |
|    total_timesteps      | 1671168     |
| train/                  |             |
|    approx_kl            | 0.012875371 |
|    clip_fraction        | 0.135       |
|    clip_range           | 0.2         |
|    entropy_loss         | -7.49       |
|    explained_variance   | 0.965       |
|    learning_rate        | 0.0003      |
|    loss                 | 3.44        |
|    n_updates            | 2030        |
|    policy_gradient_loss | -0.00778    |
|    std                  | 0.881       |
|    value_loss           | 14.3        |
-----------------------------------------
Eval num_timesteps=1675000, episode_reward=446.21 +/- 8.91
Episode length: 500.00 +/- 0.00
Success rate: 0.00%
-----------------------------------------
| eval/                   |             |
|    mean_ep_length       | 500         |
|    mean_reward          | 446         |
|    success_rate         | 0           |
| time/                   |             |
|    total_timesteps      | 1675000     |
| train/                  |             |
|    approx_kl            | 0.018804416 |
|    clip_fraction        | 0.207       |
|    clip_range           | 0.2         |
|    entropy_loss         | -7.5        |
|    explained_variance   | 0.946       |
|    learning_rate        | 0.0003      |
|    loss                 | 1.93        |
|    n_updates            | 2040        |
|    policy_gradient_loss | -0.00634    |
|    std                  | 0.883       |
|    value_loss           | 7.62        |
-----------------------------------------
---------------------------------
| rollout/           |          |
|    ep_len_mean     | 500      |
|    ep_rew_mean     | 312      |
|    success_rate    | 0        |
| time/              |          |
|    fps             | 3293     |
|    iterations      | 205      |
|    time_elapsed    | 509      |
|    total_timesteps | 1679360  |
---------------------------------
-----------------------------------------
| rollout/                |             |
|    ep_len_mean          | 500         |
|    ep_rew_mean          | 315         |
|    success_rate         | 0           |
| time/                   |             |
|    fps                  | 3296        |
|    iterations           | 206         |
|    time_elapsed         | 511         |
|    total_timesteps      | 1687552     |
| train/                  |             |
|    approx_kl            | 0.022238217 |
|    clip_fraction        | 0.203       |
|    clip_range           | 0.2         |
|    entropy_loss         | -7.49       |
|    explained_variance   | 0.941       |
|    learning_rate        | 0.0003      |
|    loss                 | 1.86        |
|    n_updates            | 2050        |
|    policy_gradient_loss | -0.00732    |
|    std                  | 0.879       |
|    value_loss           | 6.66        |
-----------------------------------------
-----------------------------------------
| rollout/                |             |
|    ep_len_mean          | 500         |
|    ep_rew_mean          | 319         |
|    success_rate         | 0           |
| time/                   |             |
|    fps                  | 3298        |
|    iterations           | 207         |
|    time_elapsed         | 514         |
|    total_timesteps      | 1695744     |
| train/                  |             |
|    approx_kl            | 0.020615224 |
|    clip_fraction        | 0.213       |
|    clip_range           | 0.2         |
|    entropy_loss         | -7.51       |
|    explained_variance   | 0.952       |
|    learning_rate        | 0.0003      |
|    loss                 | 2.91        |
|    n_updates            | 2060        |
|    policy_gradient_loss | -0.00937    |
|    std                  | 0.884       |
|    value_loss           | 6.37        |
-----------------------------------------
Eval num_timesteps=1700000, episode_reward=393.65 +/- 49.13
Episode length: 500.00 +/- 0.00
Success rate: 0.00%
-----------------------------------------
| eval/                   |             |
|    mean_ep_length       | 500         |
|    mean_reward          | 394         |
|    success_rate         | 0           |
| time/                   |             |
|    total_timesteps      | 1700000     |
| train/                  |             |
|    approx_kl            | 0.020927556 |
|    clip_fraction        | 0.209       |
|    clip_range           | 0.2         |
|    entropy_loss         | -7.52       |
|    explained_variance   | 0.959       |
|    learning_rate        | 0.0003      |
|    loss                 | 0.914       |
|    n_updates            | 2070        |
|    policy_gradient_loss | -0.0115     |
|    std                  | 0.884       |
|    value_loss           | 3.82        |
-----------------------------------------
---------------------------------
| rollout/           |          |
|    ep_len_mean     | 500      |
|    ep_rew_mean     | 334      |
|    success_rate    | 0        |
| time/              |          |
|    fps             | 3293     |
|    iterations      | 208      |
|    time_elapsed    | 517      |
|    total_timesteps | 1703936  |
---------------------------------
-----------------------------------------
| rollout/                |             |
|    ep_len_mean          | 500         |
|    ep_rew_mean          | 341         |
|    success_rate         | 0           |
| time/                   |             |
|    fps                  | 3296        |
|    iterations           | 209         |
|    time_elapsed         | 519         |
|    total_timesteps      | 1712128     |
| train/                  |             |
|    approx_kl            | 0.013008127 |
|    clip_fraction        | 0.144       |
|    clip_range           | 0.2         |
|    entropy_loss         | -7.52       |
|    explained_variance   | 0.975       |
|    learning_rate        | 0.0003      |
|    loss                 | 3.06        |
|    n_updates            | 2080        |
|    policy_gradient_loss | -0.0127     |
|    std                  | 0.885       |
|    value_loss           | 11.3        |
-----------------------------------------
-----------------------------------------
| rollout/                |             |
|    ep_len_mean          | 500         |
|    ep_rew_mean          | 338         |
|    success_rate         | 0           |
| time/                   |             |
|    fps                  | 3299        |
|    iterations           | 210         |
|    time_elapsed         | 521         |
|    total_timesteps      | 1720320     |
| train/                  |             |
|    approx_kl            | 0.012119234 |
|    clip_fraction        | 0.136       |
|    clip_range           | 0.2         |
|    entropy_loss         | -7.53       |
|    explained_variance   | 0.975       |
|    learning_rate        | 0.0003      |
|    loss                 | 1.77        |
|    n_updates            | 2090        |
|    policy_gradient_loss | -0.0131     |
|    std                  | 0.886       |
|    value_loss           | 8.08        |
-----------------------------------------
Eval num_timesteps=1725000, episode_reward=440.36 +/- 18.57
Episode length: 500.00 +/- 0.00
Success rate: 0.00%
-----------------------------------------
| eval/                   |             |
|    mean_ep_length       | 500         |
|    mean_reward          | 440         |
|    success_rate         | 0           |
| time/                   |             |
|    total_timesteps      | 1725000     |
| train/                  |             |
|    approx_kl            | 0.013487112 |
|    clip_fraction        | 0.164       |
|    clip_range           | 0.2         |
|    entropy_loss         | -7.53       |
|    explained_variance   | 0.985       |
|    learning_rate        | 0.0003      |
|    loss                 | 1.65        |
|    n_updates            | 2100        |
|    policy_gradient_loss | -0.00892    |
|    std                  | 0.887       |
|    value_loss           | 7.93        |
-----------------------------------------
---------------------------------
| rollout/           |          |
|    ep_len_mean     | 500      |
|    ep_rew_mean     | 346      |
|    success_rate    | 0        |
| time/              |          |
|    fps             | 3294     |
|    iterations      | 211      |
|    time_elapsed    | 524      |
|    total_timesteps | 1728512  |
---------------------------------
-----------------------------------------
| rollout/                |             |
|    ep_len_mean          | 500         |
|    ep_rew_mean          | 350         |
|    success_rate         | 0           |
| time/                   |             |
|    fps                  | 3296        |
|    iterations           | 212         |
|    time_elapsed         | 526         |
|    total_timesteps      | 1736704     |
| train/                  |             |
|    approx_kl            | 0.017775133 |
|    clip_fraction        | 0.205       |
|    clip_range           | 0.2         |
|    entropy_loss         | -7.55       |
|    explained_variance   | 0.976       |
|    learning_rate        | 0.0003      |
|    loss                 | 0.899       |
|    n_updates            | 2110        |
|    policy_gradient_loss | -0.00786    |
|    std                  | 0.892       |
|    value_loss           | 4.76        |
-----------------------------------------
-----------------------------------------
| rollout/                |             |
|    ep_len_mean          | 500         |
|    ep_rew_mean          | 348         |
|    success_rate         | 0           |
| time/                   |             |
|    fps                  | 3299        |
|    iterations           | 213         |
|    time_elapsed         | 528         |
|    total_timesteps      | 1744896     |
| train/                  |             |
|    approx_kl            | 0.016398944 |
|    clip_fraction        | 0.167       |
|    clip_range           | 0.2         |
|    entropy_loss         | -7.6        |
|    explained_variance   | 0.974       |
|    learning_rate        | 0.0003      |
|    loss                 | 1.2         |
|    n_updates            | 2120        |
|    policy_gradient_loss | -0.0123     |
|    std                  | 0.903       |
|    value_loss           | 6.82        |
-----------------------------------------
Eval num_timesteps=1750000, episode_reward=444.13 +/- 71.37
Episode length: 500.00 +/- 0.00
Success rate: 0.00%
------------------------------------------
| eval/                   |              |
|    mean_ep_length       | 500          |
|    mean_reward          | 444          |
|    success_rate         | 0            |
| time/                   |              |
|    total_timesteps      | 1750000      |
| train/                  |              |
|    approx_kl            | 0.0119703375 |
|    clip_fraction        | 0.13         |
|    clip_range           | 0.2          |
|    entropy_loss         | -7.64        |
|    explained_variance   | 0.974        |
|    learning_rate        | 0.0003       |
|    loss                 | 2.33         |
|    n_updates            | 2130         |
|    policy_gradient_loss | -0.0111      |
|    std                  | 0.905        |
|    value_loss           | 9.37         |
------------------------------------------
---------------------------------
| rollout/           |          |
|    ep_len_mean     | 500      |
|    ep_rew_mean     | 352      |
|    success_rate    | 0        |
| time/              |          |
|    fps             | 3294     |
|    iterations      | 214      |
|    time_elapsed    | 532      |
|    total_timesteps | 1753088  |
---------------------------------
-----------------------------------------
| rollout/                |             |
|    ep_len_mean          | 500         |
|    ep_rew_mean          | 351         |
|    success_rate         | 0           |
| time/                   |             |
|    fps                  | 3297        |
|    iterations           | 215         |
|    time_elapsed         | 534         |
|    total_timesteps      | 1761280     |
| train/                  |             |
|    approx_kl            | 0.015064573 |
|    clip_fraction        | 0.15        |
|    clip_range           | 0.2         |
|    entropy_loss         | -7.65       |
|    explained_variance   | 0.97        |
|    learning_rate        | 0.0003      |
|    loss                 | 5.32        |
|    n_updates            | 2140        |
|    policy_gradient_loss | -0.0111     |
|    std                  | 0.908       |
|    value_loss           | 12.9        |
-----------------------------------------
-----------------------------------------
| rollout/                |             |
|    ep_len_mean          | 500         |
|    ep_rew_mean          | 365         |
|    success_rate         | 0           |
| time/                   |             |
|    fps                  | 3299        |
|    iterations           | 216         |
|    time_elapsed         | 536         |
|    total_timesteps      | 1769472     |
| train/                  |             |
|    approx_kl            | 0.014426053 |
|    clip_fraction        | 0.162       |
|    clip_range           | 0.2         |
|    entropy_loss         | -7.67       |
|    explained_variance   | 0.983       |
|    learning_rate        | 0.0003      |
|    loss                 | 5.35        |
|    n_updates            | 2150        |
|    policy_gradient_loss | -0.0121     |
|    std                  | 0.909       |
|    value_loss           | 12.5        |
-----------------------------------------
Eval num_timesteps=1775000, episode_reward=451.56 +/- 22.34
Episode length: 500.00 +/- 0.00
Success rate: 0.00%
-----------------------------------------
| eval/                   |             |
|    mean_ep_length       | 500         |
|    mean_reward          | 452         |
|    success_rate         | 0           |
| time/                   |             |
|    total_timesteps      | 1775000     |
| train/                  |             |
|    approx_kl            | 0.014632513 |
|    clip_fraction        | 0.157       |
|    clip_range           | 0.2         |
|    entropy_loss         | -7.68       |
|    explained_variance   | 0.951       |
|    learning_rate        | 0.0003      |
|    loss                 | 6.75        |
|    n_updates            | 2160        |
|    policy_gradient_loss | -0.0102     |
|    std                  | 0.912       |
|    value_loss           | 11.7        |
-----------------------------------------
---------------------------------
| rollout/           |          |
|    ep_len_mean     | 500      |
|    ep_rew_mean     | 356      |
|    success_rate    | 0        |
| time/              |          |
|    fps             | 3294     |
|    iterations      | 217      |
|    time_elapsed    | 539      |
|    total_timesteps | 1777664  |
---------------------------------
-----------------------------------------
| rollout/                |             |
|    ep_len_mean          | 500         |
|    ep_rew_mean          | 348         |
|    success_rate         | 0           |
| time/                   |             |
|    fps                  | 3297        |
|    iterations           | 218         |
|    time_elapsed         | 541         |
|    total_timesteps      | 1785856     |
| train/                  |             |
|    approx_kl            | 0.018201325 |
|    clip_fraction        | 0.197       |
|    clip_range           | 0.2         |
|    entropy_loss         | -7.7        |
|    explained_variance   | 0.975       |
|    learning_rate        | 0.0003      |
|    loss                 | 2.19        |
|    n_updates            | 2170        |
|    policy_gradient_loss | -0.0123     |
|    std                  | 0.912       |
|    value_loss           | 7.86        |
-----------------------------------------
-----------------------------------------
| rollout/                |             |
|    ep_len_mean          | 500         |
|    ep_rew_mean          | 355         |
|    success_rate         | 0           |
| time/                   |             |
|    fps                  | 3299        |
|    iterations           | 219         |
|    time_elapsed         | 543         |
|    total_timesteps      | 1794048     |
| train/                  |             |
|    approx_kl            | 0.018008385 |
|    clip_fraction        | 0.204       |
|    clip_range           | 0.2         |
|    entropy_loss         | -7.7        |
|    explained_variance   | 0.971       |
|    learning_rate        | 0.0003      |
|    loss                 | 2.5         |
|    n_updates            | 2180        |
|    policy_gradient_loss | -0.00858    |
|    std                  | 0.911       |
|    value_loss           | 7.24        |
-----------------------------------------
Eval num_timesteps=1800000, episode_reward=450.45 +/- 18.67
Episode length: 500.00 +/- 0.00
Success rate: 0.00%
-----------------------------------------
| eval/                   |             |
|    mean_ep_length       | 500         |
|    mean_reward          | 450         |
|    success_rate         | 0           |
| time/                   |             |
|    total_timesteps      | 1800000     |
| train/                  |             |
|    approx_kl            | 0.015990589 |
|    clip_fraction        | 0.165       |
|    clip_range           | 0.2         |
|    entropy_loss         | -7.7        |
|    explained_variance   | 0.963       |
|    learning_rate        | 0.0003      |
|    loss                 | 3.23        |
|    n_updates            | 2190        |
|    policy_gradient_loss | -0.0145     |
|    std                  | 0.91        |
|    value_loss           | 10.9        |
-----------------------------------------
---------------------------------
| rollout/           |          |
|    ep_len_mean     | 500      |
|    ep_rew_mean     | 358      |
|    success_rate    | 0        |
| time/              |          |
|    fps             | 3295     |
|    iterations      | 220      |
|    time_elapsed    | 546      |
|    total_timesteps | 1802240  |
---------------------------------
-----------------------------------------
| rollout/                |             |
|    ep_len_mean          | 500         |
|    ep_rew_mean          | 360         |
|    success_rate         | 0           |
| time/                   |             |
|    fps                  | 3297        |
|    iterations           | 221         |
|    time_elapsed         | 549         |
|    total_timesteps      | 1810432     |
| train/                  |             |
|    approx_kl            | 0.011651037 |
|    clip_fraction        | 0.14        |
|    clip_range           | 0.2         |
|    entropy_loss         | -7.71       |
|    explained_variance   | 0.977       |
|    learning_rate        | 0.0003      |
|    loss                 | 5.93        |
|    n_updates            | 2200        |
|    policy_gradient_loss | -0.0128     |
|    std                  | 0.916       |
|    value_loss           | 15.1        |
-----------------------------------------
-----------------------------------------
| rollout/                |             |
|    ep_len_mean          | 500         |
|    ep_rew_mean          | 346         |
|    success_rate         | 0           |
| time/                   |             |
|    fps                  | 3300        |
|    iterations           | 222         |
|    time_elapsed         | 551         |
|    total_timesteps      | 1818624     |
| train/                  |             |
|    approx_kl            | 0.019053578 |
|    clip_fraction        | 0.173       |
|    clip_range           | 0.2         |
|    entropy_loss         | -7.74       |
|    explained_variance   | 0.967       |
|    learning_rate        | 0.0003      |
|    loss                 | 1.92        |
|    n_updates            | 2210        |
|    policy_gradient_loss | -0.0105     |
|    std                  | 0.919       |
|    value_loss           | 10.2        |
-----------------------------------------
Eval num_timesteps=1825000, episode_reward=425.86 +/- 60.25
Episode length: 500.00 +/- 0.00
Success rate: 0.00%
-----------------------------------------
| eval/                   |             |
|    mean_ep_length       | 500         |
|    mean_reward          | 426         |
|    success_rate         | 0           |
| time/                   |             |
|    total_timesteps      | 1825000     |
| train/                  |             |
|    approx_kl            | 0.015148811 |
|    clip_fraction        | 0.177       |
|    clip_range           | 0.2         |
|    entropy_loss         | -7.74       |
|    explained_variance   | 0.975       |
|    learning_rate        | 0.0003      |
|    loss                 | 5.01        |
|    n_updates            | 2220        |
|    policy_gradient_loss | -0.0132     |
|    std                  | 0.917       |
|    value_loss           | 12.7        |
-----------------------------------------
---------------------------------
| rollout/           |          |
|    ep_len_mean     | 500      |
|    ep_rew_mean     | 350      |
|    success_rate    | 0        |
| time/              |          |
|    fps             | 3295     |
|    iterations      | 223      |
|    time_elapsed    | 554      |
|    total_timesteps | 1826816  |
---------------------------------
-----------------------------------------
| rollout/                |             |
|    ep_len_mean          | 500         |
|    ep_rew_mean          | 339         |
|    success_rate         | 0           |
| time/                   |             |
|    fps                  | 3297        |
|    iterations           | 224         |
|    time_elapsed         | 556         |
|    total_timesteps      | 1835008     |
| train/                  |             |
|    approx_kl            | 0.015276593 |
|    clip_fraction        | 0.175       |
|    clip_range           | 0.2         |
|    entropy_loss         | -7.73       |
|    explained_variance   | 0.957       |
|    learning_rate        | 0.0003      |
|    loss                 | 4.47        |
|    n_updates            | 2230        |
|    policy_gradient_loss | -0.0127     |
|    std                  | 0.917       |
|    value_loss           | 12.3        |
-----------------------------------------
-----------------------------------------
| rollout/                |             |
|    ep_len_mean          | 500         |
|    ep_rew_mean          | 326         |
|    success_rate         | 0           |
| time/                   |             |
|    fps                  | 3300        |
|    iterations           | 225         |
|    time_elapsed         | 558         |
|    total_timesteps      | 1843200     |
| train/                  |             |
|    approx_kl            | 0.017985942 |
|    clip_fraction        | 0.173       |
|    clip_range           | 0.2         |
|    entropy_loss         | -7.73       |
|    explained_variance   | 0.974       |
|    learning_rate        | 0.0003      |
|    loss                 | 6.44        |
|    n_updates            | 2240        |
|    policy_gradient_loss | -0.00957    |
|    std                  | 0.917       |
|    value_loss           | 9.13        |
-----------------------------------------
Eval num_timesteps=1850000, episode_reward=395.65 +/- 95.73
Episode length: 500.00 +/- 0.00
Success rate: 0.00%
-----------------------------------------
| eval/                   |             |
|    mean_ep_length       | 500         |
|    mean_reward          | 396         |
|    success_rate         | 0           |
| time/                   |             |
|    total_timesteps      | 1850000     |
| train/                  |             |
|    approx_kl            | 0.015361393 |
|    clip_fraction        | 0.161       |
|    clip_range           | 0.2         |
|    entropy_loss         | -7.71       |
|    explained_variance   | 0.979       |
|    learning_rate        | 0.0003      |
|    loss                 | 3.85        |
|    n_updates            | 2250        |
|    policy_gradient_loss | -0.0124     |
|    std                  | 0.913       |
|    value_loss           | 15.3        |
-----------------------------------------
---------------------------------
| rollout/           |          |
|    ep_len_mean     | 500      |
|    ep_rew_mean     | 338      |
|    success_rate    | 0        |
| time/              |          |
|    fps             | 3295     |
|    iterations      | 226      |
|    time_elapsed    | 561      |
|    total_timesteps | 1851392  |
---------------------------------
-----------------------------------------
| rollout/                |             |
|    ep_len_mean          | 500         |
|    ep_rew_mean          | 350         |
|    success_rate         | 0           |
| time/                   |             |
|    fps                  | 3297        |
|    iterations           | 227         |
|    time_elapsed         | 563         |
|    total_timesteps      | 1859584     |
| train/                  |             |
|    approx_kl            | 0.018420493 |
|    clip_fraction        | 0.207       |
|    clip_range           | 0.2         |
|    entropy_loss         | -7.72       |
|    explained_variance   | 0.982       |
|    learning_rate        | 0.0003      |
|    loss                 | 1.59        |
|    n_updates            | 2260        |
|    policy_gradient_loss | -0.00709    |
|    std                  | 0.92        |
|    value_loss           | 3.59        |
-----------------------------------------
----------------------------------------
| rollout/                |            |
|    ep_len_mean          | 500        |
|    ep_rew_mean          | 344        |
|    success_rate         | 0          |
| time/                   |            |
|    fps                  | 3299       |
|    iterations           | 228        |
|    time_elapsed         | 566        |
|    total_timesteps      | 1867776    |
| train/                  |            |
|    approx_kl            | 0.01925224 |
|    clip_fraction        | 0.212      |
|    clip_range           | 0.2        |
|    entropy_loss         | -7.77      |
|    explained_variance   | 0.978      |
|    learning_rate        | 0.0003     |
|    loss                 | 2.44       |
|    n_updates            | 2270       |
|    policy_gradient_loss | -0.0123    |
|    std                  | 0.927      |
|    value_loss           | 6.62       |
----------------------------------------
Eval num_timesteps=1875000, episode_reward=442.19 +/- 39.23
Episode length: 500.00 +/- 0.00
Success rate: 0.00%
-----------------------------------------
| eval/                   |             |
|    mean_ep_length       | 500         |
|    mean_reward          | 442         |
|    success_rate         | 0           |
| time/                   |             |
|    total_timesteps      | 1875000     |
| train/                  |             |
|    approx_kl            | 0.013377039 |
|    clip_fraction        | 0.162       |
|    clip_range           | 0.2         |
|    entropy_loss         | -7.79       |
|    explained_variance   | 0.964       |
|    learning_rate        | 0.0003      |
|    loss                 | 2.9         |
|    n_updates            | 2280        |
|    policy_gradient_loss | -0.0121     |
|    std                  | 0.931       |
|    value_loss           | 8.1         |
-----------------------------------------
---------------------------------
| rollout/           |          |
|    ep_len_mean     | 500      |
|    ep_rew_mean     | 353      |
|    success_rate    | 0        |
| time/              |          |
|    fps             | 3295     |
|    iterations      | 229      |
|    time_elapsed    | 569      |
|    total_timesteps | 1875968  |
---------------------------------
-----------------------------------------
| rollout/                |             |
|    ep_len_mean          | 500         |
|    ep_rew_mean          | 367         |
|    success_rate         | 0           |
| time/                   |             |
|    fps                  | 3297        |
|    iterations           | 230         |
|    time_elapsed         | 571         |
|    total_timesteps      | 1884160     |
| train/                  |             |
|    approx_kl            | 0.015510086 |
|    clip_fraction        | 0.164       |
|    clip_range           | 0.2         |
|    entropy_loss         | -7.81       |
|    explained_variance   | 0.976       |
|    learning_rate        | 0.0003      |
|    loss                 | 1.9         |
|    n_updates            | 2290        |
|    policy_gradient_loss | -0.0146     |
|    std                  | 0.932       |
|    value_loss           | 7.07        |
-----------------------------------------
-----------------------------------------
| rollout/                |             |
|    ep_len_mean          | 500         |
|    ep_rew_mean          | 380         |
|    success_rate         | 0           |
| time/                   |             |
|    fps                  | 3299        |
|    iterations           | 231         |
|    time_elapsed         | 573         |
|    total_timesteps      | 1892352     |
| train/                  |             |
|    approx_kl            | 0.012004063 |
|    clip_fraction        | 0.144       |
|    clip_range           | 0.2         |
|    entropy_loss         | -7.83       |
|    explained_variance   | 0.975       |
|    learning_rate        | 0.0003      |
|    loss                 | 13          |
|    n_updates            | 2300        |
|    policy_gradient_loss | -0.0131     |
|    std                  | 0.935       |
|    value_loss           | 16.8        |
-----------------------------------------
Eval num_timesteps=1900000, episode_reward=447.71 +/- 13.67
Episode length: 500.00 +/- 0.00
Success rate: 0.00%
-----------------------------------------
| eval/                   |             |
|    mean_ep_length       | 500         |
|    mean_reward          | 448         |
|    success_rate         | 0           |
| time/                   |             |
|    total_timesteps      | 1900000     |
| train/                  |             |
|    approx_kl            | 0.016360229 |
|    clip_fraction        | 0.179       |
|    clip_range           | 0.2         |
|    entropy_loss         | -7.83       |
|    explained_variance   | 0.975       |
|    learning_rate        | 0.0003      |
|    loss                 | 1.91        |
|    n_updates            | 2310        |
|    policy_gradient_loss | -0.0131     |
|    std                  | 0.932       |
|    value_loss           | 7.31        |
-----------------------------------------
---------------------------------
| rollout/           |          |
|    ep_len_mean     | 500      |
|    ep_rew_mean     | 369      |
|    success_rate    | 0        |
| time/              |          |
|    fps             | 3295     |
|    iterations      | 232      |
|    time_elapsed    | 576      |
|    total_timesteps | 1900544  |
---------------------------------
-----------------------------------------
| rollout/                |             |
|    ep_len_mean          | 500         |
|    ep_rew_mean          | 357         |
|    success_rate         | 0           |
| time/                   |             |
|    fps                  | 3297        |
|    iterations           | 233         |
|    time_elapsed         | 578         |
|    total_timesteps      | 1908736     |
| train/                  |             |
|    approx_kl            | 0.016552296 |
|    clip_fraction        | 0.175       |
|    clip_range           | 0.2         |
|    entropy_loss         | -7.82       |
|    explained_variance   | 0.969       |
|    learning_rate        | 0.0003      |
|    loss                 | 3.46        |
|    n_updates            | 2320        |
|    policy_gradient_loss | -0.00881    |
|    std                  | 0.929       |
|    value_loss           | 10          |
-----------------------------------------
-----------------------------------------
| rollout/                |             |
|    ep_len_mean          | 500         |
|    ep_rew_mean          | 360         |
|    success_rate         | 0           |
| time/                   |             |
|    fps                  | 3299        |
|    iterations           | 234         |
|    time_elapsed         | 580         |
|    total_timesteps      | 1916928     |
| train/                  |             |
|    approx_kl            | 0.008883627 |
|    clip_fraction        | 0.106       |
|    clip_range           | 0.2         |
|    entropy_loss         | -7.81       |
|    explained_variance   | 0.966       |
|    learning_rate        | 0.0003      |
|    loss                 | 11.8        |
|    n_updates            | 2330        |
|    policy_gradient_loss | -0.011      |
|    std                  | 0.93        |
|    value_loss           | 19          |
-----------------------------------------
Eval num_timesteps=1925000, episode_reward=423.50 +/- 25.50
Episode length: 500.00 +/- 0.00
Success rate: 0.00%
-----------------------------------------
| eval/                   |             |
|    mean_ep_length       | 500         |
|    mean_reward          | 424         |
|    success_rate         | 0           |
| time/                   |             |
|    total_timesteps      | 1925000     |
| train/                  |             |
|    approx_kl            | 0.015948493 |
|    clip_fraction        | 0.183       |
|    clip_range           | 0.2         |
|    entropy_loss         | -7.83       |
|    explained_variance   | 0.982       |
|    learning_rate        | 0.0003      |
|    loss                 | 1.94        |
|    n_updates            | 2340        |
|    policy_gradient_loss | -0.0137     |
|    std                  | 0.934       |
|    value_loss           | 9.16        |
-----------------------------------------
---------------------------------
| rollout/           |          |
|    ep_len_mean     | 500      |
|    ep_rew_mean     | 350      |
|    success_rate    | 0        |
| time/              |          |
|    fps             | 3295     |
|    iterations      | 235      |
|    time_elapsed    | 584      |
|    total_timesteps | 1925120  |
---------------------------------
-----------------------------------------
| rollout/                |             |
|    ep_len_mean          | 500         |
|    ep_rew_mean          | 348         |
|    success_rate         | 0           |
| time/                   |             |
|    fps                  | 3297        |
|    iterations           | 236         |
|    time_elapsed         | 586         |
|    total_timesteps      | 1933312     |
| train/                  |             |
|    approx_kl            | 0.018707426 |
|    clip_fraction        | 0.207       |
|    clip_range           | 0.2         |
|    entropy_loss         | -7.84       |
|    explained_variance   | 0.982       |
|    learning_rate        | 0.0003      |
|    loss                 | 7.92        |
|    n_updates            | 2350        |
|    policy_gradient_loss | -0.0113     |
|    std                  | 0.936       |
|    value_loss           | 11.3        |
-----------------------------------------
-----------------------------------------
| rollout/                |             |
|    ep_len_mean          | 500         |
|    ep_rew_mean          | 355         |
|    success_rate         | 0           |
| time/                   |             |
|    fps                  | 3299        |
|    iterations           | 237         |
|    time_elapsed         | 588         |
|    total_timesteps      | 1941504     |
| train/                  |             |
|    approx_kl            | 0.017506354 |
|    clip_fraction        | 0.205       |
|    clip_range           | 0.2         |
|    entropy_loss         | -7.85       |
|    explained_variance   | 0.978       |
|    learning_rate        | 0.0003      |
|    loss                 | 4.64        |
|    n_updates            | 2360        |
|    policy_gradient_loss | -0.0148     |
|    std                  | 0.937       |
|    value_loss           | 9.28        |
-----------------------------------------
----------------------------------------
| rollout/                |            |
|    ep_len_mean          | 500        |
|    ep_rew_mean          | 355        |
|    success_rate         | 0          |
| time/                   |            |
|    fps                  | 3301       |
|    iterations           | 238        |
|    time_elapsed         | 590        |
|    total_timesteps      | 1949696    |
| train/                  |            |
|    approx_kl            | 0.01946209 |
|    clip_fraction        | 0.194      |
|    clip_range           | 0.2        |
|    entropy_loss         | -7.86      |
|    explained_variance   | 0.973      |
|    learning_rate        | 0.0003     |
|    loss                 | 1.22       |
|    n_updates            | 2370       |
|    policy_gradient_loss | -0.0104    |
|    std                  | 0.94       |
|    value_loss           | 6.85       |
----------------------------------------
Eval num_timesteps=1950000, episode_reward=524.65 +/- 37.50
Episode length: 500.00 +/- 0.00
Success rate: 0.00%
------------------------------------------
| eval/                   |              |
|    mean_ep_length       | 500          |
|    mean_reward          | 525          |
|    success_rate         | 0            |
| time/                   |              |
|    total_timesteps      | 1950000      |
| train/                  |              |
|    approx_kl            | 0.0143679315 |
|    clip_fraction        | 0.144        |
|    clip_range           | 0.2          |
|    entropy_loss         | -7.88        |
|    explained_variance   | 0.984        |
|    learning_rate        | 0.0003       |
|    loss                 | 2.87         |
|    n_updates            | 2380         |
|    policy_gradient_loss | -0.0121      |
|    std                  | 0.942        |
|    value_loss           | 10.4         |
------------------------------------------
New best mean reward!
---------------------------------
| rollout/           |          |
|    ep_len_mean     | 500      |
|    ep_rew_mean     | 359      |
|    success_rate    | 0        |
| time/              |          |
|    fps             | 3297     |
|    iterations      | 239      |
|    time_elapsed    | 593      |
|    total_timesteps | 1957888  |
---------------------------------
---------------------------------------
| rollout/                |           |
|    ep_len_mean          | 500       |
|    ep_rew_mean          | 365       |
|    success_rate         | 0         |
| time/                   |           |
|    fps                  | 3299      |
|    iterations           | 240       |
|    time_elapsed         | 595       |
|    total_timesteps      | 1966080   |
| train/                  |           |
|    approx_kl            | 0.0120756 |
|    clip_fraction        | 0.149     |
|    clip_range           | 0.2       |
|    entropy_loss         | -7.88     |
|    explained_variance   | 0.972     |
|    learning_rate        | 0.0003    |
|    loss                 | 2.29      |
|    n_updates            | 2390      |
|    policy_gradient_loss | -0.0138   |
|    std                  | 0.942     |
|    value_loss           | 12.1      |
---------------------------------------
-----------------------------------------
| rollout/                |             |
|    ep_len_mean          | 500         |
|    ep_rew_mean          | 375         |
|    success_rate         | 0           |
| time/                   |             |
|    fps                  | 3301        |
|    iterations           | 241         |
|    time_elapsed         | 598         |
|    total_timesteps      | 1974272     |
| train/                  |             |
|    approx_kl            | 0.013211995 |
|    clip_fraction        | 0.139       |
|    clip_range           | 0.2         |
|    entropy_loss         | -7.86       |
|    explained_variance   | 0.979       |
|    learning_rate        | 0.0003      |
|    loss                 | 2.81        |
|    n_updates            | 2400        |
|    policy_gradient_loss | -0.0102     |
|    std                  | 0.938       |
|    value_loss           | 13.7        |
-----------------------------------------
Eval num_timesteps=1975000, episode_reward=466.71 +/- 11.15
Episode length: 500.00 +/- 0.00
Success rate: 0.00%
----------------------------------------
| eval/                   |            |
|    mean_ep_length       | 500        |
|    mean_reward          | 467        |
|    success_rate         | 0          |
| time/                   |            |
|    total_timesteps      | 1975000    |
| train/                  |            |
|    approx_kl            | 0.01871633 |
|    clip_fraction        | 0.24       |
|    clip_range           | 0.2        |
|    entropy_loss         | -7.85      |
|    explained_variance   | 0.983      |
|    learning_rate        | 0.0003     |
|    loss                 | 1.58       |
|    n_updates            | 2410       |
|    policy_gradient_loss | -0.00532   |
|    std                  | 0.939      |
|    value_loss           | 8.7        |
----------------------------------------
---------------------------------
| rollout/           |          |
|    ep_len_mean     | 500      |
|    ep_rew_mean     | 375      |
|    success_rate    | 0        |
| time/              |          |
|    fps             | 3296     |
|    iterations      | 242      |
|    time_elapsed    | 601      |
|    total_timesteps | 1982464  |
---------------------------------
----------------------------------------
| rollout/                |            |
|    ep_len_mean          | 500        |
|    ep_rew_mean          | 371        |
|    success_rate         | 0          |
| time/                   |            |
|    fps                  | 3299       |
|    iterations           | 243        |
|    time_elapsed         | 603        |
|    total_timesteps      | 1990656    |
| train/                  |            |
|    approx_kl            | 0.01251162 |
|    clip_fraction        | 0.137      |
|    clip_range           | 0.2        |
|    entropy_loss         | -7.84      |
|    explained_variance   | 0.975      |
|    learning_rate        | 0.0003     |
|    loss                 | 4.65       |
|    n_updates            | 2420       |
|    policy_gradient_loss | -0.0111    |
|    std                  | 0.935      |
|    value_loss           | 23.9       |
----------------------------------------
-----------------------------------------
| rollout/                |             |
|    ep_len_mean          | 500         |
|    ep_rew_mean          | 360         |
|    success_rate         | 0           |
| time/                   |             |
|    fps                  | 3301        |
|    iterations           | 244         |
|    time_elapsed         | 605         |
|    total_timesteps      | 1998848     |
| train/                  |             |
|    approx_kl            | 0.019163392 |
|    clip_fraction        | 0.202       |
|    clip_range           | 0.2         |
|    entropy_loss         | -7.85       |
|    explained_variance   | 0.973       |
|    learning_rate        | 0.0003      |
|    loss                 | 3.77        |
|    n_updates            | 2430        |
|    policy_gradient_loss | -0.00849    |
|    std                  | 0.938       |
|    value_loss           | 9.32        |
-----------------------------------------
Eval num_timesteps=2000000, episode_reward=497.08 +/- 16.77
Episode length: 500.00 +/- 0.00
Success rate: 0.00%
-----------------------------------------
| eval/                   |             |
|    mean_ep_length       | 500         |
|    mean_reward          | 497         |
|    success_rate         | 0           |
| time/                   |             |
|    total_timesteps      | 2000000     |
| train/                  |             |
|    approx_kl            | 0.015452903 |
|    clip_fraction        | 0.181       |
|    clip_range           | 0.2         |
|    entropy_loss         | -7.86       |
|    explained_variance   | 0.982       |
|    learning_rate        | 0.0003      |
|    loss                 | 4.04        |
|    n_updates            | 2440        |
|    policy_gradient_loss | -0.0117     |
|    std                  | 0.938       |
|    value_loss           | 12.5        |
-----------------------------------------
---------------------------------
| rollout/           |          |
|    ep_len_mean     | 500      |
|    ep_rew_mean     | 369      |
|    success_rate    | 0        |
| time/              |          |
|    fps             | 3296     |
|    iterations      | 245      |
|    time_elapsed    | 608      |
|    total_timesteps | 2007040  |
---------------------------------
-----------------------------------------
| rollout/                |             |
|    ep_len_mean          | 500         |
|    ep_rew_mean          | 366         |
|    success_rate         | 0           |
| time/                   |             |
|    fps                  | 3298        |
|    iterations           | 246         |
|    time_elapsed         | 610         |
|    total_timesteps      | 2015232     |
| train/                  |             |
|    approx_kl            | 0.016478525 |
|    clip_fraction        | 0.206       |
|    clip_range           | 0.2         |
|    entropy_loss         | -7.86       |
|    explained_variance   | 0.976       |
|    learning_rate        | 0.0003      |
|    loss                 | 1.25        |
|    n_updates            | 2450        |
|    policy_gradient_loss | -0.00528    |
|    std                  | 0.938       |
|    value_loss           | 4.36        |
-----------------------------------------
----------------------------------------
| rollout/                |            |
|    ep_len_mean          | 500        |
|    ep_rew_mean          | 372        |
|    success_rate         | 0          |
| time/                   |            |
|    fps                  | 3301       |
|    iterations           | 247        |
|    time_elapsed         | 612        |
|    total_timesteps      | 2023424    |
| train/                  |            |
|    approx_kl            | 0.01778577 |
|    clip_fraction        | 0.181      |
|    clip_range           | 0.2        |
|    entropy_loss         | -7.85      |
|    explained_variance   | 0.979      |
|    learning_rate        | 0.0003     |
|    loss                 | 3.81       |
|    n_updates            | 2460       |
|    policy_gradient_loss | -0.0112    |
|    std                  | 0.937      |
|    value_loss           | 12.8       |
----------------------------------------
Eval num_timesteps=2025000, episode_reward=474.39 +/- 23.87
Episode length: 500.00 +/- 0.00
Success rate: 0.00%
-----------------------------------------
| eval/                   |             |
|    mean_ep_length       | 500         |
|    mean_reward          | 474         |
|    success_rate         | 0           |
| time/                   |             |
|    total_timesteps      | 2025000     |
| train/                  |             |
|    approx_kl            | 0.025498189 |
|    clip_fraction        | 0.247       |
|    clip_range           | 0.2         |
|    entropy_loss         | -7.84       |
|    explained_variance   | 0.977       |
|    learning_rate        | 0.0003      |
|    loss                 | 2.46        |
|    n_updates            | 2470        |
|    policy_gradient_loss | -0.00662    |
|    std                  | 0.937       |
|    value_loss           | 5.74        |
-----------------------------------------
---------------------------------
| rollout/           |          |
|    ep_len_mean     | 500      |
|    ep_rew_mean     | 363      |
|    success_rate    | 0        |
| time/              |          |
|    fps             | 3296     |
|    iterations      | 248      |
|    time_elapsed    | 616      |
|    total_timesteps | 2031616  |
---------------------------------
-----------------------------------------
| rollout/                |             |
|    ep_len_mean          | 500         |
|    ep_rew_mean          | 379         |
|    success_rate         | 0           |
| time/                   |             |
|    fps                  | 3298        |
|    iterations           | 249         |
|    time_elapsed         | 618         |
|    total_timesteps      | 2039808     |
| train/                  |             |
|    approx_kl            | 0.019040648 |
|    clip_fraction        | 0.198       |
|    clip_range           | 0.2         |
|    entropy_loss         | -7.84       |
|    explained_variance   | 0.969       |
|    learning_rate        | 0.0003      |
|    loss                 | 3.07        |
|    n_updates            | 2480        |
|    policy_gradient_loss | -0.00688    |
|    std                  | 0.935       |
|    value_loss           | 7.55        |
-----------------------------------------
------------------------------------------
| rollout/                |              |
|    ep_len_mean          | 500          |
|    ep_rew_mean          | 402          |
|    success_rate         | 0            |
| time/                   |              |
|    fps                  | 3300         |
|    iterations           | 250          |
|    time_elapsed         | 620          |
|    total_timesteps      | 2048000      |
| train/                  |              |
|    approx_kl            | 0.0124363955 |
|    clip_fraction        | 0.156        |
|    clip_range           | 0.2          |
|    entropy_loss         | -7.82        |
|    explained_variance   | 0.968        |
|    learning_rate        | 0.0003       |
|    loss                 | 3.31         |
|    n_updates            | 2490         |
|    policy_gradient_loss | -0.0117      |
|    std                  | 0.933        |
|    value_loss           | 15.4         |
------------------------------------------
Eval num_timesteps=2050000, episode_reward=532.80 +/- 37.11
Episode length: 500.00 +/- 0.00
Success rate: 0.00%
-----------------------------------------
| eval/                   |             |
|    mean_ep_length       | 500         |
|    mean_reward          | 533         |
|    success_rate         | 0           |
| time/                   |             |
|    total_timesteps      | 2050000     |
| train/                  |             |
|    approx_kl            | 0.020495363 |
|    clip_fraction        | 0.192       |
|    clip_range           | 0.2         |
|    entropy_loss         | -7.82       |
|    explained_variance   | 0.951       |
|    learning_rate        | 0.0003      |
|    loss                 | 5.64        |
|    n_updates            | 2500        |
|    policy_gradient_loss | -0.0107     |
|    std                  | 0.935       |
|    value_loss           | 9.21        |
-----------------------------------------
New best mean reward!
---------------------------------
| rollout/           |          |
|    ep_len_mean     | 500      |
|    ep_rew_mean     | 399      |
|    success_rate    | 0        |
| time/              |          |
|    fps             | 3296     |
|    iterations      | 251      |
|    time_elapsed    | 623      |
|    total_timesteps | 2056192  |
---------------------------------
----------------------------------------
| rollout/                |            |
|    ep_len_mean          | 500        |
|    ep_rew_mean          | 419        |
|    success_rate         | 0          |
| time/                   |            |
|    fps                  | 3298       |
|    iterations           | 252        |
|    time_elapsed         | 625        |
|    total_timesteps      | 2064384    |
| train/                  |            |
|    approx_kl            | 0.01569661 |
|    clip_fraction        | 0.188      |
|    clip_range           | 0.2        |
|    entropy_loss         | -7.84      |
|    explained_variance   | 0.966      |
|    learning_rate        | 0.0003     |
|    loss                 | 2.05       |
|    n_updates            | 2510       |
|    policy_gradient_loss | -0.0099    |
|    std                  | 0.939      |
|    value_loss           | 9.17       |
----------------------------------------
-----------------------------------------
| rollout/                |             |
|    ep_len_mean          | 500         |
|    ep_rew_mean          | 420         |
|    success_rate         | 0           |
| time/                   |             |
|    fps                  | 3300        |
|    iterations           | 253         |
|    time_elapsed         | 627         |
|    total_timesteps      | 2072576     |
| train/                  |             |
|    approx_kl            | 0.016067753 |
|    clip_fraction        | 0.195       |
|    clip_range           | 0.2         |
|    entropy_loss         | -7.85       |
|    explained_variance   | 0.979       |
|    learning_rate        | 0.0003      |
|    loss                 | 0.73        |
|    n_updates            | 2520        |
|    policy_gradient_loss | -0.00875    |
|    std                  | 0.941       |
|    value_loss           | 6.57        |
-----------------------------------------
Eval num_timesteps=2075000, episode_reward=477.60 +/- 15.34
Episode length: 500.00 +/- 0.00
Success rate: 0.00%
------------------------------------------
| eval/                   |              |
|    mean_ep_length       | 500          |
|    mean_reward          | 478          |
|    success_rate         | 0            |
| time/                   |              |
|    total_timesteps      | 2075000      |
| train/                  |              |
|    approx_kl            | 0.0156212505 |
|    clip_fraction        | 0.212        |
|    clip_range           | 0.2          |
|    entropy_loss         | -7.87        |
|    explained_variance   | 0.983        |
|    learning_rate        | 0.0003       |
|    loss                 | 1.22         |
|    n_updates            | 2530         |
|    policy_gradient_loss | -0.00677     |
|    std                  | 0.946        |
|    value_loss           | 3.61         |
------------------------------------------
---------------------------------
| rollout/           |          |
|    ep_len_mean     | 500      |
|    ep_rew_mean     | 420      |
|    success_rate    | 0        |
| time/              |          |
|    fps             | 3296     |
|    iterations      | 254      |
|    time_elapsed    | 631      |
|    total_timesteps | 2080768  |
---------------------------------
-----------------------------------------
| rollout/                |             |
|    ep_len_mean          | 500         |
|    ep_rew_mean          | 416         |
|    success_rate         | 0           |
| time/                   |             |
|    fps                  | 3298        |
|    iterations           | 255         |
|    time_elapsed         | 633         |
|    total_timesteps      | 2088960     |
| train/                  |             |
|    approx_kl            | 0.015574444 |
|    clip_fraction        | 0.185       |
|    clip_range           | 0.2         |
|    entropy_loss         | -7.9        |
|    explained_variance   | 0.98        |
|    learning_rate        | 0.0003      |
|    loss                 | 1.77        |
|    n_updates            | 2540        |
|    policy_gradient_loss | -0.0125     |
|    std                  | 0.947       |
|    value_loss           | 4.04        |
-----------------------------------------
----------------------------------------
| rollout/                |            |
|    ep_len_mean          | 500        |
|    ep_rew_mean          | 403        |
|    success_rate         | 0          |
| time/                   |            |
|    fps                  | 3300       |
|    iterations           | 256        |
|    time_elapsed         | 635        |
|    total_timesteps      | 2097152    |
| train/                  |            |
|    approx_kl            | 0.01477848 |
|    clip_fraction        | 0.167      |
|    clip_range           | 0.2        |
|    entropy_loss         | -7.89      |
|    explained_variance   | 0.969      |
|    learning_rate        | 0.0003     |
|    loss                 | 4.06       |
|    n_updates            | 2550       |
|    policy_gradient_loss | -0.0133    |
|    std                  | 0.946      |
|    value_loss           | 11.7       |
----------------------------------------
Eval num_timesteps=2100000, episode_reward=526.85 +/- 48.41
Episode length: 500.00 +/- 0.00
Success rate: 0.00%
------------------------------------------
| eval/                   |              |
|    mean_ep_length       | 500          |
|    mean_reward          | 527          |
|    success_rate         | 0            |
| time/                   |              |
|    total_timesteps      | 2100000      |
| train/                  |              |
|    approx_kl            | 0.0152586615 |
|    clip_fraction        | 0.159        |
|    clip_range           | 0.2          |
|    entropy_loss         | -7.9         |
|    explained_variance   | 0.977        |
|    learning_rate        | 0.0003       |
|    loss                 | 2.95         |
|    n_updates            | 2560         |
|    policy_gradient_loss | -0.0134      |
|    std                  | 0.949        |
|    value_loss           | 9.57         |
------------------------------------------
---------------------------------
| rollout/           |          |
|    ep_len_mean     | 500      |
|    ep_rew_mean     | 409      |
|    success_rate    | 0        |
| time/              |          |
|    fps             | 3296     |
|    iterations      | 257      |
|    time_elapsed    | 638      |
|    total_timesteps | 2105344  |
---------------------------------
-----------------------------------------
| rollout/                |             |
|    ep_len_mean          | 500         |
|    ep_rew_mean          | 393         |
|    success_rate         | 0           |
| time/                   |             |
|    fps                  | 3298        |
|    iterations           | 258         |
|    time_elapsed         | 640         |
|    total_timesteps      | 2113536     |
| train/                  |             |
|    approx_kl            | 0.014670268 |
|    clip_fraction        | 0.168       |
|    clip_range           | 0.2         |
|    entropy_loss         | -7.91       |
|    explained_variance   | 0.963       |
|    learning_rate        | 0.0003      |
|    loss                 | 2.58        |
|    n_updates            | 2570        |
|    policy_gradient_loss | -0.0131     |
|    std                  | 0.95        |
|    value_loss           | 9.38        |
-----------------------------------------
-----------------------------------------
| rollout/                |             |
|    ep_len_mean          | 500         |
|    ep_rew_mean          | 397         |
|    success_rate         | 0           |
| time/                   |             |
|    fps                  | 3300        |
|    iterations           | 259         |
|    time_elapsed         | 642         |
|    total_timesteps      | 2121728     |
| train/                  |             |
|    approx_kl            | 0.015641239 |
|    clip_fraction        | 0.186       |
|    clip_range           | 0.2         |
|    entropy_loss         | -7.92       |
|    explained_variance   | 0.98        |
|    learning_rate        | 0.0003      |
|    loss                 | 1.65        |
|    n_updates            | 2580        |
|    policy_gradient_loss | -0.0111     |
|    std                  | 0.951       |
|    value_loss           | 8.61        |
-----------------------------------------
Eval num_timesteps=2125000, episode_reward=518.37 +/- 24.97
Episode length: 500.00 +/- 0.00
Success rate: 0.00%
-----------------------------------------
| eval/                   |             |
|    mean_ep_length       | 500         |
|    mean_reward          | 518         |
|    success_rate         | 0           |
| time/                   |             |
|    total_timesteps      | 2125000     |
| train/                  |             |
|    approx_kl            | 0.015566151 |
|    clip_fraction        | 0.143       |
|    clip_range           | 0.2         |
|    entropy_loss         | -7.92       |
|    explained_variance   | 0.964       |
|    learning_rate        | 0.0003      |
|    loss                 | 4.11        |
|    n_updates            | 2590        |
|    policy_gradient_loss | -0.0112     |
|    std                  | 0.949       |
|    value_loss           | 15.5        |
-----------------------------------------
---------------------------------
| rollout/           |          |
|    ep_len_mean     | 500      |
|    ep_rew_mean     | 376      |
|    success_rate    | 0        |
| time/              |          |
|    fps             | 3296     |
|    iterations      | 260      |
|    time_elapsed    | 646      |
|    total_timesteps | 2129920  |
---------------------------------
-----------------------------------------
| rollout/                |             |
|    ep_len_mean          | 500         |
|    ep_rew_mean          | 387         |
|    success_rate         | 0           |
| time/                   |             |
|    fps                  | 3298        |
|    iterations           | 261         |
|    time_elapsed         | 648         |
|    total_timesteps      | 2138112     |
| train/                  |             |
|    approx_kl            | 0.015001645 |
|    clip_fraction        | 0.187       |
|    clip_range           | 0.2         |
|    entropy_loss         | -7.92       |
|    explained_variance   | 0.982       |
|    learning_rate        | 0.0003      |
|    loss                 | 1.75        |
|    n_updates            | 2600        |
|    policy_gradient_loss | -0.00942    |
|    std                  | 0.952       |
|    value_loss           | 8.93        |
-----------------------------------------
-----------------------------------------
| rollout/                |             |
|    ep_len_mean          | 500         |
|    ep_rew_mean          | 383         |
|    success_rate         | 0           |
| time/                   |             |
|    fps                  | 3300        |
|    iterations           | 262         |
|    time_elapsed         | 650         |
|    total_timesteps      | 2146304     |
| train/                  |             |
|    approx_kl            | 0.020220406 |
|    clip_fraction        | 0.167       |
|    clip_range           | 0.2         |
|    entropy_loss         | -7.93       |
|    explained_variance   | 0.976       |
|    learning_rate        | 0.0003      |
|    loss                 | 2.06        |
|    n_updates            | 2610        |
|    policy_gradient_loss | -0.00772    |
|    std                  | 0.953       |
|    value_loss           | 7.76        |
-----------------------------------------
Eval num_timesteps=2150000, episode_reward=493.22 +/- 28.33
Episode length: 500.00 +/- 0.00
Success rate: 0.00%
-----------------------------------------
| eval/                   |             |
|    mean_ep_length       | 500         |
|    mean_reward          | 493         |
|    success_rate         | 0           |
| time/                   |             |
|    total_timesteps      | 2150000     |
| train/                  |             |
|    approx_kl            | 0.018934023 |
|    clip_fraction        | 0.238       |
|    clip_range           | 0.2         |
|    entropy_loss         | -7.96       |
|    explained_variance   | 0.983       |
|    learning_rate        | 0.0003      |
|    loss                 | 1.73        |
|    n_updates            | 2620        |
|    policy_gradient_loss | -0.0104     |
|    std                  | 0.956       |
|    value_loss           | 4.86        |
-----------------------------------------
---------------------------------
| rollout/           |          |
|    ep_len_mean     | 500      |
|    ep_rew_mean     | 386      |
|    success_rate    | 0        |
| time/              |          |
|    fps             | 3296     |
|    iterations      | 263      |
|    time_elapsed    | 653      |
|    total_timesteps | 2154496  |
---------------------------------
-----------------------------------------
| rollout/                |             |
|    ep_len_mean          | 500         |
|    ep_rew_mean          | 383         |
|    success_rate         | 0           |
| time/                   |             |
|    fps                  | 3297        |
|    iterations           | 264         |
|    time_elapsed         | 655         |
|    total_timesteps      | 2162688     |
| train/                  |             |
|    approx_kl            | 0.011989653 |
|    clip_fraction        | 0.164       |
|    clip_range           | 0.2         |
|    entropy_loss         | -7.97       |
|    explained_variance   | 0.964       |
|    learning_rate        | 0.0003      |
|    loss                 | 3.83        |
|    n_updates            | 2630        |
|    policy_gradient_loss | -0.00964    |
|    std                  | 0.958       |
|    value_loss           | 6.54        |
-----------------------------------------
-----------------------------------------
| rollout/                |             |
|    ep_len_mean          | 500         |
|    ep_rew_mean          | 395         |
|    success_rate         | 0           |
| time/                   |             |
|    fps                  | 3299        |
|    iterations           | 265         |
|    time_elapsed         | 657         |
|    total_timesteps      | 2170880     |
| train/                  |             |
|    approx_kl            | 0.014229332 |
|    clip_fraction        | 0.163       |
|    clip_range           | 0.2         |
|    entropy_loss         | -7.98       |
|    explained_variance   | 0.965       |
|    learning_rate        | 0.0003      |
|    loss                 | 7.23        |
|    n_updates            | 2640        |
|    policy_gradient_loss | -0.011      |
|    std                  | 0.958       |
|    value_loss           | 10.8        |
-----------------------------------------
Eval num_timesteps=2175000, episode_reward=480.78 +/- 20.21
Episode length: 500.00 +/- 0.00
Success rate: 0.00%
-----------------------------------------
| eval/                   |             |
|    mean_ep_length       | 500         |
|    mean_reward          | 481         |
|    success_rate         | 0           |
| time/                   |             |
|    total_timesteps      | 2175000     |
| train/                  |             |
|    approx_kl            | 0.021117268 |
|    clip_fraction        | 0.204       |
|    clip_range           | 0.2         |
|    entropy_loss         | -7.97       |
|    explained_variance   | 0.972       |
|    learning_rate        | 0.0003      |
|    loss                 | 1.67        |
|    n_updates            | 2650        |
|    policy_gradient_loss | -0.00722    |
|    std                  | 0.959       |
|    value_loss           | 4.44        |
-----------------------------------------
---------------------------------
| rollout/           |          |
|    ep_len_mean     | 500      |
|    ep_rew_mean     | 416      |
|    success_rate    | 0        |
| time/              |          |
|    fps             | 3295     |
|    iterations      | 266      |
|    time_elapsed    | 661      |
|    total_timesteps | 2179072  |
---------------------------------
-----------------------------------------
| rollout/                |             |
|    ep_len_mean          | 500         |
|    ep_rew_mean          | 412         |
|    success_rate         | 0           |
| time/                   |             |
|    fps                  | 3297        |
|    iterations           | 267         |
|    time_elapsed         | 663         |
|    total_timesteps      | 2187264     |
| train/                  |             |
|    approx_kl            | 0.016234495 |
|    clip_fraction        | 0.193       |
|    clip_range           | 0.2         |
|    entropy_loss         | -7.97       |
|    explained_variance   | 0.976       |
|    learning_rate        | 0.0003      |
|    loss                 | 1.24        |
|    n_updates            | 2660        |
|    policy_gradient_loss | -0.012      |
|    std                  | 0.959       |
|    value_loss           | 4.13        |
-----------------------------------------
-----------------------------------------
| rollout/                |             |
|    ep_len_mean          | 500         |
|    ep_rew_mean          | 407         |
|    success_rate         | 0           |
| time/                   |             |
|    fps                  | 3299        |
|    iterations           | 268         |
|    time_elapsed         | 665         |
|    total_timesteps      | 2195456     |
| train/                  |             |
|    approx_kl            | 0.014705286 |
|    clip_fraction        | 0.161       |
|    clip_range           | 0.2         |
|    entropy_loss         | -7.99       |
|    explained_variance   | 0.97        |
|    learning_rate        | 0.0003      |
|    loss                 | 3.89        |
|    n_updates            | 2670        |
|    policy_gradient_loss | -0.0152     |
|    std                  | 0.964       |
|    value_loss           | 9.52        |
-----------------------------------------
Eval num_timesteps=2200000, episode_reward=510.83 +/- 43.57
Episode length: 500.00 +/- 0.00
Success rate: 0.00%
----------------------------------------
| eval/                   |            |
|    mean_ep_length       | 500        |
|    mean_reward          | 511        |
|    success_rate         | 0          |
| time/                   |            |
|    total_timesteps      | 2200000    |
| train/                  |            |
|    approx_kl            | 0.01358139 |
|    clip_fraction        | 0.166      |
|    clip_range           | 0.2        |
|    entropy_loss         | -8.01      |
|    explained_variance   | 0.952      |
|    learning_rate        | 0.0003     |
|    loss                 | 4.25       |
|    n_updates            | 2680       |
|    policy_gradient_loss | -0.0135    |
|    std                  | 0.965      |
|    value_loss           | 8.72       |
----------------------------------------
---------------------------------
| rollout/           |          |
|    ep_len_mean     | 500      |
|    ep_rew_mean     | 400      |
|    success_rate    | 0        |
| time/              |          |
|    fps             | 3295     |
|    iterations      | 269      |
|    time_elapsed    | 668      |
|    total_timesteps | 2203648  |
---------------------------------
-----------------------------------------
| rollout/                |             |
|    ep_len_mean          | 500         |
|    ep_rew_mean          | 403         |
|    success_rate         | 0           |
| time/                   |             |
|    fps                  | 3297        |
|    iterations           | 270         |
|    time_elapsed         | 670         |
|    total_timesteps      | 2211840     |
| train/                  |             |
|    approx_kl            | 0.015704125 |
|    clip_fraction        | 0.179       |
|    clip_range           | 0.2         |
|    entropy_loss         | -8.01       |
|    explained_variance   | 0.956       |
|    learning_rate        | 0.0003      |
|    loss                 | 2.39        |
|    n_updates            | 2690        |
|    policy_gradient_loss | -0.017      |
|    std                  | 0.966       |
|    value_loss           | 8.65        |
-----------------------------------------
-----------------------------------------
| rollout/                |             |
|    ep_len_mean          | 500         |
|    ep_rew_mean          | 384         |
|    success_rate         | 0           |
| time/                   |             |
|    fps                  | 3299        |
|    iterations           | 271         |
|    time_elapsed         | 672         |
|    total_timesteps      | 2220032     |
| train/                  |             |
|    approx_kl            | 0.015253203 |
|    clip_fraction        | 0.183       |
|    clip_range           | 0.2         |
|    entropy_loss         | -8.02       |
|    explained_variance   | 0.952       |
|    learning_rate        | 0.0003      |
|    loss                 | 2.29        |
|    n_updates            | 2700        |
|    policy_gradient_loss | -0.0126     |
|    std                  | 0.968       |
|    value_loss           | 11.7        |
-----------------------------------------
Eval num_timesteps=2225000, episode_reward=492.41 +/- 29.81
Episode length: 500.00 +/- 0.00
Success rate: 0.00%
-----------------------------------------
| eval/                   |             |
|    mean_ep_length       | 500         |
|    mean_reward          | 492         |
|    success_rate         | 0           |
| time/                   |             |
|    total_timesteps      | 2225000     |
| train/                  |             |
|    approx_kl            | 0.016030382 |
|    clip_fraction        | 0.175       |
|    clip_range           | 0.2         |
|    entropy_loss         | -8.04       |
|    explained_variance   | 0.98        |
|    learning_rate        | 0.0003      |
|    loss                 | 4.16        |
|    n_updates            | 2710        |
|    policy_gradient_loss | -0.0128     |
|    std                  | 0.973       |
|    value_loss           | 8.49        |
-----------------------------------------
---------------------------------
| rollout/           |          |
|    ep_len_mean     | 500      |
|    ep_rew_mean     | 384      |
|    success_rate    | 0        |
| time/              |          |
|    fps             | 3295     |
|    iterations      | 272      |
|    time_elapsed    | 676      |
|    total_timesteps | 2228224  |
---------------------------------
-----------------------------------------
| rollout/                |             |
|    ep_len_mean          | 500         |
|    ep_rew_mean          | 389         |
|    success_rate         | 0           |
| time/                   |             |
|    fps                  | 3297        |
|    iterations           | 273         |
|    time_elapsed         | 678         |
|    total_timesteps      | 2236416     |
| train/                  |             |
|    approx_kl            | 0.018779736 |
|    clip_fraction        | 0.176       |
|    clip_range           | 0.2         |
|    entropy_loss         | -8.05       |
|    explained_variance   | 0.971       |
|    learning_rate        | 0.0003      |
|    loss                 | 1.43        |
|    n_updates            | 2720        |
|    policy_gradient_loss | -0.0138     |
|    std                  | 0.973       |
|    value_loss           | 6.46        |
-----------------------------------------
-----------------------------------------
| rollout/                |             |
|    ep_len_mean          | 500         |
|    ep_rew_mean          | 383         |
|    success_rate         | 0           |
| time/                   |             |
|    fps                  | 3299        |
|    iterations           | 274         |
|    time_elapsed         | 680         |
|    total_timesteps      | 2244608     |
| train/                  |             |
|    approx_kl            | 0.016198533 |
|    clip_fraction        | 0.174       |
|    clip_range           | 0.2         |
|    entropy_loss         | -8.06       |
|    explained_variance   | 0.976       |
|    learning_rate        | 0.0003      |
|    loss                 | 3.02        |
|    n_updates            | 2730        |
|    policy_gradient_loss | -0.0122     |
|    std                  | 0.975       |
|    value_loss           | 7.78        |
-----------------------------------------
Eval num_timesteps=2250000, episode_reward=501.06 +/- 32.41
Episode length: 500.00 +/- 0.00
Success rate: 0.00%
-----------------------------------------
| eval/                   |             |
|    mean_ep_length       | 500         |
|    mean_reward          | 501         |
|    success_rate         | 0           |
| time/                   |             |
|    total_timesteps      | 2250000     |
| train/                  |             |
|    approx_kl            | 0.011554855 |
|    clip_fraction        | 0.155       |
|    clip_range           | 0.2         |
|    entropy_loss         | -8.05       |
|    explained_variance   | 0.964       |
|    learning_rate        | 0.0003      |
|    loss                 | 4.97        |
|    n_updates            | 2740        |
|    policy_gradient_loss | -0.0142     |
|    std                  | 0.971       |
|    value_loss           | 12.1        |
-----------------------------------------
---------------------------------
| rollout/           |          |
|    ep_len_mean     | 500      |
|    ep_rew_mean     | 376      |
|    success_rate    | 0        |
| time/              |          |
|    fps             | 3295     |
|    iterations      | 275      |
|    time_elapsed    | 683      |
|    total_timesteps | 2252800  |
---------------------------------
-----------------------------------------
| rollout/                |             |
|    ep_len_mean          | 500         |
|    ep_rew_mean          | 380         |
|    success_rate         | 0           |
| time/                   |             |
|    fps                  | 3297        |
|    iterations           | 276         |
|    time_elapsed         | 685         |
|    total_timesteps      | 2260992     |
| train/                  |             |
|    approx_kl            | 0.014889056 |
|    clip_fraction        | 0.175       |
|    clip_range           | 0.2         |
|    entropy_loss         | -8.06       |
|    explained_variance   | 0.98        |
|    learning_rate        | 0.0003      |
|    loss                 | 2.01        |
|    n_updates            | 2750        |
|    policy_gradient_loss | -0.0185     |
|    std                  | 0.975       |
|    value_loss           | 8           |
-----------------------------------------
------------------------------------------
| rollout/                |              |
|    ep_len_mean          | 500          |
|    ep_rew_mean          | 387          |
|    success_rate         | 0            |
| time/                   |              |
|    fps                  | 3299         |
|    iterations           | 277          |
|    time_elapsed         | 687          |
|    total_timesteps      | 2269184      |
| train/                  |              |
|    approx_kl            | 0.0134734195 |
|    clip_fraction        | 0.146        |
|    clip_range           | 0.2          |
|    entropy_loss         | -8.07        |
|    explained_variance   | 0.955        |
|    learning_rate        | 0.0003       |
|    loss                 | 4.01         |
|    n_updates            | 2760         |
|    policy_gradient_loss | -0.0123      |
|    std                  | 0.978        |
|    value_loss           | 7.11         |
------------------------------------------
Eval num_timesteps=2275000, episode_reward=525.89 +/- 24.55
Episode length: 500.00 +/- 0.00
Success rate: 0.00%
-----------------------------------------
| eval/                   |             |
|    mean_ep_length       | 500         |
|    mean_reward          | 526         |
|    success_rate         | 0           |
| time/                   |             |
|    total_timesteps      | 2275000     |
| train/                  |             |
|    approx_kl            | 0.014554862 |
|    clip_fraction        | 0.158       |
|    clip_range           | 0.2         |
|    entropy_loss         | -8.07       |
|    explained_variance   | 0.981       |
|    learning_rate        | 0.0003      |
|    loss                 | 2.1         |
|    n_updates            | 2770        |
|    policy_gradient_loss | -0.0155     |
|    std                  | 0.977       |
|    value_loss           | 7.72        |
-----------------------------------------
---------------------------------
| rollout/           |          |
|    ep_len_mean     | 500      |
|    ep_rew_mean     | 398      |
|    success_rate    | 0        |
| time/              |          |
|    fps             | 3295     |
|    iterations      | 278      |
|    time_elapsed    | 691      |
|    total_timesteps | 2277376  |
---------------------------------
-----------------------------------------
| rollout/                |             |
|    ep_len_mean          | 500         |
|    ep_rew_mean          | 384         |
|    success_rate         | 0           |
| time/                   |             |
|    fps                  | 3297        |
|    iterations           | 279         |
|    time_elapsed         | 693         |
|    total_timesteps      | 2285568     |
| train/                  |             |
|    approx_kl            | 0.016270231 |
|    clip_fraction        | 0.196       |
|    clip_range           | 0.2         |
|    entropy_loss         | -8.06       |
|    explained_variance   | 0.971       |
|    learning_rate        | 0.0003      |
|    loss                 | 1.06        |
|    n_updates            | 2780        |
|    policy_gradient_loss | -0.00909    |
|    std                  | 0.975       |
|    value_loss           | 6.2         |
-----------------------------------------
------------------------------------------
| rollout/                |              |
|    ep_len_mean          | 500          |
|    ep_rew_mean          | 391          |
|    success_rate         | 0            |
| time/                   |              |
|    fps                  | 3299         |
|    iterations           | 280          |
|    time_elapsed         | 695          |
|    total_timesteps      | 2293760      |
| train/                  |              |
|    approx_kl            | 0.0144574735 |
|    clip_fraction        | 0.171        |
|    clip_range           | 0.2          |
|    entropy_loss         | -8.04        |
|    explained_variance   | 0.985        |
|    learning_rate        | 0.0003       |
|    loss                 | 3.36         |
|    n_updates            | 2790         |
|    policy_gradient_loss | -0.0142      |
|    std                  | 0.971        |
|    value_loss           | 8.77         |
------------------------------------------
Eval num_timesteps=2300000, episode_reward=503.56 +/- 13.28
Episode length: 500.00 +/- 0.00
Success rate: 0.00%
-----------------------------------------
| eval/                   |             |
|    mean_ep_length       | 500         |
|    mean_reward          | 504         |
|    success_rate         | 0           |
| time/                   |             |
|    total_timesteps      | 2300000     |
| train/                  |             |
|    approx_kl            | 0.014120592 |
|    clip_fraction        | 0.177       |
|    clip_range           | 0.2         |
|    entropy_loss         | -8.04       |
|    explained_variance   | 0.978       |
|    learning_rate        | 0.0003      |
|    loss                 | 1.58        |
|    n_updates            | 2800        |
|    policy_gradient_loss | -0.014      |
|    std                  | 0.971       |
|    value_loss           | 6.4         |
-----------------------------------------
---------------------------------
| rollout/           |          |
|    ep_len_mean     | 500      |
|    ep_rew_mean     | 404      |
|    success_rate    | 0        |
| time/              |          |
|    fps             | 3295     |
|    iterations      | 281      |
|    time_elapsed    | 698      |
|    total_timesteps | 2301952  |
---------------------------------
-----------------------------------------
| rollout/                |             |
|    ep_len_mean          | 500         |
|    ep_rew_mean          | 396         |
|    success_rate         | 0           |
| time/                   |             |
|    fps                  | 3297        |
|    iterations           | 282         |
|    time_elapsed         | 700         |
|    total_timesteps      | 2310144     |
| train/                  |             |
|    approx_kl            | 0.016559469 |
|    clip_fraction        | 0.185       |
|    clip_range           | 0.2         |
|    entropy_loss         | -8.04       |
|    explained_variance   | 0.97        |
|    learning_rate        | 0.0003      |
|    loss                 | 1.96        |
|    n_updates            | 2810        |
|    policy_gradient_loss | -0.0132     |
|    std                  | 0.973       |
|    value_loss           | 7.13        |
-----------------------------------------
-----------------------------------------
| rollout/                |             |
|    ep_len_mean          | 500         |
|    ep_rew_mean          | 399         |
|    success_rate         | 0           |
| time/                   |             |
|    fps                  | 3298        |
|    iterations           | 283         |
|    time_elapsed         | 702         |
|    total_timesteps      | 2318336     |
| train/                  |             |
|    approx_kl            | 0.015307958 |
|    clip_fraction        | 0.17        |
|    clip_range           | 0.2         |
|    entropy_loss         | -8.05       |
|    explained_variance   | 0.973       |
|    learning_rate        | 0.0003      |
|    loss                 | 2.25        |
|    n_updates            | 2820        |
|    policy_gradient_loss | -0.0165     |
|    std                  | 0.976       |
|    value_loss           | 9.61        |
-----------------------------------------
Eval num_timesteps=2325000, episode_reward=477.77 +/- 15.84
Episode length: 500.00 +/- 0.00
Success rate: 0.00%
-----------------------------------------
| eval/                   |             |
|    mean_ep_length       | 500         |
|    mean_reward          | 478         |
|    success_rate         | 0           |
| time/                   |             |
|    total_timesteps      | 2325000     |
| train/                  |             |
|    approx_kl            | 0.013848949 |
|    clip_fraction        | 0.156       |
|    clip_range           | 0.2         |
|    entropy_loss         | -8.06       |
|    explained_variance   | 0.981       |
|    learning_rate        | 0.0003      |
|    loss                 | 3.57        |
|    n_updates            | 2830        |
|    policy_gradient_loss | -0.0139     |
|    std                  | 0.974       |
|    value_loss           | 10.1        |
-----------------------------------------
---------------------------------
| rollout/           |          |
|    ep_len_mean     | 500      |
|    ep_rew_mean     | 386      |
|    success_rate    | 0        |
| time/              |          |
|    fps             | 3294     |
|    iterations      | 284      |
|    time_elapsed    | 706      |
|    total_timesteps | 2326528  |
---------------------------------
-----------------------------------------
| rollout/                |             |
|    ep_len_mean          | 500         |
|    ep_rew_mean          | 392         |
|    success_rate         | 0           |
| time/                   |             |
|    fps                  | 3296        |
|    iterations           | 285         |
|    time_elapsed         | 708         |
|    total_timesteps      | 2334720     |
| train/                  |             |
|    approx_kl            | 0.012361626 |
|    clip_fraction        | 0.142       |
|    clip_range           | 0.2         |
|    entropy_loss         | -8.06       |
|    explained_variance   | 0.971       |
|    learning_rate        | 0.0003      |
|    loss                 | 4.12        |
|    n_updates            | 2840        |
|    policy_gradient_loss | -0.0136     |
|    std                  | 0.979       |
|    value_loss           | 14.8        |
-----------------------------------------
----------------------------------------
| rollout/                |            |
|    ep_len_mean          | 500        |
|    ep_rew_mean          | 395        |
|    success_rate         | 0          |
| time/                   |            |
|    fps                  | 3298       |
|    iterations           | 286        |
|    time_elapsed         | 710        |
|    total_timesteps      | 2342912    |
| train/                  |            |
|    approx_kl            | 0.01493673 |
|    clip_fraction        | 0.172      |
|    clip_range           | 0.2        |
|    entropy_loss         | -8.09      |
|    explained_variance   | 0.97       |
|    learning_rate        | 0.0003     |
|    loss                 | 4.62       |
|    n_updates            | 2850       |
|    policy_gradient_loss | -0.011     |
|    std                  | 0.983      |
|    value_loss           | 7.92       |
----------------------------------------
Eval num_timesteps=2350000, episode_reward=493.72 +/- 22.76
Episode length: 500.00 +/- 0.00
Success rate: 0.00%
-----------------------------------------
| eval/                   |             |
|    mean_ep_length       | 500         |
|    mean_reward          | 494         |
|    success_rate         | 0           |
| time/                   |             |
|    total_timesteps      | 2350000     |
| train/                  |             |
|    approx_kl            | 0.012968883 |
|    clip_fraction        | 0.172       |
|    clip_range           | 0.2         |
|    entropy_loss         | -8.08       |
|    explained_variance   | 0.98        |
|    learning_rate        | 0.0003      |
|    loss                 | 1.82        |
|    n_updates            | 2860        |
|    policy_gradient_loss | -0.0143     |
|    std                  | 0.979       |
|    value_loss           | 8.27        |
-----------------------------------------
---------------------------------
| rollout/           |          |
|    ep_len_mean     | 500      |
|    ep_rew_mean     | 392      |
|    success_rate    | 0        |
| time/              |          |
|    fps             | 3295     |
|    iterations      | 287      |
|    time_elapsed    | 713      |
|    total_timesteps | 2351104  |
---------------------------------
-----------------------------------------
| rollout/                |             |
|    ep_len_mean          | 500         |
|    ep_rew_mean          | 391         |
|    success_rate         | 0           |
| time/                   |             |
|    fps                  | 3296        |
|    iterations           | 288         |
|    time_elapsed         | 715         |
|    total_timesteps      | 2359296     |
| train/                  |             |
|    approx_kl            | 0.013658695 |
|    clip_fraction        | 0.167       |
|    clip_range           | 0.2         |
|    entropy_loss         | -8.07       |
|    explained_variance   | 0.979       |
|    learning_rate        | 0.0003      |
|    loss                 | 4.33        |
|    n_updates            | 2870        |
|    policy_gradient_loss | -0.0166     |
|    std                  | 0.979       |
|    value_loss           | 11.4        |
-----------------------------------------
-----------------------------------------
| rollout/                |             |
|    ep_len_mean          | 500         |
|    ep_rew_mean          | 385         |
|    success_rate         | 0           |
| time/                   |             |
|    fps                  | 3298        |
|    iterations           | 289         |
|    time_elapsed         | 717         |
|    total_timesteps      | 2367488     |
| train/                  |             |
|    approx_kl            | 0.016035736 |
|    clip_fraction        | 0.171       |
|    clip_range           | 0.2         |
|    entropy_loss         | -8.07       |
|    explained_variance   | 0.973       |
|    learning_rate        | 0.0003      |
|    loss                 | 4.32        |
|    n_updates            | 2880        |
|    policy_gradient_loss | -0.018      |
|    std                  | 0.977       |
|    value_loss           | 10.6        |
-----------------------------------------
Eval num_timesteps=2375000, episode_reward=522.95 +/- 42.29
Episode length: 500.00 +/- 0.00
Success rate: 0.00%
-----------------------------------------
| eval/                   |             |
|    mean_ep_length       | 500         |
|    mean_reward          | 523         |
|    success_rate         | 0           |
| time/                   |             |
|    total_timesteps      | 2375000     |
| train/                  |             |
|    approx_kl            | 0.015012717 |
|    clip_fraction        | 0.182       |
|    clip_range           | 0.2         |
|    entropy_loss         | -8.08       |
|    explained_variance   | 0.987       |
|    learning_rate        | 0.0003      |
|    loss                 | 1.4         |
|    n_updates            | 2890        |
|    policy_gradient_loss | -0.0137     |
|    std                  | 0.983       |
|    value_loss           | 6.86        |
-----------------------------------------
---------------------------------
| rollout/           |          |
|    ep_len_mean     | 500      |
|    ep_rew_mean     | 407      |
|    success_rate    | 0        |
| time/              |          |
|    fps             | 3295     |
|    iterations      | 290      |
|    time_elapsed    | 720      |
|    total_timesteps | 2375680  |
---------------------------------
-----------------------------------------
| rollout/                |             |
|    ep_len_mean          | 500         |
|    ep_rew_mean          | 407         |
|    success_rate         | 0           |
| time/                   |             |
|    fps                  | 3296        |
|    iterations           | 291         |
|    time_elapsed         | 723         |
|    total_timesteps      | 2383872     |
| train/                  |             |
|    approx_kl            | 0.013975612 |
|    clip_fraction        | 0.148       |
|    clip_range           | 0.2         |
|    entropy_loss         | -8.09       |
|    explained_variance   | 0.956       |
|    learning_rate        | 0.0003      |
|    loss                 | 4.02        |
|    n_updates            | 2900        |
|    policy_gradient_loss | -0.0136     |
|    std                  | 0.984       |
|    value_loss           | 14.1        |
-----------------------------------------
-----------------------------------------
| rollout/                |             |
|    ep_len_mean          | 500         |
|    ep_rew_mean          | 401         |
|    success_rate         | 0           |
| time/                   |             |
|    fps                  | 3298        |
|    iterations           | 292         |
|    time_elapsed         | 725         |
|    total_timesteps      | 2392064     |
| train/                  |             |
|    approx_kl            | 0.013375216 |
|    clip_fraction        | 0.143       |
|    clip_range           | 0.2         |
|    entropy_loss         | -8.1        |
|    explained_variance   | 0.976       |
|    learning_rate        | 0.0003      |
|    loss                 | 7.92        |
|    n_updates            | 2910        |
|    policy_gradient_loss | -0.0174     |
|    std                  | 0.984       |
|    value_loss           | 20.2        |
-----------------------------------------
Eval num_timesteps=2400000, episode_reward=484.94 +/- 53.70
Episode length: 500.00 +/- 0.00
Success rate: 0.00%
-----------------------------------------
| eval/                   |             |
|    mean_ep_length       | 500         |
|    mean_reward          | 485         |
|    success_rate         | 0           |
| time/                   |             |
|    total_timesteps      | 2400000     |
| train/                  |             |
|    approx_kl            | 0.016210292 |
|    clip_fraction        | 0.155       |
|    clip_range           | 0.2         |
|    entropy_loss         | -8.1        |
|    explained_variance   | 0.973       |
|    learning_rate        | 0.0003      |
|    loss                 | 7.7         |
|    n_updates            | 2920        |
|    policy_gradient_loss | -0.0175     |
|    std                  | 0.985       |
|    value_loss           | 15.5        |
-----------------------------------------
---------------------------------
| rollout/           |          |
|    ep_len_mean     | 500      |
|    ep_rew_mean     | 407      |
|    success_rate    | 0        |
| time/              |          |
|    fps             | 3295     |
|    iterations      | 293      |
|    time_elapsed    | 728      |
|    total_timesteps | 2400256  |
---------------------------------
----------------------------------------
| rollout/                |            |
|    ep_len_mean          | 500        |
|    ep_rew_mean          | 417        |
|    success_rate         | 0          |
| time/                   |            |
|    fps                  | 3297       |
|    iterations           | 294        |
|    time_elapsed         | 730        |
|    total_timesteps      | 2408448    |
| train/                  |            |
|    approx_kl            | 0.01656761 |
|    clip_fraction        | 0.176      |
|    clip_range           | 0.2        |
|    entropy_loss         | -8.1       |
|    explained_variance   | 0.964      |
|    learning_rate        | 0.0003     |
|    loss                 | 9.01       |
|    n_updates            | 2930       |
|    policy_gradient_loss | -0.0124    |
|    std                  | 0.985      |
|    value_loss           | 21.8       |
----------------------------------------
-----------------------------------------
| rollout/                |             |
|    ep_len_mean          | 500         |
|    ep_rew_mean          | 418         |
|    success_rate         | 0           |
| time/                   |             |
|    fps                  | 3299        |
|    iterations           | 295         |
|    time_elapsed         | 732         |
|    total_timesteps      | 2416640     |
| train/                  |             |
|    approx_kl            | 0.017212994 |
|    clip_fraction        | 0.229       |
|    clip_range           | 0.2         |
|    entropy_loss         | -8.09       |
|    explained_variance   | 0.973       |
|    learning_rate        | 0.0003      |
|    loss                 | 3.42        |
|    n_updates            | 2940        |
|    policy_gradient_loss | -0.00958    |
|    std                  | 0.982       |
|    value_loss           | 7.74        |
-----------------------------------------
-----------------------------------------
| rollout/                |             |
|    ep_len_mean          | 500         |
|    ep_rew_mean          | 423         |
|    success_rate         | 0           |
| time/                   |             |
|    fps                  | 3300        |
|    iterations           | 296         |
|    time_elapsed         | 734         |
|    total_timesteps      | 2424832     |
| train/                  |             |
|    approx_kl            | 0.017429676 |
|    clip_fraction        | 0.193       |
|    clip_range           | 0.2         |
|    entropy_loss         | -8.09       |
|    explained_variance   | 0.986       |
|    learning_rate        | 0.0003      |
|    loss                 | 1.55        |
|    n_updates            | 2950        |
|    policy_gradient_loss | -0.0147     |
|    std                  | 0.985       |
|    value_loss           | 7.58        |
-----------------------------------------
Eval num_timesteps=2425000, episode_reward=544.91 +/- 51.42
Episode length: 500.00 +/- 0.00
Success rate: 0.00%
-----------------------------------------
| eval/                   |             |
|    mean_ep_length       | 500         |
|    mean_reward          | 545         |
|    success_rate         | 0           |
| time/                   |             |
|    total_timesteps      | 2425000     |
| train/                  |             |
|    approx_kl            | 0.012140991 |
|    clip_fraction        | 0.185       |
|    clip_range           | 0.2         |
|    entropy_loss         | -8.1        |
|    explained_variance   | 0.964       |
|    learning_rate        | 0.0003      |
|    loss                 | 2.1         |
|    n_updates            | 2960        |
|    policy_gradient_loss | -0.00997    |
|    std                  | 0.987       |
|    value_loss           | 12.1        |
-----------------------------------------
New best mean reward!
---------------------------------
| rollout/           |          |
|    ep_len_mean     | 500      |
|    ep_rew_mean     | 421      |
|    success_rate    | 0        |
| time/              |          |
|    fps             | 3297     |
|    iterations      | 297      |
|    time_elapsed    | 737      |
|    total_timesteps | 2433024  |
---------------------------------
-----------------------------------------
| rollout/                |             |
|    ep_len_mean          | 500         |
|    ep_rew_mean          | 420         |
|    success_rate         | 0           |
| time/                   |             |
|    fps                  | 3298        |
|    iterations           | 298         |
|    time_elapsed         | 740         |
|    total_timesteps      | 2441216     |
| train/                  |             |
|    approx_kl            | 0.013470897 |
|    clip_fraction        | 0.149       |
|    clip_range           | 0.2         |
|    entropy_loss         | -8.11       |
|    explained_variance   | 0.97        |
|    learning_rate        | 0.0003      |
|    loss                 | 4.56        |
|    n_updates            | 2970        |
|    policy_gradient_loss | -0.0165     |
|    std                  | 0.988       |
|    value_loss           | 14.8        |
-----------------------------------------
------------------------------------------
| rollout/                |              |
|    ep_len_mean          | 500          |
|    ep_rew_mean          | 421          |
|    success_rate         | 0            |
| time/                   |              |
|    fps                  | 3300         |
|    iterations           | 299          |
|    time_elapsed         | 742          |
|    total_timesteps      | 2449408      |
| train/                  |              |
|    approx_kl            | 0.0123393275 |
|    clip_fraction        | 0.152        |
|    clip_range           | 0.2          |
|    entropy_loss         | -8.13        |
|    explained_variance   | 0.974        |
|    learning_rate        | 0.0003       |
|    loss                 | 4.19         |
|    n_updates            | 2980         |
|    policy_gradient_loss | -0.0149      |
|    std                  | 0.992        |
|    value_loss           | 15.5         |
------------------------------------------
Eval num_timesteps=2450000, episode_reward=574.70 +/- 40.86
Episode length: 500.00 +/- 0.00
Success rate: 0.00%
-----------------------------------------
| eval/                   |             |
|    mean_ep_length       | 500         |
|    mean_reward          | 575         |
|    success_rate         | 0           |
| time/                   |             |
|    total_timesteps      | 2450000     |
| train/                  |             |
|    approx_kl            | 0.012052504 |
|    clip_fraction        | 0.159       |
|    clip_range           | 0.2         |
|    entropy_loss         | -8.16       |
|    explained_variance   | 0.973       |
|    learning_rate        | 0.0003      |
|    loss                 | 5.23        |
|    n_updates            | 2990        |
|    policy_gradient_loss | -0.0136     |
|    std                  | 0.996       |
|    value_loss           | 15.4        |
-----------------------------------------
New best mean reward!
---------------------------------
| rollout/           |          |
|    ep_len_mean     | 500      |
|    ep_rew_mean     | 401      |
|    success_rate    | 0        |
| time/              |          |
|    fps             | 3296     |
|    iterations      | 300      |
|    time_elapsed    | 745      |
|    total_timesteps | 2457600  |
---------------------------------
-----------------------------------------
| rollout/                |             |
|    ep_len_mean          | 500         |
|    ep_rew_mean          | 399         |
|    success_rate         | 0           |
| time/                   |             |
|    fps                  | 3298        |
|    iterations           | 301         |
|    time_elapsed         | 747         |
|    total_timesteps      | 2465792     |
| train/                  |             |
|    approx_kl            | 0.014507561 |
|    clip_fraction        | 0.144       |
|    clip_range           | 0.2         |
|    entropy_loss         | -8.18       |
|    explained_variance   | 0.972       |
|    learning_rate        | 0.0003      |
|    loss                 | 5.22        |
|    n_updates            | 3000        |
|    policy_gradient_loss | -0.0138     |
|    std                  | 0.999       |
|    value_loss           | 18.2        |
-----------------------------------------
-----------------------------------------
| rollout/                |             |
|    ep_len_mean          | 500         |
|    ep_rew_mean          | 392         |
|    success_rate         | 0           |
| time/                   |             |
|    fps                  | 3300        |
|    iterations           | 302         |
|    time_elapsed         | 749         |
|    total_timesteps      | 2473984     |
| train/                  |             |
|    approx_kl            | 0.017792512 |
|    clip_fraction        | 0.181       |
|    clip_range           | 0.2         |
|    entropy_loss         | -8.2        |
|    explained_variance   | 0.981       |
|    learning_rate        | 0.0003      |
|    loss                 | 2.49        |
|    n_updates            | 3010        |
|    policy_gradient_loss | -0.0114     |
|    std                  | 1           |
|    value_loss           | 7.43        |
-----------------------------------------
Eval num_timesteps=2475000, episode_reward=475.35 +/- 78.40
Episode length: 500.00 +/- 0.00
Success rate: 0.00%
----------------------------------------
| eval/                   |            |
|    mean_ep_length       | 500        |
|    mean_reward          | 475        |
|    success_rate         | 0          |
| time/                   |            |
|    total_timesteps      | 2475000    |
| train/                  |            |
|    approx_kl            | 0.01697009 |
|    clip_fraction        | 0.174      |
|    clip_range           | 0.2        |
|    entropy_loss         | -8.2       |
|    explained_variance   | 0.982      |
|    learning_rate        | 0.0003     |
|    loss                 | 2.36       |
|    n_updates            | 3020       |
|    policy_gradient_loss | -0.0124    |
|    std                  | 1          |
|    value_loss           | 14.4       |
----------------------------------------
---------------------------------
| rollout/           |          |
|    ep_len_mean     | 500      |
|    ep_rew_mean     | 398      |
|    success_rate    | 0        |
| time/              |          |
|    fps             | 3296     |
|    iterations      | 303      |
|    time_elapsed    | 752      |
|    total_timesteps | 2482176  |
---------------------------------
-----------------------------------------
| rollout/                |             |
|    ep_len_mean          | 500         |
|    ep_rew_mean          | 393         |
|    success_rate         | 0           |
| time/                   |             |
|    fps                  | 3298        |
|    iterations           | 304         |
|    time_elapsed         | 754         |
|    total_timesteps      | 2490368     |
| train/                  |             |
|    approx_kl            | 0.012832189 |
|    clip_fraction        | 0.157       |
|    clip_range           | 0.2         |
|    entropy_loss         | -8.21       |
|    explained_variance   | 0.969       |
|    learning_rate        | 0.0003      |
|    loss                 | 9.86        |
|    n_updates            | 3030        |
|    policy_gradient_loss | -0.0151     |
|    std                  | 1           |
|    value_loss           | 19.9        |
-----------------------------------------
-----------------------------------------
| rollout/                |             |
|    ep_len_mean          | 500         |
|    ep_rew_mean          | 381         |
|    success_rate         | 0           |
| time/                   |             |
|    fps                  | 3300        |
|    iterations           | 305         |
|    time_elapsed         | 756         |
|    total_timesteps      | 2498560     |
| train/                  |             |
|    approx_kl            | 0.015475041 |
|    clip_fraction        | 0.159       |
|    clip_range           | 0.2         |
|    entropy_loss         | -8.2        |
|    explained_variance   | 0.973       |
|    learning_rate        | 0.0003      |
|    loss                 | 3.99        |
|    n_updates            | 3040        |
|    policy_gradient_loss | -0.0179     |
|    std                  | 1           |
|    value_loss           | 17.4        |
-----------------------------------------
Eval num_timesteps=2500000, episode_reward=529.07 +/- 61.32
Episode length: 500.00 +/- 0.00
Success rate: 0.00%
------------------------------------------
| eval/                   |              |
|    mean_ep_length       | 500          |
|    mean_reward          | 529          |
|    success_rate         | 0            |
| time/                   |              |
|    total_timesteps      | 2500000      |
| train/                  |              |
|    approx_kl            | 0.0144631015 |
|    clip_fraction        | 0.175        |
|    clip_range           | 0.2          |
|    entropy_loss         | -8.21        |
|    explained_variance   | 0.984        |
|    learning_rate        | 0.0003       |
|    loss                 | 7.05         |
|    n_updates            | 3050         |
|    policy_gradient_loss | -0.0149      |
|    std                  | 1.01         |
|    value_loss           | 13.4         |
------------------------------------------
---------------------------------
| rollout/           |          |
|    ep_len_mean     | 500      |
|    ep_rew_mean     | 383      |
|    success_rate    | 0        |
| time/              |          |
|    fps             | 3297     |
|    iterations      | 306      |
|    time_elapsed    | 760      |
|    total_timesteps | 2506752  |
---------------------------------
-----------------------------------------
| rollout/                |             |
|    ep_len_mean          | 500         |
|    ep_rew_mean          | 390         |
|    success_rate         | 0           |
| time/                   |             |
|    fps                  | 3298        |
|    iterations           | 307         |
|    time_elapsed         | 762         |
|    total_timesteps      | 2514944     |
| train/                  |             |
|    approx_kl            | 0.019980371 |
|    clip_fraction        | 0.238       |
|    clip_range           | 0.2         |
|    entropy_loss         | -8.23       |
|    explained_variance   | 0.979       |
|    learning_rate        | 0.0003      |
|    loss                 | 1.9         |
|    n_updates            | 3060        |
|    policy_gradient_loss | -0.00971    |
|    std                  | 1.01        |
|    value_loss           | 7.16        |
-----------------------------------------
-----------------------------------------
| rollout/                |             |
|    ep_len_mean          | 500         |
|    ep_rew_mean          | 392         |
|    success_rate         | 0           |
| time/                   |             |
|    fps                  | 3300        |
|    iterations           | 308         |
|    time_elapsed         | 764         |
|    total_timesteps      | 2523136     |
| train/                  |             |
|    approx_kl            | 0.015825551 |
|    clip_fraction        | 0.207       |
|    clip_range           | 0.2         |
|    entropy_loss         | -8.22       |
|    explained_variance   | 0.986       |
|    learning_rate        | 0.0003      |
|    loss                 | 1.97        |
|    n_updates            | 3070        |
|    policy_gradient_loss | -0.0112     |
|    std                  | 1.01        |
|    value_loss           | 9.04        |
-----------------------------------------
Eval num_timesteps=2525000, episode_reward=401.12 +/- 69.05
Episode length: 500.00 +/- 0.00
Success rate: 0.00%
----------------------------------------
| eval/                   |            |
|    mean_ep_length       | 500        |
|    mean_reward          | 401        |
|    success_rate         | 0          |
| time/                   |            |
|    total_timesteps      | 2525000    |
| train/                  |            |
|    approx_kl            | 0.01745303 |
|    clip_fraction        | 0.21       |
|    clip_range           | 0.2        |
|    entropy_loss         | -8.22      |
|    explained_variance   | 0.981      |
|    learning_rate        | 0.0003     |
|    loss                 | 0.992      |
|    n_updates            | 3080       |
|    policy_gradient_loss | -0.00715   |
|    std                  | 1          |
|    value_loss           | 8.69       |
----------------------------------------
---------------------------------
| rollout/           |          |
|    ep_len_mean     | 500      |
|    ep_rew_mean     | 394      |
|    success_rate    | 0        |
| time/              |          |
|    fps             | 3296     |
|    iterations      | 309      |
|    time_elapsed    | 767      |
|    total_timesteps | 2531328  |
---------------------------------
-----------------------------------------
| rollout/                |             |
|    ep_len_mean          | 500         |
|    ep_rew_mean          | 398         |
|    success_rate         | 0           |
| time/                   |             |
|    fps                  | 3298        |
|    iterations           | 310         |
|    time_elapsed         | 769         |
|    total_timesteps      | 2539520     |
| train/                  |             |
|    approx_kl            | 0.016886365 |
|    clip_fraction        | 0.168       |
|    clip_range           | 0.2         |
|    entropy_loss         | -8.22       |
|    explained_variance   | 0.956       |
|    learning_rate        | 0.0003      |
|    loss                 | 6.95        |
|    n_updates            | 3090        |
|    policy_gradient_loss | -0.0121     |
|    std                  | 1.01        |
|    value_loss           | 10.2        |
-----------------------------------------
-----------------------------------------
| rollout/                |             |
|    ep_len_mean          | 500         |
|    ep_rew_mean          | 399         |
|    success_rate         | 0           |
| time/                   |             |
|    fps                  | 3300        |
|    iterations           | 311         |
|    time_elapsed         | 772         |
|    total_timesteps      | 2547712     |
| train/                  |             |
|    approx_kl            | 0.013783962 |
|    clip_fraction        | 0.174       |
|    clip_range           | 0.2         |
|    entropy_loss         | -8.23       |
|    explained_variance   | 0.98        |
|    learning_rate        | 0.0003      |
|    loss                 | 4.96        |
|    n_updates            | 3100        |
|    policy_gradient_loss | -0.012      |
|    std                  | 1.01        |
|    value_loss           | 9.48        |
-----------------------------------------
Eval num_timesteps=2550000, episode_reward=490.91 +/- 57.07
Episode length: 500.00 +/- 0.00
Success rate: 0.00%
-----------------------------------------
| eval/                   |             |
|    mean_ep_length       | 500         |
|    mean_reward          | 491         |
|    success_rate         | 0           |
| time/                   |             |
|    total_timesteps      | 2550000     |
| train/                  |             |
|    approx_kl            | 0.022841781 |
|    clip_fraction        | 0.188       |
|    clip_range           | 0.2         |
|    entropy_loss         | -8.24       |
|    explained_variance   | 0.983       |
|    learning_rate        | 0.0003      |
|    loss                 | 3.47        |
|    n_updates            | 3110        |
|    policy_gradient_loss | -0.00945    |
|    std                  | 1.01        |
|    value_loss           | 11.7        |
-----------------------------------------
---------------------------------
| rollout/           |          |
|    ep_len_mean     | 500      |
|    ep_rew_mean     | 421      |
|    success_rate    | 0        |
| time/              |          |
|    fps             | 3296     |
|    iterations      | 312      |
|    time_elapsed    | 775      |
|    total_timesteps | 2555904  |
---------------------------------
-----------------------------------------
| rollout/                |             |
|    ep_len_mean          | 500         |
|    ep_rew_mean          | 423         |
|    success_rate         | 0           |
| time/                   |             |
|    fps                  | 3298        |
|    iterations           | 313         |
|    time_elapsed         | 777         |
|    total_timesteps      | 2564096     |
| train/                  |             |
|    approx_kl            | 0.017090885 |
|    clip_fraction        | 0.234       |
|    clip_range           | 0.2         |
|    entropy_loss         | -8.27       |
|    explained_variance   | 0.978       |
|    learning_rate        | 0.0003      |
|    loss                 | 0.753       |
|    n_updates            | 3120        |
|    policy_gradient_loss | -0.0112     |
|    std                  | 1.02        |
|    value_loss           | 4.06        |
-----------------------------------------
-----------------------------------------
| rollout/                |             |
|    ep_len_mean          | 500         |
|    ep_rew_mean          | 425         |
|    success_rate         | 0           |
| time/                   |             |
|    fps                  | 3300        |
|    iterations           | 314         |
|    time_elapsed         | 779         |
|    total_timesteps      | 2572288     |
| train/                  |             |
|    approx_kl            | 0.015800323 |
|    clip_fraction        | 0.185       |
|    clip_range           | 0.2         |
|    entropy_loss         | -8.28       |
|    explained_variance   | 0.981       |
|    learning_rate        | 0.0003      |
|    loss                 | 5.97        |
|    n_updates            | 3130        |
|    policy_gradient_loss | -0.00901    |
|    std                  | 1.02        |
|    value_loss           | 13.2        |
-----------------------------------------
Eval num_timesteps=2575000, episode_reward=547.82 +/- 42.56
Episode length: 500.00 +/- 0.00
Success rate: 0.00%
----------------------------------------
| eval/                   |            |
|    mean_ep_length       | 500        |
|    mean_reward          | 548        |
|    success_rate         | 0          |
| time/                   |            |
|    total_timesteps      | 2575000    |
| train/                  |            |
|    approx_kl            | 0.01811843 |
|    clip_fraction        | 0.182      |
|    clip_range           | 0.2        |
|    entropy_loss         | -8.28      |
|    explained_variance   | 0.964      |
|    learning_rate        | 0.0003     |
|    loss                 | 4.3        |
|    n_updates            | 3140       |
|    policy_gradient_loss | -0.00934   |
|    std                  | 1.02       |
|    value_loss           | 8.29       |
----------------------------------------
---------------------------------
| rollout/           |          |
|    ep_len_mean     | 500      |
|    ep_rew_mean     | 419      |
|    success_rate    | 0        |
| time/              |          |
|    fps             | 3296     |
|    iterations      | 315      |
|    time_elapsed    | 782      |
|    total_timesteps | 2580480  |
---------------------------------
----------------------------------------
| rollout/                |            |
|    ep_len_mean          | 500        |
|    ep_rew_mean          | 427        |
|    success_rate         | 0          |
| time/                   |            |
|    fps                  | 3298       |
|    iterations           | 316        |
|    time_elapsed         | 784        |
|    total_timesteps      | 2588672    |
| train/                  |            |
|    approx_kl            | 0.01490255 |
|    clip_fraction        | 0.143      |
|    clip_range           | 0.2        |
|    entropy_loss         | -8.27      |
|    explained_variance   | 0.978      |
|    learning_rate        | 0.0003     |
|    loss                 | 3.95       |
|    n_updates            | 3150       |
|    policy_gradient_loss | -0.0155    |
|    std                  | 1.02       |
|    value_loss           | 19.5       |
----------------------------------------
-----------------------------------------
| rollout/                |             |
|    ep_len_mean          | 500         |
|    ep_rew_mean          | 428         |
|    success_rate         | 0           |
| time/                   |             |
|    fps                  | 3300        |
|    iterations           | 317         |
|    time_elapsed         | 786         |
|    total_timesteps      | 2596864     |
| train/                  |             |
|    approx_kl            | 0.016302623 |
|    clip_fraction        | 0.194       |
|    clip_range           | 0.2         |
|    entropy_loss         | -8.25       |
|    explained_variance   | 0.976       |
|    learning_rate        | 0.0003      |
|    loss                 | 5.44        |
|    n_updates            | 3160        |
|    policy_gradient_loss | -0.0151     |
|    std                  | 1.01        |
|    value_loss           | 11.9        |
-----------------------------------------
Eval num_timesteps=2600000, episode_reward=536.72 +/- 59.72
Episode length: 500.00 +/- 0.00
Success rate: 0.00%
-----------------------------------------
| eval/                   |             |
|    mean_ep_length       | 500         |
|    mean_reward          | 537         |
|    success_rate         | 0           |
| time/                   |             |
|    total_timesteps      | 2600000     |
| train/                  |             |
|    approx_kl            | 0.018045422 |
|    clip_fraction        | 0.202       |
|    clip_range           | 0.2         |
|    entropy_loss         | -8.25       |
|    explained_variance   | 0.981       |
|    learning_rate        | 0.0003      |
|    loss                 | 4.01        |
|    n_updates            | 3170        |
|    policy_gradient_loss | -0.0107     |
|    std                  | 1.02        |
|    value_loss           | 7.83        |
-----------------------------------------
---------------------------------
| rollout/           |          |
|    ep_len_mean     | 500      |
|    ep_rew_mean     | 425      |
|    success_rate    | 0        |
| time/              |          |
|    fps             | 3296     |
|    iterations      | 318      |
|    time_elapsed    | 790      |
|    total_timesteps | 2605056  |
---------------------------------
-----------------------------------------
| rollout/                |             |
|    ep_len_mean          | 500         |
|    ep_rew_mean          | 432         |
|    success_rate         | 0           |
| time/                   |             |
|    fps                  | 3298        |
|    iterations           | 319         |
|    time_elapsed         | 792         |
|    total_timesteps      | 2613248     |
| train/                  |             |
|    approx_kl            | 0.016322207 |
|    clip_fraction        | 0.245       |
|    clip_range           | 0.2         |
|    entropy_loss         | -8.24       |
|    explained_variance   | 0.967       |
|    learning_rate        | 0.0003      |
|    loss                 | 1.81        |
|    n_updates            | 3180        |
|    policy_gradient_loss | -0.00775    |
|    std                  | 1.01        |
|    value_loss           | 5.41        |
-----------------------------------------
----------------------------------------
| rollout/                |            |
|    ep_len_mean          | 500        |
|    ep_rew_mean          | 424        |
|    success_rate         | 0          |
| time/                   |            |
|    fps                  | 3300       |
|    iterations           | 320        |
|    time_elapsed         | 794        |
|    total_timesteps      | 2621440    |
| train/                  |            |
|    approx_kl            | 0.02381254 |
|    clip_fraction        | 0.199      |
|    clip_range           | 0.2        |
|    entropy_loss         | -8.24      |
|    explained_variance   | 0.982      |
|    learning_rate        | 0.0003     |
|    loss                 | 1.46       |
|    n_updates            | 3190       |
|    policy_gradient_loss | -0.0111    |
|    std                  | 1.01       |
|    value_loss           | 5.47       |
----------------------------------------
Eval num_timesteps=2625000, episode_reward=539.32 +/- 39.46
Episode length: 500.00 +/- 0.00
Success rate: 0.00%
-----------------------------------------
| eval/                   |             |
|    mean_ep_length       | 500         |
|    mean_reward          | 539         |
|    success_rate         | 0           |
| time/                   |             |
|    total_timesteps      | 2625000     |
| train/                  |             |
|    approx_kl            | 0.017472984 |
|    clip_fraction        | 0.197       |
|    clip_range           | 0.2         |
|    entropy_loss         | -8.23       |
|    explained_variance   | 0.98        |
|    learning_rate        | 0.0003      |
|    loss                 | 2.31        |
|    n_updates            | 3200        |
|    policy_gradient_loss | -0.0132     |
|    std                  | 1.01        |
|    value_loss           | 6.55        |
-----------------------------------------
---------------------------------
| rollout/           |          |
|    ep_len_mean     | 500      |
|    ep_rew_mean     | 430      |
|    success_rate    | 0        |
| time/              |          |
|    fps             | 3296     |
|    iterations      | 321      |
|    time_elapsed    | 797      |
|    total_timesteps | 2629632  |
---------------------------------
-----------------------------------------
| rollout/                |             |
|    ep_len_mean          | 500         |
|    ep_rew_mean          | 431         |
|    success_rate         | 0           |
| time/                   |             |
|    fps                  | 3298        |
|    iterations           | 322         |
|    time_elapsed         | 799         |
|    total_timesteps      | 2637824     |
| train/                  |             |
|    approx_kl            | 0.014347043 |
|    clip_fraction        | 0.142       |
|    clip_range           | 0.2         |
|    entropy_loss         | -8.2        |
|    explained_variance   | 0.969       |
|    learning_rate        | 0.0003      |
|    loss                 | 4.1         |
|    n_updates            | 3210        |
|    policy_gradient_loss | -0.0168     |
|    std                  | 1           |
|    value_loss           | 11          |
-----------------------------------------
------------------------------------------
| rollout/                |              |
|    ep_len_mean          | 500          |
|    ep_rew_mean          | 417          |
|    success_rate         | 0            |
| time/                   |              |
|    fps                  | 3300         |
|    iterations           | 323          |
|    time_elapsed         | 801          |
|    total_timesteps      | 2646016      |
| train/                  |              |
|    approx_kl            | 0.0097654695 |
|    clip_fraction        | 0.109        |
|    clip_range           | 0.2          |
|    entropy_loss         | -8.19        |
|    explained_variance   | 0.966        |
|    learning_rate        | 0.0003       |
|    loss                 | 6.38         |
|    n_updates            | 3220         |
|    policy_gradient_loss | -0.0144      |
|    std                  | 1            |
|    value_loss           | 20.6         |
------------------------------------------
Eval num_timesteps=2650000, episode_reward=605.01 +/- 53.20
Episode length: 500.00 +/- 0.00
Success rate: 0.00%
-----------------------------------------
| eval/                   |             |
|    mean_ep_length       | 500         |
|    mean_reward          | 605         |
|    success_rate         | 0           |
| time/                   |             |
|    total_timesteps      | 2650000     |
| train/                  |             |
|    approx_kl            | 0.018139096 |
|    clip_fraction        | 0.2         |
|    clip_range           | 0.2         |
|    entropy_loss         | -8.2        |
|    explained_variance   | 0.983       |
|    learning_rate        | 0.0003      |
|    loss                 | 1.07        |
|    n_updates            | 3230        |
|    policy_gradient_loss | -0.0141     |
|    std                  | 1.01        |
|    value_loss           | 6.52        |
-----------------------------------------
New best mean reward!
---------------------------------
| rollout/           |          |
|    ep_len_mean     | 500      |
|    ep_rew_mean     | 414      |
|    success_rate    | 0        |
| time/              |          |
|    fps             | 3296     |
|    iterations      | 324      |
|    time_elapsed    | 805      |
|    total_timesteps | 2654208  |
---------------------------------
-----------------------------------------
| rollout/                |             |
|    ep_len_mean          | 500         |
|    ep_rew_mean          | 397         |
|    success_rate         | 0           |
| time/                   |             |
|    fps                  | 3298        |
|    iterations           | 325         |
|    time_elapsed         | 807         |
|    total_timesteps      | 2662400     |
| train/                  |             |
|    approx_kl            | 0.014544686 |
|    clip_fraction        | 0.149       |
|    clip_range           | 0.2         |
|    entropy_loss         | -8.19       |
|    explained_variance   | 0.974       |
|    learning_rate        | 0.0003      |
|    loss                 | 20.8        |
|    n_updates            | 3240        |
|    policy_gradient_loss | -0.0133     |
|    std                  | 1           |
|    value_loss           | 18.3        |
-----------------------------------------
-----------------------------------------
| rollout/                |             |
|    ep_len_mean          | 500         |
|    ep_rew_mean          | 398         |
|    success_rate         | 0           |
| time/                   |             |
|    fps                  | 3300        |
|    iterations           | 326         |
|    time_elapsed         | 809         |
|    total_timesteps      | 2670592     |
| train/                  |             |
|    approx_kl            | 0.014654284 |
|    clip_fraction        | 0.192       |
|    clip_range           | 0.2         |
|    entropy_loss         | -8.2        |
|    explained_variance   | 0.985       |
|    learning_rate        | 0.0003      |
|    loss                 | 3.23        |
|    n_updates            | 3250        |
|    policy_gradient_loss | -0.0118     |
|    std                  | 1.01        |
|    value_loss           | 11.9        |
-----------------------------------------
Eval num_timesteps=2675000, episode_reward=454.39 +/- 57.29
Episode length: 500.00 +/- 0.00
Success rate: 0.00%
----------------------------------------
| eval/                   |            |
|    mean_ep_length       | 500        |
|    mean_reward          | 454        |
|    success_rate         | 0          |
| time/                   |            |
|    total_timesteps      | 2675000    |
| train/                  |            |
|    approx_kl            | 0.01609289 |
|    clip_fraction        | 0.197      |
|    clip_range           | 0.2        |
|    entropy_loss         | -8.19      |
|    explained_variance   | 0.965      |
|    learning_rate        | 0.0003     |
|    loss                 | 1.5        |
|    n_updates            | 3260       |
|    policy_gradient_loss | -0.0116    |
|    std                  | 1          |
|    value_loss           | 14.3       |
----------------------------------------
---------------------------------
| rollout/           |          |
|    ep_len_mean     | 500      |
|    ep_rew_mean     | 400      |
|    success_rate    | 0        |
| time/              |          |
|    fps             | 3296     |
|    iterations      | 327      |
|    time_elapsed    | 812      |
|    total_timesteps | 2678784  |
---------------------------------
-----------------------------------------
| rollout/                |             |
|    ep_len_mean          | 500         |
|    ep_rew_mean          | 394         |
|    success_rate         | 0           |
| time/                   |             |
|    fps                  | 3298        |
|    iterations           | 328         |
|    time_elapsed         | 814         |
|    total_timesteps      | 2686976     |
| train/                  |             |
|    approx_kl            | 0.012650552 |
|    clip_fraction        | 0.17        |
|    clip_range           | 0.2         |
|    entropy_loss         | -8.19       |
|    explained_variance   | 0.97        |
|    learning_rate        | 0.0003      |
|    loss                 | 8.9         |
|    n_updates            | 3270        |
|    policy_gradient_loss | -0.0147     |
|    std                  | 1.01        |
|    value_loss           | 19          |
-----------------------------------------
-----------------------------------------
| rollout/                |             |
|    ep_len_mean          | 500         |
|    ep_rew_mean          | 412         |
|    success_rate         | 0           |
| time/                   |             |
|    fps                  | 3299        |
|    iterations           | 329         |
|    time_elapsed         | 816         |
|    total_timesteps      | 2695168     |
| train/                  |             |
|    approx_kl            | 0.021021858 |
|    clip_fraction        | 0.219       |
|    clip_range           | 0.2         |
|    entropy_loss         | -8.21       |
|    explained_variance   | 0.982       |
|    learning_rate        | 0.0003      |
|    loss                 | 3.12        |
|    n_updates            | 3280        |
|    policy_gradient_loss | -0.0144     |
|    std                  | 1.01        |
|    value_loss           | 8.58        |
-----------------------------------------
Eval num_timesteps=2700000, episode_reward=588.59 +/- 37.27
Episode length: 500.00 +/- 0.00
Success rate: 0.00%
-----------------------------------------
| eval/                   |             |
|    mean_ep_length       | 500         |
|    mean_reward          | 589         |
|    success_rate         | 0           |
| time/                   |             |
|    total_timesteps      | 2700000     |
| train/                  |             |
|    approx_kl            | 0.015356403 |
|    clip_fraction        | 0.187       |
|    clip_range           | 0.2         |
|    entropy_loss         | -8.21       |
|    explained_variance   | 0.981       |
|    learning_rate        | 0.0003      |
|    loss                 | 5.99        |
|    n_updates            | 3290        |
|    policy_gradient_loss | -0.0133     |
|    std                  | 1.01        |
|    value_loss           | 11.5        |
-----------------------------------------
---------------------------------
| rollout/           |          |
|    ep_len_mean     | 500      |
|    ep_rew_mean     | 404      |
|    success_rate    | 0        |
| time/              |          |
|    fps             | 3296     |
|    iterations      | 330      |
|    time_elapsed    | 820      |
|    total_timesteps | 2703360  |
---------------------------------
-----------------------------------------
| rollout/                |             |
|    ep_len_mean          | 500         |
|    ep_rew_mean          | 417         |
|    success_rate         | 0           |
| time/                   |             |
|    fps                  | 3298        |
|    iterations           | 331         |
|    time_elapsed         | 822         |
|    total_timesteps      | 2711552     |
| train/                  |             |
|    approx_kl            | 0.015554137 |
|    clip_fraction        | 0.189       |
|    clip_range           | 0.2         |
|    entropy_loss         | -8.22       |
|    explained_variance   | 0.983       |
|    learning_rate        | 0.0003      |
|    loss                 | 2.4         |
|    n_updates            | 3300        |
|    policy_gradient_loss | -0.0163     |
|    std                  | 1.02        |
|    value_loss           | 9.18        |
-----------------------------------------
-----------------------------------------
| rollout/                |             |
|    ep_len_mean          | 500         |
|    ep_rew_mean          | 427         |
|    success_rate         | 0           |
| time/                   |             |
|    fps                  | 3299        |
|    iterations           | 332         |
|    time_elapsed         | 824         |
|    total_timesteps      | 2719744     |
| train/                  |             |
|    approx_kl            | 0.017037146 |
|    clip_fraction        | 0.202       |
|    clip_range           | 0.2         |
|    entropy_loss         | -8.23       |
|    explained_variance   | 0.977       |
|    learning_rate        | 0.0003      |
|    loss                 | 1.73        |
|    n_updates            | 3310        |
|    policy_gradient_loss | -0.0139     |
|    std                  | 1.01        |
|    value_loss           | 6.71        |
-----------------------------------------
Eval num_timesteps=2725000, episode_reward=507.24 +/- 17.24
Episode length: 500.00 +/- 0.00
Success rate: 0.00%
----------------------------------------
| eval/                   |            |
|    mean_ep_length       | 500        |
|    mean_reward          | 507        |
|    success_rate         | 0          |
| time/                   |            |
|    total_timesteps      | 2725000    |
| train/                  |            |
|    approx_kl            | 0.01398656 |
|    clip_fraction        | 0.165      |
|    clip_range           | 0.2        |
|    entropy_loss         | -8.23      |
|    explained_variance   | 0.98       |
|    learning_rate        | 0.0003     |
|    loss                 | 4.43       |
|    n_updates            | 3320       |
|    policy_gradient_loss | -0.0136    |
|    std                  | 1.02       |
|    value_loss           | 8.53       |
----------------------------------------
---------------------------------
| rollout/           |          |
|    ep_len_mean     | 500      |
|    ep_rew_mean     | 422      |
|    success_rate    | 0        |
| time/              |          |
|    fps             | 3296     |
|    iterations      | 333      |
|    time_elapsed    | 827      |
|    total_timesteps | 2727936  |
---------------------------------
-----------------------------------------
| rollout/                |             |
|    ep_len_mean          | 500         |
|    ep_rew_mean          | 431         |
|    success_rate         | 0           |
| time/                   |             |
|    fps                  | 3298        |
|    iterations           | 334         |
|    time_elapsed         | 829         |
|    total_timesteps      | 2736128     |
| train/                  |             |
|    approx_kl            | 0.016329523 |
|    clip_fraction        | 0.183       |
|    clip_range           | 0.2         |
|    entropy_loss         | -8.23       |
|    explained_variance   | 0.977       |
|    learning_rate        | 0.0003      |
|    loss                 | 1.88        |
|    n_updates            | 3330        |
|    policy_gradient_loss | -0.0144     |
|    std                  | 1.01        |
|    value_loss           | 8.66        |
-----------------------------------------
-----------------------------------------
| rollout/                |             |
|    ep_len_mean          | 500         |
|    ep_rew_mean          | 426         |
|    success_rate         | 0           |
| time/                   |             |
|    fps                  | 3299        |
|    iterations           | 335         |
|    time_elapsed         | 831         |
|    total_timesteps      | 2744320     |
| train/                  |             |
|    approx_kl            | 0.013175264 |
|    clip_fraction        | 0.151       |
|    clip_range           | 0.2         |
|    entropy_loss         | -8.22       |
|    explained_variance   | 0.966       |
|    learning_rate        | 0.0003      |
|    loss                 | 3.4         |
|    n_updates            | 3340        |
|    policy_gradient_loss | -0.0149     |
|    std                  | 1.01        |
|    value_loss           | 19.5        |
-----------------------------------------
Eval num_timesteps=2750000, episode_reward=530.02 +/- 15.41
Episode length: 500.00 +/- 0.00
Success rate: 0.00%
-----------------------------------------
| eval/                   |             |
|    mean_ep_length       | 500         |
|    mean_reward          | 530         |
|    success_rate         | 0           |
| time/                   |             |
|    total_timesteps      | 2750000     |
| train/                  |             |
|    approx_kl            | 0.014084174 |
|    clip_fraction        | 0.187       |
|    clip_range           | 0.2         |
|    entropy_loss         | -8.21       |
|    explained_variance   | 0.98        |
|    learning_rate        | 0.0003      |
|    loss                 | 3.05        |
|    n_updates            | 3350        |
|    policy_gradient_loss | -0.0116     |
|    std                  | 1.01        |
|    value_loss           | 10.3        |
-----------------------------------------
---------------------------------
| rollout/           |          |
|    ep_len_mean     | 500      |
|    ep_rew_mean     | 428      |
|    success_rate    | 0        |
| time/              |          |
|    fps             | 3296     |
|    iterations      | 336      |
|    time_elapsed    | 835      |
|    total_timesteps | 2752512  |
---------------------------------
-----------------------------------------
| rollout/                |             |
|    ep_len_mean          | 500         |
|    ep_rew_mean          | 424         |
|    success_rate         | 0           |
| time/                   |             |
|    fps                  | 3297        |
|    iterations           | 337         |
|    time_elapsed         | 837         |
|    total_timesteps      | 2760704     |
| train/                  |             |
|    approx_kl            | 0.014595663 |
|    clip_fraction        | 0.192       |
|    clip_range           | 0.2         |
|    entropy_loss         | -8.2        |
|    explained_variance   | 0.972       |
|    learning_rate        | 0.0003      |
|    loss                 | 2.3         |
|    n_updates            | 3360        |
|    policy_gradient_loss | -0.0154     |
|    std                  | 1.01        |
|    value_loss           | 8.17        |
-----------------------------------------
----------------------------------------
| rollout/                |            |
|    ep_len_mean          | 500        |
|    ep_rew_mean          | 414        |
|    success_rate         | 0          |
| time/                   |            |
|    fps                  | 3299       |
|    iterations           | 338        |
|    time_elapsed         | 839        |
|    total_timesteps      | 2768896    |
| train/                  |            |
|    approx_kl            | 0.01916396 |
|    clip_fraction        | 0.242      |
|    clip_range           | 0.2        |
|    entropy_loss         | -8.21      |
|    explained_variance   | 0.979      |
|    learning_rate        | 0.0003     |
|    loss                 | 1.96       |
|    n_updates            | 3370       |
|    policy_gradient_loss | -0.0046    |
|    std                  | 1.01       |
|    value_loss           | 6.06       |
----------------------------------------
Eval num_timesteps=2775000, episode_reward=511.36 +/- 59.64
Episode length: 500.00 +/- 0.00
Success rate: 0.00%
-----------------------------------------
| eval/                   |             |
|    mean_ep_length       | 500         |
|    mean_reward          | 511         |
|    success_rate         | 0           |
| time/                   |             |
|    total_timesteps      | 2775000     |
| train/                  |             |
|    approx_kl            | 0.013438727 |
|    clip_fraction        | 0.186       |
|    clip_range           | 0.2         |
|    entropy_loss         | -8.2        |
|    explained_variance   | 0.976       |
|    learning_rate        | 0.0003      |
|    loss                 | 7.15        |
|    n_updates            | 3380        |
|    policy_gradient_loss | -0.0152     |
|    std                  | 1.01        |
|    value_loss           | 11.2        |
-----------------------------------------
---------------------------------
| rollout/           |          |
|    ep_len_mean     | 500      |
|    ep_rew_mean     | 424      |
|    success_rate    | 0        |
| time/              |          |
|    fps             | 3296     |
|    iterations      | 339      |
|    time_elapsed    | 842      |
|    total_timesteps | 2777088  |
---------------------------------
----------------------------------------
| rollout/                |            |
|    ep_len_mean          | 500        |
|    ep_rew_mean          | 419        |
|    success_rate         | 0          |
| time/                   |            |
|    fps                  | 3297       |
|    iterations           | 340        |
|    time_elapsed         | 844        |
|    total_timesteps      | 2785280    |
| train/                  |            |
|    approx_kl            | 0.02049529 |
|    clip_fraction        | 0.217      |
|    clip_range           | 0.2        |
|    entropy_loss         | -8.18      |
|    explained_variance   | 0.986      |
|    learning_rate        | 0.0003     |
|    loss                 | 1.18       |
|    n_updates            | 3390       |
|    policy_gradient_loss | -0.0139    |
|    std                  | 1.01       |
|    value_loss           | 5.7        |
----------------------------------------
-----------------------------------------
| rollout/                |             |
|    ep_len_mean          | 500         |
|    ep_rew_mean          | 431         |
|    success_rate         | 0           |
| time/                   |             |
|    fps                  | 3299        |
|    iterations           | 341         |
|    time_elapsed         | 846         |
|    total_timesteps      | 2793472     |
| train/                  |             |
|    approx_kl            | 0.016272195 |
|    clip_fraction        | 0.195       |
|    clip_range           | 0.2         |
|    entropy_loss         | -8.19       |
|    explained_variance   | 0.975       |
|    learning_rate        | 0.0003      |
|    loss                 | 1.29        |
|    n_updates            | 3400        |
|    policy_gradient_loss | -0.0141     |
|    std                  | 1.01        |
|    value_loss           | 10.4        |
-----------------------------------------
Eval num_timesteps=2800000, episode_reward=525.10 +/- 45.07
Episode length: 500.00 +/- 0.00
Success rate: 0.00%
-----------------------------------------
| eval/                   |             |
|    mean_ep_length       | 500         |
|    mean_reward          | 525         |
|    success_rate         | 0           |
| time/                   |             |
|    total_timesteps      | 2800000     |
| train/                  |             |
|    approx_kl            | 0.013386375 |
|    clip_fraction        | 0.135       |
|    clip_range           | 0.2         |
|    entropy_loss         | -8.21       |
|    explained_variance   | 0.975       |
|    learning_rate        | 0.0003      |
|    loss                 | 3.63        |
|    n_updates            | 3410        |
|    policy_gradient_loss | -0.0166     |
|    std                  | 1.01        |
|    value_loss           | 8.63        |
-----------------------------------------
---------------------------------
| rollout/           |          |
|    ep_len_mean     | 500      |
|    ep_rew_mean     | 425      |
|    success_rate    | 0        |
| time/              |          |
|    fps             | 3296     |
|    iterations      | 342      |
|    time_elapsed    | 849      |
|    total_timesteps | 2801664  |
---------------------------------
-----------------------------------------
| rollout/                |             |
|    ep_len_mean          | 500         |
|    ep_rew_mean          | 419         |
|    success_rate         | 0           |
| time/                   |             |
|    fps                  | 3297        |
|    iterations           | 343         |
|    time_elapsed         | 852         |
|    total_timesteps      | 2809856     |
| train/                  |             |
|    approx_kl            | 0.012114992 |
|    clip_fraction        | 0.139       |
|    clip_range           | 0.2         |
|    entropy_loss         | -8.24       |
|    explained_variance   | 0.972       |
|    learning_rate        | 0.0003      |
|    loss                 | 2.53        |
|    n_updates            | 3420        |
|    policy_gradient_loss | -0.0136     |
|    std                  | 1.02        |
|    value_loss           | 10.1        |
-----------------------------------------
-----------------------------------------
| rollout/                |             |
|    ep_len_mean          | 500         |
|    ep_rew_mean          | 409         |
|    success_rate         | 0           |
| time/                   |             |
|    fps                  | 3299        |
|    iterations           | 344         |
|    time_elapsed         | 854         |
|    total_timesteps      | 2818048     |
| train/                  |             |
|    approx_kl            | 0.012702209 |
|    clip_fraction        | 0.158       |
|    clip_range           | 0.2         |
|    entropy_loss         | -8.25       |
|    explained_variance   | 0.977       |
|    learning_rate        | 0.0003      |
|    loss                 | 3.7         |
|    n_updates            | 3430        |
|    policy_gradient_loss | -0.0141     |
|    std                  | 1.02        |
|    value_loss           | 14.2        |
-----------------------------------------
Eval num_timesteps=2825000, episode_reward=484.54 +/- 50.11
Episode length: 500.00 +/- 0.00
Success rate: 0.00%
---------------------------------------
| eval/                   |           |
|    mean_ep_length       | 500       |
|    mean_reward          | 485       |
|    success_rate         | 0         |
| time/                   |           |
|    total_timesteps      | 2825000   |
| train/                  |           |
|    approx_kl            | 0.0162201 |
|    clip_fraction        | 0.171     |
|    clip_range           | 0.2       |
|    entropy_loss         | -8.26     |
|    explained_variance   | 0.975     |
|    learning_rate        | 0.0003    |
|    loss                 | 4.27      |
|    n_updates            | 3440      |
|    policy_gradient_loss | -0.0175   |
|    std                  | 1.02      |
|    value_loss           | 9.96      |
---------------------------------------
---------------------------------
| rollout/           |          |
|    ep_len_mean     | 500      |
|    ep_rew_mean     | 391      |
|    success_rate    | 0        |
| time/              |          |
|    fps             | 3295     |
|    iterations      | 345      |
|    time_elapsed    | 857      |
|    total_timesteps | 2826240  |
---------------------------------
----------------------------------------
| rollout/                |            |
|    ep_len_mean          | 500        |
|    ep_rew_mean          | 381        |
|    success_rate         | 0          |
| time/                   |            |
|    fps                  | 3297       |
|    iterations           | 346        |
|    time_elapsed         | 859        |
|    total_timesteps      | 2834432    |
| train/                  |            |
|    approx_kl            | 0.01258808 |
|    clip_fraction        | 0.143      |
|    clip_range           | 0.2        |
|    entropy_loss         | -8.25      |
|    explained_variance   | 0.979      |
|    learning_rate        | 0.0003     |
|    loss                 | 5.25       |
|    n_updates            | 3450       |
|    policy_gradient_loss | -0.0157    |
|    std                  | 1.02       |
|    value_loss           | 14         |
----------------------------------------
-----------------------------------------
| rollout/                |             |
|    ep_len_mean          | 500         |
|    ep_rew_mean          | 387         |
|    success_rate         | 0           |
| time/                   |             |
|    fps                  | 3298        |
|    iterations           | 347         |
|    time_elapsed         | 861         |
|    total_timesteps      | 2842624     |
| train/                  |             |
|    approx_kl            | 0.019870233 |
|    clip_fraction        | 0.199       |
|    clip_range           | 0.2         |
|    entropy_loss         | -8.24       |
|    explained_variance   | 0.976       |
|    learning_rate        | 0.0003      |
|    loss                 | 1.26        |
|    n_updates            | 3460        |
|    policy_gradient_loss | -0.0114     |
|    std                  | 1.02        |
|    value_loss           | 6.51        |
-----------------------------------------
Eval num_timesteps=2850000, episode_reward=565.49 +/- 68.88
Episode length: 500.00 +/- 0.00
Success rate: 0.00%
-----------------------------------------
| eval/                   |             |
|    mean_ep_length       | 500         |
|    mean_reward          | 565         |
|    success_rate         | 0           |
| time/                   |             |
|    total_timesteps      | 2850000     |
| train/                  |             |
|    approx_kl            | 0.018562665 |
|    clip_fraction        | 0.17        |
|    clip_range           | 0.2         |
|    entropy_loss         | -8.23       |
|    explained_variance   | 0.972       |
|    learning_rate        | 0.0003      |
|    loss                 | 1.81        |
|    n_updates            | 3470        |
|    policy_gradient_loss | -0.0136     |
|    std                  | 1.02        |
|    value_loss           | 9.65        |
-----------------------------------------
---------------------------------
| rollout/           |          |
|    ep_len_mean     | 500      |
|    ep_rew_mean     | 391      |
|    success_rate    | 0        |
| time/              |          |
|    fps             | 3295     |
|    iterations      | 348      |
|    time_elapsed    | 864      |
|    total_timesteps | 2850816  |
---------------------------------
-----------------------------------------
| rollout/                |             |
|    ep_len_mean          | 500         |
|    ep_rew_mean          | 406         |
|    success_rate         | 0           |
| time/                   |             |
|    fps                  | 3297        |
|    iterations           | 349         |
|    time_elapsed         | 867         |
|    total_timesteps      | 2859008     |
| train/                  |             |
|    approx_kl            | 0.013003565 |
|    clip_fraction        | 0.169       |
|    clip_range           | 0.2         |
|    entropy_loss         | -8.22       |
|    explained_variance   | 0.969       |
|    learning_rate        | 0.0003      |
|    loss                 | 1.4         |
|    n_updates            | 3480        |
|    policy_gradient_loss | -0.0128     |
|    std                  | 1.02        |
|    value_loss           | 12.2        |
-----------------------------------------
----------------------------------------
| rollout/                |            |
|    ep_len_mean          | 500        |
|    ep_rew_mean          | 413        |
|    success_rate         | 0          |
| time/                   |            |
|    fps                  | 3298       |
|    iterations           | 350        |
|    time_elapsed         | 869        |
|    total_timesteps      | 2867200    |
| train/                  |            |
|    approx_kl            | 0.01636182 |
|    clip_fraction        | 0.16       |
|    clip_range           | 0.2        |
|    entropy_loss         | -8.23      |
|    explained_variance   | 0.979      |
|    learning_rate        | 0.0003     |
|    loss                 | 2.02       |
|    n_updates            | 3490       |
|    policy_gradient_loss | -0.0142    |
|    std                  | 1.02       |
|    value_loss           | 11.7       |
----------------------------------------
Eval num_timesteps=2875000, episode_reward=604.13 +/- 19.48
Episode length: 500.00 +/- 0.00
Success rate: 0.00%
-----------------------------------------
| eval/                   |             |
|    mean_ep_length       | 500         |
|    mean_reward          | 604         |
|    success_rate         | 0           |
| time/                   |             |
|    total_timesteps      | 2875000     |
| train/                  |             |
|    approx_kl            | 0.011951818 |
|    clip_fraction        | 0.15        |
|    clip_range           | 0.2         |
|    entropy_loss         | -8.24       |
|    explained_variance   | 0.975       |
|    learning_rate        | 0.0003      |
|    loss                 | 6.26        |
|    n_updates            | 3500        |
|    policy_gradient_loss | -0.0148     |
|    std                  | 1.02        |
|    value_loss           | 14.7        |
-----------------------------------------
---------------------------------
| rollout/           |          |
|    ep_len_mean     | 500      |
|    ep_rew_mean     | 417      |
|    success_rate    | 0        |
| time/              |          |
|    fps             | 3295     |
|    iterations      | 351      |
|    time_elapsed    | 872      |
|    total_timesteps | 2875392  |
---------------------------------
------------------------------------------
| rollout/                |              |
|    ep_len_mean          | 500          |
|    ep_rew_mean          | 429          |
|    success_rate         | 0            |
| time/                   |              |
|    fps                  | 3297         |
|    iterations           | 352          |
|    time_elapsed         | 874          |
|    total_timesteps      | 2883584      |
| train/                  |              |
|    approx_kl            | 0.0140750315 |
|    clip_fraction        | 0.158        |
|    clip_range           | 0.2          |
|    entropy_loss         | -8.24        |
|    explained_variance   | 0.977        |
|    learning_rate        | 0.0003       |
|    loss                 | 3.15         |
|    n_updates            | 3510         |
|    policy_gradient_loss | -0.0149      |
|    std                  | 1.02         |
|    value_loss           | 8.81         |
------------------------------------------
-----------------------------------------
| rollout/                |             |
|    ep_len_mean          | 500         |
|    ep_rew_mean          | 429         |
|    success_rate         | 0           |
| time/                   |             |
|    fps                  | 3298        |
|    iterations           | 353         |
|    time_elapsed         | 876         |
|    total_timesteps      | 2891776     |
| train/                  |             |
|    approx_kl            | 0.017977979 |
|    clip_fraction        | 0.196       |
|    clip_range           | 0.2         |
|    entropy_loss         | -8.23       |
|    explained_variance   | 0.973       |
|    learning_rate        | 0.0003      |
|    loss                 | 4.99        |
|    n_updates            | 3520        |
|    policy_gradient_loss | -0.015      |
|    std                  | 1.02        |
|    value_loss           | 12.6        |
-----------------------------------------
-----------------------------------------
| rollout/                |             |
|    ep_len_mean          | 500         |
|    ep_rew_mean          | 429         |
|    success_rate         | 0           |
| time/                   |             |
|    fps                  | 3299        |
|    iterations           | 354         |
|    time_elapsed         | 878         |
|    total_timesteps      | 2899968     |
| train/                  |             |
|    approx_kl            | 0.014821673 |
|    clip_fraction        | 0.181       |
|    clip_range           | 0.2         |
|    entropy_loss         | -8.23       |
|    explained_variance   | 0.967       |
|    learning_rate        | 0.0003      |
|    loss                 | 2.61        |
|    n_updates            | 3530        |
|    policy_gradient_loss | -0.01       |
|    std                  | 1.02        |
|    value_loss           | 12.5        |
-----------------------------------------
Eval num_timesteps=2900000, episode_reward=462.38 +/- 30.59
Episode length: 500.00 +/- 0.00
Success rate: 0.00%
-----------------------------------------
| eval/                   |             |
|    mean_ep_length       | 500         |
|    mean_reward          | 462         |
|    success_rate         | 0           |
| time/                   |             |
|    total_timesteps      | 2900000     |
| train/                  |             |
|    approx_kl            | 0.022264296 |
|    clip_fraction        | 0.279       |
|    clip_range           | 0.2         |
|    entropy_loss         | -8.24       |
|    explained_variance   | 0.978       |
|    learning_rate        | 0.0003      |
|    loss                 | 0.982       |
|    n_updates            | 3540        |
|    policy_gradient_loss | -0.00923    |
|    std                  | 1.02        |
|    value_loss           | 2.94        |
-----------------------------------------
---------------------------------
| rollout/           |          |
|    ep_len_mean     | 500      |
|    ep_rew_mean     | 432      |
|    success_rate    | 0        |
| time/              |          |
|    fps             | 3296     |
|    iterations      | 355      |
|    time_elapsed    | 882      |
|    total_timesteps | 2908160  |
---------------------------------
-----------------------------------------
| rollout/                |             |
|    ep_len_mean          | 500         |
|    ep_rew_mean          | 439         |
|    success_rate         | 0           |
| time/                   |             |
|    fps                  | 3298        |
|    iterations           | 356         |
|    time_elapsed         | 884         |
|    total_timesteps      | 2916352     |
| train/                  |             |
|    approx_kl            | 0.016101407 |
|    clip_fraction        | 0.173       |
|    clip_range           | 0.2         |
|    entropy_loss         | -8.24       |
|    explained_variance   | 0.974       |
|    learning_rate        | 0.0003      |
|    loss                 | 3.11        |
|    n_updates            | 3550        |
|    policy_gradient_loss | -0.0128     |
|    std                  | 1.02        |
|    value_loss           | 8.67        |
-----------------------------------------
-----------------------------------------
| rollout/                |             |
|    ep_len_mean          | 500         |
|    ep_rew_mean          | 434         |
|    success_rate         | 0           |
| time/                   |             |
|    fps                  | 3299        |
|    iterations           | 357         |
|    time_elapsed         | 886         |
|    total_timesteps      | 2924544     |
| train/                  |             |
|    approx_kl            | 0.015541185 |
|    clip_fraction        | 0.163       |
|    clip_range           | 0.2         |
|    entropy_loss         | -8.24       |
|    explained_variance   | 0.973       |
|    learning_rate        | 0.0003      |
|    loss                 | 3.4         |
|    n_updates            | 3560        |
|    policy_gradient_loss | -0.0151     |
|    std                  | 1.02        |
|    value_loss           | 10.1        |
-----------------------------------------
Eval num_timesteps=2925000, episode_reward=579.72 +/- 58.11
Episode length: 500.00 +/- 0.00
Success rate: 0.00%
-----------------------------------------
| eval/                   |             |
|    mean_ep_length       | 500         |
|    mean_reward          | 580         |
|    success_rate         | 0           |
| time/                   |             |
|    total_timesteps      | 2925000     |
| train/                  |             |
|    approx_kl            | 0.015478889 |
|    clip_fraction        | 0.175       |
|    clip_range           | 0.2         |
|    entropy_loss         | -8.25       |
|    explained_variance   | 0.973       |
|    learning_rate        | 0.0003      |
|    loss                 | 2.56        |
|    n_updates            | 3570        |
|    policy_gradient_loss | -0.0131     |
|    std                  | 1.03        |
|    value_loss           | 8.97        |
-----------------------------------------
---------------------------------
| rollout/           |          |
|    ep_len_mean     | 500      |
|    ep_rew_mean     | 423      |
|    success_rate    | 0        |
| time/              |          |
|    fps             | 3296     |
|    iterations      | 358      |
|    time_elapsed    | 889      |
|    total_timesteps | 2932736  |
---------------------------------
-----------------------------------------
| rollout/                |             |
|    ep_len_mean          | 500         |
|    ep_rew_mean          | 419         |
|    success_rate         | 0           |
| time/                   |             |
|    fps                  | 3298        |
|    iterations           | 359         |
|    time_elapsed         | 891         |
|    total_timesteps      | 2940928     |
| train/                  |             |
|    approx_kl            | 0.017281026 |
|    clip_fraction        | 0.163       |
|    clip_range           | 0.2         |
|    entropy_loss         | -8.25       |
|    explained_variance   | 0.974       |
|    learning_rate        | 0.0003      |
|    loss                 | 3.88        |
|    n_updates            | 3580        |
|    policy_gradient_loss | -0.0112     |
|    std                  | 1.03        |
|    value_loss           | 11.2        |
-----------------------------------------
-----------------------------------------
| rollout/                |             |
|    ep_len_mean          | 500         |
|    ep_rew_mean          | 416         |
|    success_rate         | 0           |
| time/                   |             |
|    fps                  | 3299        |
|    iterations           | 360         |
|    time_elapsed         | 893         |
|    total_timesteps      | 2949120     |
| train/                  |             |
|    approx_kl            | 0.020312358 |
|    clip_fraction        | 0.2         |
|    clip_range           | 0.2         |
|    entropy_loss         | -8.25       |
|    explained_variance   | 0.985       |
|    learning_rate        | 0.0003      |
|    loss                 | 1.78        |
|    n_updates            | 3590        |
|    policy_gradient_loss | -0.0194     |
|    std                  | 1.02        |
|    value_loss           | 5.77        |
-----------------------------------------
Eval num_timesteps=2950000, episode_reward=557.30 +/- 74.01
Episode length: 500.00 +/- 0.00
Success rate: 0.00%
----------------------------------------
| eval/                   |            |
|    mean_ep_length       | 500        |
|    mean_reward          | 557        |
|    success_rate         | 0          |
| time/                   |            |
|    total_timesteps      | 2950000    |
| train/                  |            |
|    approx_kl            | 0.01713552 |
|    clip_fraction        | 0.186      |
|    clip_range           | 0.2        |
|    entropy_loss         | -8.26      |
|    explained_variance   | 0.984      |
|    learning_rate        | 0.0003     |
|    loss                 | 1.93       |
|    n_updates            | 3600       |
|    policy_gradient_loss | -0.0136    |
|    std                  | 1.03       |
|    value_loss           | 5.57       |
----------------------------------------
---------------------------------
| rollout/           |          |
|    ep_len_mean     | 500      |
|    ep_rew_mean     | 402      |
|    success_rate    | 0        |
| time/              |          |
|    fps             | 3296     |
|    iterations      | 361      |
|    time_elapsed    | 897      |
|    total_timesteps | 2957312  |
---------------------------------
-----------------------------------------
| rollout/                |             |
|    ep_len_mean          | 500         |
|    ep_rew_mean          | 412         |
|    success_rate         | 0           |
| time/                   |             |
|    fps                  | 3297        |
|    iterations           | 362         |
|    time_elapsed         | 899         |
|    total_timesteps      | 2965504     |
| train/                  |             |
|    approx_kl            | 0.013282169 |
|    clip_fraction        | 0.149       |
|    clip_range           | 0.2         |
|    entropy_loss         | -8.3        |
|    explained_variance   | 0.982       |
|    learning_rate        | 0.0003      |
|    loss                 | 3.23        |
|    n_updates            | 3610        |
|    policy_gradient_loss | -0.0138     |
|    std                  | 1.04        |
|    value_loss           | 9.71        |
-----------------------------------------
-----------------------------------------
| rollout/                |             |
|    ep_len_mean          | 500         |
|    ep_rew_mean          | 417         |
|    success_rate         | 0           |
| time/                   |             |
|    fps                  | 3299        |
|    iterations           | 363         |
|    time_elapsed         | 901         |
|    total_timesteps      | 2973696     |
| train/                  |             |
|    approx_kl            | 0.014233062 |
|    clip_fraction        | 0.156       |
|    clip_range           | 0.2         |
|    entropy_loss         | -8.32       |
|    explained_variance   | 0.978       |
|    learning_rate        | 0.0003      |
|    loss                 | 3.89        |
|    n_updates            | 3620        |
|    policy_gradient_loss | -0.013      |
|    std                  | 1.04        |
|    value_loss           | 10.3        |
-----------------------------------------
Eval num_timesteps=2975000, episode_reward=524.88 +/- 57.73
Episode length: 500.00 +/- 0.00
Success rate: 0.00%
-----------------------------------------
| eval/                   |             |
|    mean_ep_length       | 500         |
|    mean_reward          | 525         |
|    success_rate         | 0           |
| time/                   |             |
|    total_timesteps      | 2975000     |
| train/                  |             |
|    approx_kl            | 0.013896003 |
|    clip_fraction        | 0.15        |
|    clip_range           | 0.2         |
|    entropy_loss         | -8.33       |
|    explained_variance   | 0.982       |
|    learning_rate        | 0.0003      |
|    loss                 | 6.46        |
|    n_updates            | 3630        |
|    policy_gradient_loss | -0.0152     |
|    std                  | 1.04        |
|    value_loss           | 10          |
-----------------------------------------
---------------------------------
| rollout/           |          |
|    ep_len_mean     | 500      |
|    ep_rew_mean     | 434      |
|    success_rate    | 0        |
| time/              |          |
|    fps             | 3296     |
|    iterations      | 364      |
|    time_elapsed    | 904      |
|    total_timesteps | 2981888  |
---------------------------------
-----------------------------------------
| rollout/                |             |
|    ep_len_mean          | 500         |
|    ep_rew_mean          | 432         |
|    success_rate         | 0           |
| time/                   |             |
|    fps                  | 3297        |
|    iterations           | 365         |
|    time_elapsed         | 906         |
|    total_timesteps      | 2990080     |
| train/                  |             |
|    approx_kl            | 0.013800167 |
|    clip_fraction        | 0.131       |
|    clip_range           | 0.2         |
|    entropy_loss         | -8.33       |
|    explained_variance   | 0.981       |
|    learning_rate        | 0.0003      |
|    loss                 | 5.57        |
|    n_updates            | 3640        |
|    policy_gradient_loss | -0.0142     |
|    std                  | 1.04        |
|    value_loss           | 12.5        |
-----------------------------------------
-----------------------------------------
| rollout/                |             |
|    ep_len_mean          | 500         |
|    ep_rew_mean          | 429         |
|    success_rate         | 0           |
| time/                   |             |
|    fps                  | 3299        |
|    iterations           | 366         |
|    time_elapsed         | 908         |
|    total_timesteps      | 2998272     |
| train/                  |             |
|    approx_kl            | 0.013140955 |
|    clip_fraction        | 0.153       |
|    clip_range           | 0.2         |
|    entropy_loss         | -8.34       |
|    explained_variance   | 0.975       |
|    learning_rate        | 0.0003      |
|    loss                 | 5.83        |
|    n_updates            | 3650        |
|    policy_gradient_loss | -0.0152     |
|    std                  | 1.04        |
|    value_loss           | 19.2        |
-----------------------------------------
Eval num_timesteps=3000000, episode_reward=537.78 +/- 70.71
Episode length: 500.00 +/- 0.00
Success rate: 0.00%
-----------------------------------------
| eval/                   |             |
|    mean_ep_length       | 500         |
|    mean_reward          | 538         |
|    success_rate         | 0           |
| time/                   |             |
|    total_timesteps      | 3000000     |
| train/                  |             |
|    approx_kl            | 0.016219508 |
|    clip_fraction        | 0.176       |
|    clip_range           | 0.2         |
|    entropy_loss         | -8.34       |
|    explained_variance   | 0.976       |
|    learning_rate        | 0.0003      |
|    loss                 | 1.53        |
|    n_updates            | 3660        |
|    policy_gradient_loss | -0.0134     |
|    std                  | 1.04        |
|    value_loss           | 8           |
-----------------------------------------
---------------------------------
| rollout/           |          |
|    ep_len_mean     | 500      |
|    ep_rew_mean     | 432      |
|    success_rate    | 0        |
| time/              |          |
|    fps             | 3296     |
|    iterations      | 367      |
|    time_elapsed    | 912      |
|    total_timesteps | 3006464  |
---------------------------------
 100% ------------------ 3,006,464/3,000,000 [ 0:15:11 < 0:00:00 , 3,365 it/s ]
Saved final model to C:\Users\Haikal\Desktop\Tech Learning\so101-rl-poc\runs\ppo_v6\final.zip
C:\Users\Haikal\miniforge3\envs\so101-rl\Lib\site-packages\stable_baselines3\common\callbacks.py:419: UserWarning: Training and eval env are not of the same type<stable_baselines3.common.vec_env.subproc_vec_env.SubprocVecEnv object at 0x000001FA59EE7DD0> != <stable_baselines3.common.vec_env.dummy_vec_env.DummyVecEnv object at 0x000001FA59DEE590>
  warnings.warn("Training and eval env are not of the same type" f"{self.training_env} != {self.eval_env}")
