Using cpu device
Logging to C:\Users\Haikal\Desktop\Tech Learning\so101-rl-poc\runs\sac_cart_v3\tb\SAC_1
---------------------------------
| rollout/           |          |
|    ep_len_mean     | 200      |
|    ep_rew_mean     | 12.6     |
|    success_rate    | 0        |
| time/              |          |
|    episodes        | 4        |
|    fps             | 1156     |
|    time_elapsed    | 0        |
|    total_timesteps | 800      |
---------------------------------
---------------------------------
| rollout/           |          |
|    ep_len_mean     | 200      |
|    ep_rew_mean     | 13.3     |
|    success_rate    | 0        |
| time/              |          |
|    episodes        | 8        |
|    fps             | 1160     |
|    time_elapsed    | 1        |
|    total_timesteps | 1600     |
---------------------------------
---------------------------------
| rollout/           |          |
|    ep_len_mean     | 200      |
|    ep_rew_mean     | 14       |
|    success_rate    | 0        |
| time/              |          |
|    episodes        | 12       |
|    fps             | 1160     |
|    time_elapsed    | 2        |
|    total_timesteps | 2400     |
---------------------------------
---------------------------------
| rollout/           |          |
|    ep_len_mean     | 200      |
|    ep_rew_mean     | 14.7     |
|    success_rate    | 0        |
| time/              |          |
|    episodes        | 16       |
|    fps             | 1159     |
|    time_elapsed    | 2        |
|    total_timesteps | 3200     |
---------------------------------
---------------------------------
| rollout/           |          |
|    ep_len_mean     | 200      |
|    ep_rew_mean     | 14.5     |
|    success_rate    | 0        |
| time/              |          |
|    episodes        | 20       |
|    fps             | 1163     |
|    time_elapsed    | 3        |
|    total_timesteps | 4000     |
---------------------------------
---------------------------------
| rollout/           |          |
|    ep_len_mean     | 200      |
|    ep_rew_mean     | 14.7     |
|    success_rate    | 0        |
| time/              |          |
|    episodes        | 24       |
|    fps             | 1158     |
|    time_elapsed    | 4        |
|    total_timesteps | 4800     |
---------------------------------
---------------------------------
| rollout/           |          |
|    ep_len_mean     | 200      |
|    ep_rew_mean     | 15.1     |
|    success_rate    | 0        |
| time/              |          |
|    episodes        | 28       |
|    fps             | 1152     |
|    time_elapsed    | 4        |
|    total_timesteps | 5600     |
---------------------------------
---------------------------------
| rollout/           |          |
|    ep_len_mean     | 200      |
|    ep_rew_mean     | 15.9     |
|    success_rate    | 0        |
| time/              |          |
|    episodes        | 32       |
|    fps             | 1152     |
|    time_elapsed    | 5        |
|    total_timesteps | 6400     |
---------------------------------
---------------------------------
| rollout/           |          |
|    ep_len_mean     | 200      |
|    ep_rew_mean     | 15.7     |
|    success_rate    | 0        |
| time/              |          |
|    episodes        | 36       |
|    fps             | 1156     |
|    time_elapsed    | 6        |
|    total_timesteps | 7200     |
---------------------------------
---------------------------------
| rollout/           |          |
|    ep_len_mean     | 200      |
|    ep_rew_mean     | 15.2     |
|    success_rate    | 0        |
| time/              |          |
|    episodes        | 40       |
|    fps             | 1154     |
|    time_elapsed    | 6        |
|    total_timesteps | 8000     |
---------------------------------
---------------------------------
| rollout/           |          |
|    ep_len_mean     | 200      |
|    ep_rew_mean     | 15       |
|    success_rate    | 0        |
| time/              |          |
|    episodes        | 44       |
|    fps             | 1152     |
|    time_elapsed    | 7        |
|    total_timesteps | 8800     |
---------------------------------
---------------------------------
| rollout/           |          |
|    ep_len_mean     | 200      |
|    ep_rew_mean     | 15.4     |
|    success_rate    | 0        |
| time/              |          |
|    episodes        | 48       |
|    fps             | 1148     |
|    time_elapsed    | 8        |
|    total_timesteps | 9600     |
---------------------------------
---------------------------------
| rollout/           |          |
|    ep_len_mean     | 200      |
|    ep_rew_mean     | 15.1     |
|    success_rate    | 0        |
| time/              |          |
|    episodes        | 52       |
|    fps             | 887      |
|    time_elapsed    | 11       |
|    total_timesteps | 10400    |
| train/             |          |
|    actor_loss      | -8.57    |
|    critic_loss     | 0.0403   |
|    ent_coef        | 0.887    |
|    ent_coef_loss   | -0.803   |
|    learning_rate   | 0.0003   |
|    n_updates       | 399      |
---------------------------------
---------------------------------
| rollout/           |          |
|    ep_len_mean     | 200      |
|    ep_rew_mean     | 15       |
|    success_rate    | 0        |
| time/              |          |
|    episodes        | 56       |
|    fps             | 627      |
|    time_elapsed    | 17       |
|    total_timesteps | 11200    |
| train/             |          |
|    actor_loss      | -15.1    |
|    critic_loss     | 0.0224   |
|    ent_coef        | 0.698    |
|    ent_coef_loss   | -2.42    |
|    learning_rate   | 0.0003   |
|    n_updates       | 1199     |
---------------------------------
---------------------------------
| rollout/           |          |
|    ep_len_mean     | 200      |
|    ep_rew_mean     | 14.7     |
|    success_rate    | 0        |
| time/              |          |
|    episodes        | 60       |
|    fps             | 506      |
|    time_elapsed    | 23       |
|    total_timesteps | 12000    |
| train/             |          |
|    actor_loss      | -20.3    |
|    critic_loss     | 0.0165   |
|    ent_coef        | 0.549    |
|    ent_coef_loss   | -4.03    |
|    learning_rate   | 0.0003   |
|    n_updates       | 1999     |
---------------------------------
---------------------------------
| rollout/           |          |
|    ep_len_mean     | 200      |
|    ep_rew_mean     | 14.9     |
|    success_rate    | 0        |
| time/              |          |
|    episodes        | 64       |
|    fps             | 432      |
|    time_elapsed    | 29       |
|    total_timesteps | 12800    |
| train/             |          |
|    actor_loss      | -24.4    |
|    critic_loss     | 0.013    |
|    ent_coef        | 0.432    |
|    ent_coef_loss   | -5.66    |
|    learning_rate   | 0.0003   |
|    n_updates       | 2799     |
---------------------------------
---------------------------------
| rollout/           |          |
|    ep_len_mean     | 200      |
|    ep_rew_mean     | 15.3     |
|    success_rate    | 0        |
| time/              |          |
|    episodes        | 68       |
|    fps             | 381      |
|    time_elapsed    | 35       |
|    total_timesteps | 13600    |
| train/             |          |
|    actor_loss      | -27.2    |
|    critic_loss     | 0.00926  |
|    ent_coef        | 0.34     |
|    ent_coef_loss   | -7.25    |
|    learning_rate   | 0.0003   |
|    n_updates       | 3599     |
---------------------------------
---------------------------------
| rollout/           |          |
|    ep_len_mean     | 200      |
|    ep_rew_mean     | 15.2     |
|    success_rate    | 0        |
| time/              |          |
|    episodes        | 72       |
|    fps             | 346      |
|    time_elapsed    | 41       |
|    total_timesteps | 14400    |
| train/             |          |
|    actor_loss      | -29.3    |
|    critic_loss     | 0.00698  |
|    ent_coef        | 0.267    |
|    ent_coef_loss   | -8.89    |
|    learning_rate   | 0.0003   |
|    n_updates       | 4399     |
---------------------------------
---------------------------------
| rollout/           |          |
|    ep_len_mean     | 200      |
|    ep_rew_mean     | 15.6     |
|    success_rate    | 0        |
| time/              |          |
|    episodes        | 76       |
|    fps             | 319      |
|    time_elapsed    | 47       |
|    total_timesteps | 15200    |
| train/             |          |
|    actor_loss      | -30.8    |
|    critic_loss     | 0.00538  |
|    ent_coef        | 0.21     |
|    ent_coef_loss   | -10.5    |
|    learning_rate   | 0.0003   |
|    n_updates       | 5199     |
---------------------------------
---------------------------------
| rollout/           |          |
|    ep_len_mean     | 200      |
|    ep_rew_mean     | 16.1     |
|    success_rate    | 0        |
| time/              |          |
|    episodes        | 80       |
|    fps             | 295      |
|    time_elapsed    | 54       |
|    total_timesteps | 16000    |
| train/             |          |
|    actor_loss      | -31.8    |
|    critic_loss     | 0.00695  |
|    ent_coef        | 0.165    |
|    ent_coef_loss   | -12.1    |
|    learning_rate   | 0.0003   |
|    n_updates       | 5999     |
---------------------------------
---------------------------------
| rollout/           |          |
|    ep_len_mean     | 200      |
|    ep_rew_mean     | 16.5     |
|    success_rate    | 0        |
| time/              |          |
|    episodes        | 84       |
|    fps             | 275      |
|    time_elapsed    | 61       |
|    total_timesteps | 16800    |
| train/             |          |
|    actor_loss      | -32.3    |
|    critic_loss     | 0.00565  |
|    ent_coef        | 0.13     |
|    ent_coef_loss   | -13.6    |
|    learning_rate   | 0.0003   |
|    n_updates       | 6799     |
---------------------------------
---------------------------------
| rollout/           |          |
|    ep_len_mean     | 200      |
|    ep_rew_mean     | 16.7     |
|    success_rate    | 0        |
| time/              |          |
|    episodes        | 88       |
|    fps             | 258      |
|    time_elapsed    | 68       |
|    total_timesteps | 17600    |
| train/             |          |
|    actor_loss      | -32.5    |
|    critic_loss     | 0.00696  |
|    ent_coef        | 0.102    |
|    ent_coef_loss   | -15.2    |
|    learning_rate   | 0.0003   |
|    n_updates       | 7599     |
---------------------------------
---------------------------------
| rollout/           |          |
|    ep_len_mean     | 200      |
|    ep_rew_mean     | 17.1     |
|    success_rate    | 0        |
| time/              |          |
|    episodes        | 92       |
|    fps             | 245      |
|    time_elapsed    | 74       |
|    total_timesteps | 18400    |
| train/             |          |
|    actor_loss      | -32.6    |
|    critic_loss     | 0.00976  |
|    ent_coef        | 0.0807   |
|    ent_coef_loss   | -16.8    |
|    learning_rate   | 0.0003   |
|    n_updates       | 8399     |
---------------------------------
---------------------------------
| rollout/           |          |
|    ep_len_mean     | 200      |
|    ep_rew_mean     | 17.3     |
|    success_rate    | 0        |
| time/              |          |
|    episodes        | 96       |
|    fps             | 234      |
|    time_elapsed    | 82       |
|    total_timesteps | 19200    |
| train/             |          |
|    actor_loss      | -32.4    |
|    critic_loss     | 0.00661  |
|    ent_coef        | 0.0637   |
|    ent_coef_loss   | -17.9    |
|    learning_rate   | 0.0003   |
|    n_updates       | 9199     |
---------------------------------
---------------------------------
| rollout/           |          |
|    ep_len_mean     | 200      |
|    ep_rew_mean     | 17.6     |
|    success_rate    | 0        |
| time/              |          |
|    episodes        | 100      |
|    fps             | 224      |
|    time_elapsed    | 89       |
|    total_timesteps | 20000    |
| train/             |          |
|    actor_loss      | -32.4    |
|    critic_loss     | 0.0145   |
|    ent_coef        | 0.0503   |
|    ent_coef_loss   | -18.9    |
|    learning_rate   | 0.0003   |
|    n_updates       | 9999     |
---------------------------------
---------------------------------
| rollout/           |          |
|    ep_len_mean     | 200      |
|    ep_rew_mean     | 17.9     |
|    success_rate    | 0        |
| time/              |          |
|    episodes        | 104      |
|    fps             | 216      |
|    time_elapsed    | 96       |
|    total_timesteps | 20800    |
| train/             |          |
|    actor_loss      | -32      |
|    critic_loss     | 0.0126   |
|    ent_coef        | 0.0398   |
|    ent_coef_loss   | -20      |
|    learning_rate   | 0.0003   |
|    n_updates       | 10799    |
---------------------------------
---------------------------------
| rollout/           |          |
|    ep_len_mean     | 200      |
|    ep_rew_mean     | 18.4     |
|    success_rate    | 0        |
| time/              |          |
|    episodes        | 108      |
|    fps             | 209      |
|    time_elapsed    | 103      |
|    total_timesteps | 21600    |
| train/             |          |
|    actor_loss      | -31.7    |
|    critic_loss     | 0.00862  |
|    ent_coef        | 0.0316   |
|    ent_coef_loss   | -21      |
|    learning_rate   | 0.0003   |
|    n_updates       | 11599    |
---------------------------------
---------------------------------
| rollout/           |          |
|    ep_len_mean     | 200      |
|    ep_rew_mean     | 18.7     |
|    success_rate    | 0        |
| time/              |          |
|    episodes        | 112      |
|    fps             | 204      |
|    time_elapsed    | 109      |
|    total_timesteps | 22400    |
| train/             |          |
|    actor_loss      | -31.4    |
|    critic_loss     | 0.00894  |
|    ent_coef        | 0.0252   |
|    ent_coef_loss   | -20.4    |
|    learning_rate   | 0.0003   |
|    n_updates       | 12399    |
---------------------------------
---------------------------------
| rollout/           |          |
|    ep_len_mean     | 200      |
|    ep_rew_mean     | 19       |
|    success_rate    | 0        |
| time/              |          |
|    episodes        | 116      |
|    fps             | 199      |
|    time_elapsed    | 116      |
|    total_timesteps | 23200    |
| train/             |          |
|    actor_loss      | -30.8    |
|    critic_loss     | 0.0151   |
|    ent_coef        | 0.0201   |
|    ent_coef_loss   | -19.8    |
|    learning_rate   | 0.0003   |
|    n_updates       | 13199    |
---------------------------------
---------------------------------
| rollout/           |          |
|    ep_len_mean     | 200      |
|    ep_rew_mean     | 19.6     |
|    success_rate    | 0        |
| time/              |          |
|    episodes        | 120      |
|    fps             | 195      |
|    time_elapsed    | 122      |
|    total_timesteps | 24000    |
| train/             |          |
|    actor_loss      | -30.8    |
|    critic_loss     | 0.0106   |
|    ent_coef        | 0.0163   |
|    ent_coef_loss   | -19.3    |
|    learning_rate   | 0.0003   |
|    n_updates       | 13999    |
---------------------------------
---------------------------------
| rollout/           |          |
|    ep_len_mean     | 200      |
|    ep_rew_mean     | 20.3     |
|    success_rate    | 0        |
| time/              |          |
|    episodes        | 124      |
|    fps             | 191      |
|    time_elapsed    | 129      |
|    total_timesteps | 24800    |
| train/             |          |
|    actor_loss      | -30.2    |
|    critic_loss     | 0.0105   |
|    ent_coef        | 0.0132   |
|    ent_coef_loss   | -17.1    |
|    learning_rate   | 0.0003   |
|    n_updates       | 14799    |
---------------------------------
Eval num_timesteps=25000, episode_reward=35.95 +/- 0.95
Episode length: 200.00 +/- 0.00
Success rate: 0.00%
---------------------------------
| eval/              |          |
|    mean_ep_length  | 200      |
|    mean_reward     | 36       |
|    success_rate    | 0        |
| time/              |          |
|    total_timesteps | 25000    |
| train/             |          |
|    actor_loss      | -29.9    |
|    critic_loss     | 0.0101   |
|    ent_coef        | 0.0126   |
|    ent_coef_loss   | -17.7    |
|    learning_rate   | 0.0003   |
|    n_updates       | 14999    |
---------------------------------
New best mean reward!
---------------------------------
| rollout/           |          |
|    ep_len_mean     | 200      |
|    ep_rew_mean     | 21       |
|    success_rate    | 0        |
| time/              |          |
|    episodes        | 128      |
|    fps             | 187      |
|    time_elapsed    | 136      |
|    total_timesteps | 25600    |
| train/             |          |
|    actor_loss      | -29.9    |
|    critic_loss     | 0.0175   |
|    ent_coef        | 0.0108   |
|    ent_coef_loss   | -13.5    |
|    learning_rate   | 0.0003   |
|    n_updates       | 15599    |
---------------------------------
---------------------------------
| rollout/           |          |
|    ep_len_mean     | 200      |
|    ep_rew_mean     | 21.7     |
|    success_rate    | 0        |
| time/              |          |
|    episodes        | 132      |
|    fps             | 184      |
|    time_elapsed    | 143      |
|    total_timesteps | 26400    |
| train/             |          |
|    actor_loss      | -29.4    |
|    critic_loss     | 0.0108   |
|    ent_coef        | 0.00909  |
|    ent_coef_loss   | -12.5    |
|    learning_rate   | 0.0003   |
|    n_updates       | 16399    |
---------------------------------
---------------------------------
| rollout/           |          |
|    ep_len_mean     | 200      |
|    ep_rew_mean     | 22.6     |
|    success_rate    | 0        |
| time/              |          |
|    episodes        | 136      |
|    fps             | 181      |
|    time_elapsed    | 149      |
|    total_timesteps | 27200    |
| train/             |          |
|    actor_loss      | -29.1    |
|    critic_loss     | 0.0142   |
|    ent_coef        | 0.00749  |
|    ent_coef_loss   | -12.2    |
|    learning_rate   | 0.0003   |
|    n_updates       | 17199    |
---------------------------------
---------------------------------
| rollout/           |          |
|    ep_len_mean     | 200      |
|    ep_rew_mean     | 23.7     |
|    success_rate    | 0        |
| time/              |          |
|    episodes        | 140      |
|    fps             | 178      |
|    time_elapsed    | 156      |
|    total_timesteps | 28000    |
| train/             |          |
|    actor_loss      | -28.7    |
|    critic_loss     | 0.00793  |
|    ent_coef        | 0.00613  |
|    ent_coef_loss   | -13.3    |
|    learning_rate   | 0.0003   |
|    n_updates       | 17999    |
---------------------------------
---------------------------------
| rollout/           |          |
|    ep_len_mean     | 200      |
|    ep_rew_mean     | 24.7     |
|    success_rate    | 0        |
| time/              |          |
|    episodes        | 144      |
|    fps             | 176      |
|    time_elapsed    | 162      |
|    total_timesteps | 28800    |
| train/             |          |
|    actor_loss      | -28.4    |
|    critic_loss     | 0.0141   |
|    ent_coef        | 0.00508  |
|    ent_coef_loss   | -11.5    |
|    learning_rate   | 0.0003   |
|    n_updates       | 18799    |
---------------------------------
---------------------------------
| rollout/           |          |
|    ep_len_mean     | 200      |
|    ep_rew_mean     | 25.4     |
|    success_rate    | 0        |
| time/              |          |
|    episodes        | 148      |
|    fps             | 174      |
|    time_elapsed    | 169      |
|    total_timesteps | 29600    |
| train/             |          |
|    actor_loss      | -28.1    |
|    critic_loss     | 0.00974  |
|    ent_coef        | 0.00425  |
|    ent_coef_loss   | -7.44    |
|    learning_rate   | 0.0003   |
|    n_updates       | 19599    |
---------------------------------
---------------------------------
| rollout/           |          |
|    ep_len_mean     | 200      |
|    ep_rew_mean     | 26.5     |
|    success_rate    | 0        |
| time/              |          |
|    episodes        | 152      |
|    fps             | 173      |
|    time_elapsed    | 175      |
|    total_timesteps | 30400    |
| train/             |          |
|    actor_loss      | -27.5    |
|    critic_loss     | 0.00764  |
|    ent_coef        | 0.00354  |
|    ent_coef_loss   | -6.34    |
|    learning_rate   | 0.0003   |
|    n_updates       | 20399    |
---------------------------------
---------------------------------
| rollout/           |          |
|    ep_len_mean     | 200      |
|    ep_rew_mean     | 27.5     |
|    success_rate    | 0        |
| time/              |          |
|    episodes        | 156      |
|    fps             | 171      |
|    time_elapsed    | 181      |
|    total_timesteps | 31200    |
| train/             |          |
|    actor_loss      | -27.1    |
|    critic_loss     | 0.0119   |
|    ent_coef        | 0.00303  |
|    ent_coef_loss   | -5.9     |
|    learning_rate   | 0.0003   |
|    n_updates       | 21199    |
---------------------------------
---------------------------------
| rollout/           |          |
|    ep_len_mean     | 200      |
|    ep_rew_mean     | 28.7     |
|    success_rate    | 0        |
| time/              |          |
|    episodes        | 160      |
|    fps             | 170      |
|    time_elapsed    | 188      |
|    total_timesteps | 32000    |
| train/             |          |
|    actor_loss      | -26.9    |
|    critic_loss     | 0.00739  |
|    ent_coef        | 0.00268  |
|    ent_coef_loss   | -1.44    |
|    learning_rate   | 0.0003   |
|    n_updates       | 21999    |
---------------------------------
---------------------------------
| rollout/           |          |
|    ep_len_mean     | 200      |
|    ep_rew_mean     | 29.6     |
|    success_rate    | 0        |
| time/              |          |
|    episodes        | 164      |
|    fps             | 168      |
|    time_elapsed    | 194      |
|    total_timesteps | 32800    |
| train/             |          |
|    actor_loss      | -26.6    |
|    critic_loss     | 0.00769  |
|    ent_coef        | 0.00252  |
|    ent_coef_loss   | -0.218   |
|    learning_rate   | 0.0003   |
|    n_updates       | 22799    |
---------------------------------
---------------------------------
| rollout/           |          |
|    ep_len_mean     | 200      |
|    ep_rew_mean     | 30.4     |
|    success_rate    | 0        |
| time/              |          |
|    episodes        | 168      |
|    fps             | 167      |
|    time_elapsed    | 200      |
|    total_timesteps | 33600    |
| train/             |          |
|    actor_loss      | -26.2    |
|    critic_loss     | 0.00888  |
|    ent_coef        | 0.00249  |
|    ent_coef_loss   | 3.16     |
|    learning_rate   | 0.0003   |
|    n_updates       | 23599    |
---------------------------------
---------------------------------
| rollout/           |          |
|    ep_len_mean     | 200      |
|    ep_rew_mean     | 31.5     |
|    success_rate    | 0        |
| time/              |          |
|    episodes        | 172      |
|    fps             | 166      |
|    time_elapsed    | 207      |
|    total_timesteps | 34400    |
| train/             |          |
|    actor_loss      | -26      |
|    critic_loss     | 0.0154   |
|    ent_coef        | 0.00249  |
|    ent_coef_loss   | -0.126   |
|    learning_rate   | 0.0003   |
|    n_updates       | 24399    |
---------------------------------
---------------------------------
| rollout/           |          |
|    ep_len_mean     | 200      |
|    ep_rew_mean     | 32.3     |
|    success_rate    | 0        |
| time/              |          |
|    episodes        | 176      |
|    fps             | 164      |
|    time_elapsed    | 213      |
|    total_timesteps | 35200    |
| train/             |          |
|    actor_loss      | -25.7    |
|    critic_loss     | 0.00696  |
|    ent_coef        | 0.00254  |
|    ent_coef_loss   | -1.22    |
|    learning_rate   | 0.0003   |
|    n_updates       | 25199    |
---------------------------------
---------------------------------
| rollout/           |          |
|    ep_len_mean     | 200      |
|    ep_rew_mean     | 33       |
|    success_rate    | 0        |
| time/              |          |
|    episodes        | 180      |
|    fps             | 163      |
|    time_elapsed    | 219      |
|    total_timesteps | 36000    |
| train/             |          |
|    actor_loss      | -25.4    |
|    critic_loss     | 0.0126   |
|    ent_coef        | 0.00261  |
|    ent_coef_loss   | 2.33     |
|    learning_rate   | 0.0003   |
|    n_updates       | 25999    |
---------------------------------
---------------------------------
| rollout/           |          |
|    ep_len_mean     | 200      |
|    ep_rew_mean     | 33.8     |
|    success_rate    | 0        |
| time/              |          |
|    episodes        | 184      |
|    fps             | 162      |
|    time_elapsed    | 226      |
|    total_timesteps | 36800    |
| train/             |          |
|    actor_loss      | -25.2    |
|    critic_loss     | 0.0101   |
|    ent_coef        | 0.00261  |
|    ent_coef_loss   | 1.82     |
|    learning_rate   | 0.0003   |
|    n_updates       | 26799    |
---------------------------------
---------------------------------
| rollout/           |          |
|    ep_len_mean     | 200      |
|    ep_rew_mean     | 34.6     |
|    success_rate    | 0        |
| time/              |          |
|    episodes        | 188      |
|    fps             | 161      |
|    time_elapsed    | 233      |
|    total_timesteps | 37600    |
| train/             |          |
|    actor_loss      | -24.8    |
|    critic_loss     | 0.00863  |
|    ent_coef        | 0.00256  |
|    ent_coef_loss   | 1.8      |
|    learning_rate   | 0.0003   |
|    n_updates       | 27599    |
---------------------------------
---------------------------------
| rollout/           |          |
|    ep_len_mean     | 200      |
|    ep_rew_mean     | 35.2     |
|    success_rate    | 0        |
| time/              |          |
|    episodes        | 192      |
|    fps             | 160      |
|    time_elapsed    | 239      |
|    total_timesteps | 38400    |
| train/             |          |
|    actor_loss      | -24.6    |
|    critic_loss     | 0.00954  |
|    ent_coef        | 0.00266  |
|    ent_coef_loss   | 1.75     |
|    learning_rate   | 0.0003   |
|    n_updates       | 28399    |
---------------------------------
---------------------------------
| rollout/           |          |
|    ep_len_mean     | 200      |
|    ep_rew_mean     | 36       |
|    success_rate    | 0        |
| time/              |          |
|    episodes        | 196      |
|    fps             | 159      |
|    time_elapsed    | 246      |
|    total_timesteps | 39200    |
| train/             |          |
|    actor_loss      | -24.3    |
|    critic_loss     | 0.0106   |
|    ent_coef        | 0.00264  |
|    ent_coef_loss   | -0.0151  |
|    learning_rate   | 0.0003   |
|    n_updates       | 29199    |
---------------------------------
---------------------------------
| rollout/           |          |
|    ep_len_mean     | 200      |
|    ep_rew_mean     | 36.8     |
|    success_rate    | 0        |
| time/              |          |
|    episodes        | 200      |
|    fps             | 158      |
|    time_elapsed    | 252      |
|    total_timesteps | 40000    |
| train/             |          |
|    actor_loss      | -24.4    |
|    critic_loss     | 0.0103   |
|    ent_coef        | 0.00262  |
|    ent_coef_loss   | -3.02    |
|    learning_rate   | 0.0003   |
|    n_updates       | 29999    |
---------------------------------
---------------------------------
| rollout/           |          |
|    ep_len_mean     | 200      |
|    ep_rew_mean     | 37.7     |
|    success_rate    | 0        |
| time/              |          |
|    episodes        | 204      |
|    fps             | 157      |
|    time_elapsed    | 259      |
|    total_timesteps | 40800    |
| train/             |          |
|    actor_loss      | -24.5    |
|    critic_loss     | 0.00726  |
|    ent_coef        | 0.00269  |
|    ent_coef_loss   | -2.88    |
|    learning_rate   | 0.0003   |
|    n_updates       | 30799    |
---------------------------------
---------------------------------
| rollout/           |          |
|    ep_len_mean     | 200      |
|    ep_rew_mean     | 38.4     |
|    success_rate    | 0        |
| time/              |          |
|    episodes        | 208      |
|    fps             | 156      |
|    time_elapsed    | 265      |
|    total_timesteps | 41600    |
| train/             |          |
|    actor_loss      | -24.1    |
|    critic_loss     | 0.00516  |
|    ent_coef        | 0.00265  |
|    ent_coef_loss   | -0.888   |
|    learning_rate   | 0.0003   |
|    n_updates       | 31599    |
---------------------------------
---------------------------------
| rollout/           |          |
|    ep_len_mean     | 200      |
|    ep_rew_mean     | 39.2     |
|    success_rate    | 0        |
| time/              |          |
|    episodes        | 212      |
|    fps             | 155      |
|    time_elapsed    | 272      |
|    total_timesteps | 42400    |
| train/             |          |
|    actor_loss      | -23.8    |
|    critic_loss     | 0.013    |
|    ent_coef        | 0.00272  |
|    ent_coef_loss   | 0.399    |
|    learning_rate   | 0.0003   |
|    n_updates       | 32399    |
---------------------------------
---------------------------------
| rollout/           |          |
|    ep_len_mean     | 200      |
|    ep_rew_mean     | 40       |
|    success_rate    | 0        |
| time/              |          |
|    episodes        | 216      |
|    fps             | 154      |
|    time_elapsed    | 278      |
|    total_timesteps | 43200    |
| train/             |          |
|    actor_loss      | -23.9    |
|    critic_loss     | 0.00674  |
|    ent_coef        | 0.00272  |
|    ent_coef_loss   | -1.45    |
|    learning_rate   | 0.0003   |
|    n_updates       | 33199    |
---------------------------------
---------------------------------
| rollout/           |          |
|    ep_len_mean     | 200      |
|    ep_rew_mean     | 40.5     |
|    success_rate    | 0        |
| time/              |          |
|    episodes        | 220      |
|    fps             | 154      |
|    time_elapsed    | 285      |
|    total_timesteps | 44000    |
| train/             |          |
|    actor_loss      | -23.5    |
|    critic_loss     | 0.0138   |
|    ent_coef        | 0.0027   |
|    ent_coef_loss   | -0.618   |
|    learning_rate   | 0.0003   |
|    n_updates       | 33999    |
---------------------------------
---------------------------------
| rollout/           |          |
|    ep_len_mean     | 200      |
|    ep_rew_mean     | 41       |
|    success_rate    | 0        |
| time/              |          |
|    episodes        | 224      |
|    fps             | 153      |
|    time_elapsed    | 291      |
|    total_timesteps | 44800    |
| train/             |          |
|    actor_loss      | -23.4    |
|    critic_loss     | 0.0112   |
|    ent_coef        | 0.00273  |
|    ent_coef_loss   | 4.76     |
|    learning_rate   | 0.0003   |
|    n_updates       | 34799    |
---------------------------------
---------------------------------
| rollout/           |          |
|    ep_len_mean     | 200      |
|    ep_rew_mean     | 41.3     |
|    success_rate    | 0        |
| time/              |          |
|    episodes        | 228      |
|    fps             | 153      |
|    time_elapsed    | 297      |
|    total_timesteps | 45600    |
| train/             |          |
|    actor_loss      | -23.5    |
|    critic_loss     | 0.00513  |
|    ent_coef        | 0.00273  |
|    ent_coef_loss   | -0.237   |
|    learning_rate   | 0.0003   |
|    n_updates       | 35599    |
---------------------------------
---------------------------------
| rollout/           |          |
|    ep_len_mean     | 200      |
|    ep_rew_mean     | 41.5     |
|    success_rate    | 0        |
| time/              |          |
|    episodes        | 232      |
|    fps             | 152      |
|    time_elapsed    | 303      |
|    total_timesteps | 46400    |
| train/             |          |
|    actor_loss      | -23.7    |
|    critic_loss     | 0.00487  |
|    ent_coef        | 0.00264  |
|    ent_coef_loss   | -4.89    |
|    learning_rate   | 0.0003   |
|    n_updates       | 36399    |
---------------------------------
---------------------------------
| rollout/           |          |
|    ep_len_mean     | 200      |
|    ep_rew_mean     | 41.7     |
|    success_rate    | 0        |
| time/              |          |
|    episodes        | 236      |
|    fps             | 152      |
|    time_elapsed    | 309      |
|    total_timesteps | 47200    |
| train/             |          |
|    actor_loss      | -23.2    |
|    critic_loss     | 0.00574  |
|    ent_coef        | 0.0026   |
|    ent_coef_loss   | 2.31     |
|    learning_rate   | 0.0003   |
|    n_updates       | 37199    |
---------------------------------
---------------------------------
| rollout/           |          |
|    ep_len_mean     | 200      |
|    ep_rew_mean     | 41.9     |
|    success_rate    | 0        |
| time/              |          |
|    episodes        | 240      |
|    fps             | 152      |
|    time_elapsed    | 315      |
|    total_timesteps | 48000    |
| train/             |          |
|    actor_loss      | -23.2    |
|    critic_loss     | 0.0066   |
|    ent_coef        | 0.00243  |
|    ent_coef_loss   | -2.64    |
|    learning_rate   | 0.0003   |
|    n_updates       | 37999    |
---------------------------------
---------------------------------
| rollout/           |          |
|    ep_len_mean     | 200      |
|    ep_rew_mean     | 42.1     |
|    success_rate    | 0        |
| time/              |          |
|    episodes        | 244      |
|    fps             | 151      |
|    time_elapsed    | 321      |
|    total_timesteps | 48800    |
| train/             |          |
|    actor_loss      | -23.1    |
|    critic_loss     | 0.0102   |
|    ent_coef        | 0.00251  |
|    ent_coef_loss   | -1.12    |
|    learning_rate   | 0.0003   |
|    n_updates       | 38799    |
---------------------------------
---------------------------------
| rollout/           |          |
|    ep_len_mean     | 200      |
|    ep_rew_mean     | 42.3     |
|    success_rate    | 0        |
| time/              |          |
|    episodes        | 248      |
|    fps             | 151      |
|    time_elapsed    | 327      |
|    total_timesteps | 49600    |
| train/             |          |
|    actor_loss      | -23      |
|    critic_loss     | 0.00765  |
|    ent_coef        | 0.00243  |
|    ent_coef_loss   | -0.0644  |
|    learning_rate   | 0.0003   |
|    n_updates       | 39599    |
---------------------------------
Eval num_timesteps=50000, episode_reward=45.09 +/- 0.35
Episode length: 200.00 +/- 0.00
Success rate: 0.00%
---------------------------------
| eval/              |          |
|    mean_ep_length  | 200      |
|    mean_reward     | 45.1     |
|    success_rate    | 0        |
| time/              |          |
|    total_timesteps | 50000    |
| train/             |          |
|    actor_loss      | -23.2    |
|    critic_loss     | 0.00867  |
|    ent_coef        | 0.00244  |
|    ent_coef_loss   | -4.27    |
|    learning_rate   | 0.0003   |
|    n_updates       | 39999    |
---------------------------------
New best mean reward!
---------------------------------
| rollout/           |          |
|    ep_len_mean     | 200      |
|    ep_rew_mean     | 42.5     |
|    success_rate    | 0        |
| time/              |          |
|    episodes        | 252      |
|    fps             | 150      |
|    time_elapsed    | 334      |
|    total_timesteps | 50400    |
| train/             |          |
|    actor_loss      | -22.9    |
|    critic_loss     | 0.00557  |
|    ent_coef        | 0.00238  |
|    ent_coef_loss   | 0.556    |
|    learning_rate   | 0.0003   |
|    n_updates       | 40399    |
---------------------------------
---------------------------------
| rollout/           |          |
|    ep_len_mean     | 200      |
|    ep_rew_mean     | 42.6     |
|    success_rate    | 0        |
| time/              |          |
|    episodes        | 256      |
|    fps             | 150      |
|    time_elapsed    | 340      |
|    total_timesteps | 51200    |
| train/             |          |
|    actor_loss      | -23      |
|    critic_loss     | 0.0114   |
|    ent_coef        | 0.00231  |
|    ent_coef_loss   | -0.398   |
|    learning_rate   | 0.0003   |
|    n_updates       | 41199    |
---------------------------------
---------------------------------
| rollout/           |          |
|    ep_len_mean     | 200      |
|    ep_rew_mean     | 42.7     |
|    success_rate    | 0        |
| time/              |          |
|    episodes        | 260      |
|    fps             | 150      |
|    time_elapsed    | 346      |
|    total_timesteps | 52000    |
| train/             |          |
|    actor_loss      | -23.2    |
|    critic_loss     | 0.00687  |
|    ent_coef        | 0.00222  |
|    ent_coef_loss   | 0.17     |
|    learning_rate   | 0.0003   |
|    n_updates       | 41999    |
---------------------------------
---------------------------------
| rollout/           |          |
|    ep_len_mean     | 200      |
|    ep_rew_mean     | 42.8     |
|    success_rate    | 0        |
| time/              |          |
|    episodes        | 264      |
|    fps             | 149      |
|    time_elapsed    | 352      |
|    total_timesteps | 52800    |
| train/             |          |
|    actor_loss      | -22.8    |
|    critic_loss     | 0.0046   |
|    ent_coef        | 0.0022   |
|    ent_coef_loss   | 0.213    |
|    learning_rate   | 0.0003   |
|    n_updates       | 42799    |
---------------------------------
---------------------------------
| rollout/           |          |
|    ep_len_mean     | 200      |
|    ep_rew_mean     | 42.9     |
|    success_rate    | 0        |
| time/              |          |
|    episodes        | 268      |
|    fps             | 149      |
|    time_elapsed    | 358      |
|    total_timesteps | 53600    |
| train/             |          |
|    actor_loss      | -22.9    |
|    critic_loss     | 0.00444  |
|    ent_coef        | 0.00218  |
|    ent_coef_loss   | 2.56     |
|    learning_rate   | 0.0003   |
|    n_updates       | 43599    |
---------------------------------
---------------------------------
| rollout/           |          |
|    ep_len_mean     | 200      |
|    ep_rew_mean     | 43       |
|    success_rate    | 0        |
| time/              |          |
|    episodes        | 272      |
|    fps             | 149      |
|    time_elapsed    | 364      |
|    total_timesteps | 54400    |
| train/             |          |
|    actor_loss      | -22.6    |
|    critic_loss     | 0.00702  |
|    ent_coef        | 0.00226  |
|    ent_coef_loss   | 4.25     |
|    learning_rate   | 0.0003   |
|    n_updates       | 44399    |
---------------------------------
---------------------------------
| rollout/           |          |
|    ep_len_mean     | 200      |
|    ep_rew_mean     | 43       |
|    success_rate    | 0        |
| time/              |          |
|    episodes        | 276      |
|    fps             | 149      |
|    time_elapsed    | 369      |
|    total_timesteps | 55200    |
| train/             |          |
|    actor_loss      | -22.8    |
|    critic_loss     | 0.0109   |
|    ent_coef        | 0.00216  |
|    ent_coef_loss   | -1.44    |
|    learning_rate   | 0.0003   |
|    n_updates       | 45199    |
---------------------------------
---------------------------------
| rollout/           |          |
|    ep_len_mean     | 200      |
|    ep_rew_mean     | 43       |
|    success_rate    | 0        |
| time/              |          |
|    episodes        | 280      |
|    fps             | 148      |
|    time_elapsed    | 375      |
|    total_timesteps | 56000    |
| train/             |          |
|    actor_loss      | -22.6    |
|    critic_loss     | 0.0101   |
|    ent_coef        | 0.00221  |
|    ent_coef_loss   | -1.11    |
|    learning_rate   | 0.0003   |
|    n_updates       | 45999    |
---------------------------------
---------------------------------
| rollout/           |          |
|    ep_len_mean     | 200      |
|    ep_rew_mean     | 42.9     |
|    success_rate    | 0        |
| time/              |          |
|    episodes        | 284      |
|    fps             | 148      |
|    time_elapsed    | 381      |
|    total_timesteps | 56800    |
| train/             |          |
|    actor_loss      | -22.6    |
|    critic_loss     | 0.0055   |
|    ent_coef        | 0.00216  |
|    ent_coef_loss   | -1.33    |
|    learning_rate   | 0.0003   |
|    n_updates       | 46799    |
---------------------------------
---------------------------------
| rollout/           |          |
|    ep_len_mean     | 200      |
|    ep_rew_mean     | 42.9     |
|    success_rate    | 0        |
| time/              |          |
|    episodes        | 288      |
|    fps             | 148      |
|    time_elapsed    | 387      |
|    total_timesteps | 57600    |
| train/             |          |
|    actor_loss      | -22.6    |
|    critic_loss     | 0.0125   |
|    ent_coef        | 0.00205  |
|    ent_coef_loss   | -0.931   |
|    learning_rate   | 0.0003   |
|    n_updates       | 47599    |
---------------------------------
---------------------------------
| rollout/           |          |
|    ep_len_mean     | 200      |
|    ep_rew_mean     | 43       |
|    success_rate    | 0        |
| time/              |          |
|    episodes        | 292      |
|    fps             | 148      |
|    time_elapsed    | 393      |
|    total_timesteps | 58400    |
| train/             |          |
|    actor_loss      | -22.5    |
|    critic_loss     | 0.00823  |
|    ent_coef        | 0.00206  |
|    ent_coef_loss   | 1.46     |
|    learning_rate   | 0.0003   |
|    n_updates       | 48399    |
---------------------------------
---------------------------------
| rollout/           |          |
|    ep_len_mean     | 200      |
|    ep_rew_mean     | 43       |
|    success_rate    | 0        |
| time/              |          |
|    episodes        | 296      |
|    fps             | 147      |
|    time_elapsed    | 400      |
|    total_timesteps | 59200    |
| train/             |          |
|    actor_loss      | -22.5    |
|    critic_loss     | 0.0078   |
|    ent_coef        | 0.00219  |
|    ent_coef_loss   | 0.661    |
|    learning_rate   | 0.0003   |
|    n_updates       | 49199    |
---------------------------------
---------------------------------
| rollout/           |          |
|    ep_len_mean     | 200      |
|    ep_rew_mean     | 43       |
|    success_rate    | 0        |
| time/              |          |
|    episodes        | 300      |
|    fps             | 147      |
|    time_elapsed    | 406      |
|    total_timesteps | 60000    |
| train/             |          |
|    actor_loss      | -22.4    |
|    critic_loss     | 0.0129   |
|    ent_coef        | 0.00212  |
|    ent_coef_loss   | 5.13     |
|    learning_rate   | 0.0003   |
|    n_updates       | 49999    |
---------------------------------
---------------------------------
| rollout/           |          |
|    ep_len_mean     | 200      |
|    ep_rew_mean     | 43.1     |
|    success_rate    | 0        |
| time/              |          |
|    episodes        | 304      |
|    fps             | 146      |
|    time_elapsed    | 413      |
|    total_timesteps | 60800    |
| train/             |          |
|    actor_loss      | -22.5    |
|    critic_loss     | 0.0111   |
|    ent_coef        | 0.00217  |
|    ent_coef_loss   | 0.305    |
|    learning_rate   | 0.0003   |
|    n_updates       | 50799    |
---------------------------------
---------------------------------
| rollout/           |          |
|    ep_len_mean     | 200      |
|    ep_rew_mean     | 43.1     |
|    success_rate    | 0        |
| time/              |          |
|    episodes        | 308      |
|    fps             | 146      |
|    time_elapsed    | 420      |
|    total_timesteps | 61600    |
| train/             |          |
|    actor_loss      | -22.1    |
|    critic_loss     | 0.00542  |
|    ent_coef        | 0.00249  |
|    ent_coef_loss   | 5.28     |
|    learning_rate   | 0.0003   |
|    n_updates       | 51599    |
---------------------------------
---------------------------------
| rollout/           |          |
|    ep_len_mean     | 200      |
|    ep_rew_mean     | 43.1     |
|    success_rate    | 0        |
| time/              |          |
|    episodes        | 312      |
|    fps             | 146      |
|    time_elapsed    | 427      |
|    total_timesteps | 62400    |
| train/             |          |
|    actor_loss      | -22.3    |
|    critic_loss     | 0.00972  |
|    ent_coef        | 0.00294  |
|    ent_coef_loss   | 2        |
|    learning_rate   | 0.0003   |
|    n_updates       | 52399    |
---------------------------------
---------------------------------
| rollout/           |          |
|    ep_len_mean     | 200      |
|    ep_rew_mean     | 43       |
|    success_rate    | 0        |
| time/              |          |
|    episodes        | 316      |
|    fps             | 145      |
|    time_elapsed    | 434      |
|    total_timesteps | 63200    |
| train/             |          |
|    actor_loss      | -22.2    |
|    critic_loss     | 0.00917  |
|    ent_coef        | 0.003    |
|    ent_coef_loss   | -0.378   |
|    learning_rate   | 0.0003   |
|    n_updates       | 53199    |
---------------------------------
---------------------------------
| rollout/           |          |
|    ep_len_mean     | 200      |
|    ep_rew_mean     | 42.9     |
|    success_rate    | 0        |
| time/              |          |
|    episodes        | 320      |
|    fps             | 145      |
|    time_elapsed    | 441      |
|    total_timesteps | 64000    |
| train/             |          |
|    actor_loss      | -22.2    |
|    critic_loss     | 0.0144   |
|    ent_coef        | 0.00301  |
|    ent_coef_loss   | -0.396   |
|    learning_rate   | 0.0003   |
|    n_updates       | 53999    |
---------------------------------
---------------------------------
| rollout/           |          |
|    ep_len_mean     | 200      |
|    ep_rew_mean     | 42.9     |
|    success_rate    | 0        |
| time/              |          |
|    episodes        | 324      |
|    fps             | 144      |
|    time_elapsed    | 447      |
|    total_timesteps | 64800    |
| train/             |          |
|    actor_loss      | -22      |
|    critic_loss     | 0.0159   |
|    ent_coef        | 0.00261  |
|    ent_coef_loss   | 0.224    |
|    learning_rate   | 0.0003   |
|    n_updates       | 54799    |
---------------------------------
---------------------------------
| rollout/           |          |
|    ep_len_mean     | 200      |
|    ep_rew_mean     | 42.9     |
|    success_rate    | 0        |
| time/              |          |
|    episodes        | 328      |
|    fps             | 144      |
|    time_elapsed    | 454      |
|    total_timesteps | 65600    |
| train/             |          |
|    actor_loss      | -22.2    |
|    critic_loss     | 0.00901  |
|    ent_coef        | 0.00243  |
|    ent_coef_loss   | -3.63    |
|    learning_rate   | 0.0003   |
|    n_updates       | 55599    |
---------------------------------
---------------------------------
| rollout/           |          |
|    ep_len_mean     | 200      |
|    ep_rew_mean     | 43       |
|    success_rate    | 0        |
| time/              |          |
|    episodes        | 332      |
|    fps             | 143      |
|    time_elapsed    | 461      |
|    total_timesteps | 66400    |
| train/             |          |
|    actor_loss      | -22.2    |
|    critic_loss     | 0.018    |
|    ent_coef        | 0.00223  |
|    ent_coef_loss   | 0.295    |
|    learning_rate   | 0.0003   |
|    n_updates       | 56399    |
---------------------------------
---------------------------------
| rollout/           |          |
|    ep_len_mean     | 200      |
|    ep_rew_mean     | 43.1     |
|    success_rate    | 0        |
| time/              |          |
|    episodes        | 336      |
|    fps             | 143      |
|    time_elapsed    | 468      |
|    total_timesteps | 67200    |
| train/             |          |
|    actor_loss      | -22.1    |
|    critic_loss     | 0.00767  |
|    ent_coef        | 0.00218  |
|    ent_coef_loss   | -5.42    |
|    learning_rate   | 0.0003   |
|    n_updates       | 57199    |
---------------------------------
---------------------------------
| rollout/           |          |
|    ep_len_mean     | 200      |
|    ep_rew_mean     | 43.1     |
|    success_rate    | 0        |
| time/              |          |
|    episodes        | 340      |
|    fps             | 143      |
|    time_elapsed    | 475      |
|    total_timesteps | 68000    |
| train/             |          |
|    actor_loss      | -22.1    |
|    critic_loss     | 0.00813  |
|    ent_coef        | 0.00219  |
|    ent_coef_loss   | -2.34    |
|    learning_rate   | 0.0003   |
|    n_updates       | 57999    |
---------------------------------
---------------------------------
| rollout/           |          |
|    ep_len_mean     | 200      |
|    ep_rew_mean     | 43.2     |
|    success_rate    | 0        |
| time/              |          |
|    episodes        | 344      |
|    fps             | 142      |
|    time_elapsed    | 482      |
|    total_timesteps | 68800    |
| train/             |          |
|    actor_loss      | -21.9    |
|    critic_loss     | 0.00907  |
|    ent_coef        | 0.00236  |
|    ent_coef_loss   | -2.11    |
|    learning_rate   | 0.0003   |
|    n_updates       | 58799    |
---------------------------------
---------------------------------
| rollout/           |          |
|    ep_len_mean     | 200      |
|    ep_rew_mean     | 43.2     |
|    success_rate    | 0        |
| time/              |          |
|    episodes        | 348      |
|    fps             | 142      |
|    time_elapsed    | 489      |
|    total_timesteps | 69600    |
| train/             |          |
|    actor_loss      | -22.2    |
|    critic_loss     | 0.00407  |
|    ent_coef        | 0.00239  |
|    ent_coef_loss   | -2.6     |
|    learning_rate   | 0.0003   |
|    n_updates       | 59599    |
---------------------------------
---------------------------------
| rollout/           |          |
|    ep_len_mean     | 200      |
|    ep_rew_mean     | 43.3     |
|    success_rate    | 0        |
| time/              |          |
|    episodes        | 352      |
|    fps             | 141      |
|    time_elapsed    | 496      |
|    total_timesteps | 70400    |
| train/             |          |
|    actor_loss      | -22      |
|    critic_loss     | 0.00524  |
|    ent_coef        | 0.00253  |
|    ent_coef_loss   | 1.03     |
|    learning_rate   | 0.0003   |
|    n_updates       | 60399    |
---------------------------------
---------------------------------
| rollout/           |          |
|    ep_len_mean     | 200      |
|    ep_rew_mean     | 43.3     |
|    success_rate    | 0        |
| time/              |          |
|    episodes        | 356      |
|    fps             | 141      |
|    time_elapsed    | 503      |
|    total_timesteps | 71200    |
| train/             |          |
|    actor_loss      | -21.9    |
|    critic_loss     | 0.0191   |
|    ent_coef        | 0.00268  |
|    ent_coef_loss   | -2.15    |
|    learning_rate   | 0.0003   |
|    n_updates       | 61199    |
---------------------------------
---------------------------------
| rollout/           |          |
|    ep_len_mean     | 200      |
|    ep_rew_mean     | 43.4     |
|    success_rate    | 0        |
| time/              |          |
|    episodes        | 360      |
|    fps             | 141      |
|    time_elapsed    | 510      |
|    total_timesteps | 72000    |
| train/             |          |
|    actor_loss      | -21.9    |
|    critic_loss     | 0.00505  |
|    ent_coef        | 0.00245  |
|    ent_coef_loss   | -2.97    |
|    learning_rate   | 0.0003   |
|    n_updates       | 61999    |
---------------------------------
---------------------------------
| rollout/           |          |
|    ep_len_mean     | 200      |
|    ep_rew_mean     | 43.4     |
|    success_rate    | 0        |
| time/              |          |
|    episodes        | 364      |
|    fps             | 140      |
|    time_elapsed    | 517      |
|    total_timesteps | 72800    |
| train/             |          |
|    actor_loss      | -21.6    |
|    critic_loss     | 0.00864  |
|    ent_coef        | 0.00264  |
|    ent_coef_loss   | 2.9      |
|    learning_rate   | 0.0003   |
|    n_updates       | 62799    |
---------------------------------
---------------------------------
| rollout/           |          |
|    ep_len_mean     | 200      |
|    ep_rew_mean     | 43.5     |
|    success_rate    | 0        |
| time/              |          |
|    episodes        | 368      |
|    fps             | 140      |
|    time_elapsed    | 524      |
|    total_timesteps | 73600    |
| train/             |          |
|    actor_loss      | -22      |
|    critic_loss     | 0.00521  |
|    ent_coef        | 0.00278  |
|    ent_coef_loss   | -6.57    |
|    learning_rate   | 0.0003   |
|    n_updates       | 63599    |
---------------------------------
---------------------------------
| rollout/           |          |
|    ep_len_mean     | 200      |
|    ep_rew_mean     | 43.5     |
|    success_rate    | 0        |
| time/              |          |
|    episodes        | 372      |
|    fps             | 139      |
|    time_elapsed    | 531      |
|    total_timesteps | 74400    |
| train/             |          |
|    actor_loss      | -22      |
|    critic_loss     | 0.0125   |
|    ent_coef        | 0.00247  |
|    ent_coef_loss   | -3.27    |
|    learning_rate   | 0.0003   |
|    n_updates       | 64399    |
---------------------------------
Eval num_timesteps=75000, episode_reward=45.88 +/- 0.70
Episode length: 200.00 +/- 0.00
Success rate: 0.00%
---------------------------------
| eval/              |          |
|    mean_ep_length  | 200      |
|    mean_reward     | 45.9     |
|    success_rate    | 0        |
| time/              |          |
|    total_timesteps | 75000    |
| train/             |          |
|    actor_loss      | -22      |
|    critic_loss     | 0.00323  |
|    ent_coef        | 0.00244  |
|    ent_coef_loss   | -3.64    |
|    learning_rate   | 0.0003   |
|    n_updates       | 64999    |
---------------------------------
New best mean reward!
---------------------------------
| rollout/           |          |
|    ep_len_mean     | 200      |
|    ep_rew_mean     | 43.6     |
|    success_rate    | 0        |
| time/              |          |
|    episodes        | 376      |
|    fps             | 139      |
|    time_elapsed    | 539      |
|    total_timesteps | 75200    |
| train/             |          |
|    actor_loss      | -21.9    |
|    critic_loss     | 0.00492  |
|    ent_coef        | 0.00247  |
|    ent_coef_loss   | 4.48     |
|    learning_rate   | 0.0003   |
|    n_updates       | 65199    |
---------------------------------
---------------------------------
| rollout/           |          |
|    ep_len_mean     | 200      |
|    ep_rew_mean     | 43.6     |
|    success_rate    | 0        |
| time/              |          |
|    episodes        | 380      |
|    fps             | 138      |
|    time_elapsed    | 546      |
|    total_timesteps | 76000    |
| train/             |          |
|    actor_loss      | -22      |
|    critic_loss     | 0.00987  |
|    ent_coef        | 0.00265  |
|    ent_coef_loss   | 1.32     |
|    learning_rate   | 0.0003   |
|    n_updates       | 65999    |
---------------------------------
---------------------------------
| rollout/           |          |
|    ep_len_mean     | 200      |
|    ep_rew_mean     | 43.7     |
|    success_rate    | 0        |
| time/              |          |
|    episodes        | 384      |
|    fps             | 138      |
|    time_elapsed    | 553      |
|    total_timesteps | 76800    |
| train/             |          |
|    actor_loss      | -22.2    |
|    critic_loss     | 0.00433  |
|    ent_coef        | 0.0026   |
|    ent_coef_loss   | -0.951   |
|    learning_rate   | 0.0003   |
|    n_updates       | 66799    |
---------------------------------
---------------------------------
| rollout/           |          |
|    ep_len_mean     | 200      |
|    ep_rew_mean     | 43.8     |
|    success_rate    | 0        |
| time/              |          |
|    episodes        | 388      |
|    fps             | 138      |
|    time_elapsed    | 560      |
|    total_timesteps | 77600    |
| train/             |          |
|    actor_loss      | -21.9    |
|    critic_loss     | 0.0171   |
|    ent_coef        | 0.00257  |
|    ent_coef_loss   | 0.443    |
|    learning_rate   | 0.0003   |
|    n_updates       | 67599    |
---------------------------------
---------------------------------
| rollout/           |          |
|    ep_len_mean     | 200      |
|    ep_rew_mean     | 43.8     |
|    success_rate    | 0        |
| time/              |          |
|    episodes        | 392      |
|    fps             | 138      |
|    time_elapsed    | 567      |
|    total_timesteps | 78400    |
| train/             |          |
|    actor_loss      | -22      |
|    critic_loss     | 0.00456  |
|    ent_coef        | 0.00264  |
|    ent_coef_loss   | 2.42     |
|    learning_rate   | 0.0003   |
|    n_updates       | 68399    |
---------------------------------
---------------------------------
| rollout/           |          |
|    ep_len_mean     | 200      |
|    ep_rew_mean     | 43.8     |
|    success_rate    | 0        |
| time/              |          |
|    episodes        | 396      |
|    fps             | 137      |
|    time_elapsed    | 574      |
|    total_timesteps | 79200    |
| train/             |          |
|    actor_loss      | -21.8    |
|    critic_loss     | 0.0158   |
|    ent_coef        | 0.00252  |
|    ent_coef_loss   | 2.7      |
|    learning_rate   | 0.0003   |
|    n_updates       | 69199    |
---------------------------------
---------------------------------
| rollout/           |          |
|    ep_len_mean     | 200      |
|    ep_rew_mean     | 43.9     |
|    success_rate    | 0        |
| time/              |          |
|    episodes        | 400      |
|    fps             | 137      |
|    time_elapsed    | 581      |
|    total_timesteps | 80000    |
| train/             |          |
|    actor_loss      | -22.1    |
|    critic_loss     | 0.00663  |
|    ent_coef        | 0.00259  |
|    ent_coef_loss   | -0.453   |
|    learning_rate   | 0.0003   |
|    n_updates       | 69999    |
---------------------------------
---------------------------------
| rollout/           |          |
|    ep_len_mean     | 200      |
|    ep_rew_mean     | 44       |
|    success_rate    | 0        |
| time/              |          |
|    episodes        | 404      |
|    fps             | 137      |
|    time_elapsed    | 588      |
|    total_timesteps | 80800    |
| train/             |          |
|    actor_loss      | -21.9    |
|    critic_loss     | 0.0205   |
|    ent_coef        | 0.00251  |
|    ent_coef_loss   | -1.09    |
|    learning_rate   | 0.0003   |
|    n_updates       | 70799    |
---------------------------------
---------------------------------
| rollout/           |          |
|    ep_len_mean     | 200      |
|    ep_rew_mean     | 44       |
|    success_rate    | 0        |
| time/              |          |
|    episodes        | 408      |
|    fps             | 136      |
|    time_elapsed    | 595      |
|    total_timesteps | 81600    |
| train/             |          |
|    actor_loss      | -22.1    |
|    critic_loss     | 0.0113   |
|    ent_coef        | 0.00246  |
|    ent_coef_loss   | -2.59    |
|    learning_rate   | 0.0003   |
|    n_updates       | 71599    |
---------------------------------
---------------------------------
| rollout/           |          |
|    ep_len_mean     | 200      |
|    ep_rew_mean     | 44       |
|    success_rate    | 0        |
| time/              |          |
|    episodes        | 412      |
|    fps             | 136      |
|    time_elapsed    | 602      |
|    total_timesteps | 82400    |
| train/             |          |
|    actor_loss      | -22.1    |
|    critic_loss     | 0.00453  |
|    ent_coef        | 0.00268  |
|    ent_coef_loss   | -1.55    |
|    learning_rate   | 0.0003   |
|    n_updates       | 72399    |
---------------------------------
---------------------------------
| rollout/           |          |
|    ep_len_mean     | 200      |
|    ep_rew_mean     | 44.1     |
|    success_rate    | 0        |
| time/              |          |
|    episodes        | 416      |
|    fps             | 136      |
|    time_elapsed    | 609      |
|    total_timesteps | 83200    |
| train/             |          |
|    actor_loss      | -21.9    |
|    critic_loss     | 0.00602  |
|    ent_coef        | 0.00283  |
|    ent_coef_loss   | 2.94     |
|    learning_rate   | 0.0003   |
|    n_updates       | 73199    |
---------------------------------
---------------------------------
| rollout/           |          |
|    ep_len_mean     | 200      |
|    ep_rew_mean     | 44.1     |
|    success_rate    | 0        |
| time/              |          |
|    episodes        | 420      |
|    fps             | 136      |
|    time_elapsed    | 616      |
|    total_timesteps | 84000    |
| train/             |          |
|    actor_loss      | -22.1    |
|    critic_loss     | 0.00714  |
|    ent_coef        | 0.0028   |
|    ent_coef_loss   | -5.66    |
|    learning_rate   | 0.0003   |
|    n_updates       | 73999    |
---------------------------------
---------------------------------
| rollout/           |          |
|    ep_len_mean     | 200      |
|    ep_rew_mean     | 44       |
|    success_rate    | 0        |
| time/              |          |
|    episodes        | 424      |
|    fps             | 135      |
|    time_elapsed    | 623      |
|    total_timesteps | 84800    |
| train/             |          |
|    actor_loss      | -22.1    |
|    critic_loss     | 0.0169   |
|    ent_coef        | 0.00249  |
|    ent_coef_loss   | -5.92    |
|    learning_rate   | 0.0003   |
|    n_updates       | 74799    |
---------------------------------
---------------------------------
| rollout/           |          |
|    ep_len_mean     | 200      |
|    ep_rew_mean     | 44       |
|    success_rate    | 0        |
| time/              |          |
|    episodes        | 428      |
|    fps             | 135      |
|    time_elapsed    | 630      |
|    total_timesteps | 85600    |
| train/             |          |
|    actor_loss      | -22      |
|    critic_loss     | 0.0101   |
|    ent_coef        | 0.00232  |
|    ent_coef_loss   | 0.185    |
|    learning_rate   | 0.0003   |
|    n_updates       | 75599    |
---------------------------------
---------------------------------
| rollout/           |          |
|    ep_len_mean     | 200      |
|    ep_rew_mean     | 43.9     |
|    success_rate    | 0        |
| time/              |          |
|    episodes        | 432      |
|    fps             | 135      |
|    time_elapsed    | 637      |
|    total_timesteps | 86400    |
| train/             |          |
|    actor_loss      | -22.2    |
|    critic_loss     | 0.0179   |
|    ent_coef        | 0.00258  |
|    ent_coef_loss   | -1.24    |
|    learning_rate   | 0.0003   |
|    n_updates       | 76399    |
---------------------------------
---------------------------------
| rollout/           |          |
|    ep_len_mean     | 200      |
|    ep_rew_mean     | 43.8     |
|    success_rate    | 0        |
| time/              |          |
|    episodes        | 436      |
|    fps             | 135      |
|    time_elapsed    | 644      |
|    total_timesteps | 87200    |
| train/             |          |
|    actor_loss      | -22      |
|    critic_loss     | 0.00996  |
|    ent_coef        | 0.00231  |
|    ent_coef_loss   | -0.114   |
|    learning_rate   | 0.0003   |
|    n_updates       | 77199    |
---------------------------------
---------------------------------
| rollout/           |          |
|    ep_len_mean     | 200      |
|    ep_rew_mean     | 43.9     |
|    success_rate    | 0        |
| time/              |          |
|    episodes        | 440      |
|    fps             | 134      |
|    time_elapsed    | 651      |
|    total_timesteps | 88000    |
| train/             |          |
|    actor_loss      | -22.1    |
|    critic_loss     | 0.00697  |
|    ent_coef        | 0.00237  |
|    ent_coef_loss   | 0.427    |
|    learning_rate   | 0.0003   |
|    n_updates       | 77999    |
---------------------------------
---------------------------------
| rollout/           |          |
|    ep_len_mean     | 200      |
|    ep_rew_mean     | 43.8     |
|    success_rate    | 0        |
| time/              |          |
|    episodes        | 444      |
|    fps             | 134      |
|    time_elapsed    | 658      |
|    total_timesteps | 88800    |
| train/             |          |
|    actor_loss      | -22      |
|    critic_loss     | 0.00839  |
|    ent_coef        | 0.00246  |
|    ent_coef_loss   | 2.07     |
|    learning_rate   | 0.0003   |
|    n_updates       | 78799    |
---------------------------------
---------------------------------
| rollout/           |          |
|    ep_len_mean     | 200      |
|    ep_rew_mean     | 43.7     |
|    success_rate    | 0        |
| time/              |          |
|    episodes        | 448      |
|    fps             | 134      |
|    time_elapsed    | 665      |
|    total_timesteps | 89600    |
| train/             |          |
|    actor_loss      | -21.9    |
|    critic_loss     | 0.00737  |
|    ent_coef        | 0.00223  |
|    ent_coef_loss   | 2.18     |
|    learning_rate   | 0.0003   |
|    n_updates       | 79599    |
---------------------------------
---------------------------------
| rollout/           |          |
|    ep_len_mean     | 200      |
|    ep_rew_mean     | 43.6     |
|    success_rate    | 0        |
| time/              |          |
|    episodes        | 452      |
|    fps             | 134      |
|    time_elapsed    | 672      |
|    total_timesteps | 90400    |
| train/             |          |
|    actor_loss      | -21.9    |
|    critic_loss     | 0.02     |
|    ent_coef        | 0.00218  |
|    ent_coef_loss   | 3.61     |
|    learning_rate   | 0.0003   |
|    n_updates       | 80399    |
---------------------------------
---------------------------------
| rollout/           |          |
|    ep_len_mean     | 200      |
|    ep_rew_mean     | 43.5     |
|    success_rate    | 0        |
| time/              |          |
|    episodes        | 456      |
|    fps             | 134      |
|    time_elapsed    | 680      |
|    total_timesteps | 91200    |
| train/             |          |
|    actor_loss      | -22      |
|    critic_loss     | 0.00715  |
|    ent_coef        | 0.00224  |
|    ent_coef_loss   | 1.64     |
|    learning_rate   | 0.0003   |
|    n_updates       | 81199    |
---------------------------------
---------------------------------
| rollout/           |          |
|    ep_len_mean     | 200      |
|    ep_rew_mean     | 43.5     |
|    success_rate    | 0        |
| time/              |          |
|    episodes        | 460      |
|    fps             | 133      |
|    time_elapsed    | 687      |
|    total_timesteps | 92000    |
| train/             |          |
|    actor_loss      | -21.9    |
|    critic_loss     | 0.00844  |
|    ent_coef        | 0.00214  |
|    ent_coef_loss   | 1.68     |
|    learning_rate   | 0.0003   |
|    n_updates       | 81999    |
---------------------------------
---------------------------------
| rollout/           |          |
|    ep_len_mean     | 200      |
|    ep_rew_mean     | 43.8     |
|    success_rate    | 0        |
| time/              |          |
|    episodes        | 464      |
|    fps             | 133      |
|    time_elapsed    | 694      |
|    total_timesteps | 92800    |
| train/             |          |
|    actor_loss      | -22.1    |
|    critic_loss     | 0.00511  |
|    ent_coef        | 0.00211  |
|    ent_coef_loss   | 3.61     |
|    learning_rate   | 0.0003   |
|    n_updates       | 82799    |
---------------------------------
---------------------------------
| rollout/           |          |
|    ep_len_mean     | 200      |
|    ep_rew_mean     | 43.9     |
|    success_rate    | 0        |
| time/              |          |
|    episodes        | 468      |
|    fps             | 133      |
|    time_elapsed    | 701      |
|    total_timesteps | 93600    |
| train/             |          |
|    actor_loss      | -22.1    |
|    critic_loss     | 0.00552  |
|    ent_coef        | 0.00239  |
|    ent_coef_loss   | 2.69     |
|    learning_rate   | 0.0003   |
|    n_updates       | 83599    |
---------------------------------
---------------------------------
| rollout/           |          |
|    ep_len_mean     | 200      |
|    ep_rew_mean     | 43.9     |
|    success_rate    | 0        |
| time/              |          |
|    episodes        | 472      |
|    fps             | 133      |
|    time_elapsed    | 708      |
|    total_timesteps | 94400    |
| train/             |          |
|    actor_loss      | -22      |
|    critic_loss     | 0.00416  |
|    ent_coef        | 0.00253  |
|    ent_coef_loss   | -4.37    |
|    learning_rate   | 0.0003   |
|    n_updates       | 84399    |
---------------------------------
---------------------------------
| rollout/           |          |
|    ep_len_mean     | 200      |
|    ep_rew_mean     | 43.9     |
|    success_rate    | 0        |
| time/              |          |
|    episodes        | 476      |
|    fps             | 133      |
|    time_elapsed    | 715      |
|    total_timesteps | 95200    |
| train/             |          |
|    actor_loss      | -22.2    |
|    critic_loss     | 0.00335  |
|    ent_coef        | 0.00278  |
|    ent_coef_loss   | -3.05    |
|    learning_rate   | 0.0003   |
|    n_updates       | 85199    |
---------------------------------
---------------------------------
| rollout/           |          |
|    ep_len_mean     | 200      |
|    ep_rew_mean     | 43.9     |
|    success_rate    | 0        |
| time/              |          |
|    episodes        | 480      |
|    fps             | 132      |
|    time_elapsed    | 722      |
|    total_timesteps | 96000    |
| train/             |          |
|    actor_loss      | -22.1    |
|    critic_loss     | 0.00637  |
|    ent_coef        | 0.00278  |
|    ent_coef_loss   | -7.94    |
|    learning_rate   | 0.0003   |
|    n_updates       | 85999    |
---------------------------------
---------------------------------
| rollout/           |          |
|    ep_len_mean     | 200      |
|    ep_rew_mean     | 43.9     |
|    success_rate    | 0        |
| time/              |          |
|    episodes        | 484      |
|    fps             | 132      |
|    time_elapsed    | 729      |
|    total_timesteps | 96800    |
| train/             |          |
|    actor_loss      | -22.2    |
|    critic_loss     | 0.00386  |
|    ent_coef        | 0.00268  |
|    ent_coef_loss   | -4.13    |
|    learning_rate   | 0.0003   |
|    n_updates       | 86799    |
---------------------------------
---------------------------------
| rollout/           |          |
|    ep_len_mean     | 200      |
|    ep_rew_mean     | 43.8     |
|    success_rate    | 0        |
| time/              |          |
|    episodes        | 488      |
|    fps             | 132      |
|    time_elapsed    | 736      |
|    total_timesteps | 97600    |
| train/             |          |
|    actor_loss      | -22      |
|    critic_loss     | 0.0173   |
|    ent_coef        | 0.00284  |
|    ent_coef_loss   | -6.41    |
|    learning_rate   | 0.0003   |
|    n_updates       | 87599    |
---------------------------------
---------------------------------
| rollout/           |          |
|    ep_len_mean     | 200      |
|    ep_rew_mean     | 43.8     |
|    success_rate    | 0        |
| time/              |          |
|    episodes        | 492      |
|    fps             | 132      |
|    time_elapsed    | 744      |
|    total_timesteps | 98400    |
| train/             |          |
|    actor_loss      | -22      |
|    critic_loss     | 0.0189   |
|    ent_coef        | 0.00304  |
|    ent_coef_loss   | 5.28     |
|    learning_rate   | 0.0003   |
|    n_updates       | 88399    |
---------------------------------
---------------------------------
| rollout/           |          |
|    ep_len_mean     | 200      |
|    ep_rew_mean     | 43.6     |
|    success_rate    | 0        |
| time/              |          |
|    episodes        | 496      |
|    fps             | 132      |
|    time_elapsed    | 751      |
|    total_timesteps | 99200    |
| train/             |          |
|    actor_loss      | -22.2    |
|    critic_loss     | 0.00497  |
|    ent_coef        | 0.00311  |
|    ent_coef_loss   | 0.613    |
|    learning_rate   | 0.0003   |
|    n_updates       | 89199    |
---------------------------------
Eval num_timesteps=100000, episode_reward=43.52 +/- 1.96
Episode length: 200.00 +/- 0.00
Success rate: 0.00%
---------------------------------
| eval/              |          |
|    mean_ep_length  | 200      |
|    mean_reward     | 43.5     |
|    success_rate    | 0        |
| time/              |          |
|    total_timesteps | 100000   |
| train/             |          |
|    actor_loss      | -22.2    |
|    critic_loss     | 0.00422  |
|    ent_coef        | 0.00327  |
|    ent_coef_loss   | -1.63    |
|    learning_rate   | 0.0003   |
|    n_updates       | 89999    |
---------------------------------
---------------------------------
| rollout/           |          |
|    ep_len_mean     | 200      |
|    ep_rew_mean     | 43.6     |
|    success_rate    | 0        |
| time/              |          |
|    episodes        | 500      |
|    fps             | 131      |
|    time_elapsed    | 759      |
|    total_timesteps | 100000   |
---------------------------------
---------------------------------
| rollout/           |          |
|    ep_len_mean     | 200      |
|    ep_rew_mean     | 43.5     |
|    success_rate    | 0        |
| time/              |          |
|    episodes        | 504      |
|    fps             | 131      |
|    time_elapsed    | 766      |
|    total_timesteps | 100800   |
| train/             |          |
|    actor_loss      | -22.2    |
|    critic_loss     | 0.0223   |
|    ent_coef        | 0.0037   |
|    ent_coef_loss   | 8.67     |
|    learning_rate   | 0.0003   |
|    n_updates       | 90799    |
---------------------------------
---------------------------------
| rollout/           |          |
|    ep_len_mean     | 200      |
|    ep_rew_mean     | 43.4     |
|    success_rate    | 0        |
| time/              |          |
|    episodes        | 508      |
|    fps             | 131      |
|    time_elapsed    | 773      |
|    total_timesteps | 101600   |
| train/             |          |
|    actor_loss      | -22.1    |
|    critic_loss     | 0.0486   |
|    ent_coef        | 0.00427  |
|    ent_coef_loss   | 2.18     |
|    learning_rate   | 0.0003   |
|    n_updates       | 91599    |
---------------------------------
---------------------------------
| rollout/           |          |
|    ep_len_mean     | 200      |
|    ep_rew_mean     | 43.3     |
|    success_rate    | 0        |
| time/              |          |
|    episodes        | 512      |
|    fps             | 131      |
|    time_elapsed    | 780      |
|    total_timesteps | 102400   |
| train/             |          |
|    actor_loss      | -22.3    |
|    critic_loss     | 0.00883  |
|    ent_coef        | 0.00384  |
|    ent_coef_loss   | 1.37     |
|    learning_rate   | 0.0003   |
|    n_updates       | 92399    |
---------------------------------
---------------------------------
| rollout/           |          |
|    ep_len_mean     | 200      |
|    ep_rew_mean     | 43.3     |
|    success_rate    | 0        |
| time/              |          |
|    episodes        | 516      |
|    fps             | 130      |
|    time_elapsed    | 788      |
|    total_timesteps | 103200   |
| train/             |          |
|    actor_loss      | -22.3    |
|    critic_loss     | 0.00551  |
|    ent_coef        | 0.00376  |
|    ent_coef_loss   | 2.74     |
|    learning_rate   | 0.0003   |
|    n_updates       | 93199    |
---------------------------------
---------------------------------
| rollout/           |          |
|    ep_len_mean     | 200      |
|    ep_rew_mean     | 43.4     |
|    success_rate    | 0        |
| time/              |          |
|    episodes        | 520      |
|    fps             | 130      |
|    time_elapsed    | 795      |
|    total_timesteps | 104000   |
| train/             |          |
|    actor_loss      | -22.2    |
|    critic_loss     | 0.00422  |
|    ent_coef        | 0.00416  |
|    ent_coef_loss   | 12.1     |
|    learning_rate   | 0.0003   |
|    n_updates       | 93999    |
---------------------------------
---------------------------------
| rollout/           |          |
|    ep_len_mean     | 200      |
|    ep_rew_mean     | 43.4     |
|    success_rate    | 0        |
| time/              |          |
|    episodes        | 524      |
|    fps             | 130      |
|    time_elapsed    | 802      |
|    total_timesteps | 104800   |
| train/             |          |
|    actor_loss      | -22.3    |
|    critic_loss     | 0.00969  |
|    ent_coef        | 0.00434  |
|    ent_coef_loss   | 4.05     |
|    learning_rate   | 0.0003   |
|    n_updates       | 94799    |
---------------------------------
---------------------------------
| rollout/           |          |
|    ep_len_mean     | 200      |
|    ep_rew_mean     | 43.3     |
|    success_rate    | 0        |
| time/              |          |
|    episodes        | 528      |
|    fps             | 130      |
|    time_elapsed    | 809      |
|    total_timesteps | 105600   |
| train/             |          |
|    actor_loss      | -22.4    |
|    critic_loss     | 0.0121   |
|    ent_coef        | 0.00406  |
|    ent_coef_loss   | -15.2    |
|    learning_rate   | 0.0003   |
|    n_updates       | 95599    |
---------------------------------
---------------------------------
| rollout/           |          |
|    ep_len_mean     | 200      |
|    ep_rew_mean     | 43.3     |
|    success_rate    | 0        |
| time/              |          |
|    episodes        | 532      |
|    fps             | 130      |
|    time_elapsed    | 816      |
|    total_timesteps | 106400   |
| train/             |          |
|    actor_loss      | -22.4    |
|    critic_loss     | 0.0492   |
|    ent_coef        | 0.00385  |
|    ent_coef_loss   | 7.53     |
|    learning_rate   | 0.0003   |
|    n_updates       | 96399    |
---------------------------------
---------------------------------
| rollout/           |          |
|    ep_len_mean     | 200      |
|    ep_rew_mean     | 43.5     |
|    success_rate    | 0        |
| time/              |          |
|    episodes        | 536      |
|    fps             | 130      |
|    time_elapsed    | 823      |
|    total_timesteps | 107200   |
| train/             |          |
|    actor_loss      | -22.2    |
|    critic_loss     | 0.0435   |
|    ent_coef        | 0.00405  |
|    ent_coef_loss   | -1.97    |
|    learning_rate   | 0.0003   |
|    n_updates       | 97199    |
---------------------------------
---------------------------------
| rollout/           |          |
|    ep_len_mean     | 200      |
|    ep_rew_mean     | 43.5     |
|    success_rate    | 0        |
| time/              |          |
|    episodes        | 540      |
|    fps             | 130      |
|    time_elapsed    | 830      |
|    total_timesteps | 108000   |
| train/             |          |
|    actor_loss      | -22.4    |
|    critic_loss     | 0.0189   |
|    ent_coef        | 0.00379  |
|    ent_coef_loss   | -0.76    |
|    learning_rate   | 0.0003   |
|    n_updates       | 97999    |
---------------------------------
---------------------------------
| rollout/           |          |
|    ep_len_mean     | 200      |
|    ep_rew_mean     | 43.7     |
|    success_rate    | 0        |
| time/              |          |
|    episodes        | 544      |
|    fps             | 129      |
|    time_elapsed    | 837      |
|    total_timesteps | 108800   |
| train/             |          |
|    actor_loss      | -22.5    |
|    critic_loss     | 0.00764  |
|    ent_coef        | 0.00401  |
|    ent_coef_loss   | -3.99    |
|    learning_rate   | 0.0003   |
|    n_updates       | 98799    |
---------------------------------
---------------------------------
| rollout/           |          |
|    ep_len_mean     | 200      |
|    ep_rew_mean     | 44       |
|    success_rate    | 0        |
| time/              |          |
|    episodes        | 548      |
|    fps             | 129      |
|    time_elapsed    | 844      |
|    total_timesteps | 109600   |
| train/             |          |
|    actor_loss      | -22.4    |
|    critic_loss     | 0.033    |
|    ent_coef        | 0.00444  |
|    ent_coef_loss   | -1.31    |
|    learning_rate   | 0.0003   |
|    n_updates       | 99599    |
---------------------------------
---------------------------------
| rollout/           |          |
|    ep_len_mean     | 200      |
|    ep_rew_mean     | 44.4     |
|    success_rate    | 0        |
| time/              |          |
|    episodes        | 552      |
|    fps             | 129      |
|    time_elapsed    | 851      |
|    total_timesteps | 110400   |
| train/             |          |
|    actor_loss      | -22.7    |
|    critic_loss     | 0.0177   |
|    ent_coef        | 0.00419  |
|    ent_coef_loss   | 1.43     |
|    learning_rate   | 0.0003   |
|    n_updates       | 100399   |
---------------------------------
---------------------------------
| rollout/           |          |
|    ep_len_mean     | 200      |
|    ep_rew_mean     | 44.6     |
|    success_rate    | 0        |
| time/              |          |
|    episodes        | 556      |
|    fps             | 129      |
|    time_elapsed    | 858      |
|    total_timesteps | 111200   |
| train/             |          |
|    actor_loss      | -22.7    |
|    critic_loss     | 0.0128   |
|    ent_coef        | 0.00384  |
|    ent_coef_loss   | -3.99    |
|    learning_rate   | 0.0003   |
|    n_updates       | 101199   |
---------------------------------
---------------------------------
| rollout/           |          |
|    ep_len_mean     | 200      |
|    ep_rew_mean     | 44.7     |
|    success_rate    | 0        |
| time/              |          |
|    episodes        | 560      |
|    fps             | 129      |
|    time_elapsed    | 866      |
|    total_timesteps | 112000   |
| train/             |          |
|    actor_loss      | -22.7    |
|    critic_loss     | 0.0213   |
|    ent_coef        | 0.00365  |
|    ent_coef_loss   | -0.806   |
|    learning_rate   | 0.0003   |
|    n_updates       | 101999   |
---------------------------------
---------------------------------
| rollout/           |          |
|    ep_len_mean     | 200      |
|    ep_rew_mean     | 44.8     |
|    success_rate    | 0        |
| time/              |          |
|    episodes        | 564      |
|    fps             | 129      |
|    time_elapsed    | 873      |
|    total_timesteps | 112800   |
| train/             |          |
|    actor_loss      | -22.9    |
|    critic_loss     | 0.022    |
|    ent_coef        | 0.00389  |
|    ent_coef_loss   | 0.2      |
|    learning_rate   | 0.0003   |
|    n_updates       | 102799   |
---------------------------------
---------------------------------
| rollout/           |          |
|    ep_len_mean     | 200      |
|    ep_rew_mean     | 45.1     |
|    success_rate    | 0        |
| time/              |          |
|    episodes        | 568      |
|    fps             | 129      |
|    time_elapsed    | 880      |
|    total_timesteps | 113600   |
| train/             |          |
|    actor_loss      | -22.8    |
|    critic_loss     | 0.00621  |
|    ent_coef        | 0.00365  |
|    ent_coef_loss   | 1.99     |
|    learning_rate   | 0.0003   |
|    n_updates       | 103599   |
---------------------------------
---------------------------------
| rollout/           |          |
|    ep_len_mean     | 200      |
|    ep_rew_mean     | 45.6     |
|    success_rate    | 0        |
| time/              |          |
|    episodes        | 572      |
|    fps             | 128      |
|    time_elapsed    | 887      |
|    total_timesteps | 114400   |
| train/             |          |
|    actor_loss      | -22.8    |
|    critic_loss     | 0.0123   |
|    ent_coef        | 0.00404  |
|    ent_coef_loss   | 0.391    |
|    learning_rate   | 0.0003   |
|    n_updates       | 104399   |
---------------------------------
---------------------------------
| rollout/           |          |
|    ep_len_mean     | 200      |
|    ep_rew_mean     | 46.1     |
|    success_rate    | 0        |
| time/              |          |
|    episodes        | 576      |
|    fps             | 128      |
|    time_elapsed    | 894      |
|    total_timesteps | 115200   |
| train/             |          |
|    actor_loss      | -22.9    |
|    critic_loss     | 0.00864  |
|    ent_coef        | 0.00428  |
|    ent_coef_loss   | -3.27    |
|    learning_rate   | 0.0003   |
|    n_updates       | 105199   |
---------------------------------
---------------------------------
| rollout/           |          |
|    ep_len_mean     | 200      |
|    ep_rew_mean     | 46.2     |
|    success_rate    | 0        |
| time/              |          |
|    episodes        | 580      |
|    fps             | 128      |
|    time_elapsed    | 901      |
|    total_timesteps | 116000   |
| train/             |          |
|    actor_loss      | -22.9    |
|    critic_loss     | 0.0491   |
|    ent_coef        | 0.00423  |
|    ent_coef_loss   | 2.79     |
|    learning_rate   | 0.0003   |
|    n_updates       | 105999   |
---------------------------------
---------------------------------
| rollout/           |          |
|    ep_len_mean     | 200      |
|    ep_rew_mean     | 46       |
|    success_rate    | 0        |
| time/              |          |
|    episodes        | 584      |
|    fps             | 128      |
|    time_elapsed    | 908      |
|    total_timesteps | 116800   |
| train/             |          |
|    actor_loss      | -22.8    |
|    critic_loss     | 0.0166   |
|    ent_coef        | 0.00419  |
|    ent_coef_loss   | -6.34    |
|    learning_rate   | 0.0003   |
|    n_updates       | 106799   |
---------------------------------
---------------------------------
| rollout/           |          |
|    ep_len_mean     | 200      |
|    ep_rew_mean     | 46.2     |
|    success_rate    | 0        |
| time/              |          |
|    episodes        | 588      |
|    fps             | 128      |
|    time_elapsed    | 916      |
|    total_timesteps | 117600   |
| train/             |          |
|    actor_loss      | -22.9    |
|    critic_loss     | 0.0194   |
|    ent_coef        | 0.00467  |
|    ent_coef_loss   | 2.96     |
|    learning_rate   | 0.0003   |
|    n_updates       | 107599   |
---------------------------------
---------------------------------
| rollout/           |          |
|    ep_len_mean     | 200      |
|    ep_rew_mean     | 46.5     |
|    success_rate    | 0        |
| time/              |          |
|    episodes        | 592      |
|    fps             | 128      |
|    time_elapsed    | 923      |
|    total_timesteps | 118400   |
| train/             |          |
|    actor_loss      | -22.7    |
|    critic_loss     | 0.0175   |
|    ent_coef        | 0.00439  |
|    ent_coef_loss   | 7.43     |
|    learning_rate   | 0.0003   |
|    n_updates       | 108399   |
---------------------------------
---------------------------------
| rollout/           |          |
|    ep_len_mean     | 200      |
|    ep_rew_mean     | 47.2     |
|    success_rate    | 0        |
| time/              |          |
|    episodes        | 596      |
|    fps             | 128      |
|    time_elapsed    | 930      |
|    total_timesteps | 119200   |
| train/             |          |
|    actor_loss      | -23      |
|    critic_loss     | 0.00753  |
|    ent_coef        | 0.00433  |
|    ent_coef_loss   | 2.76     |
|    learning_rate   | 0.0003   |
|    n_updates       | 109199   |
---------------------------------
---------------------------------
| rollout/           |          |
|    ep_len_mean     | 200      |
|    ep_rew_mean     | 47.3     |
|    success_rate    | 0        |
| time/              |          |
|    episodes        | 600      |
|    fps             | 128      |
|    time_elapsed    | 937      |
|    total_timesteps | 120000   |
| train/             |          |
|    actor_loss      | -23      |
|    critic_loss     | 0.0139   |
|    ent_coef        | 0.00474  |
|    ent_coef_loss   | -0.592   |
|    learning_rate   | 0.0003   |
|    n_updates       | 109999   |
---------------------------------
---------------------------------
| rollout/           |          |
|    ep_len_mean     | 200      |
|    ep_rew_mean     | 47.7     |
|    success_rate    | 0        |
| time/              |          |
|    episodes        | 604      |
|    fps             | 127      |
|    time_elapsed    | 944      |
|    total_timesteps | 120800   |
| train/             |          |
|    actor_loss      | -23.4    |
|    critic_loss     | 0.0166   |
|    ent_coef        | 0.00428  |
|    ent_coef_loss   | -4.39    |
|    learning_rate   | 0.0003   |
|    n_updates       | 110799   |
---------------------------------
---------------------------------
| rollout/           |          |
|    ep_len_mean     | 200      |
|    ep_rew_mean     | 49.9     |
|    success_rate    | 0        |
| time/              |          |
|    episodes        | 608      |
|    fps             | 127      |
|    time_elapsed    | 951      |
|    total_timesteps | 121600   |
| train/             |          |
|    actor_loss      | -23.3    |
|    critic_loss     | 0.0125   |
|    ent_coef        | 0.00423  |
|    ent_coef_loss   | -1.54    |
|    learning_rate   | 0.0003   |
|    n_updates       | 111599   |
---------------------------------
---------------------------------
| rollout/           |          |
|    ep_len_mean     | 200      |
|    ep_rew_mean     | 51.3     |
|    success_rate    | 0        |
| time/              |          |
|    episodes        | 612      |
|    fps             | 127      |
|    time_elapsed    | 958      |
|    total_timesteps | 122400   |
| train/             |          |
|    actor_loss      | -23.4    |
|    critic_loss     | 0.114    |
|    ent_coef        | 0.00446  |
|    ent_coef_loss   | -4.68    |
|    learning_rate   | 0.0003   |
|    n_updates       | 112399   |
---------------------------------
---------------------------------
| rollout/           |          |
|    ep_len_mean     | 200      |
|    ep_rew_mean     | 52.8     |
|    success_rate    | 0        |
| time/              |          |
|    episodes        | 616      |
|    fps             | 127      |
|    time_elapsed    | 965      |
|    total_timesteps | 123200   |
| train/             |          |
|    actor_loss      | -23.3    |
|    critic_loss     | 0.0183   |
|    ent_coef        | 0.00479  |
|    ent_coef_loss   | 5.06     |
|    learning_rate   | 0.0003   |
|    n_updates       | 113199   |
---------------------------------
---------------------------------
| rollout/           |          |
|    ep_len_mean     | 200      |
|    ep_rew_mean     | 57.2     |
|    success_rate    | 0        |
| time/              |          |
|    episodes        | 620      |
|    fps             | 127      |
|    time_elapsed    | 972      |
|    total_timesteps | 124000   |
| train/             |          |
|    actor_loss      | -23.9    |
|    critic_loss     | 0.135    |
|    ent_coef        | 0.00639  |
|    ent_coef_loss   | 5.23     |
|    learning_rate   | 0.0003   |
|    n_updates       | 113999   |
---------------------------------
---------------------------------
| rollout/           |          |
|    ep_len_mean     | 200      |
|    ep_rew_mean     | 59.7     |
|    success_rate    | 0        |
| time/              |          |
|    episodes        | 624      |
|    fps             | 127      |
|    time_elapsed    | 979      |
|    total_timesteps | 124800   |
| train/             |          |
|    actor_loss      | -23.8    |
|    critic_loss     | 0.0246   |
|    ent_coef        | 0.00767  |
|    ent_coef_loss   | 3.65     |
|    learning_rate   | 0.0003   |
|    n_updates       | 114799   |
---------------------------------
Eval num_timesteps=125000, episode_reward=41.79 +/- 1.73
Episode length: 200.00 +/- 0.00
Success rate: 0.00%
---------------------------------
| eval/              |          |
|    mean_ep_length  | 200      |
|    mean_reward     | 41.8     |
|    success_rate    | 0        |
| time/              |          |
|    total_timesteps | 125000   |
| train/             |          |
|    actor_loss      | -23.8    |
|    critic_loss     | 0.0395   |
|    ent_coef        | 0.00802  |
|    ent_coef_loss   | 3.1      |
|    learning_rate   | 0.0003   |
|    n_updates       | 114999   |
---------------------------------
---------------------------------
| rollout/           |          |
|    ep_len_mean     | 200      |
|    ep_rew_mean     | 60       |
|    success_rate    | 0        |
| time/              |          |
|    episodes        | 628      |
|    fps             | 127      |
|    time_elapsed    | 988      |
|    total_timesteps | 125600   |
| train/             |          |
|    actor_loss      | -24.2    |
|    critic_loss     | 0.108    |
|    ent_coef        | 0.00913  |
|    ent_coef_loss   | 4.29     |
|    learning_rate   | 0.0003   |
|    n_updates       | 115599   |
---------------------------------
---------------------------------
| rollout/           |          |
|    ep_len_mean     | 200      |
|    ep_rew_mean     | 59.9     |
|    success_rate    | 0        |
| time/              |          |
|    episodes        | 632      |
|    fps             | 127      |
|    time_elapsed    | 994      |
|    total_timesteps | 126400   |
| train/             |          |
|    actor_loss      | -24.3    |
|    critic_loss     | 0.23     |
|    ent_coef        | 0.0101   |
|    ent_coef_loss   | -1.16    |
|    learning_rate   | 0.0003   |
|    n_updates       | 116399   |
---------------------------------
---------------------------------
| rollout/           |          |
|    ep_len_mean     | 200      |
|    ep_rew_mean     | 59.9     |
|    success_rate    | 0        |
| time/              |          |
|    episodes        | 636      |
|    fps             | 126      |
|    time_elapsed    | 1002     |
|    total_timesteps | 127200   |
| train/             |          |
|    actor_loss      | -24.6    |
|    critic_loss     | 0.105    |
|    ent_coef        | 0.00973  |
|    ent_coef_loss   | 3.11     |
|    learning_rate   | 0.0003   |
|    n_updates       | 117199   |
---------------------------------
---------------------------------
| rollout/           |          |
|    ep_len_mean     | 200      |
|    ep_rew_mean     | 62.6     |
|    success_rate    | 0        |
| time/              |          |
|    episodes        | 640      |
|    fps             | 126      |
|    time_elapsed    | 1009     |
|    total_timesteps | 128000   |
| train/             |          |
|    actor_loss      | -25      |
|    critic_loss     | 0.054    |
|    ent_coef        | 0.00886  |
|    ent_coef_loss   | 0.0415   |
|    learning_rate   | 0.0003   |
|    n_updates       | 117999   |
---------------------------------
---------------------------------
| rollout/           |          |
|    ep_len_mean     | 200      |
|    ep_rew_mean     | 68.2     |
|    success_rate    | 0        |
| time/              |          |
|    episodes        | 644      |
|    fps             | 126      |
|    time_elapsed    | 1016     |
|    total_timesteps | 128800   |
| train/             |          |
|    actor_loss      | -24.8    |
|    critic_loss     | 0.175    |
|    ent_coef        | 0.00841  |
|    ent_coef_loss   | 11.5     |
|    learning_rate   | 0.0003   |
|    n_updates       | 118799   |
---------------------------------
---------------------------------
| rollout/           |          |
|    ep_len_mean     | 200      |
|    ep_rew_mean     | 73.8     |
|    success_rate    | 0        |
| time/              |          |
|    episodes        | 648      |
|    fps             | 126      |
|    time_elapsed    | 1023     |
|    total_timesteps | 129600   |
| train/             |          |
|    actor_loss      | -25.4    |
|    critic_loss     | 0.0336   |
|    ent_coef        | 0.0106   |
|    ent_coef_loss   | 0.87     |
|    learning_rate   | 0.0003   |
|    n_updates       | 119599   |
---------------------------------
---------------------------------
| rollout/           |          |
|    ep_len_mean     | 200      |
|    ep_rew_mean     | 75       |
|    success_rate    | 0        |
| time/              |          |
|    episodes        | 652      |
|    fps             | 126      |
|    time_elapsed    | 1030     |
|    total_timesteps | 130400   |
| train/             |          |
|    actor_loss      | -26.1    |
|    critic_loss     | 0.0581   |
|    ent_coef        | 0.0117   |
|    ent_coef_loss   | 2.5      |
|    learning_rate   | 0.0003   |
|    n_updates       | 120399   |
---------------------------------
---------------------------------
| rollout/           |          |
|    ep_len_mean     | 200      |
|    ep_rew_mean     | 77.8     |
|    success_rate    | 0        |
| time/              |          |
|    episodes        | 656      |
|    fps             | 126      |
|    time_elapsed    | 1037     |
|    total_timesteps | 131200   |
| train/             |          |
|    actor_loss      | -26.4    |
|    critic_loss     | 0.0565   |
|    ent_coef        | 0.0118   |
|    ent_coef_loss   | -5.57    |
|    learning_rate   | 0.0003   |
|    n_updates       | 121199   |
---------------------------------
---------------------------------
| rollout/           |          |
|    ep_len_mean     | 200      |
|    ep_rew_mean     | 82.2     |
|    success_rate    | 0        |
| time/              |          |
|    episodes        | 660      |
|    fps             | 126      |
|    time_elapsed    | 1044     |
|    total_timesteps | 132000   |
| train/             |          |
|    actor_loss      | -27      |
|    critic_loss     | 0.541    |
|    ent_coef        | 0.0137   |
|    ent_coef_loss   | 7.9      |
|    learning_rate   | 0.0003   |
|    n_updates       | 121999   |
---------------------------------
---------------------------------
| rollout/           |          |
|    ep_len_mean     | 200      |
|    ep_rew_mean     | 89       |
|    success_rate    | 0        |
| time/              |          |
|    episodes        | 664      |
|    fps             | 126      |
|    time_elapsed    | 1051     |
|    total_timesteps | 132800   |
| train/             |          |
|    actor_loss      | -27.8    |
|    critic_loss     | 0.0527   |
|    ent_coef        | 0.0166   |
|    ent_coef_loss   | 4.03     |
|    learning_rate   | 0.0003   |
|    n_updates       | 122799   |
---------------------------------
---------------------------------
| rollout/           |          |
|    ep_len_mean     | 200      |
|    ep_rew_mean     | 94.2     |
|    success_rate    | 0        |
| time/              |          |
|    episodes        | 668      |
|    fps             | 126      |
|    time_elapsed    | 1058     |
|    total_timesteps | 133600   |
| train/             |          |
|    actor_loss      | -28.4    |
|    critic_loss     | 0.175    |
|    ent_coef        | 0.0192   |
|    ent_coef_loss   | 1.89     |
|    learning_rate   | 0.0003   |
|    n_updates       | 123599   |
---------------------------------
---------------------------------
| rollout/           |          |
|    ep_len_mean     | 200      |
|    ep_rew_mean     | 101      |
|    success_rate    | 0        |
| time/              |          |
|    episodes        | 672      |
|    fps             | 126      |
|    time_elapsed    | 1065     |
|    total_timesteps | 134400   |
| train/             |          |
|    actor_loss      | -28.7    |
|    critic_loss     | 0.228    |
|    ent_coef        | 0.021    |
|    ent_coef_loss   | 0.551    |
|    learning_rate   | 0.0003   |
|    n_updates       | 124399   |
---------------------------------
---------------------------------
| rollout/           |          |
|    ep_len_mean     | 200      |
|    ep_rew_mean     | 108      |
|    success_rate    | 0        |
| time/              |          |
|    episodes        | 676      |
|    fps             | 126      |
|    time_elapsed    | 1072     |
|    total_timesteps | 135200   |
| train/             |          |
|    actor_loss      | -29.6    |
|    critic_loss     | 0.899    |
|    ent_coef        | 0.0227   |
|    ent_coef_loss   | 1.22     |
|    learning_rate   | 0.0003   |
|    n_updates       | 125199   |
---------------------------------
---------------------------------
| rollout/           |          |
|    ep_len_mean     | 200      |
|    ep_rew_mean     | 115      |
|    success_rate    | 0        |
| time/              |          |
|    episodes        | 680      |
|    fps             | 125      |
|    time_elapsed    | 1080     |
|    total_timesteps | 136000   |
| train/             |          |
|    actor_loss      | -31.2    |
|    critic_loss     | 0.0666   |
|    ent_coef        | 0.0264   |
|    ent_coef_loss   | 1.79     |
|    learning_rate   | 0.0003   |
|    n_updates       | 125999   |
---------------------------------
---------------------------------
| rollout/           |          |
|    ep_len_mean     | 200      |
|    ep_rew_mean     | 123      |
|    success_rate    | 0        |
| time/              |          |
|    episodes        | 684      |
|    fps             | 125      |
|    time_elapsed    | 1087     |
|    total_timesteps | 136800   |
| train/             |          |
|    actor_loss      | -31.9    |
|    critic_loss     | 0.12     |
|    ent_coef        | 0.0285   |
|    ent_coef_loss   | 0.465    |
|    learning_rate   | 0.0003   |
|    n_updates       | 126799   |
---------------------------------
---------------------------------
| rollout/           |          |
|    ep_len_mean     | 200      |
|    ep_rew_mean     | 128      |
|    success_rate    | 0        |
| time/              |          |
|    episodes        | 688      |
|    fps             | 125      |
|    time_elapsed    | 1094     |
|    total_timesteps | 137600   |
| train/             |          |
|    actor_loss      | -32.8    |
|    critic_loss     | 0.0638   |
|    ent_coef        | 0.0286   |
|    ent_coef_loss   | -0.218   |
|    learning_rate   | 0.0003   |
|    n_updates       | 127599   |
---------------------------------
---------------------------------
| rollout/           |          |
|    ep_len_mean     | 200      |
|    ep_rew_mean     | 137      |
|    success_rate    | 0        |
| time/              |          |
|    episodes        | 692      |
|    fps             | 125      |
|    time_elapsed    | 1101     |
|    total_timesteps | 138400   |
| train/             |          |
|    actor_loss      | -34.3    |
|    critic_loss     | 0.0651   |
|    ent_coef        | 0.0325   |
|    ent_coef_loss   | 0.689    |
|    learning_rate   | 0.0003   |
|    n_updates       | 128399   |
---------------------------------
---------------------------------
| rollout/           |          |
|    ep_len_mean     | 200      |
|    ep_rew_mean     | 143      |
|    success_rate    | 0        |
| time/              |          |
|    episodes        | 696      |
|    fps             | 125      |
|    time_elapsed    | 1108     |
|    total_timesteps | 139200   |
| train/             |          |
|    actor_loss      | -35.6    |
|    critic_loss     | 0.742    |
|    ent_coef        | 0.0294   |
|    ent_coef_loss   | 2.1      |
|    learning_rate   | 0.0003   |
|    n_updates       | 129199   |
---------------------------------
---------------------------------
| rollout/           |          |
|    ep_len_mean     | 200      |
|    ep_rew_mean     | 150      |
|    success_rate    | 0        |
| time/              |          |
|    episodes        | 700      |
|    fps             | 125      |
|    time_elapsed    | 1115     |
|    total_timesteps | 140000   |
| train/             |          |
|    actor_loss      | -35.9    |
|    critic_loss     | 0.304    |
|    ent_coef        | 0.0332   |
|    ent_coef_loss   | 1.22     |
|    learning_rate   | 0.0003   |
|    n_updates       | 129999   |
---------------------------------
---------------------------------
| rollout/           |          |
|    ep_len_mean     | 200      |
|    ep_rew_mean     | 156      |
|    success_rate    | 0        |
| time/              |          |
|    episodes        | 704      |
|    fps             | 125      |
|    time_elapsed    | 1122     |
|    total_timesteps | 140800   |
| train/             |          |
|    actor_loss      | -36.7    |
|    critic_loss     | 0.105    |
|    ent_coef        | 0.0311   |
|    ent_coef_loss   | -3.3     |
|    learning_rate   | 0.0003   |
|    n_updates       | 130799   |
---------------------------------
---------------------------------
| rollout/           |          |
|    ep_len_mean     | 200      |
|    ep_rew_mean     | 159      |
|    success_rate    | 0        |
| time/              |          |
|    episodes        | 708      |
|    fps             | 125      |
|    time_elapsed    | 1129     |
|    total_timesteps | 141600   |
| train/             |          |
|    actor_loss      | -38.5    |
|    critic_loss     | 0.324    |
|    ent_coef        | 0.0296   |
|    ent_coef_loss   | -1.53    |
|    learning_rate   | 0.0003   |
|    n_updates       | 131599   |
---------------------------------
---------------------------------
| rollout/           |          |
|    ep_len_mean     | 200      |
|    ep_rew_mean     | 164      |
|    success_rate    | 0        |
| time/              |          |
|    episodes        | 712      |
|    fps             | 125      |
|    time_elapsed    | 1137     |
|    total_timesteps | 142400   |
| train/             |          |
|    actor_loss      | -38.2    |
|    critic_loss     | 0.181    |
|    ent_coef        | 0.0295   |
|    ent_coef_loss   | 5.29e-05 |
|    learning_rate   | 0.0003   |
|    n_updates       | 132399   |
---------------------------------
---------------------------------
| rollout/           |          |
|    ep_len_mean     | 200      |
|    ep_rew_mean     | 167      |
|    success_rate    | 0        |
| time/              |          |
|    episodes        | 716      |
|    fps             | 125      |
|    time_elapsed    | 1144     |
|    total_timesteps | 143200   |
| train/             |          |
|    actor_loss      | -40.8    |
|    critic_loss     | 0.697    |
|    ent_coef        | 0.0296   |
|    ent_coef_loss   | 0.779    |
|    learning_rate   | 0.0003   |
|    n_updates       | 133199   |
---------------------------------
---------------------------------
| rollout/           |          |
|    ep_len_mean     | 200      |
|    ep_rew_mean     | 169      |
|    success_rate    | 0        |
| time/              |          |
|    episodes        | 720      |
|    fps             | 125      |
|    time_elapsed    | 1151     |
|    total_timesteps | 144000   |
| train/             |          |
|    actor_loss      | -40.5    |
|    critic_loss     | 0.0817   |
|    ent_coef        | 0.0275   |
|    ent_coef_loss   | 2.65     |
|    learning_rate   | 0.0003   |
|    n_updates       | 133999   |
---------------------------------
---------------------------------
| rollout/           |          |
|    ep_len_mean     | 200      |
|    ep_rew_mean     | 170      |
|    success_rate    | 0        |
| time/              |          |
|    episodes        | 724      |
|    fps             | 124      |
|    time_elapsed    | 1158     |
|    total_timesteps | 144800   |
| train/             |          |
|    actor_loss      | -42      |
|    critic_loss     | 0.23     |
|    ent_coef        | 0.0274   |
|    ent_coef_loss   | -3.16    |
|    learning_rate   | 0.0003   |
|    n_updates       | 134799   |
---------------------------------
---------------------------------
| rollout/           |          |
|    ep_len_mean     | 200      |
|    ep_rew_mean     | 178      |
|    success_rate    | 0        |
| time/              |          |
|    episodes        | 728      |
|    fps             | 124      |
|    time_elapsed    | 1165     |
|    total_timesteps | 145600   |
| train/             |          |
|    actor_loss      | -44.7    |
|    critic_loss     | 0.176    |
|    ent_coef        | 0.0247   |
|    ent_coef_loss   | 2.8      |
|    learning_rate   | 0.0003   |
|    n_updates       | 135599   |
---------------------------------
---------------------------------
| rollout/           |          |
|    ep_len_mean     | 200      |
|    ep_rew_mean     | 184      |
|    success_rate    | 0        |
| time/              |          |
|    episodes        | 732      |
|    fps             | 124      |
|    time_elapsed    | 1172     |
|    total_timesteps | 146400   |
| train/             |          |
|    actor_loss      | -43.4    |
|    critic_loss     | 0.252    |
|    ent_coef        | 0.0265   |
|    ent_coef_loss   | -0.0717  |
|    learning_rate   | 0.0003   |
|    n_updates       | 136399   |
---------------------------------
---------------------------------
| rollout/           |          |
|    ep_len_mean     | 200      |
|    ep_rew_mean     | 190      |
|    success_rate    | 0        |
| time/              |          |
|    episodes        | 736      |
|    fps             | 124      |
|    time_elapsed    | 1179     |
|    total_timesteps | 147200   |
| train/             |          |
|    actor_loss      | -46.8    |
|    critic_loss     | 0.359    |
|    ent_coef        | 0.0252   |
|    ent_coef_loss   | -0.412   |
|    learning_rate   | 0.0003   |
|    n_updates       | 137199   |
---------------------------------
---------------------------------
| rollout/           |          |
|    ep_len_mean     | 200      |
|    ep_rew_mean     | 196      |
|    success_rate    | 0        |
| time/              |          |
|    episodes        | 740      |
|    fps             | 124      |
|    time_elapsed    | 1186     |
|    total_timesteps | 148000   |
| train/             |          |
|    actor_loss      | -46.2    |
|    critic_loss     | 0.647    |
|    ent_coef        | 0.0258   |
|    ent_coef_loss   | -1.15    |
|    learning_rate   | 0.0003   |
|    n_updates       | 137999   |
---------------------------------
---------------------------------
| rollout/           |          |
|    ep_len_mean     | 200      |
|    ep_rew_mean     | 195      |
|    success_rate    | 0        |
| time/              |          |
|    episodes        | 744      |
|    fps             | 124      |
|    time_elapsed    | 1193     |
|    total_timesteps | 148800   |
| train/             |          |
|    actor_loss      | -48      |
|    critic_loss     | 0.343    |
|    ent_coef        | 0.0266   |
|    ent_coef_loss   | 1.09     |
|    learning_rate   | 0.0003   |
|    n_updates       | 138799   |
---------------------------------
---------------------------------
| rollout/           |          |
|    ep_len_mean     | 200      |
|    ep_rew_mean     | 196      |
|    success_rate    | 0        |
| time/              |          |
|    episodes        | 748      |
|    fps             | 124      |
|    time_elapsed    | 1200     |
|    total_timesteps | 149600   |
| train/             |          |
|    actor_loss      | -50.1    |
|    critic_loss     | 0.556    |
|    ent_coef        | 0.0296   |
|    ent_coef_loss   | -0.0644  |
|    learning_rate   | 0.0003   |
|    n_updates       | 139599   |
---------------------------------
Eval num_timesteps=150000, episode_reward=287.98 +/- 39.11
Episode length: 200.00 +/- 0.00
Success rate: 0.00%
---------------------------------
| eval/              |          |
|    mean_ep_length  | 200      |
|    mean_reward     | 288      |
|    success_rate    | 0        |
| time/              |          |
|    total_timesteps | 150000   |
| train/             |          |
|    actor_loss      | -51.1    |
|    critic_loss     | 0.418    |
|    ent_coef        | 0.0287   |
|    ent_coef_loss   | -1.23    |
|    learning_rate   | 0.0003   |
|    n_updates       | 139999   |
---------------------------------
New best mean reward!
---------------------------------
| rollout/           |          |
|    ep_len_mean     | 200      |
|    ep_rew_mean     | 202      |
|    success_rate    | 0        |
| time/              |          |
|    episodes        | 752      |
|    fps             | 124      |
|    time_elapsed    | 1209     |
|    total_timesteps | 150400   |
| train/             |          |
|    actor_loss      | -51.3    |
|    critic_loss     | 0.205    |
|    ent_coef        | 0.0261   |
|    ent_coef_loss   | -0.565   |
|    learning_rate   | 0.0003   |
|    n_updates       | 140399   |
---------------------------------
---------------------------------
| rollout/           |          |
|    ep_len_mean     | 200      |
|    ep_rew_mean     | 207      |
|    success_rate    | 0        |
| time/              |          |
|    episodes        | 756      |
|    fps             | 124      |
|    time_elapsed    | 1216     |
|    total_timesteps | 151200   |
| train/             |          |
|    actor_loss      | -50.2    |
|    critic_loss     | 0.573    |
|    ent_coef        | 0.0251   |
|    ent_coef_loss   | 0.358    |
|    learning_rate   | 0.0003   |
|    n_updates       | 141199   |
---------------------------------
---------------------------------
| rollout/           |          |
|    ep_len_mean     | 200      |
|    ep_rew_mean     | 209      |
|    success_rate    | 0        |
| time/              |          |
|    episodes        | 760      |
|    fps             | 124      |
|    time_elapsed    | 1224     |
|    total_timesteps | 152000   |
| train/             |          |
|    actor_loss      | -51.8    |
|    critic_loss     | 0.424    |
|    ent_coef        | 0.0242   |
|    ent_coef_loss   | -0.953   |
|    learning_rate   | 0.0003   |
|    n_updates       | 141999   |
---------------------------------
---------------------------------
| rollout/           |          |
|    ep_len_mean     | 200      |
|    ep_rew_mean     | 211      |
|    success_rate    | 0        |
| time/              |          |
|    episodes        | 764      |
|    fps             | 124      |
|    time_elapsed    | 1231     |
|    total_timesteps | 152800   |
| train/             |          |
|    actor_loss      | -52      |
|    critic_loss     | 0.234    |
|    ent_coef        | 0.0255   |
|    ent_coef_loss   | -1.02    |
|    learning_rate   | 0.0003   |
|    n_updates       | 142799   |
---------------------------------
---------------------------------
| rollout/           |          |
|    ep_len_mean     | 200      |
|    ep_rew_mean     | 208      |
|    success_rate    | 0        |
| time/              |          |
|    episodes        | 768      |
|    fps             | 123      |
|    time_elapsed    | 1239     |
|    total_timesteps | 153600   |
| train/             |          |
|    actor_loss      | -54.3    |
|    critic_loss     | 0.873    |
|    ent_coef        | 0.0264   |
|    ent_coef_loss   | 0.104    |
|    learning_rate   | 0.0003   |
|    n_updates       | 143599   |
---------------------------------
---------------------------------
| rollout/           |          |
|    ep_len_mean     | 200      |
|    ep_rew_mean     | 206      |
|    success_rate    | 0        |
| time/              |          |
|    episodes        | 772      |
|    fps             | 123      |
|    time_elapsed    | 1246     |
|    total_timesteps | 154400   |
| train/             |          |
|    actor_loss      | -54.1    |
|    critic_loss     | 1.17     |
|    ent_coef        | 0.0261   |
|    ent_coef_loss   | -0.499   |
|    learning_rate   | 0.0003   |
|    n_updates       | 144399   |
---------------------------------
---------------------------------
| rollout/           |          |
|    ep_len_mean     | 200      |
|    ep_rew_mean     | 203      |
|    success_rate    | 0        |
| time/              |          |
|    episodes        | 776      |
|    fps             | 123      |
|    time_elapsed    | 1253     |
|    total_timesteps | 155200   |
| train/             |          |
|    actor_loss      | -56      |
|    critic_loss     | 0.698    |
|    ent_coef        | 0.0277   |
|    ent_coef_loss   | 0.65     |
|    learning_rate   | 0.0003   |
|    n_updates       | 145199   |
---------------------------------
---------------------------------
| rollout/           |          |
|    ep_len_mean     | 200      |
|    ep_rew_mean     | 203      |
|    success_rate    | 0        |
| time/              |          |
|    episodes        | 780      |
|    fps             | 123      |
|    time_elapsed    | 1260     |
|    total_timesteps | 156000   |
| train/             |          |
|    actor_loss      | -56.8    |
|    critic_loss     | 0.299    |
|    ent_coef        | 0.031    |
|    ent_coef_loss   | 0.506    |
|    learning_rate   | 0.0003   |
|    n_updates       | 145999   |
---------------------------------
---------------------------------
| rollout/           |          |
|    ep_len_mean     | 200      |
|    ep_rew_mean     | 210      |
|    success_rate    | 0        |
| time/              |          |
|    episodes        | 784      |
|    fps             | 123      |
|    time_elapsed    | 1268     |
|    total_timesteps | 156800   |
| train/             |          |
|    actor_loss      | -58.2    |
|    critic_loss     | 0.522    |
|    ent_coef        | 0.0367   |
|    ent_coef_loss   | 2.75     |
|    learning_rate   | 0.0003   |
|    n_updates       | 146799   |
---------------------------------
---------------------------------
| rollout/           |          |
|    ep_len_mean     | 200      |
|    ep_rew_mean     | 219      |
|    success_rate    | 0        |
| time/              |          |
|    episodes        | 788      |
|    fps             | 123      |
|    time_elapsed    | 1275     |
|    total_timesteps | 157600   |
| train/             |          |
|    actor_loss      | -59.6    |
|    critic_loss     | 0.922    |
|    ent_coef        | 0.0434   |
|    ent_coef_loss   | 0.191    |
|    learning_rate   | 0.0003   |
|    n_updates       | 147599   |
---------------------------------
---------------------------------
| rollout/           |          |
|    ep_len_mean     | 200      |
|    ep_rew_mean     | 218      |
|    success_rate    | 0        |
| time/              |          |
|    episodes        | 792      |
|    fps             | 123      |
|    time_elapsed    | 1282     |
|    total_timesteps | 158400   |
| train/             |          |
|    actor_loss      | -59.2    |
|    critic_loss     | 1.65     |
|    ent_coef        | 0.0388   |
|    ent_coef_loss   | 1.12     |
|    learning_rate   | 0.0003   |
|    n_updates       | 148399   |
---------------------------------
---------------------------------
| rollout/           |          |
|    ep_len_mean     | 200      |
|    ep_rew_mean     | 219      |
|    success_rate    | 0        |
| time/              |          |
|    episodes        | 796      |
|    fps             | 123      |
|    time_elapsed    | 1289     |
|    total_timesteps | 159200   |
| train/             |          |
|    actor_loss      | -59.2    |
|    critic_loss     | 1.63     |
|    ent_coef        | 0.0381   |
|    ent_coef_loss   | 0.25     |
|    learning_rate   | 0.0003   |
|    n_updates       | 149199   |
---------------------------------
---------------------------------
| rollout/           |          |
|    ep_len_mean     | 200      |
|    ep_rew_mean     | 212      |
|    success_rate    | 0        |
| time/              |          |
|    episodes        | 800      |
|    fps             | 123      |
|    time_elapsed    | 1296     |
|    total_timesteps | 160000   |
| train/             |          |
|    actor_loss      | -62.4    |
|    critic_loss     | 1.34     |
|    ent_coef        | 0.0322   |
|    ent_coef_loss   | -2.03    |
|    learning_rate   | 0.0003   |
|    n_updates       | 149999   |
---------------------------------
---------------------------------
| rollout/           |          |
|    ep_len_mean     | 200      |
|    ep_rew_mean     | 215      |
|    success_rate    | 0        |
| time/              |          |
|    episodes        | 804      |
|    fps             | 123      |
|    time_elapsed    | 1303     |
|    total_timesteps | 160800   |
| train/             |          |
|    actor_loss      | -64.1    |
|    critic_loss     | 1.94     |
|    ent_coef        | 0.0338   |
|    ent_coef_loss   | 1.82     |
|    learning_rate   | 0.0003   |
|    n_updates       | 150799   |
---------------------------------
---------------------------------
| rollout/           |          |
|    ep_len_mean     | 200      |
|    ep_rew_mean     | 227      |
|    success_rate    | 0        |
| time/              |          |
|    episodes        | 808      |
|    fps             | 123      |
|    time_elapsed    | 1310     |
|    total_timesteps | 161600   |
| train/             |          |
|    actor_loss      | -66.5    |
|    critic_loss     | 1.21     |
|    ent_coef        | 0.0366   |
|    ent_coef_loss   | 0.182    |
|    learning_rate   | 0.0003   |
|    n_updates       | 151599   |
---------------------------------
---------------------------------
| rollout/           |          |
|    ep_len_mean     | 200      |
|    ep_rew_mean     | 221      |
|    success_rate    | 0        |
| time/              |          |
|    episodes        | 812      |
|    fps             | 123      |
|    time_elapsed    | 1317     |
|    total_timesteps | 162400   |
| train/             |          |
|    actor_loss      | -67.1    |
|    critic_loss     | 1.69     |
|    ent_coef        | 0.0403   |
|    ent_coef_loss   | 1.18     |
|    learning_rate   | 0.0003   |
|    n_updates       | 152399   |
---------------------------------
---------------------------------
| rollout/           |          |
|    ep_len_mean     | 200      |
|    ep_rew_mean     | 224      |
|    success_rate    | 0        |
| time/              |          |
|    episodes        | 816      |
|    fps             | 123      |
|    time_elapsed    | 1324     |
|    total_timesteps | 163200   |
| train/             |          |
|    actor_loss      | -69.1    |
|    critic_loss     | 0.706    |
|    ent_coef        | 0.0466   |
|    ent_coef_loss   | 0.884    |
|    learning_rate   | 0.0003   |
|    n_updates       | 153199   |
---------------------------------
---------------------------------
| rollout/           |          |
|    ep_len_mean     | 200      |
|    ep_rew_mean     | 218      |
|    success_rate    | 0        |
| time/              |          |
|    episodes        | 820      |
|    fps             | 123      |
|    time_elapsed    | 1331     |
|    total_timesteps | 164000   |
| train/             |          |
|    actor_loss      | -71.8    |
|    critic_loss     | 3.22     |
|    ent_coef        | 0.049    |
|    ent_coef_loss   | 0.639    |
|    learning_rate   | 0.0003   |
|    n_updates       | 153999   |
---------------------------------
---------------------------------
| rollout/           |          |
|    ep_len_mean     | 200      |
|    ep_rew_mean     | 223      |
|    success_rate    | 0        |
| time/              |          |
|    episodes        | 824      |
|    fps             | 123      |
|    time_elapsed    | 1338     |
|    total_timesteps | 164800   |
| train/             |          |
|    actor_loss      | -75.9    |
|    critic_loss     | 1.29     |
|    ent_coef        | 0.0467   |
|    ent_coef_loss   | -1.62    |
|    learning_rate   | 0.0003   |
|    n_updates       | 154799   |
---------------------------------
---------------------------------
| rollout/           |          |
|    ep_len_mean     | 200      |
|    ep_rew_mean     | 214      |
|    success_rate    | 0        |
| time/              |          |
|    episodes        | 828      |
|    fps             | 123      |
|    time_elapsed    | 1345     |
|    total_timesteps | 165600   |
| train/             |          |
|    actor_loss      | -72.1    |
|    critic_loss     | 3.55     |
|    ent_coef        | 0.0488   |
|    ent_coef_loss   | -0.27    |
|    learning_rate   | 0.0003   |
|    n_updates       | 155599   |
---------------------------------
---------------------------------
| rollout/           |          |
|    ep_len_mean     | 200      |
|    ep_rew_mean     | 217      |
|    success_rate    | 0        |
| time/              |          |
|    episodes        | 832      |
|    fps             | 123      |
|    time_elapsed    | 1352     |
|    total_timesteps | 166400   |
| train/             |          |
|    actor_loss      | -77.2    |
|    critic_loss     | 4.84     |
|    ent_coef        | 0.0498   |
|    ent_coef_loss   | 0.119    |
|    learning_rate   | 0.0003   |
|    n_updates       | 156399   |
---------------------------------
---------------------------------
| rollout/           |          |
|    ep_len_mean     | 200      |
|    ep_rew_mean     | 228      |
|    success_rate    | 0        |
| time/              |          |
|    episodes        | 836      |
|    fps             | 122      |
|    time_elapsed    | 1359     |
|    total_timesteps | 167200   |
| train/             |          |
|    actor_loss      | -76.4    |
|    critic_loss     | 1.65     |
|    ent_coef        | 0.051    |
|    ent_coef_loss   | 0.214    |
|    learning_rate   | 0.0003   |
|    n_updates       | 157199   |
---------------------------------
---------------------------------
| rollout/           |          |
|    ep_len_mean     | 200      |
|    ep_rew_mean     | 227      |
|    success_rate    | 0        |
| time/              |          |
|    episodes        | 840      |
|    fps             | 122      |
|    time_elapsed    | 1366     |
|    total_timesteps | 168000   |
| train/             |          |
|    actor_loss      | -79.8    |
|    critic_loss     | 2        |
|    ent_coef        | 0.0503   |
|    ent_coef_loss   | 3.78     |
|    learning_rate   | 0.0003   |
|    n_updates       | 157999   |
---------------------------------
---------------------------------
| rollout/           |          |
|    ep_len_mean     | 200      |
|    ep_rew_mean     | 242      |
|    success_rate    | 0        |
| time/              |          |
|    episodes        | 844      |
|    fps             | 122      |
|    time_elapsed    | 1373     |
|    total_timesteps | 168800   |
| train/             |          |
|    actor_loss      | -81.7    |
|    critic_loss     | 1.07     |
|    ent_coef        | 0.0561   |
|    ent_coef_loss   | 1.84     |
|    learning_rate   | 0.0003   |
|    n_updates       | 158799   |
---------------------------------
---------------------------------
| rollout/           |          |
|    ep_len_mean     | 200      |
|    ep_rew_mean     | 253      |
|    success_rate    | 0        |
| time/              |          |
|    episodes        | 848      |
|    fps             | 122      |
|    time_elapsed    | 1380     |
|    total_timesteps | 169600   |
| train/             |          |
|    actor_loss      | -82.8    |
|    critic_loss     | 2.03     |
|    ent_coef        | 0.0666   |
|    ent_coef_loss   | 1.7      |
|    learning_rate   | 0.0003   |
|    n_updates       | 159599   |
---------------------------------
---------------------------------
| rollout/           |          |
|    ep_len_mean     | 200      |
|    ep_rew_mean     | 258      |
|    success_rate    | 0        |
| time/              |          |
|    episodes        | 852      |
|    fps             | 122      |
|    time_elapsed    | 1387     |
|    total_timesteps | 170400   |
| train/             |          |
|    actor_loss      | -83.5    |
|    critic_loss     | 5.97     |
|    ent_coef        | 0.0741   |
|    ent_coef_loss   | 1.9      |
|    learning_rate   | 0.0003   |
|    n_updates       | 160399   |
---------------------------------
---------------------------------
| rollout/           |          |
|    ep_len_mean     | 200      |
|    ep_rew_mean     | 268      |
|    success_rate    | 0        |
| time/              |          |
|    episodes        | 856      |
|    fps             | 122      |
|    time_elapsed    | 1393     |
|    total_timesteps | 171200   |
| train/             |          |
|    actor_loss      | -86.4    |
|    critic_loss     | 9.77     |
|    ent_coef        | 0.0741   |
|    ent_coef_loss   | 1.28     |
|    learning_rate   | 0.0003   |
|    n_updates       | 161199   |
---------------------------------
---------------------------------
| rollout/           |          |
|    ep_len_mean     | 200      |
|    ep_rew_mean     | 272      |
|    success_rate    | 0        |
| time/              |          |
|    episodes        | 860      |
|    fps             | 122      |
|    time_elapsed    | 1400     |
|    total_timesteps | 172000   |
| train/             |          |
|    actor_loss      | -89.2    |
|    critic_loss     | 6.81     |
|    ent_coef        | 0.0837   |
|    ent_coef_loss   | 0.00502  |
|    learning_rate   | 0.0003   |
|    n_updates       | 161999   |
---------------------------------
---------------------------------
| rollout/           |          |
|    ep_len_mean     | 200      |
|    ep_rew_mean     | 281      |
|    success_rate    | 0        |
| time/              |          |
|    episodes        | 864      |
|    fps             | 122      |
|    time_elapsed    | 1407     |
|    total_timesteps | 172800   |
| train/             |          |
|    actor_loss      | -90.3    |
|    critic_loss     | 11.2     |
|    ent_coef        | 0.0851   |
|    ent_coef_loss   | 1.53     |
|    learning_rate   | 0.0003   |
|    n_updates       | 162799   |
---------------------------------
---------------------------------
| rollout/           |          |
|    ep_len_mean     | 200      |
|    ep_rew_mean     | 305      |
|    success_rate    | 0        |
| time/              |          |
|    episodes        | 868      |
|    fps             | 122      |
|    time_elapsed    | 1414     |
|    total_timesteps | 173600   |
| train/             |          |
|    actor_loss      | -94.3    |
|    critic_loss     | 53.9     |
|    ent_coef        | 0.0923   |
|    ent_coef_loss   | 1.1      |
|    learning_rate   | 0.0003   |
|    n_updates       | 163599   |
---------------------------------
---------------------------------
| rollout/           |          |
|    ep_len_mean     | 200      |
|    ep_rew_mean     | 311      |
|    success_rate    | 0        |
| time/              |          |
|    episodes        | 872      |
|    fps             | 122      |
|    time_elapsed    | 1421     |
|    total_timesteps | 174400   |
| train/             |          |
|    actor_loss      | -96.7    |
|    critic_loss     | 3.2      |
|    ent_coef        | 0.0996   |
|    ent_coef_loss   | 0.675    |
|    learning_rate   | 0.0003   |
|    n_updates       | 164399   |
---------------------------------
Eval num_timesteps=175000, episode_reward=905.43 +/- 4.97
Episode length: 200.00 +/- 0.00
Success rate: 0.00%
---------------------------------
| eval/              |          |
|    mean_ep_length  | 200      |
|    mean_reward     | 905      |
|    success_rate    | 0        |
| time/              |          |
|    total_timesteps | 175000   |
| train/             |          |
|    actor_loss      | -99.9    |
|    critic_loss     | 5.11     |
|    ent_coef        | 0.097    |
|    ent_coef_loss   | 0.528    |
|    learning_rate   | 0.0003   |
|    n_updates       | 164999   |
---------------------------------
New best mean reward!
---------------------------------
| rollout/           |          |
|    ep_len_mean     | 200      |
|    ep_rew_mean     | 317      |
|    success_rate    | 0        |
| time/              |          |
|    episodes        | 876      |
|    fps             | 122      |
|    time_elapsed    | 1429     |
|    total_timesteps | 175200   |
| train/             |          |
|    actor_loss      | -97.7    |
|    critic_loss     | 2.66     |
|    ent_coef        | 0.0977   |
|    ent_coef_loss   | -0.552   |
|    learning_rate   | 0.0003   |
|    n_updates       | 165199   |
---------------------------------
---------------------------------
| rollout/           |          |
|    ep_len_mean     | 200      |
|    ep_rew_mean     | 321      |
|    success_rate    | 0        |
| time/              |          |
|    episodes        | 880      |
|    fps             | 122      |
|    time_elapsed    | 1436     |
|    total_timesteps | 176000   |
| train/             |          |
|    actor_loss      | -107     |
|    critic_loss     | 2.47     |
|    ent_coef        | 0.098    |
|    ent_coef_loss   | 1.11     |
|    learning_rate   | 0.0003   |
|    n_updates       | 165999   |
---------------------------------
---------------------------------
| rollout/           |          |
|    ep_len_mean     | 200      |
|    ep_rew_mean     | 316      |
|    success_rate    | 0        |
| time/              |          |
|    episodes        | 884      |
|    fps             | 122      |
|    time_elapsed    | 1443     |
|    total_timesteps | 176800   |
| train/             |          |
|    actor_loss      | -106     |
|    critic_loss     | 1.25     |
|    ent_coef        | 0.0981   |
|    ent_coef_loss   | -0.392   |
|    learning_rate   | 0.0003   |
|    n_updates       | 166799   |
---------------------------------
---------------------------------
| rollout/           |          |
|    ep_len_mean     | 200      |
|    ep_rew_mean     | 302      |
|    success_rate    | 0        |
| time/              |          |
|    episodes        | 888      |
|    fps             | 122      |
|    time_elapsed    | 1450     |
|    total_timesteps | 177600   |
| train/             |          |
|    actor_loss      | -111     |
|    critic_loss     | 6.99     |
|    ent_coef        | 0.0997   |
|    ent_coef_loss   | 1.03     |
|    learning_rate   | 0.0003   |
|    n_updates       | 167599   |
---------------------------------
---------------------------------
| rollout/           |          |
|    ep_len_mean     | 200      |
|    ep_rew_mean     | 313      |
|    success_rate    | 0        |
| time/              |          |
|    episodes        | 892      |
|    fps             | 122      |
|    time_elapsed    | 1457     |
|    total_timesteps | 178400   |
| train/             |          |
|    actor_loss      | -108     |
|    critic_loss     | 5.63     |
|    ent_coef        | 0.102    |
|    ent_coef_loss   | 0.136    |
|    learning_rate   | 0.0003   |
|    n_updates       | 168399   |
---------------------------------
---------------------------------
| rollout/           |          |
|    ep_len_mean     | 200      |
|    ep_rew_mean     | 311      |
|    success_rate    | 0        |
| time/              |          |
|    episodes        | 896      |
|    fps             | 122      |
|    time_elapsed    | 1464     |
|    total_timesteps | 179200   |
| train/             |          |
|    actor_loss      | -111     |
|    critic_loss     | 3.96     |
|    ent_coef        | 0.0998   |
|    ent_coef_loss   | -0.114   |
|    learning_rate   | 0.0003   |
|    n_updates       | 169199   |
---------------------------------
---------------------------------
| rollout/           |          |
|    ep_len_mean     | 200      |
|    ep_rew_mean     | 316      |
|    success_rate    | 0        |
| time/              |          |
|    episodes        | 900      |
|    fps             | 122      |
|    time_elapsed    | 1471     |
|    total_timesteps | 180000   |
| train/             |          |
|    actor_loss      | -111     |
|    critic_loss     | 3.34     |
|    ent_coef        | 0.104    |
|    ent_coef_loss   | -1.02    |
|    learning_rate   | 0.0003   |
|    n_updates       | 169999   |
---------------------------------
---------------------------------
| rollout/           |          |
|    ep_len_mean     | 200      |
|    ep_rew_mean     | 306      |
|    success_rate    | 0        |
| time/              |          |
|    episodes        | 904      |
|    fps             | 122      |
|    time_elapsed    | 1478     |
|    total_timesteps | 180800   |
| train/             |          |
|    actor_loss      | -114     |
|    critic_loss     | 6.7      |
|    ent_coef        | 0.105    |
|    ent_coef_loss   | -0.134   |
|    learning_rate   | 0.0003   |
|    n_updates       | 170799   |
---------------------------------
---------------------------------
| rollout/           |          |
|    ep_len_mean     | 200      |
|    ep_rew_mean     | 288      |
|    success_rate    | 0        |
| time/              |          |
|    episodes        | 908      |
|    fps             | 122      |
|    time_elapsed    | 1485     |
|    total_timesteps | 181600   |
| train/             |          |
|    actor_loss      | -112     |
|    critic_loss     | 7.8      |
|    ent_coef        | 0.109    |
|    ent_coef_loss   | -1.25    |
|    learning_rate   | 0.0003   |
|    n_updates       | 171599   |
---------------------------------
---------------------------------
| rollout/           |          |
|    ep_len_mean     | 200      |
|    ep_rew_mean     | 298      |
|    success_rate    | 0        |
| time/              |          |
|    episodes        | 912      |
|    fps             | 122      |
|    time_elapsed    | 1492     |
|    total_timesteps | 182400   |
| train/             |          |
|    actor_loss      | -115     |
|    critic_loss     | 190      |
|    ent_coef        | 0.107    |
|    ent_coef_loss   | 0.327    |
|    learning_rate   | 0.0003   |
|    n_updates       | 172399   |
---------------------------------
---------------------------------
| rollout/           |          |
|    ep_len_mean     | 200      |
|    ep_rew_mean     | 291      |
|    success_rate    | 0        |
| time/              |          |
|    episodes        | 916      |
|    fps             | 122      |
|    time_elapsed    | 1499     |
|    total_timesteps | 183200   |
| train/             |          |
|    actor_loss      | -118     |
|    critic_loss     | 3.54     |
|    ent_coef        | 0.112    |
|    ent_coef_loss   | 0.432    |
|    learning_rate   | 0.0003   |
|    n_updates       | 173199   |
---------------------------------
---------------------------------
| rollout/           |          |
|    ep_len_mean     | 200      |
|    ep_rew_mean     | 291      |
|    success_rate    | 0        |
| time/              |          |
|    episodes        | 920      |
|    fps             | 122      |
|    time_elapsed    | 1506     |
|    total_timesteps | 184000   |
| train/             |          |
|    actor_loss      | -122     |
|    critic_loss     | 2.97     |
|    ent_coef        | 0.114    |
|    ent_coef_loss   | 0.6      |
|    learning_rate   | 0.0003   |
|    n_updates       | 173999   |
---------------------------------
---------------------------------
| rollout/           |          |
|    ep_len_mean     | 200      |
|    ep_rew_mean     | 300      |
|    success_rate    | 0        |
| time/              |          |
|    episodes        | 924      |
|    fps             | 122      |
|    time_elapsed    | 1513     |
|    total_timesteps | 184800   |
| train/             |          |
|    actor_loss      | -118     |
|    critic_loss     | 3.4      |
|    ent_coef        | 0.124    |
|    ent_coef_loss   | 0.554    |
|    learning_rate   | 0.0003   |
|    n_updates       | 174799   |
---------------------------------
---------------------------------
| rollout/           |          |
|    ep_len_mean     | 200      |
|    ep_rew_mean     | 326      |
|    success_rate    | 0        |
| time/              |          |
|    episodes        | 928      |
|    fps             | 122      |
|    time_elapsed    | 1520     |
|    total_timesteps | 185600   |
| train/             |          |
|    actor_loss      | -121     |
|    critic_loss     | 8.41     |
|    ent_coef        | 0.132    |
|    ent_coef_loss   | -0.112   |
|    learning_rate   | 0.0003   |
|    n_updates       | 175599   |
---------------------------------
---------------------------------
| rollout/           |          |
|    ep_len_mean     | 200      |
|    ep_rew_mean     | 343      |
|    success_rate    | 0        |
| time/              |          |
|    episodes        | 932      |
|    fps             | 122      |
|    time_elapsed    | 1527     |
|    total_timesteps | 186400   |
| train/             |          |
|    actor_loss      | -121     |
|    critic_loss     | 3.13     |
|    ent_coef        | 0.135    |
|    ent_coef_loss   | 1.22     |
|    learning_rate   | 0.0003   |
|    n_updates       | 176399   |
---------------------------------
---------------------------------
| rollout/           |          |
|    ep_len_mean     | 200      |
|    ep_rew_mean     | 352      |
|    success_rate    | 0        |
| time/              |          |
|    episodes        | 936      |
|    fps             | 121      |
|    time_elapsed    | 1534     |
|    total_timesteps | 187200   |
| train/             |          |
|    actor_loss      | -121     |
|    critic_loss     | 24.4     |
|    ent_coef        | 0.134    |
|    ent_coef_loss   | 0.934    |
|    learning_rate   | 0.0003   |
|    n_updates       | 177199   |
---------------------------------
---------------------------------
| rollout/           |          |
|    ep_len_mean     | 200      |
|    ep_rew_mean     | 361      |
|    success_rate    | 0        |
| time/              |          |
|    episodes        | 940      |
|    fps             | 121      |
|    time_elapsed    | 1541     |
|    total_timesteps | 188000   |
| train/             |          |
|    actor_loss      | -131     |
|    critic_loss     | 136      |
|    ent_coef        | 0.142    |
|    ent_coef_loss   | 0.169    |
|    learning_rate   | 0.0003   |
|    n_updates       | 177999   |
---------------------------------
---------------------------------
| rollout/           |          |
|    ep_len_mean     | 200      |
|    ep_rew_mean     | 360      |
|    success_rate    | 0        |
| time/              |          |
|    episodes        | 944      |
|    fps             | 121      |
|    time_elapsed    | 1549     |
|    total_timesteps | 188800   |
| train/             |          |
|    actor_loss      | -132     |
|    critic_loss     | 6.25     |
|    ent_coef        | 0.148    |
|    ent_coef_loss   | -0.248   |
|    learning_rate   | 0.0003   |
|    n_updates       | 178799   |
---------------------------------
---------------------------------
| rollout/           |          |
|    ep_len_mean     | 200      |
|    ep_rew_mean     | 352      |
|    success_rate    | 0        |
| time/              |          |
|    episodes        | 948      |
|    fps             | 121      |
|    time_elapsed    | 1556     |
|    total_timesteps | 189600   |
| train/             |          |
|    actor_loss      | -131     |
|    critic_loss     | 9.02     |
|    ent_coef        | 0.138    |
|    ent_coef_loss   | -0.151   |
|    learning_rate   | 0.0003   |
|    n_updates       | 179599   |
---------------------------------
---------------------------------
| rollout/           |          |
|    ep_len_mean     | 200      |
|    ep_rew_mean     | 374      |
|    success_rate    | 0        |
| time/              |          |
|    episodes        | 952      |
|    fps             | 121      |
|    time_elapsed    | 1562     |
|    total_timesteps | 190400   |
| train/             |          |
|    actor_loss      | -124     |
|    critic_loss     | 22.9     |
|    ent_coef        | 0.14     |
|    ent_coef_loss   | -0.418   |
|    learning_rate   | 0.0003   |
|    n_updates       | 180399   |
---------------------------------
---------------------------------
| rollout/           |          |
|    ep_len_mean     | 200      |
|    ep_rew_mean     | 375      |
|    success_rate    | 0        |
| time/              |          |
|    episodes        | 956      |
|    fps             | 121      |
|    time_elapsed    | 1570     |
|    total_timesteps | 191200   |
| train/             |          |
|    actor_loss      | -130     |
|    critic_loss     | 4.67     |
|    ent_coef        | 0.126    |
|    ent_coef_loss   | -1.42    |
|    learning_rate   | 0.0003   |
|    n_updates       | 181199   |
---------------------------------
---------------------------------
| rollout/           |          |
|    ep_len_mean     | 200      |
|    ep_rew_mean     | 391      |
|    success_rate    | 0        |
| time/              |          |
|    episodes        | 960      |
|    fps             | 121      |
|    time_elapsed    | 1577     |
|    total_timesteps | 192000   |
| train/             |          |
|    actor_loss      | -133     |
|    critic_loss     | 7.13     |
|    ent_coef        | 0.127    |
|    ent_coef_loss   | 0.779    |
|    learning_rate   | 0.0003   |
|    n_updates       | 181999   |
---------------------------------
---------------------------------
| rollout/           |          |
|    ep_len_mean     | 200      |
|    ep_rew_mean     | 384      |
|    success_rate    | 0        |
| time/              |          |
|    episodes        | 964      |
|    fps             | 121      |
|    time_elapsed    | 1584     |
|    total_timesteps | 192800   |
| train/             |          |
|    actor_loss      | -140     |
|    critic_loss     | 9.77     |
|    ent_coef        | 0.14     |
|    ent_coef_loss   | 0.749    |
|    learning_rate   | 0.0003   |
|    n_updates       | 182799   |
---------------------------------
---------------------------------
| rollout/           |          |
|    ep_len_mean     | 200      |
|    ep_rew_mean     | 368      |
|    success_rate    | 0        |
| time/              |          |
|    episodes        | 968      |
|    fps             | 121      |
|    time_elapsed    | 1591     |
|    total_timesteps | 193600   |
| train/             |          |
|    actor_loss      | -125     |
|    critic_loss     | 5.94     |
|    ent_coef        | 0.15     |
|    ent_coef_loss   | -0.599   |
|    learning_rate   | 0.0003   |
|    n_updates       | 183599   |
---------------------------------
---------------------------------
| rollout/           |          |
|    ep_len_mean     | 200      |
|    ep_rew_mean     | 373      |
|    success_rate    | 0        |
| time/              |          |
|    episodes        | 972      |
|    fps             | 121      |
|    time_elapsed    | 1598     |
|    total_timesteps | 194400   |
| train/             |          |
|    actor_loss      | -137     |
|    critic_loss     | 26.8     |
|    ent_coef        | 0.143    |
|    ent_coef_loss   | -0.558   |
|    learning_rate   | 0.0003   |
|    n_updates       | 184399   |
---------------------------------
---------------------------------
| rollout/           |          |
|    ep_len_mean     | 200      |
|    ep_rew_mean     | 381      |
|    success_rate    | 0        |
| time/              |          |
|    episodes        | 976      |
|    fps             | 121      |
|    time_elapsed    | 1605     |
|    total_timesteps | 195200   |
| train/             |          |
|    actor_loss      | -139     |
|    critic_loss     | 20.5     |
|    ent_coef        | 0.156    |
|    ent_coef_loss   | 1.18     |
|    learning_rate   | 0.0003   |
|    n_updates       | 185199   |
---------------------------------
---------------------------------
| rollout/           |          |
|    ep_len_mean     | 200      |
|    ep_rew_mean     | 395      |
|    success_rate    | 0        |
| time/              |          |
|    episodes        | 980      |
|    fps             | 121      |
|    time_elapsed    | 1611     |
|    total_timesteps | 196000   |
| train/             |          |
|    actor_loss      | -144     |
|    critic_loss     | 88.9     |
|    ent_coef        | 0.152    |
|    ent_coef_loss   | -0.141   |
|    learning_rate   | 0.0003   |
|    n_updates       | 185999   |
---------------------------------
---------------------------------
| rollout/           |          |
|    ep_len_mean     | 200      |
|    ep_rew_mean     | 411      |
|    success_rate    | 0        |
| time/              |          |
|    episodes        | 984      |
|    fps             | 121      |
|    time_elapsed    | 1618     |
|    total_timesteps | 196800   |
| train/             |          |
|    actor_loss      | -130     |
|    critic_loss     | 20.5     |
|    ent_coef        | 0.159    |
|    ent_coef_loss   | -0.112   |
|    learning_rate   | 0.0003   |
|    n_updates       | 186799   |
---------------------------------
---------------------------------
| rollout/           |          |
|    ep_len_mean     | 200      |
|    ep_rew_mean     | 435      |
|    success_rate    | 0        |
| time/              |          |
|    episodes        | 988      |
|    fps             | 121      |
|    time_elapsed    | 1625     |
|    total_timesteps | 197600   |
| train/             |          |
|    actor_loss      | -156     |
|    critic_loss     | 126      |
|    ent_coef        | 0.164    |
|    ent_coef_loss   | -0.535   |
|    learning_rate   | 0.0003   |
|    n_updates       | 187599   |
---------------------------------
---------------------------------
| rollout/           |          |
|    ep_len_mean     | 200      |
|    ep_rew_mean     | 445      |
|    success_rate    | 0        |
| time/              |          |
|    episodes        | 992      |
|    fps             | 121      |
|    time_elapsed    | 1632     |
|    total_timesteps | 198400   |
| train/             |          |
|    actor_loss      | -151     |
|    critic_loss     | 5.3      |
|    ent_coef        | 0.167    |
|    ent_coef_loss   | -0.82    |
|    learning_rate   | 0.0003   |
|    n_updates       | 188399   |
---------------------------------
---------------------------------
| rollout/           |          |
|    ep_len_mean     | 200      |
|    ep_rew_mean     | 445      |
|    success_rate    | 0        |
| time/              |          |
|    episodes        | 996      |
|    fps             | 121      |
|    time_elapsed    | 1639     |
|    total_timesteps | 199200   |
| train/             |          |
|    actor_loss      | -159     |
|    critic_loss     | 52.1     |
|    ent_coef        | 0.198    |
|    ent_coef_loss   | 0.212    |
|    learning_rate   | 0.0003   |
|    n_updates       | 189199   |
---------------------------------
Eval num_timesteps=200000, episode_reward=214.50 +/- 345.56
Episode length: 200.00 +/- 0.00
Success rate: 0.00%
---------------------------------
| eval/              |          |
|    mean_ep_length  | 200      |
|    mean_reward     | 214      |
|    success_rate    | 0        |
| time/              |          |
|    total_timesteps | 200000   |
| train/             |          |
|    actor_loss      | -158     |
|    critic_loss     | 138      |
|    ent_coef        | 0.217    |
|    ent_coef_loss   | -0.354   |
|    learning_rate   | 0.0003   |
|    n_updates       | 189999   |
---------------------------------
---------------------------------
| rollout/           |          |
|    ep_len_mean     | 200      |
|    ep_rew_mean     | 457      |
|    success_rate    | 0        |
| time/              |          |
|    episodes        | 1000     |
|    fps             | 121      |
|    time_elapsed    | 1648     |
|    total_timesteps | 200000   |
---------------------------------
---------------------------------
| rollout/           |          |
|    ep_len_mean     | 200      |
|    ep_rew_mean     | 483      |
|    success_rate    | 0        |
| time/              |          |
|    episodes        | 1004     |
|    fps             | 121      |
|    time_elapsed    | 1655     |
|    total_timesteps | 200800   |
| train/             |          |
|    actor_loss      | -163     |
|    critic_loss     | 15.8     |
|    ent_coef        | 0.213    |
|    ent_coef_loss   | 0.224    |
|    learning_rate   | 0.0003   |
|    n_updates       | 190799   |
---------------------------------
---------------------------------
| rollout/           |          |
|    ep_len_mean     | 200      |
|    ep_rew_mean     | 508      |
|    success_rate    | 0        |
| time/              |          |
|    episodes        | 1008     |
|    fps             | 121      |
|    time_elapsed    | 1662     |
|    total_timesteps | 201600   |
| train/             |          |
|    actor_loss      | -173     |
|    critic_loss     | 27.6     |
|    ent_coef        | 0.201    |
|    ent_coef_loss   | 0.218    |
|    learning_rate   | 0.0003   |
|    n_updates       | 191599   |
---------------------------------
---------------------------------
| rollout/           |          |
|    ep_len_mean     | 200      |
|    ep_rew_mean     | 505      |
|    success_rate    | 0        |
| time/              |          |
|    episodes        | 1012     |
|    fps             | 121      |
|    time_elapsed    | 1669     |
|    total_timesteps | 202400   |
| train/             |          |
|    actor_loss      | -167     |
|    critic_loss     | 6.07     |
|    ent_coef        | 0.189    |
|    ent_coef_loss   | -0.877   |
|    learning_rate   | 0.0003   |
|    n_updates       | 192399   |
---------------------------------
---------------------------------
| rollout/           |          |
|    ep_len_mean     | 200      |
|    ep_rew_mean     | 504      |
|    success_rate    | 0        |
| time/              |          |
|    episodes        | 1016     |
|    fps             | 121      |
|    time_elapsed    | 1676     |
|    total_timesteps | 203200   |
| train/             |          |
|    actor_loss      | -172     |
|    critic_loss     | 7.92     |
|    ent_coef        | 0.191    |
|    ent_coef_loss   | -0.395   |
|    learning_rate   | 0.0003   |
|    n_updates       | 193199   |
---------------------------------
---------------------------------
| rollout/           |          |
|    ep_len_mean     | 200      |
|    ep_rew_mean     | 528      |
|    success_rate    | 0        |
| time/              |          |
|    episodes        | 1020     |
|    fps             | 121      |
|    time_elapsed    | 1683     |
|    total_timesteps | 204000   |
| train/             |          |
|    actor_loss      | -174     |
|    critic_loss     | 9.65     |
|    ent_coef        | 0.193    |
|    ent_coef_loss   | 0.323    |
|    learning_rate   | 0.0003   |
|    n_updates       | 193999   |
---------------------------------
---------------------------------
| rollout/           |          |
|    ep_len_mean     | 200      |
|    ep_rew_mean     | 528      |
|    success_rate    | 0        |
| time/              |          |
|    episodes        | 1024     |
|    fps             | 121      |
|    time_elapsed    | 1690     |
|    total_timesteps | 204800   |
| train/             |          |
|    actor_loss      | -170     |
|    critic_loss     | 34.2     |
|    ent_coef        | 0.19     |
|    ent_coef_loss   | -0.00541 |
|    learning_rate   | 0.0003   |
|    n_updates       | 194799   |
---------------------------------
---------------------------------
| rollout/           |          |
|    ep_len_mean     | 200      |
|    ep_rew_mean     | 510      |
|    success_rate    | 0        |
| time/              |          |
|    episodes        | 1028     |
|    fps             | 121      |
|    time_elapsed    | 1697     |
|    total_timesteps | 205600   |
| train/             |          |
|    actor_loss      | -174     |
|    critic_loss     | 24.1     |
|    ent_coef        | 0.191    |
|    ent_coef_loss   | 0.229    |
|    learning_rate   | 0.0003   |
|    n_updates       | 195599   |
---------------------------------
---------------------------------
| rollout/           |          |
|    ep_len_mean     | 200      |
|    ep_rew_mean     | 493      |
|    success_rate    | 0        |
| time/              |          |
|    episodes        | 1032     |
|    fps             | 121      |
|    time_elapsed    | 1704     |
|    total_timesteps | 206400   |
| train/             |          |
|    actor_loss      | -182     |
|    critic_loss     | 59.8     |
|    ent_coef        | 0.188    |
|    ent_coef_loss   | -0.533   |
|    learning_rate   | 0.0003   |
|    n_updates       | 196399   |
---------------------------------
---------------------------------
| rollout/           |          |
|    ep_len_mean     | 200      |
|    ep_rew_mean     | 483      |
|    success_rate    | 0        |
| time/              |          |
|    episodes        | 1036     |
|    fps             | 121      |
|    time_elapsed    | 1711     |
|    total_timesteps | 207200   |
| train/             |          |
|    actor_loss      | -175     |
|    critic_loss     | 80.5     |
|    ent_coef        | 0.187    |
|    ent_coef_loss   | 0.556    |
|    learning_rate   | 0.0003   |
|    n_updates       | 197199   |
---------------------------------
---------------------------------
| rollout/           |          |
|    ep_len_mean     | 200      |
|    ep_rew_mean     | 486      |
|    success_rate    | 0        |
| time/              |          |
|    episodes        | 1040     |
|    fps             | 121      |
|    time_elapsed    | 1718     |
|    total_timesteps | 208000   |
| train/             |          |
|    actor_loss      | -186     |
|    critic_loss     | 9.26     |
|    ent_coef        | 0.177    |
|    ent_coef_loss   | -0.97    |
|    learning_rate   | 0.0003   |
|    n_updates       | 197999   |
---------------------------------
---------------------------------
| rollout/           |          |
|    ep_len_mean     | 200      |
|    ep_rew_mean     | 489      |
|    success_rate    | 0        |
| time/              |          |
|    episodes        | 1044     |
|    fps             | 121      |
|    time_elapsed    | 1725     |
|    total_timesteps | 208800   |
| train/             |          |
|    actor_loss      | -188     |
|    critic_loss     | 10.7     |
|    ent_coef        | 0.179    |
|    ent_coef_loss   | 0.725    |
|    learning_rate   | 0.0003   |
|    n_updates       | 198799   |
---------------------------------
---------------------------------
| rollout/           |          |
|    ep_len_mean     | 200      |
|    ep_rew_mean     | 496      |
|    success_rate    | 0        |
| time/              |          |
|    episodes        | 1048     |
|    fps             | 120      |
|    time_elapsed    | 1732     |
|    total_timesteps | 209600   |
| train/             |          |
|    actor_loss      | -199     |
|    critic_loss     | 36.3     |
|    ent_coef        | 0.173    |
|    ent_coef_loss   | -0.211   |
|    learning_rate   | 0.0003   |
|    n_updates       | 199599   |
---------------------------------
---------------------------------
| rollout/           |          |
|    ep_len_mean     | 200      |
|    ep_rew_mean     | 477      |
|    success_rate    | 0        |
| time/              |          |
|    episodes        | 1052     |
|    fps             | 120      |
|    time_elapsed    | 1739     |
|    total_timesteps | 210400   |
| train/             |          |
|    actor_loss      | -195     |
|    critic_loss     | 24.3     |
|    ent_coef        | 0.167    |
|    ent_coef_loss   | -0.151   |
|    learning_rate   | 0.0003   |
|    n_updates       | 200399   |
---------------------------------
---------------------------------
| rollout/           |          |
|    ep_len_mean     | 200      |
|    ep_rew_mean     | 477      |
|    success_rate    | 0        |
| time/              |          |
|    episodes        | 1056     |
|    fps             | 120      |
|    time_elapsed    | 1746     |
|    total_timesteps | 211200   |
| train/             |          |
|    actor_loss      | -182     |
|    critic_loss     | 82.8     |
|    ent_coef        | 0.154    |
|    ent_coef_loss   | -0.304   |
|    learning_rate   | 0.0003   |
|    n_updates       | 201199   |
---------------------------------
---------------------------------
| rollout/           |          |
|    ep_len_mean     | 200      |
|    ep_rew_mean     | 468      |
|    success_rate    | 0        |
| time/              |          |
|    episodes        | 1060     |
|    fps             | 120      |
|    time_elapsed    | 1753     |
|    total_timesteps | 212000   |
| train/             |          |
|    actor_loss      | -190     |
|    critic_loss     | 9.2      |
|    ent_coef        | 0.157    |
|    ent_coef_loss   | -0.87    |
|    learning_rate   | 0.0003   |
|    n_updates       | 201999   |
---------------------------------
---------------------------------
| rollout/           |          |
|    ep_len_mean     | 200      |
|    ep_rew_mean     | 473      |
|    success_rate    | 0        |
| time/              |          |
|    episodes        | 1064     |
|    fps             | 120      |
|    time_elapsed    | 1760     |
|    total_timesteps | 212800   |
| train/             |          |
|    actor_loss      | -196     |
|    critic_loss     | 18.1     |
|    ent_coef        | 0.159    |
|    ent_coef_loss   | 0.126    |
|    learning_rate   | 0.0003   |
|    n_updates       | 202799   |
---------------------------------
---------------------------------
| rollout/           |          |
|    ep_len_mean     | 200      |
|    ep_rew_mean     | 464      |
|    success_rate    | 0        |
| time/              |          |
|    episodes        | 1068     |
|    fps             | 120      |
|    time_elapsed    | 1767     |
|    total_timesteps | 213600   |
| train/             |          |
|    actor_loss      | -194     |
|    critic_loss     | 108      |
|    ent_coef        | 0.152    |
|    ent_coef_loss   | 0.341    |
|    learning_rate   | 0.0003   |
|    n_updates       | 203599   |
---------------------------------
---------------------------------
| rollout/           |          |
|    ep_len_mean     | 200      |
|    ep_rew_mean     | 445      |
|    success_rate    | 0        |
| time/              |          |
|    episodes        | 1072     |
|    fps             | 120      |
|    time_elapsed    | 1774     |
|    total_timesteps | 214400   |
| train/             |          |
|    actor_loss      | -189     |
|    critic_loss     | 72       |
|    ent_coef        | 0.146    |
|    ent_coef_loss   | -0.592   |
|    learning_rate   | 0.0003   |
|    n_updates       | 204399   |
---------------------------------
---------------------------------
| rollout/           |          |
|    ep_len_mean     | 200      |
|    ep_rew_mean     | 445      |
|    success_rate    | 0        |
| time/              |          |
|    episodes        | 1076     |
|    fps             | 120      |
|    time_elapsed    | 1781     |
|    total_timesteps | 215200   |
| train/             |          |
|    actor_loss      | -183     |
|    critic_loss     | 7.75     |
|    ent_coef        | 0.154    |
|    ent_coef_loss   | 1.78     |
|    learning_rate   | 0.0003   |
|    n_updates       | 205199   |
---------------------------------
---------------------------------
| rollout/           |          |
|    ep_len_mean     | 200      |
|    ep_rew_mean     | 421      |
|    success_rate    | 0        |
| time/              |          |
|    episodes        | 1080     |
|    fps             | 120      |
|    time_elapsed    | 1788     |
|    total_timesteps | 216000   |
| train/             |          |
|    actor_loss      | -196     |
|    critic_loss     | 95.5     |
|    ent_coef        | 0.165    |
|    ent_coef_loss   | -0.871   |
|    learning_rate   | 0.0003   |
|    n_updates       | 205999   |
---------------------------------
---------------------------------
| rollout/           |          |
|    ep_len_mean     | 200      |
|    ep_rew_mean     | 402      |
|    success_rate    | 0        |
| time/              |          |
|    episodes        | 1084     |
|    fps             | 120      |
|    time_elapsed    | 1795     |
|    total_timesteps | 216800   |
| train/             |          |
|    actor_loss      | -200     |
|    critic_loss     | 27.4     |
|    ent_coef        | 0.162    |
|    ent_coef_loss   | 1.09     |
|    learning_rate   | 0.0003   |
|    n_updates       | 206799   |
---------------------------------
---------------------------------
| rollout/           |          |
|    ep_len_mean     | 200      |
|    ep_rew_mean     | 381      |
|    success_rate    | 0        |
| time/              |          |
|    episodes        | 1088     |
|    fps             | 120      |
|    time_elapsed    | 1802     |
|    total_timesteps | 217600   |
| train/             |          |
|    actor_loss      | -192     |
|    critic_loss     | 41.1     |
|    ent_coef        | 0.164    |
|    ent_coef_loss   | 1.11     |
|    learning_rate   | 0.0003   |
|    n_updates       | 207599   |
---------------------------------
---------------------------------
| rollout/           |          |
|    ep_len_mean     | 200      |
|    ep_rew_mean     | 359      |
|    success_rate    | 0        |
| time/              |          |
|    episodes        | 1092     |
|    fps             | 120      |
|    time_elapsed    | 1810     |
|    total_timesteps | 218400   |
| train/             |          |
|    actor_loss      | -201     |
|    critic_loss     | 25.6     |
|    ent_coef        | 0.163    |
|    ent_coef_loss   | -0.929   |
|    learning_rate   | 0.0003   |
|    n_updates       | 208399   |
---------------------------------
---------------------------------
| rollout/           |          |
|    ep_len_mean     | 200      |
|    ep_rew_mean     | 352      |
|    success_rate    | 0        |
| time/              |          |
|    episodes        | 1096     |
|    fps             | 120      |
|    time_elapsed    | 1817     |
|    total_timesteps | 219200   |
| train/             |          |
|    actor_loss      | -190     |
|    critic_loss     | 56.5     |
|    ent_coef        | 0.16     |
|    ent_coef_loss   | 0.548    |
|    learning_rate   | 0.0003   |
|    n_updates       | 209199   |
---------------------------------
---------------------------------
| rollout/           |          |
|    ep_len_mean     | 200      |
|    ep_rew_mean     | 342      |
|    success_rate    | 0        |
| time/              |          |
|    episodes        | 1100     |
|    fps             | 120      |
|    time_elapsed    | 1824     |
|    total_timesteps | 220000   |
| train/             |          |
|    actor_loss      | -205     |
|    critic_loss     | 27.7     |
|    ent_coef        | 0.159    |
|    ent_coef_loss   | -1.6     |
|    learning_rate   | 0.0003   |
|    n_updates       | 209999   |
---------------------------------
---------------------------------
| rollout/           |          |
|    ep_len_mean     | 200      |
|    ep_rew_mean     | 325      |
|    success_rate    | 0        |
| time/              |          |
|    episodes        | 1104     |
|    fps             | 120      |
|    time_elapsed    | 1831     |
|    total_timesteps | 220800   |
| train/             |          |
|    actor_loss      | -198     |
|    critic_loss     | 57.8     |
|    ent_coef        | 0.149    |
|    ent_coef_loss   | 0.402    |
|    learning_rate   | 0.0003   |
|    n_updates       | 210799   |
---------------------------------
---------------------------------
| rollout/           |          |
|    ep_len_mean     | 200      |
|    ep_rew_mean     | 301      |
|    success_rate    | 0        |
| time/              |          |
|    episodes        | 1108     |
|    fps             | 120      |
|    time_elapsed    | 1838     |
|    total_timesteps | 221600   |
| train/             |          |
|    actor_loss      | -203     |
|    critic_loss     | 38.7     |
|    ent_coef        | 0.146    |
|    ent_coef_loss   | -0.561   |
|    learning_rate   | 0.0003   |
|    n_updates       | 211599   |
---------------------------------
---------------------------------
| rollout/           |          |
|    ep_len_mean     | 200      |
|    ep_rew_mean     | 295      |
|    success_rate    | 0        |
| time/              |          |
|    episodes        | 1112     |
|    fps             | 120      |
|    time_elapsed    | 1845     |
|    total_timesteps | 222400   |
| train/             |          |
|    actor_loss      | -197     |
|    critic_loss     | 9.5      |
|    ent_coef        | 0.137    |
|    ent_coef_loss   | -0.83    |
|    learning_rate   | 0.0003   |
|    n_updates       | 212399   |
---------------------------------
---------------------------------
| rollout/           |          |
|    ep_len_mean     | 200      |
|    ep_rew_mean     | 308      |
|    success_rate    | 0        |
| time/              |          |
|    episodes        | 1116     |
|    fps             | 120      |
|    time_elapsed    | 1852     |
|    total_timesteps | 223200   |
| train/             |          |
|    actor_loss      | -189     |
|    critic_loss     | 25.2     |
|    ent_coef        | 0.128    |
|    ent_coef_loss   | -0.372   |
|    learning_rate   | 0.0003   |
|    n_updates       | 213199   |
---------------------------------
---------------------------------
| rollout/           |          |
|    ep_len_mean     | 200      |
|    ep_rew_mean     | 283      |
|    success_rate    | 0        |
| time/              |          |
|    episodes        | 1120     |
|    fps             | 120      |
|    time_elapsed    | 1860     |
|    total_timesteps | 224000   |
| train/             |          |
|    actor_loss      | -198     |
|    critic_loss     | 23.6     |
|    ent_coef        | 0.128    |
|    ent_coef_loss   | 0.485    |
|    learning_rate   | 0.0003   |
|    n_updates       | 213999   |
---------------------------------
---------------------------------
| rollout/           |          |
|    ep_len_mean     | 200      |
|    ep_rew_mean     | 274      |
|    success_rate    | 0        |
| time/              |          |
|    episodes        | 1124     |
|    fps             | 120      |
|    time_elapsed    | 1867     |
|    total_timesteps | 224800   |
| train/             |          |
|    actor_loss      | -195     |
|    critic_loss     | 28.5     |
|    ent_coef        | 0.126    |
|    ent_coef_loss   | 0.0074   |
|    learning_rate   | 0.0003   |
|    n_updates       | 214799   |
---------------------------------
Eval num_timesteps=225000, episode_reward=42.20 +/- 0.15
Episode length: 200.00 +/- 0.00
Success rate: 0.00%
---------------------------------
| eval/              |          |
|    mean_ep_length  | 200      |
|    mean_reward     | 42.2     |
|    success_rate    | 0        |
| time/              |          |
|    total_timesteps | 225000   |
| train/             |          |
|    actor_loss      | -192     |
|    critic_loss     | 10.4     |
|    ent_coef        | 0.124    |
|    ent_coef_loss   | -0.361   |
|    learning_rate   | 0.0003   |
|    n_updates       | 214999   |
---------------------------------
---------------------------------
| rollout/           |          |
|    ep_len_mean     | 200      |
|    ep_rew_mean     | 267      |
|    success_rate    | 0        |
| time/              |          |
|    episodes        | 1128     |
|    fps             | 120      |
|    time_elapsed    | 1876     |
|    total_timesteps | 225600   |
| train/             |          |
|    actor_loss      | -200     |
|    critic_loss     | 59.5     |
|    ent_coef        | 0.127    |
|    ent_coef_loss   | -0.119   |
|    learning_rate   | 0.0003   |
|    n_updates       | 215599   |
---------------------------------
---------------------------------
| rollout/           |          |
|    ep_len_mean     | 200      |
|    ep_rew_mean     | 258      |
|    success_rate    | 0        |
| time/              |          |
|    episodes        | 1132     |
|    fps             | 120      |
|    time_elapsed    | 1883     |
|    total_timesteps | 226400   |
| train/             |          |
|    actor_loss      | -189     |
|    critic_loss     | 83.3     |
|    ent_coef        | 0.122    |
|    ent_coef_loss   | 0.545    |
|    learning_rate   | 0.0003   |
|    n_updates       | 216399   |
---------------------------------
---------------------------------
| rollout/           |          |
|    ep_len_mean     | 200      |
|    ep_rew_mean     | 251      |
|    success_rate    | 0        |
| time/              |          |
|    episodes        | 1136     |
|    fps             | 120      |
|    time_elapsed    | 1890     |
|    total_timesteps | 227200   |
| train/             |          |
|    actor_loss      | -192     |
|    critic_loss     | 24       |
|    ent_coef        | 0.127    |
|    ent_coef_loss   | -0.385   |
|    learning_rate   | 0.0003   |
|    n_updates       | 217199   |
---------------------------------
---------------------------------
| rollout/           |          |
|    ep_len_mean     | 200      |
|    ep_rew_mean     | 249      |
|    success_rate    | 0        |
| time/              |          |
|    episodes        | 1140     |
|    fps             | 120      |
|    time_elapsed    | 1897     |
|    total_timesteps | 228000   |
| train/             |          |
|    actor_loss      | -195     |
|    critic_loss     | 37.2     |
|    ent_coef        | 0.13     |
|    ent_coef_loss   | -1.35    |
|    learning_rate   | 0.0003   |
|    n_updates       | 217999   |
---------------------------------
---------------------------------
| rollout/           |          |
|    ep_len_mean     | 200      |
|    ep_rew_mean     | 240      |
|    success_rate    | 0.01     |
| time/              |          |
|    episodes        | 1144     |
|    fps             | 120      |
|    time_elapsed    | 1904     |
|    total_timesteps | 228793   |
| train/             |          |
|    actor_loss      | -186     |
|    critic_loss     | 88.3     |
|    ent_coef        | 0.134    |
|    ent_coef_loss   | -0.263   |
|    learning_rate   | 0.0003   |
|    n_updates       | 218792   |
---------------------------------
---------------------------------
| rollout/           |          |
|    ep_len_mean     | 200      |
|    ep_rew_mean     | 223      |
|    success_rate    | 0.01     |
| time/              |          |
|    episodes        | 1148     |
|    fps             | 120      |
|    time_elapsed    | 1912     |
|    total_timesteps | 229593   |
| train/             |          |
|    actor_loss      | -188     |
|    critic_loss     | 37.1     |
|    ent_coef        | 0.126    |
|    ent_coef_loss   | -0.225   |
|    learning_rate   | 0.0003   |
|    n_updates       | 219592   |
---------------------------------
---------------------------------
| rollout/           |          |
|    ep_len_mean     | 200      |
|    ep_rew_mean     | 210      |
|    success_rate    | 0.01     |
| time/              |          |
|    episodes        | 1152     |
|    fps             | 120      |
|    time_elapsed    | 1919     |
|    total_timesteps | 230393   |
| train/             |          |
|    actor_loss      | -192     |
|    critic_loss     | 36       |
|    ent_coef        | 0.126    |
|    ent_coef_loss   | -0.887   |
|    learning_rate   | 0.0003   |
|    n_updates       | 220392   |
---------------------------------
---------------------------------
| rollout/           |          |
|    ep_len_mean     | 200      |
|    ep_rew_mean     | 209      |
|    success_rate    | 0.01     |
| time/              |          |
|    episodes        | 1156     |
|    fps             | 120      |
|    time_elapsed    | 1926     |
|    total_timesteps | 231193   |
| train/             |          |
|    actor_loss      | -197     |
|    critic_loss     | 85.5     |
|    ent_coef        | 0.108    |
|    ent_coef_loss   | -0.166   |
|    learning_rate   | 0.0003   |
|    n_updates       | 221192   |
---------------------------------
---------------------------------
| rollout/           |          |
|    ep_len_mean     | 200      |
|    ep_rew_mean     | 202      |
|    success_rate    | 0.01     |
| time/              |          |
|    episodes        | 1160     |
|    fps             | 120      |
|    time_elapsed    | 1933     |
|    total_timesteps | 231993   |
| train/             |          |
|    actor_loss      | -189     |
|    critic_loss     | 18.9     |
|    ent_coef        | 0.104    |
|    ent_coef_loss   | 0.747    |
|    learning_rate   | 0.0003   |
|    n_updates       | 221992   |
---------------------------------
---------------------------------
| rollout/           |          |
|    ep_len_mean     | 200      |
|    ep_rew_mean     | 209      |
|    success_rate    | 0.01     |
| time/              |          |
|    episodes        | 1164     |
|    fps             | 119      |
|    time_elapsed    | 1940     |
|    total_timesteps | 232793   |
| train/             |          |
|    actor_loss      | -193     |
|    critic_loss     | 25.2     |
|    ent_coef        | 0.132    |
|    ent_coef_loss   | 0.163    |
|    learning_rate   | 0.0003   |
|    n_updates       | 222792   |
---------------------------------
---------------------------------
| rollout/           |          |
|    ep_len_mean     | 200      |
|    ep_rew_mean     | 220      |
|    success_rate    | 0.01     |
| time/              |          |
|    episodes        | 1168     |
|    fps             | 119      |
|    time_elapsed    | 1947     |
|    total_timesteps | 233593   |
| train/             |          |
|    actor_loss      | -185     |
|    critic_loss     | 77.6     |
|    ent_coef        | 0.144    |
|    ent_coef_loss   | 0.299    |
|    learning_rate   | 0.0003   |
|    n_updates       | 223592   |
---------------------------------
---------------------------------
| rollout/           |          |
|    ep_len_mean     | 200      |
|    ep_rew_mean     | 250      |
|    success_rate    | 0.01     |
| time/              |          |
|    episodes        | 1172     |
|    fps             | 119      |
|    time_elapsed    | 1954     |
|    total_timesteps | 234393   |
| train/             |          |
|    actor_loss      | -193     |
|    critic_loss     | 120      |
|    ent_coef        | 0.142    |
|    ent_coef_loss   | 1.07     |
|    learning_rate   | 0.0003   |
|    n_updates       | 224392   |
---------------------------------
---------------------------------
| rollout/           |          |
|    ep_len_mean     | 200      |
|    ep_rew_mean     | 241      |
|    success_rate    | 0.01     |
| time/              |          |
|    episodes        | 1176     |
|    fps             | 119      |
|    time_elapsed    | 1961     |
|    total_timesteps | 235193   |
| train/             |          |
|    actor_loss      | -187     |
|    critic_loss     | 16.8     |
|    ent_coef        | 0.142    |
|    ent_coef_loss   | -0.57    |
|    learning_rate   | 0.0003   |
|    n_updates       | 225192   |
---------------------------------
---------------------------------
| rollout/           |          |
|    ep_len_mean     | 200      |
|    ep_rew_mean     | 254      |
|    success_rate    | 0.01     |
| time/              |          |
|    episodes        | 1180     |
|    fps             | 119      |
|    time_elapsed    | 1968     |
|    total_timesteps | 235993   |
| train/             |          |
|    actor_loss      | -190     |
|    critic_loss     | 9.73     |
|    ent_coef        | 0.121    |
|    ent_coef_loss   | -0.941   |
|    learning_rate   | 0.0003   |
|    n_updates       | 225992   |
---------------------------------
---------------------------------
| rollout/           |          |
|    ep_len_mean     | 200      |
|    ep_rew_mean     | 261      |
|    success_rate    | 0.01     |
| time/              |          |
|    episodes        | 1184     |
|    fps             | 119      |
|    time_elapsed    | 1975     |
|    total_timesteps | 236793   |
| train/             |          |
|    actor_loss      | -179     |
|    critic_loss     | 57.8     |
|    ent_coef        | 0.115    |
|    ent_coef_loss   | -1.01    |
|    learning_rate   | 0.0003   |
|    n_updates       | 226792   |
---------------------------------
---------------------------------
| rollout/           |          |
|    ep_len_mean     | 200      |
|    ep_rew_mean     | 268      |
|    success_rate    | 0.01     |
| time/              |          |
|    episodes        | 1188     |
|    fps             | 119      |
|    time_elapsed    | 1983     |
|    total_timesteps | 237593   |
| train/             |          |
|    actor_loss      | -185     |
|    critic_loss     | 15.4     |
|    ent_coef        | 0.119    |
|    ent_coef_loss   | -0.159   |
|    learning_rate   | 0.0003   |
|    n_updates       | 227592   |
---------------------------------
---------------------------------
| rollout/           |          |
|    ep_len_mean     | 200      |
|    ep_rew_mean     | 264      |
|    success_rate    | 0.01     |
| time/              |          |
|    episodes        | 1192     |
|    fps             | 119      |
|    time_elapsed    | 1990     |
|    total_timesteps | 238393   |
| train/             |          |
|    actor_loss      | -197     |
|    critic_loss     | 16.7     |
|    ent_coef        | 0.123    |
|    ent_coef_loss   | -0.187   |
|    learning_rate   | 0.0003   |
|    n_updates       | 228392   |
---------------------------------
---------------------------------
| rollout/           |          |
|    ep_len_mean     | 200      |
|    ep_rew_mean     | 283      |
|    success_rate    | 0.01     |
| time/              |          |
|    episodes        | 1196     |
|    fps             | 119      |
|    time_elapsed    | 1997     |
|    total_timesteps | 239193   |
| train/             |          |
|    actor_loss      | -191     |
|    critic_loss     | 43.3     |
|    ent_coef        | 0.126    |
|    ent_coef_loss   | 0.125    |
|    learning_rate   | 0.0003   |
|    n_updates       | 229192   |
---------------------------------
---------------------------------
| rollout/           |          |
|    ep_len_mean     | 200      |
|    ep_rew_mean     | 292      |
|    success_rate    | 0.01     |
| time/              |          |
|    episodes        | 1200     |
|    fps             | 119      |
|    time_elapsed    | 2004     |
|    total_timesteps | 239993   |
| train/             |          |
|    actor_loss      | -188     |
|    critic_loss     | 8.4      |
|    ent_coef        | 0.127    |
|    ent_coef_loss   | -0.15    |
|    learning_rate   | 0.0003   |
|    n_updates       | 229992   |
---------------------------------
---------------------------------
| rollout/           |          |
|    ep_len_mean     | 200      |
|    ep_rew_mean     | 294      |
|    success_rate    | 0.01     |
| time/              |          |
|    episodes        | 1204     |
|    fps             | 119      |
|    time_elapsed    | 2011     |
|    total_timesteps | 240793   |
| train/             |          |
|    actor_loss      | -215     |
|    critic_loss     | 28.4     |
|    ent_coef        | 0.129    |
|    ent_coef_loss   | 0.0354   |
|    learning_rate   | 0.0003   |
|    n_updates       | 230792   |
---------------------------------
---------------------------------
| rollout/           |          |
|    ep_len_mean     | 200      |
|    ep_rew_mean     | 323      |
|    success_rate    | 0.01     |
| time/              |          |
|    episodes        | 1208     |
|    fps             | 119      |
|    time_elapsed    | 2018     |
|    total_timesteps | 241593   |
| train/             |          |
|    actor_loss      | -189     |
|    critic_loss     | 21.5     |
|    ent_coef        | 0.15     |
|    ent_coef_loss   | -0.807   |
|    learning_rate   | 0.0003   |
|    n_updates       | 231592   |
---------------------------------
---------------------------------
| rollout/           |          |
|    ep_len_mean     | 200      |
|    ep_rew_mean     | 336      |
|    success_rate    | 0.01     |
| time/              |          |
|    episodes        | 1212     |
|    fps             | 119      |
|    time_elapsed    | 2025     |
|    total_timesteps | 242393   |
| train/             |          |
|    actor_loss      | -191     |
|    critic_loss     | 72.8     |
|    ent_coef        | 0.148    |
|    ent_coef_loss   | -0.35    |
|    learning_rate   | 0.0003   |
|    n_updates       | 232392   |
---------------------------------
---------------------------------
| rollout/           |          |
|    ep_len_mean     | 200      |
|    ep_rew_mean     | 347      |
|    success_rate    | 0.01     |
| time/              |          |
|    episodes        | 1216     |
|    fps             | 119      |
|    time_elapsed    | 2032     |
|    total_timesteps | 243193   |
| train/             |          |
|    actor_loss      | -197     |
|    critic_loss     | 19.9     |
|    ent_coef        | 0.132    |
|    ent_coef_loss   | 0.137    |
|    learning_rate   | 0.0003   |
|    n_updates       | 233192   |
---------------------------------
---------------------------------
| rollout/           |          |
|    ep_len_mean     | 200      |
|    ep_rew_mean     | 364      |
|    success_rate    | 0.01     |
| time/              |          |
|    episodes        | 1220     |
|    fps             | 119      |
|    time_elapsed    | 2039     |
|    total_timesteps | 243993   |
| train/             |          |
|    actor_loss      | -203     |
|    critic_loss     | 74.9     |
|    ent_coef        | 0.125    |
|    ent_coef_loss   | -0.228   |
|    learning_rate   | 0.0003   |
|    n_updates       | 233992   |
---------------------------------
---------------------------------
| rollout/           |          |
|    ep_len_mean     | 200      |
|    ep_rew_mean     | 367      |
|    success_rate    | 0.01     |
| time/              |          |
|    episodes        | 1224     |
|    fps             | 119      |
|    time_elapsed    | 2047     |
|    total_timesteps | 244793   |
| train/             |          |
|    actor_loss      | -201     |
|    critic_loss     | 36.9     |
|    ent_coef        | 0.134    |
|    ent_coef_loss   | -0.147   |
|    learning_rate   | 0.0003   |
|    n_updates       | 234792   |
---------------------------------
---------------------------------
| rollout/           |          |
|    ep_len_mean     | 200      |
|    ep_rew_mean     | 388      |
|    success_rate    | 0.01     |
| time/              |          |
|    episodes        | 1228     |
|    fps             | 119      |
|    time_elapsed    | 2054     |
|    total_timesteps | 245593   |
| train/             |          |
|    actor_loss      | -202     |
|    critic_loss     | 116      |
|    ent_coef        | 0.153    |
|    ent_coef_loss   | 1.24     |
|    learning_rate   | 0.0003   |
|    n_updates       | 235592   |
---------------------------------
---------------------------------
| rollout/           |          |
|    ep_len_mean     | 200      |
|    ep_rew_mean     | 395      |
|    success_rate    | 0.01     |
| time/              |          |
|    episodes        | 1232     |
|    fps             | 119      |
|    time_elapsed    | 2061     |
|    total_timesteps | 246393   |
| train/             |          |
|    actor_loss      | -193     |
|    critic_loss     | 25.7     |
|    ent_coef        | 0.15     |
|    ent_coef_loss   | -0.548   |
|    learning_rate   | 0.0003   |
|    n_updates       | 236392   |
---------------------------------
---------------------------------
| rollout/           |          |
|    ep_len_mean     | 200      |
|    ep_rew_mean     | 393      |
|    success_rate    | 0.01     |
| time/              |          |
|    episodes        | 1236     |
|    fps             | 119      |
|    time_elapsed    | 2068     |
|    total_timesteps | 247193   |
| train/             |          |
|    actor_loss      | -200     |
|    critic_loss     | 45.9     |
|    ent_coef        | 0.156    |
|    ent_coef_loss   | -0.226   |
|    learning_rate   | 0.0003   |
|    n_updates       | 237192   |
---------------------------------
---------------------------------
| rollout/           |          |
|    ep_len_mean     | 200      |
|    ep_rew_mean     | 397      |
|    success_rate    | 0.01     |
| time/              |          |
|    episodes        | 1240     |
|    fps             | 119      |
|    time_elapsed    | 2075     |
|    total_timesteps | 247993   |
| train/             |          |
|    actor_loss      | -200     |
|    critic_loss     | 35.7     |
|    ent_coef        | 0.157    |
|    ent_coef_loss   | 0.521    |
|    learning_rate   | 0.0003   |
|    n_updates       | 237992   |
---------------------------------
---------------------------------
| rollout/           |          |
|    ep_len_mean     | 200      |
|    ep_rew_mean     | 400      |
|    success_rate    | 0        |
| time/              |          |
|    episodes        | 1244     |
|    fps             | 119      |
|    time_elapsed    | 2082     |
|    total_timesteps | 248793   |
| train/             |          |
|    actor_loss      | -199     |
|    critic_loss     | 95.5     |
|    ent_coef        | 0.165    |
|    ent_coef_loss   | -0.287   |
|    learning_rate   | 0.0003   |
|    n_updates       | 238792   |
---------------------------------
---------------------------------
| rollout/           |          |
|    ep_len_mean     | 200      |
|    ep_rew_mean     | 421      |
|    success_rate    | 0        |
| time/              |          |
|    episodes        | 1248     |
|    fps             | 119      |
|    time_elapsed    | 2089     |
|    total_timesteps | 249593   |
| train/             |          |
|    actor_loss      | -200     |
|    critic_loss     | 51.6     |
|    ent_coef        | 0.173    |
|    ent_coef_loss   | -1.11    |
|    learning_rate   | 0.0003   |
|    n_updates       | 239592   |
---------------------------------
Eval num_timesteps=250000, episode_reward=793.88 +/- 104.36
Episode length: 200.00 +/- 0.00
Success rate: 0.00%
---------------------------------
| eval/              |          |
|    mean_ep_length  | 200      |
|    mean_reward     | 794      |
|    success_rate    | 0        |
| time/              |          |
|    total_timesteps | 250000   |
| train/             |          |
|    actor_loss      | -203     |
|    critic_loss     | 24.4     |
|    ent_coef        | 0.165    |
|    ent_coef_loss   | -0.693   |
|    learning_rate   | 0.0003   |
|    n_updates       | 239999   |
---------------------------------
---------------------------------
| rollout/           |          |
|    ep_len_mean     | 200      |
|    ep_rew_mean     | 441      |
|    success_rate    | 0        |
| time/              |          |
|    episodes        | 1252     |
|    fps             | 119      |
|    time_elapsed    | 2097     |
|    total_timesteps | 250393   |
| train/             |          |
|    actor_loss      | -199     |
|    critic_loss     | 10.2     |
|    ent_coef        | 0.158    |
|    ent_coef_loss   | -1.16    |
|    learning_rate   | 0.0003   |
|    n_updates       | 240392   |
---------------------------------
---------------------------------
| rollout/           |          |
|    ep_len_mean     | 200      |
|    ep_rew_mean     | 438      |
|    success_rate    | 0        |
| time/              |          |
|    episodes        | 1256     |
|    fps             | 119      |
|    time_elapsed    | 2104     |
|    total_timesteps | 251193   |
| train/             |          |
|    actor_loss      | -205     |
|    critic_loss     | 64.7     |
|    ent_coef        | 0.158    |
|    ent_coef_loss   | 1.51     |
|    learning_rate   | 0.0003   |
|    n_updates       | 241192   |
---------------------------------
---------------------------------
| rollout/           |          |
|    ep_len_mean     | 200      |
|    ep_rew_mean     | 442      |
|    success_rate    | 0        |
| time/              |          |
|    episodes        | 1260     |
|    fps             | 119      |
|    time_elapsed    | 2111     |
|    total_timesteps | 251993   |
| train/             |          |
|    actor_loss      | -210     |
|    critic_loss     | 18.8     |
|    ent_coef        | 0.16     |
|    ent_coef_loss   | 1.46     |
|    learning_rate   | 0.0003   |
|    n_updates       | 241992   |
---------------------------------
---------------------------------
| rollout/           |          |
|    ep_len_mean     | 200      |
|    ep_rew_mean     | 429      |
|    success_rate    | 0        |
| time/              |          |
|    episodes        | 1264     |
|    fps             | 119      |
|    time_elapsed    | 2118     |
|    total_timesteps | 252793   |
| train/             |          |
|    actor_loss      | -197     |
|    critic_loss     | 104      |
|    ent_coef        | 0.163    |
|    ent_coef_loss   | 1.36     |
|    learning_rate   | 0.0003   |
|    n_updates       | 242792   |
---------------------------------
---------------------------------
| rollout/           |          |
|    ep_len_mean     | 200      |
|    ep_rew_mean     | 445      |
|    success_rate    | 0        |
| time/              |          |
|    episodes        | 1268     |
|    fps             | 119      |
|    time_elapsed    | 2125     |
|    total_timesteps | 253593   |
| train/             |          |
|    actor_loss      | -208     |
|    critic_loss     | 3.08e+03 |
|    ent_coef        | 0.148    |
|    ent_coef_loss   | 0.0174   |
|    learning_rate   | 0.0003   |
|    n_updates       | 243592   |
---------------------------------
---------------------------------
| rollout/           |          |
|    ep_len_mean     | 200      |
|    ep_rew_mean     | 433      |
|    success_rate    | 0        |
| time/              |          |
|    episodes        | 1272     |
|    fps             | 119      |
|    time_elapsed    | 2132     |
|    total_timesteps | 254393   |
| train/             |          |
|    actor_loss      | -219     |
|    critic_loss     | 11.3     |
|    ent_coef        | 0.136    |
|    ent_coef_loss   | -0.186   |
|    learning_rate   | 0.0003   |
|    n_updates       | 244392   |
---------------------------------
---------------------------------
| rollout/           |          |
|    ep_len_mean     | 200      |
|    ep_rew_mean     | 456      |
|    success_rate    | 0        |
| time/              |          |
|    episodes        | 1276     |
|    fps             | 119      |
|    time_elapsed    | 2139     |
|    total_timesteps | 255193   |
| train/             |          |
|    actor_loss      | -203     |
|    critic_loss     | 52.8     |
|    ent_coef        | 0.136    |
|    ent_coef_loss   | 0.27     |
|    learning_rate   | 0.0003   |
|    n_updates       | 245192   |
---------------------------------
---------------------------------
| rollout/           |          |
|    ep_len_mean     | 200      |
|    ep_rew_mean     | 463      |
|    success_rate    | 0        |
| time/              |          |
|    episodes        | 1280     |
|    fps             | 119      |
|    time_elapsed    | 2146     |
|    total_timesteps | 255993   |
| train/             |          |
|    actor_loss      | -203     |
|    critic_loss     | 25.1     |
|    ent_coef        | 0.145    |
|    ent_coef_loss   | 0.614    |
|    learning_rate   | 0.0003   |
|    n_updates       | 245992   |
---------------------------------
---------------------------------
| rollout/           |          |
|    ep_len_mean     | 200      |
|    ep_rew_mean     | 465      |
|    success_rate    | 0        |
| time/              |          |
|    episodes        | 1284     |
|    fps             | 119      |
|    time_elapsed    | 2153     |
|    total_timesteps | 256793   |
| train/             |          |
|    actor_loss      | -210     |
|    critic_loss     | 22.8     |
|    ent_coef        | 0.146    |
|    ent_coef_loss   | 0.0644   |
|    learning_rate   | 0.0003   |
|    n_updates       | 246792   |
---------------------------------
---------------------------------
| rollout/           |          |
|    ep_len_mean     | 200      |
|    ep_rew_mean     | 466      |
|    success_rate    | 0        |
| time/              |          |
|    episodes        | 1288     |
|    fps             | 119      |
|    time_elapsed    | 2161     |
|    total_timesteps | 257593   |
| train/             |          |
|    actor_loss      | -218     |
|    critic_loss     | 29.4     |
|    ent_coef        | 0.153    |
|    ent_coef_loss   | -0.666   |
|    learning_rate   | 0.0003   |
|    n_updates       | 247592   |
---------------------------------
---------------------------------
| rollout/           |          |
|    ep_len_mean     | 200      |
|    ep_rew_mean     | 489      |
|    success_rate    | 0        |
| time/              |          |
|    episodes        | 1292     |
|    fps             | 119      |
|    time_elapsed    | 2168     |
|    total_timesteps | 258393   |
| train/             |          |
|    actor_loss      | -208     |
|    critic_loss     | 24.2     |
|    ent_coef        | 0.161    |
|    ent_coef_loss   | -0.334   |
|    learning_rate   | 0.0003   |
|    n_updates       | 248392   |
---------------------------------
---------------------------------
| rollout/           |          |
|    ep_len_mean     | 200      |
|    ep_rew_mean     | 481      |
|    success_rate    | 0        |
| time/              |          |
|    episodes        | 1296     |
|    fps             | 119      |
|    time_elapsed    | 2175     |
|    total_timesteps | 259193   |
| train/             |          |
|    actor_loss      | -211     |
|    critic_loss     | 18.6     |
|    ent_coef        | 0.171    |
|    ent_coef_loss   | 1.14     |
|    learning_rate   | 0.0003   |
|    n_updates       | 249192   |
---------------------------------
---------------------------------
| rollout/           |          |
|    ep_len_mean     | 200      |
|    ep_rew_mean     | 487      |
|    success_rate    | 0        |
| time/              |          |
|    episodes        | 1300     |
|    fps             | 119      |
|    time_elapsed    | 2182     |
|    total_timesteps | 259993   |
| train/             |          |
|    actor_loss      | -213     |
|    critic_loss     | 12.9     |
|    ent_coef        | 0.168    |
|    ent_coef_loss   | -0.44    |
|    learning_rate   | 0.0003   |
|    n_updates       | 249992   |
---------------------------------
---------------------------------
| rollout/           |          |
|    ep_len_mean     | 200      |
|    ep_rew_mean     | 497      |
|    success_rate    | 0        |
| time/              |          |
|    episodes        | 1304     |
|    fps             | 119      |
|    time_elapsed    | 2189     |
|    total_timesteps | 260793   |
| train/             |          |
|    actor_loss      | -214     |
|    critic_loss     | 11.6     |
|    ent_coef        | 0.166    |
|    ent_coef_loss   | 0.994    |
|    learning_rate   | 0.0003   |
|    n_updates       | 250792   |
---------------------------------
---------------------------------
| rollout/           |          |
|    ep_len_mean     | 200      |
|    ep_rew_mean     | 498      |
|    success_rate    | 0        |
| time/              |          |
|    episodes        | 1308     |
|    fps             | 119      |
|    time_elapsed    | 2196     |
|    total_timesteps | 261593   |
| train/             |          |
|    actor_loss      | -225     |
|    critic_loss     | 12.8     |
|    ent_coef        | 0.163    |
|    ent_coef_loss   | -0.749   |
|    learning_rate   | 0.0003   |
|    n_updates       | 251592   |
---------------------------------
---------------------------------
| rollout/           |          |
|    ep_len_mean     | 200      |
|    ep_rew_mean     | 505      |
|    success_rate    | 0        |
| time/              |          |
|    episodes        | 1312     |
|    fps             | 119      |
|    time_elapsed    | 2204     |
|    total_timesteps | 262393   |
| train/             |          |
|    actor_loss      | -226     |
|    critic_loss     | 76       |
|    ent_coef        | 0.162    |
|    ent_coef_loss   | -1.73    |
|    learning_rate   | 0.0003   |
|    n_updates       | 252392   |
---------------------------------
---------------------------------
| rollout/           |          |
|    ep_len_mean     | 200      |
|    ep_rew_mean     | 489      |
|    success_rate    | 0        |
| time/              |          |
|    episodes        | 1316     |
|    fps             | 119      |
|    time_elapsed    | 2211     |
|    total_timesteps | 263193   |
| train/             |          |
|    actor_loss      | -213     |
|    critic_loss     | 50.3     |
|    ent_coef        | 0.16     |
|    ent_coef_loss   | -0.11    |
|    learning_rate   | 0.0003   |
|    n_updates       | 253192   |
---------------------------------
---------------------------------
| rollout/           |          |
|    ep_len_mean     | 200      |
|    ep_rew_mean     | 482      |
|    success_rate    | 0        |
| time/              |          |
|    episodes        | 1320     |
|    fps             | 119      |
|    time_elapsed    | 2218     |
|    total_timesteps | 263993   |
| train/             |          |
|    actor_loss      | -228     |
|    critic_loss     | 10.4     |
|    ent_coef        | 0.159    |
|    ent_coef_loss   | 0.823    |
|    learning_rate   | 0.0003   |
|    n_updates       | 253992   |
---------------------------------
---------------------------------
| rollout/           |          |
|    ep_len_mean     | 200      |
|    ep_rew_mean     | 500      |
|    success_rate    | 0        |
| time/              |          |
|    episodes        | 1324     |
|    fps             | 118      |
|    time_elapsed    | 2225     |
|    total_timesteps | 264793   |
| train/             |          |
|    actor_loss      | -229     |
|    critic_loss     | 27.2     |
|    ent_coef        | 0.152    |
|    ent_coef_loss   | -0.903   |
|    learning_rate   | 0.0003   |
|    n_updates       | 254792   |
---------------------------------
---------------------------------
| rollout/           |          |
|    ep_len_mean     | 200      |
|    ep_rew_mean     | 503      |
|    success_rate    | 0        |
| time/              |          |
|    episodes        | 1328     |
|    fps             | 118      |
|    time_elapsed    | 2232     |
|    total_timesteps | 265593   |
| train/             |          |
|    actor_loss      | -222     |
|    critic_loss     | 11.2     |
|    ent_coef        | 0.143    |
|    ent_coef_loss   | 1.02     |
|    learning_rate   | 0.0003   |
|    n_updates       | 255592   |
---------------------------------
---------------------------------
| rollout/           |          |
|    ep_len_mean     | 200      |
|    ep_rew_mean     | 509      |
|    success_rate    | 0        |
| time/              |          |
|    episodes        | 1332     |
|    fps             | 118      |
|    time_elapsed    | 2239     |
|    total_timesteps | 266393   |
| train/             |          |
|    actor_loss      | -225     |
|    critic_loss     | 14.6     |
|    ent_coef        | 0.135    |
|    ent_coef_loss   | -0.512   |
|    learning_rate   | 0.0003   |
|    n_updates       | 256392   |
---------------------------------
---------------------------------
| rollout/           |          |
|    ep_len_mean     | 200      |
|    ep_rew_mean     | 525      |
|    success_rate    | 0        |
| time/              |          |
|    episodes        | 1336     |
|    fps             | 118      |
|    time_elapsed    | 2246     |
|    total_timesteps | 267193   |
| train/             |          |
|    actor_loss      | -233     |
|    critic_loss     | 42       |
|    ent_coef        | 0.125    |
|    ent_coef_loss   | 0.0959   |
|    learning_rate   | 0.0003   |
|    n_updates       | 257192   |
---------------------------------
---------------------------------
| rollout/           |          |
|    ep_len_mean     | 200      |
|    ep_rew_mean     | 522      |
|    success_rate    | 0        |
| time/              |          |
|    episodes        | 1340     |
|    fps             | 118      |
|    time_elapsed    | 2254     |
|    total_timesteps | 267993   |
| train/             |          |
|    actor_loss      | -223     |
|    critic_loss     | 36.1     |
|    ent_coef        | 0.125    |
|    ent_coef_loss   | 0.506    |
|    learning_rate   | 0.0003   |
|    n_updates       | 257992   |
---------------------------------
---------------------------------
| rollout/           |          |
|    ep_len_mean     | 200      |
|    ep_rew_mean     | 536      |
|    success_rate    | 0        |
| time/              |          |
|    episodes        | 1344     |
|    fps             | 118      |
|    time_elapsed    | 2261     |
|    total_timesteps | 268793   |
| train/             |          |
|    actor_loss      | -232     |
|    critic_loss     | 19.4     |
|    ent_coef        | 0.125    |
|    ent_coef_loss   | -0.289   |
|    learning_rate   | 0.0003   |
|    n_updates       | 258792   |
---------------------------------
---------------------------------
| rollout/           |          |
|    ep_len_mean     | 200      |
|    ep_rew_mean     | 545      |
|    success_rate    | 0        |
| time/              |          |
|    episodes        | 1348     |
|    fps             | 118      |
|    time_elapsed    | 2268     |
|    total_timesteps | 269593   |
| train/             |          |
|    actor_loss      | -230     |
|    critic_loss     | 86.4     |
|    ent_coef        | 0.12     |
|    ent_coef_loss   | -0.546   |
|    learning_rate   | 0.0003   |
|    n_updates       | 259592   |
---------------------------------
---------------------------------
| rollout/           |          |
|    ep_len_mean     | 200      |
|    ep_rew_mean     | 539      |
|    success_rate    | 0        |
| time/              |          |
|    episodes        | 1352     |
|    fps             | 118      |
|    time_elapsed    | 2275     |
|    total_timesteps | 270393   |
| train/             |          |
|    actor_loss      | -237     |
|    critic_loss     | 19.8     |
|    ent_coef        | 0.126    |
|    ent_coef_loss   | -1.11    |
|    learning_rate   | 0.0003   |
|    n_updates       | 260392   |
---------------------------------
---------------------------------
| rollout/           |          |
|    ep_len_mean     | 200      |
|    ep_rew_mean     | 538      |
|    success_rate    | 0        |
| time/              |          |
|    episodes        | 1356     |
|    fps             | 118      |
|    time_elapsed    | 2283     |
|    total_timesteps | 271193   |
| train/             |          |
|    actor_loss      | -240     |
|    critic_loss     | 32.3     |
|    ent_coef        | 0.129    |
|    ent_coef_loss   | -0.507   |
|    learning_rate   | 0.0003   |
|    n_updates       | 261192   |
---------------------------------
---------------------------------
| rollout/           |          |
|    ep_len_mean     | 200      |
|    ep_rew_mean     | 535      |
|    success_rate    | 0        |
| time/              |          |
|    episodes        | 1360     |
|    fps             | 118      |
|    time_elapsed    | 2290     |
|    total_timesteps | 271993   |
| train/             |          |
|    actor_loss      | -236     |
|    critic_loss     | 8.61     |
|    ent_coef        | 0.125    |
|    ent_coef_loss   | 0.974    |
|    learning_rate   | 0.0003   |
|    n_updates       | 261992   |
---------------------------------
---------------------------------
| rollout/           |          |
|    ep_len_mean     | 200      |
|    ep_rew_mean     | 550      |
|    success_rate    | 0        |
| time/              |          |
|    episodes        | 1364     |
|    fps             | 118      |
|    time_elapsed    | 2297     |
|    total_timesteps | 272793   |
| train/             |          |
|    actor_loss      | -224     |
|    critic_loss     | 37       |
|    ent_coef        | 0.119    |
|    ent_coef_loss   | 0.209    |
|    learning_rate   | 0.0003   |
|    n_updates       | 262792   |
---------------------------------
---------------------------------
| rollout/           |          |
|    ep_len_mean     | 200      |
|    ep_rew_mean     | 547      |
|    success_rate    | 0        |
| time/              |          |
|    episodes        | 1368     |
|    fps             | 118      |
|    time_elapsed    | 2304     |
|    total_timesteps | 273593   |
| train/             |          |
|    actor_loss      | -234     |
|    critic_loss     | 14.4     |
|    ent_coef        | 0.117    |
|    ent_coef_loss   | 0.0507   |
|    learning_rate   | 0.0003   |
|    n_updates       | 263592   |
---------------------------------
---------------------------------
| rollout/           |          |
|    ep_len_mean     | 200      |
|    ep_rew_mean     | 547      |
|    success_rate    | 0        |
| time/              |          |
|    episodes        | 1372     |
|    fps             | 118      |
|    time_elapsed    | 2311     |
|    total_timesteps | 274393   |
| train/             |          |
|    actor_loss      | -237     |
|    critic_loss     | 119      |
|    ent_coef        | 0.125    |
|    ent_coef_loss   | -0.613   |
|    learning_rate   | 0.0003   |
|    n_updates       | 264392   |
---------------------------------
Eval num_timesteps=275000, episode_reward=753.05 +/- 160.47
Episode length: 200.00 +/- 0.00
Success rate: 0.00%
---------------------------------
| eval/              |          |
|    mean_ep_length  | 200      |
|    mean_reward     | 753      |
|    success_rate    | 0        |
| time/              |          |
|    total_timesteps | 275000   |
| train/             |          |
|    actor_loss      | -228     |
|    critic_loss     | 37.1     |
|    ent_coef        | 0.124    |
|    ent_coef_loss   | 0.648    |
|    learning_rate   | 0.0003   |
|    n_updates       | 264999   |
---------------------------------
---------------------------------
| rollout/           |          |
|    ep_len_mean     | 200      |
|    ep_rew_mean     | 536      |
|    success_rate    | 0        |
| time/              |          |
|    episodes        | 1376     |
|    fps             | 118      |
|    time_elapsed    | 2320     |
|    total_timesteps | 275193   |
| train/             |          |
|    actor_loss      | -241     |
|    critic_loss     | 53.3     |
|    ent_coef        | 0.127    |
|    ent_coef_loss   | -1.04    |
|    learning_rate   | 0.0003   |
|    n_updates       | 265192   |
---------------------------------
---------------------------------
| rollout/           |          |
|    ep_len_mean     | 200      |
|    ep_rew_mean     | 545      |
|    success_rate    | 0        |
| time/              |          |
|    episodes        | 1380     |
|    fps             | 118      |
|    time_elapsed    | 2327     |
|    total_timesteps | 275993   |
| train/             |          |
|    actor_loss      | -238     |
|    critic_loss     | 13       |
|    ent_coef        | 0.115    |
|    ent_coef_loss   | 0.876    |
|    learning_rate   | 0.0003   |
|    n_updates       | 265992   |
---------------------------------
---------------------------------
| rollout/           |          |
|    ep_len_mean     | 200      |
|    ep_rew_mean     | 552      |
|    success_rate    | 0        |
| time/              |          |
|    episodes        | 1384     |
|    fps             | 118      |
|    time_elapsed    | 2334     |
|    total_timesteps | 276793   |
| train/             |          |
|    actor_loss      | -246     |
|    critic_loss     | 42.6     |
|    ent_coef        | 0.113    |
|    ent_coef_loss   | 0.956    |
|    learning_rate   | 0.0003   |
|    n_updates       | 266792   |
---------------------------------
---------------------------------
| rollout/           |          |
|    ep_len_mean     | 200      |
|    ep_rew_mean     | 556      |
|    success_rate    | 0        |
| time/              |          |
|    episodes        | 1388     |
|    fps             | 118      |
|    time_elapsed    | 2341     |
|    total_timesteps | 277593   |
| train/             |          |
|    actor_loss      | -228     |
|    critic_loss     | 31       |
|    ent_coef        | 0.112    |
|    ent_coef_loss   | -0.846   |
|    learning_rate   | 0.0003   |
|    n_updates       | 267592   |
---------------------------------
---------------------------------
| rollout/           |          |
|    ep_len_mean     | 200      |
|    ep_rew_mean     | 556      |
|    success_rate    | 0        |
| time/              |          |
|    episodes        | 1392     |
|    fps             | 118      |
|    time_elapsed    | 2348     |
|    total_timesteps | 278393   |
| train/             |          |
|    actor_loss      | -251     |
|    critic_loss     | 30.9     |
|    ent_coef        | 0.117    |
|    ent_coef_loss   | 0.901    |
|    learning_rate   | 0.0003   |
|    n_updates       | 268392   |
---------------------------------
---------------------------------
| rollout/           |          |
|    ep_len_mean     | 200      |
|    ep_rew_mean     | 568      |
|    success_rate    | 0        |
| time/              |          |
|    episodes        | 1396     |
|    fps             | 118      |
|    time_elapsed    | 2355     |
|    total_timesteps | 279193   |
| train/             |          |
|    actor_loss      | -242     |
|    critic_loss     | 36.1     |
|    ent_coef        | 0.112    |
|    ent_coef_loss   | -0.469   |
|    learning_rate   | 0.0003   |
|    n_updates       | 269192   |
---------------------------------
---------------------------------
| rollout/           |          |
|    ep_len_mean     | 200      |
|    ep_rew_mean     | 562      |
|    success_rate    | 0        |
| time/              |          |
|    episodes        | 1400     |
|    fps             | 118      |
|    time_elapsed    | 2362     |
|    total_timesteps | 279993   |
| train/             |          |
|    actor_loss      | -235     |
|    critic_loss     | 63.7     |
|    ent_coef        | 0.108    |
|    ent_coef_loss   | 0.432    |
|    learning_rate   | 0.0003   |
|    n_updates       | 269992   |
---------------------------------
---------------------------------
| rollout/           |          |
|    ep_len_mean     | 200      |
|    ep_rew_mean     | 566      |
|    success_rate    | 0        |
| time/              |          |
|    episodes        | 1404     |
|    fps             | 118      |
|    time_elapsed    | 2369     |
|    total_timesteps | 280793   |
| train/             |          |
|    actor_loss      | -241     |
|    critic_loss     | 63       |
|    ent_coef        | 0.115    |
|    ent_coef_loss   | 0.327    |
|    learning_rate   | 0.0003   |
|    n_updates       | 270792   |
---------------------------------
---------------------------------
| rollout/           |          |
|    ep_len_mean     | 200      |
|    ep_rew_mean     | 552      |
|    success_rate    | 0        |
| time/              |          |
|    episodes        | 1408     |
|    fps             | 118      |
|    time_elapsed    | 2377     |
|    total_timesteps | 281593   |
| train/             |          |
|    actor_loss      | -240     |
|    critic_loss     | 31.6     |
|    ent_coef        | 0.109    |
|    ent_coef_loss   | 1.46     |
|    learning_rate   | 0.0003   |
|    n_updates       | 271592   |
---------------------------------
---------------------------------
| rollout/           |          |
|    ep_len_mean     | 200      |
|    ep_rew_mean     | 562      |
|    success_rate    | 0        |
| time/              |          |
|    episodes        | 1412     |
|    fps             | 118      |
|    time_elapsed    | 2384     |
|    total_timesteps | 282393   |
| train/             |          |
|    actor_loss      | -238     |
|    critic_loss     | 47.7     |
|    ent_coef        | 0.114    |
|    ent_coef_loss   | 0.755    |
|    learning_rate   | 0.0003   |
|    n_updates       | 272392   |
---------------------------------
---------------------------------
| rollout/           |          |
|    ep_len_mean     | 200      |
|    ep_rew_mean     | 585      |
|    success_rate    | 0        |
| time/              |          |
|    episodes        | 1416     |
|    fps             | 118      |
|    time_elapsed    | 2391     |
|    total_timesteps | 283193   |
| train/             |          |
|    actor_loss      | -232     |
|    critic_loss     | 29.9     |
|    ent_coef        | 0.113    |
|    ent_coef_loss   | -1.31    |
|    learning_rate   | 0.0003   |
|    n_updates       | 273192   |
---------------------------------
---------------------------------
| rollout/           |          |
|    ep_len_mean     | 200      |
|    ep_rew_mean     | 608      |
|    success_rate    | 0        |
| time/              |          |
|    episodes        | 1420     |
|    fps             | 118      |
|    time_elapsed    | 2398     |
|    total_timesteps | 283993   |
| train/             |          |
|    actor_loss      | -230     |
|    critic_loss     | 16.5     |
|    ent_coef        | 0.116    |
|    ent_coef_loss   | -0.451   |
|    learning_rate   | 0.0003   |
|    n_updates       | 273992   |
---------------------------------
---------------------------------
| rollout/           |          |
|    ep_len_mean     | 200      |
|    ep_rew_mean     | 598      |
|    success_rate    | 0        |
| time/              |          |
|    episodes        | 1424     |
|    fps             | 118      |
|    time_elapsed    | 2405     |
|    total_timesteps | 284793   |
| train/             |          |
|    actor_loss      | -227     |
|    critic_loss     | 22.6     |
|    ent_coef        | 0.11     |
|    ent_coef_loss   | 0.343    |
|    learning_rate   | 0.0003   |
|    n_updates       | 274792   |
---------------------------------
---------------------------------
| rollout/           |          |
|    ep_len_mean     | 200      |
|    ep_rew_mean     | 604      |
|    success_rate    | 0        |
| time/              |          |
|    episodes        | 1428     |
|    fps             | 118      |
|    time_elapsed    | 2412     |
|    total_timesteps | 285593   |
| train/             |          |
|    actor_loss      | -238     |
|    critic_loss     | 26.6     |
|    ent_coef        | 0.11     |
|    ent_coef_loss   | -0.61    |
|    learning_rate   | 0.0003   |
|    n_updates       | 275592   |
---------------------------------
---------------------------------
| rollout/           |          |
|    ep_len_mean     | 200      |
|    ep_rew_mean     | 616      |
|    success_rate    | 0        |
| time/              |          |
|    episodes        | 1432     |
|    fps             | 118      |
|    time_elapsed    | 2419     |
|    total_timesteps | 286393   |
| train/             |          |
|    actor_loss      | -235     |
|    critic_loss     | 13.1     |
|    ent_coef        | 0.124    |
|    ent_coef_loss   | 0.353    |
|    learning_rate   | 0.0003   |
|    n_updates       | 276392   |
---------------------------------
---------------------------------
| rollout/           |          |
|    ep_len_mean     | 200      |
|    ep_rew_mean     | 616      |
|    success_rate    | 0        |
| time/              |          |
|    episodes        | 1436     |
|    fps             | 118      |
|    time_elapsed    | 2426     |
|    total_timesteps | 287193   |
| train/             |          |
|    actor_loss      | -234     |
|    critic_loss     | 25.2     |
|    ent_coef        | 0.127    |
|    ent_coef_loss   | 0.214    |
|    learning_rate   | 0.0003   |
|    n_updates       | 277192   |
---------------------------------
---------------------------------
| rollout/           |          |
|    ep_len_mean     | 200      |
|    ep_rew_mean     | 617      |
|    success_rate    | 0        |
| time/              |          |
|    episodes        | 1440     |
|    fps             | 118      |
|    time_elapsed    | 2433     |
|    total_timesteps | 287993   |
| train/             |          |
|    actor_loss      | -227     |
|    critic_loss     | 38.3     |
|    ent_coef        | 0.126    |
|    ent_coef_loss   | 0.223    |
|    learning_rate   | 0.0003   |
|    n_updates       | 277992   |
---------------------------------
---------------------------------
| rollout/           |          |
|    ep_len_mean     | 200      |
|    ep_rew_mean     | 621      |
|    success_rate    | 0        |
| time/              |          |
|    episodes        | 1444     |
|    fps             | 118      |
|    time_elapsed    | 2440     |
|    total_timesteps | 288793   |
| train/             |          |
|    actor_loss      | -243     |
|    critic_loss     | 20       |
|    ent_coef        | 0.127    |
|    ent_coef_loss   | 0.21     |
|    learning_rate   | 0.0003   |
|    n_updates       | 278792   |
---------------------------------
---------------------------------
| rollout/           |          |
|    ep_len_mean     | 200      |
|    ep_rew_mean     | 619      |
|    success_rate    | 0        |
| time/              |          |
|    episodes        | 1448     |
|    fps             | 118      |
|    time_elapsed    | 2447     |
|    total_timesteps | 289593   |
| train/             |          |
|    actor_loss      | -223     |
|    critic_loss     | 18.4     |
|    ent_coef        | 0.13     |
|    ent_coef_loss   | -0.119   |
|    learning_rate   | 0.0003   |
|    n_updates       | 279592   |
---------------------------------
---------------------------------
| rollout/           |          |
|    ep_len_mean     | 200      |
|    ep_rew_mean     | 624      |
|    success_rate    | 0        |
| time/              |          |
|    episodes        | 1452     |
|    fps             | 118      |
|    time_elapsed    | 2454     |
|    total_timesteps | 290393   |
| train/             |          |
|    actor_loss      | -243     |
|    critic_loss     | 95.5     |
|    ent_coef        | 0.126    |
|    ent_coef_loss   | -0.147   |
|    learning_rate   | 0.0003   |
|    n_updates       | 280392   |
---------------------------------
---------------------------------
| rollout/           |          |
|    ep_len_mean     | 200      |
|    ep_rew_mean     | 644      |
|    success_rate    | 0        |
| time/              |          |
|    episodes        | 1456     |
|    fps             | 118      |
|    time_elapsed    | 2461     |
|    total_timesteps | 291193   |
| train/             |          |
|    actor_loss      | -240     |
|    critic_loss     | 57.1     |
|    ent_coef        | 0.124    |
|    ent_coef_loss   | 0.46     |
|    learning_rate   | 0.0003   |
|    n_updates       | 281192   |
---------------------------------
---------------------------------
| rollout/           |          |
|    ep_len_mean     | 200      |
|    ep_rew_mean     | 662      |
|    success_rate    | 0        |
| time/              |          |
|    episodes        | 1460     |
|    fps             | 118      |
|    time_elapsed    | 2468     |
|    total_timesteps | 291993   |
| train/             |          |
|    actor_loss      | -239     |
|    critic_loss     | 27.1     |
|    ent_coef        | 0.124    |
|    ent_coef_loss   | -0.83    |
|    learning_rate   | 0.0003   |
|    n_updates       | 281992   |
---------------------------------
---------------------------------
| rollout/           |          |
|    ep_len_mean     | 200      |
|    ep_rew_mean     | 663      |
|    success_rate    | 0        |
| time/              |          |
|    episodes        | 1464     |
|    fps             | 118      |
|    time_elapsed    | 2475     |
|    total_timesteps | 292793   |
| train/             |          |
|    actor_loss      | -237     |
|    critic_loss     | 30.5     |
|    ent_coef        | 0.125    |
|    ent_coef_loss   | 0.86     |
|    learning_rate   | 0.0003   |
|    n_updates       | 282792   |
---------------------------------
---------------------------------
| rollout/           |          |
|    ep_len_mean     | 200      |
|    ep_rew_mean     | 656      |
|    success_rate    | 0        |
| time/              |          |
|    episodes        | 1468     |
|    fps             | 118      |
|    time_elapsed    | 2482     |
|    total_timesteps | 293593   |
| train/             |          |
|    actor_loss      | -233     |
|    critic_loss     | 51       |
|    ent_coef        | 0.128    |
|    ent_coef_loss   | 0.573    |
|    learning_rate   | 0.0003   |
|    n_updates       | 283592   |
---------------------------------
---------------------------------
| rollout/           |          |
|    ep_len_mean     | 200      |
|    ep_rew_mean     | 670      |
|    success_rate    | 0        |
| time/              |          |
|    episodes        | 1472     |
|    fps             | 118      |
|    time_elapsed    | 2489     |
|    total_timesteps | 294393   |
| train/             |          |
|    actor_loss      | -230     |
|    critic_loss     | 44       |
|    ent_coef        | 0.118    |
|    ent_coef_loss   | 0.0292   |
|    learning_rate   | 0.0003   |
|    n_updates       | 284392   |
---------------------------------
---------------------------------
| rollout/           |          |
|    ep_len_mean     | 200      |
|    ep_rew_mean     | 683      |
|    success_rate    | 0        |
| time/              |          |
|    episodes        | 1476     |
|    fps             | 118      |
|    time_elapsed    | 2496     |
|    total_timesteps | 295193   |
| train/             |          |
|    actor_loss      | -232     |
|    critic_loss     | 55.3     |
|    ent_coef        | 0.118    |
|    ent_coef_loss   | -0.387   |
|    learning_rate   | 0.0003   |
|    n_updates       | 285192   |
---------------------------------
---------------------------------
| rollout/           |          |
|    ep_len_mean     | 200      |
|    ep_rew_mean     | 681      |
|    success_rate    | 0        |
| time/              |          |
|    episodes        | 1480     |
|    fps             | 118      |
|    time_elapsed    | 2503     |
|    total_timesteps | 295993   |
| train/             |          |
|    actor_loss      | -237     |
|    critic_loss     | 35.9     |
|    ent_coef        | 0.118    |
|    ent_coef_loss   | 0.252    |
|    learning_rate   | 0.0003   |
|    n_updates       | 285992   |
---------------------------------
---------------------------------
| rollout/           |          |
|    ep_len_mean     | 200      |
|    ep_rew_mean     | 676      |
|    success_rate    | 0        |
| time/              |          |
|    episodes        | 1484     |
|    fps             | 118      |
|    time_elapsed    | 2510     |
|    total_timesteps | 296793   |
| train/             |          |
|    actor_loss      | -240     |
|    critic_loss     | 43.9     |
|    ent_coef        | 0.121    |
|    ent_coef_loss   | -1.33    |
|    learning_rate   | 0.0003   |
|    n_updates       | 286792   |
---------------------------------
---------------------------------
| rollout/           |          |
|    ep_len_mean     | 200      |
|    ep_rew_mean     | 685      |
|    success_rate    | 0        |
| time/              |          |
|    episodes        | 1488     |
|    fps             | 118      |
|    time_elapsed    | 2517     |
|    total_timesteps | 297593   |
| train/             |          |
|    actor_loss      | -228     |
|    critic_loss     | 63.4     |
|    ent_coef        | 0.119    |
|    ent_coef_loss   | 0.658    |
|    learning_rate   | 0.0003   |
|    n_updates       | 287592   |
---------------------------------
---------------------------------
| rollout/           |          |
|    ep_len_mean     | 200      |
|    ep_rew_mean     | 687      |
|    success_rate    | 0        |
| time/              |          |
|    episodes        | 1492     |
|    fps             | 118      |
|    time_elapsed    | 2524     |
|    total_timesteps | 298393   |
| train/             |          |
|    actor_loss      | -240     |
|    critic_loss     | 36.9     |
|    ent_coef        | 0.12     |
|    ent_coef_loss   | -0.455   |
|    learning_rate   | 0.0003   |
|    n_updates       | 288392   |
---------------------------------
---------------------------------
| rollout/           |          |
|    ep_len_mean     | 200      |
|    ep_rew_mean     | 681      |
|    success_rate    | 0        |
| time/              |          |
|    episodes        | 1496     |
|    fps             | 118      |
|    time_elapsed    | 2531     |
|    total_timesteps | 299193   |
| train/             |          |
|    actor_loss      | -231     |
|    critic_loss     | 21.2     |
|    ent_coef        | 0.116    |
|    ent_coef_loss   | -0.804   |
|    learning_rate   | 0.0003   |
|    n_updates       | 289192   |
---------------------------------
---------------------------------
| rollout/           |          |
|    ep_len_mean     | 200      |
|    ep_rew_mean     | 676      |
|    success_rate    | 0        |
| time/              |          |
|    episodes        | 1500     |
|    fps             | 118      |
|    time_elapsed    | 2538     |
|    total_timesteps | 299993   |
| train/             |          |
|    actor_loss      | -230     |
|    critic_loss     | 23       |
|    ent_coef        | 0.106    |
|    ent_coef_loss   | 0.205    |
|    learning_rate   | 0.0003   |
|    n_updates       | 289992   |
---------------------------------
Eval num_timesteps=300000, episode_reward=732.41 +/- 349.10
Episode length: 200.00 +/- 0.00
Success rate: 0.00%
---------------------------------
| eval/              |          |
|    mean_ep_length  | 200      |
|    mean_reward     | 732      |
|    success_rate    | 0        |
| time/              |          |
|    total_timesteps | 300000   |
| train/             |          |
|    actor_loss      | -233     |
|    critic_loss     | 20.1     |
|    ent_coef        | 0.106    |
|    ent_coef_loss   | 0.934    |
|    learning_rate   | 0.0003   |
|    n_updates       | 289999   |
---------------------------------
---------------------------------
| rollout/           |          |
|    ep_len_mean     | 200      |
|    ep_rew_mean     | 683      |
|    success_rate    | 0        |
| time/              |          |
|    episodes        | 1504     |
|    fps             | 118      |
|    time_elapsed    | 2546     |
|    total_timesteps | 300793   |
| train/             |          |
|    actor_loss      | -242     |
|    critic_loss     | 25.4     |
|    ent_coef        | 0.111    |
|    ent_coef_loss   | 0.522    |
|    learning_rate   | 0.0003   |
|    n_updates       | 290792   |
---------------------------------
---------------------------------
| rollout/           |          |
|    ep_len_mean     | 200      |
|    ep_rew_mean     | 699      |
|    success_rate    | 0        |
| time/              |          |
|    episodes        | 1508     |
|    fps             | 118      |
|    time_elapsed    | 2553     |
|    total_timesteps | 301593   |
| train/             |          |
|    actor_loss      | -228     |
|    critic_loss     | 61.2     |
|    ent_coef        | 0.115    |
|    ent_coef_loss   | -1.45    |
|    learning_rate   | 0.0003   |
|    n_updates       | 291592   |
---------------------------------
---------------------------------
| rollout/           |          |
|    ep_len_mean     | 200      |
|    ep_rew_mean     | 700      |
|    success_rate    | 0        |
| time/              |          |
|    episodes        | 1512     |
|    fps             | 118      |
|    time_elapsed    | 2560     |
|    total_timesteps | 302393   |
| train/             |          |
|    actor_loss      | -239     |
|    critic_loss     | 35.4     |
|    ent_coef        | 0.11     |
|    ent_coef_loss   | 1.02     |
|    learning_rate   | 0.0003   |
|    n_updates       | 292392   |
---------------------------------
---------------------------------
| rollout/           |          |
|    ep_len_mean     | 200      |
|    ep_rew_mean     | 703      |
|    success_rate    | 0        |
| time/              |          |
|    episodes        | 1516     |
|    fps             | 118      |
|    time_elapsed    | 2567     |
|    total_timesteps | 303193   |
| train/             |          |
|    actor_loss      | -239     |
|    critic_loss     | 48.6     |
|    ent_coef        | 0.108    |
|    ent_coef_loss   | 0.159    |
|    learning_rate   | 0.0003   |
|    n_updates       | 293192   |
---------------------------------
---------------------------------
| rollout/           |          |
|    ep_len_mean     | 200      |
|    ep_rew_mean     | 686      |
|    success_rate    | 0        |
| time/              |          |
|    episodes        | 1520     |
|    fps             | 118      |
|    time_elapsed    | 2574     |
|    total_timesteps | 303993   |
| train/             |          |
|    actor_loss      | -227     |
|    critic_loss     | 38.7     |
|    ent_coef        | 0.112    |
|    ent_coef_loss   | -0.175   |
|    learning_rate   | 0.0003   |
|    n_updates       | 293992   |
---------------------------------
---------------------------------
| rollout/           |          |
|    ep_len_mean     | 200      |
|    ep_rew_mean     | 694      |
|    success_rate    | 0        |
| time/              |          |
|    episodes        | 1524     |
|    fps             | 118      |
|    time_elapsed    | 2581     |
|    total_timesteps | 304793   |
| train/             |          |
|    actor_loss      | -234     |
|    critic_loss     | 96.7     |
|    ent_coef        | 0.113    |
|    ent_coef_loss   | 0.0902   |
|    learning_rate   | 0.0003   |
|    n_updates       | 294792   |
---------------------------------
---------------------------------
| rollout/           |          |
|    ep_len_mean     | 200      |
|    ep_rew_mean     | 692      |
|    success_rate    | 0        |
| time/              |          |
|    episodes        | 1528     |
|    fps             | 118      |
|    time_elapsed    | 2588     |
|    total_timesteps | 305593   |
| train/             |          |
|    actor_loss      | -235     |
|    critic_loss     | 27.3     |
|    ent_coef        | 0.113    |
|    ent_coef_loss   | 0.201    |
|    learning_rate   | 0.0003   |
|    n_updates       | 295592   |
---------------------------------
---------------------------------
| rollout/           |          |
|    ep_len_mean     | 200      |
|    ep_rew_mean     | 702      |
|    success_rate    | 0        |
| time/              |          |
|    episodes        | 1532     |
|    fps             | 118      |
|    time_elapsed    | 2595     |
|    total_timesteps | 306393   |
| train/             |          |
|    actor_loss      | -242     |
|    critic_loss     | 29       |
|    ent_coef        | 0.109    |
|    ent_coef_loss   | 0.602    |
|    learning_rate   | 0.0003   |
|    n_updates       | 296392   |
---------------------------------
---------------------------------
| rollout/           |          |
|    ep_len_mean     | 200      |
|    ep_rew_mean     | 713      |
|    success_rate    | 0        |
| time/              |          |
|    episodes        | 1536     |
|    fps             | 118      |
|    time_elapsed    | 2602     |
|    total_timesteps | 307193   |
| train/             |          |
|    actor_loss      | -238     |
|    critic_loss     | 32.4     |
|    ent_coef        | 0.109    |
|    ent_coef_loss   | 0.563    |
|    learning_rate   | 0.0003   |
|    n_updates       | 297192   |
---------------------------------
---------------------------------
| rollout/           |          |
|    ep_len_mean     | 200      |
|    ep_rew_mean     | 707      |
|    success_rate    | 0        |
| time/              |          |
|    episodes        | 1540     |
|    fps             | 118      |
|    time_elapsed    | 2609     |
|    total_timesteps | 307993   |
| train/             |          |
|    actor_loss      | -238     |
|    critic_loss     | 13.8     |
|    ent_coef        | 0.11     |
|    ent_coef_loss   | 0.616    |
|    learning_rate   | 0.0003   |
|    n_updates       | 297992   |
---------------------------------
---------------------------------
| rollout/           |          |
|    ep_len_mean     | 200      |
|    ep_rew_mean     | 692      |
|    success_rate    | 0        |
| time/              |          |
|    episodes        | 1544     |
|    fps             | 118      |
|    time_elapsed    | 2616     |
|    total_timesteps | 308793   |
| train/             |          |
|    actor_loss      | -238     |
|    critic_loss     | 30.5     |
|    ent_coef        | 0.112    |
|    ent_coef_loss   | 0.000682 |
|    learning_rate   | 0.0003   |
|    n_updates       | 298792   |
---------------------------------
---------------------------------
| rollout/           |          |
|    ep_len_mean     | 200      |
|    ep_rew_mean     | 696      |
|    success_rate    | 0        |
| time/              |          |
|    episodes        | 1548     |
|    fps             | 118      |
|    time_elapsed    | 2623     |
|    total_timesteps | 309593   |
| train/             |          |
|    actor_loss      | -243     |
|    critic_loss     | 20.2     |
|    ent_coef        | 0.116    |
|    ent_coef_loss   | -0.121   |
|    learning_rate   | 0.0003   |
|    n_updates       | 299592   |
---------------------------------
---------------------------------
| rollout/           |          |
|    ep_len_mean     | 200      |
|    ep_rew_mean     | 709      |
|    success_rate    | 0        |
| time/              |          |
|    episodes        | 1552     |
|    fps             | 118      |
|    time_elapsed    | 2630     |
|    total_timesteps | 310393   |
| train/             |          |
|    actor_loss      | -258     |
|    critic_loss     | 81.3     |
|    ent_coef        | 0.119    |
|    ent_coef_loss   | -0.316   |
|    learning_rate   | 0.0003   |
|    n_updates       | 300392   |
---------------------------------
---------------------------------
| rollout/           |          |
|    ep_len_mean     | 200      |
|    ep_rew_mean     | 710      |
|    success_rate    | 0        |
| time/              |          |
|    episodes        | 1556     |
|    fps             | 118      |
|    time_elapsed    | 2636     |
|    total_timesteps | 311193   |
| train/             |          |
|    actor_loss      | -245     |
|    critic_loss     | 125      |
|    ent_coef        | 0.121    |
|    ent_coef_loss   | 0.946    |
|    learning_rate   | 0.0003   |
|    n_updates       | 301192   |
---------------------------------
---------------------------------
| rollout/           |          |
|    ep_len_mean     | 200      |
|    ep_rew_mean     | 716      |
|    success_rate    | 0        |
| time/              |          |
|    episodes        | 1560     |
|    fps             | 118      |
|    time_elapsed    | 2643     |
|    total_timesteps | 311993   |
| train/             |          |
|    actor_loss      | -235     |
|    critic_loss     | 82.3     |
|    ent_coef        | 0.115    |
|    ent_coef_loss   | 0.456    |
|    learning_rate   | 0.0003   |
|    n_updates       | 301992   |
---------------------------------
---------------------------------
| rollout/           |          |
|    ep_len_mean     | 200      |
|    ep_rew_mean     | 722      |
|    success_rate    | 0        |
| time/              |          |
|    episodes        | 1564     |
|    fps             | 118      |
|    time_elapsed    | 2650     |
|    total_timesteps | 312793   |
| train/             |          |
|    actor_loss      | -250     |
|    critic_loss     | 42       |
|    ent_coef        | 0.12     |
|    ent_coef_loss   | -0.223   |
|    learning_rate   | 0.0003   |
|    n_updates       | 302792   |
---------------------------------
---------------------------------
| rollout/           |          |
|    ep_len_mean     | 200      |
|    ep_rew_mean     | 738      |
|    success_rate    | 0        |
| time/              |          |
|    episodes        | 1568     |
|    fps             | 117      |
|    time_elapsed    | 2657     |
|    total_timesteps | 313593   |
| train/             |          |
|    actor_loss      | -246     |
|    critic_loss     | 41.8     |
|    ent_coef        | 0.117    |
|    ent_coef_loss   | -0.444   |
|    learning_rate   | 0.0003   |
|    n_updates       | 303592   |
---------------------------------
---------------------------------
| rollout/           |          |
|    ep_len_mean     | 200      |
|    ep_rew_mean     | 733      |
|    success_rate    | 0        |
| time/              |          |
|    episodes        | 1572     |
|    fps             | 117      |
|    time_elapsed    | 2664     |
|    total_timesteps | 314393   |
| train/             |          |
|    actor_loss      | -246     |
|    critic_loss     | 18.8     |
|    ent_coef        | 0.114    |
|    ent_coef_loss   | 0.512    |
|    learning_rate   | 0.0003   |
|    n_updates       | 304392   |
---------------------------------
---------------------------------
| rollout/           |          |
|    ep_len_mean     | 200      |
|    ep_rew_mean     | 733      |
|    success_rate    | 0        |
| time/              |          |
|    episodes        | 1576     |
|    fps             | 117      |
|    time_elapsed    | 2671     |
|    total_timesteps | 315193   |
| train/             |          |
|    actor_loss      | -254     |
|    critic_loss     | 19.1     |
|    ent_coef        | 0.116    |
|    ent_coef_loss   | 0.0375   |
|    learning_rate   | 0.0003   |
|    n_updates       | 305192   |
---------------------------------
---------------------------------
| rollout/           |          |
|    ep_len_mean     | 200      |
|    ep_rew_mean     | 740      |
|    success_rate    | 0        |
| time/              |          |
|    episodes        | 1580     |
|    fps             | 117      |
|    time_elapsed    | 2678     |
|    total_timesteps | 315993   |
| train/             |          |
|    actor_loss      | -255     |
|    critic_loss     | 17.3     |
|    ent_coef        | 0.112    |
|    ent_coef_loss   | 2.09     |
|    learning_rate   | 0.0003   |
|    n_updates       | 305992   |
---------------------------------
---------------------------------
| rollout/           |          |
|    ep_len_mean     | 200      |
|    ep_rew_mean     | 745      |
|    success_rate    | 0        |
| time/              |          |
|    episodes        | 1584     |
|    fps             | 117      |
|    time_elapsed    | 2685     |
|    total_timesteps | 316793   |
| train/             |          |
|    actor_loss      | -249     |
|    critic_loss     | 45.5     |
|    ent_coef        | 0.113    |
|    ent_coef_loss   | -0.825   |
|    learning_rate   | 0.0003   |
|    n_updates       | 306792   |
---------------------------------
---------------------------------
| rollout/           |          |
|    ep_len_mean     | 200      |
|    ep_rew_mean     | 748      |
|    success_rate    | 0        |
| time/              |          |
|    episodes        | 1588     |
|    fps             | 117      |
|    time_elapsed    | 2692     |
|    total_timesteps | 317593   |
| train/             |          |
|    actor_loss      | -244     |
|    critic_loss     | 12.3     |
|    ent_coef        | 0.115    |
|    ent_coef_loss   | -0.553   |
|    learning_rate   | 0.0003   |
|    n_updates       | 307592   |
---------------------------------
---------------------------------
| rollout/           |          |
|    ep_len_mean     | 200      |
|    ep_rew_mean     | 757      |
|    success_rate    | 0        |
| time/              |          |
|    episodes        | 1592     |
|    fps             | 117      |
|    time_elapsed    | 2699     |
|    total_timesteps | 318393   |
| train/             |          |
|    actor_loss      | -256     |
|    critic_loss     | 18.7     |
|    ent_coef        | 0.11     |
|    ent_coef_loss   | 0.562    |
|    learning_rate   | 0.0003   |
|    n_updates       | 308392   |
---------------------------------
---------------------------------
| rollout/           |          |
|    ep_len_mean     | 200      |
|    ep_rew_mean     | 774      |
|    success_rate    | 0        |
| time/              |          |
|    episodes        | 1596     |
|    fps             | 117      |
|    time_elapsed    | 2705     |
|    total_timesteps | 319193   |
| train/             |          |
|    actor_loss      | -255     |
|    critic_loss     | 28       |
|    ent_coef        | 0.114    |
|    ent_coef_loss   | -0.415   |
|    learning_rate   | 0.0003   |
|    n_updates       | 309192   |
---------------------------------
---------------------------------
| rollout/           |          |
|    ep_len_mean     | 200      |
|    ep_rew_mean     | 797      |
|    success_rate    | 0        |
| time/              |          |
|    episodes        | 1600     |
|    fps             | 117      |
|    time_elapsed    | 2712     |
|    total_timesteps | 319993   |
| train/             |          |
|    actor_loss      | -253     |
|    critic_loss     | 16.8     |
|    ent_coef        | 0.115    |
|    ent_coef_loss   | 0.485    |
|    learning_rate   | 0.0003   |
|    n_updates       | 309992   |
---------------------------------
---------------------------------
| rollout/           |          |
|    ep_len_mean     | 200      |
|    ep_rew_mean     | 800      |
|    success_rate    | 0        |
| time/              |          |
|    episodes        | 1604     |
|    fps             | 117      |
|    time_elapsed    | 2719     |
|    total_timesteps | 320793   |
| train/             |          |
|    actor_loss      | -251     |
|    critic_loss     | 37.2     |
|    ent_coef        | 0.115    |
|    ent_coef_loss   | 0.165    |
|    learning_rate   | 0.0003   |
|    n_updates       | 310792   |
---------------------------------
---------------------------------
| rollout/           |          |
|    ep_len_mean     | 200      |
|    ep_rew_mean     | 801      |
|    success_rate    | 0        |
| time/              |          |
|    episodes        | 1608     |
|    fps             | 117      |
|    time_elapsed    | 2726     |
|    total_timesteps | 321593   |
| train/             |          |
|    actor_loss      | -254     |
|    critic_loss     | 24.2     |
|    ent_coef        | 0.116    |
|    ent_coef_loss   | -0.0453  |
|    learning_rate   | 0.0003   |
|    n_updates       | 311592   |
---------------------------------
---------------------------------
| rollout/           |          |
|    ep_len_mean     | 200      |
|    ep_rew_mean     | 803      |
|    success_rate    | 0        |
| time/              |          |
|    episodes        | 1612     |
|    fps             | 117      |
|    time_elapsed    | 2733     |
|    total_timesteps | 322393   |
| train/             |          |
|    actor_loss      | -251     |
|    critic_loss     | 12.4     |
|    ent_coef        | 0.121    |
|    ent_coef_loss   | -0.0139  |
|    learning_rate   | 0.0003   |
|    n_updates       | 312392   |
---------------------------------
---------------------------------
| rollout/           |          |
|    ep_len_mean     | 200      |
|    ep_rew_mean     | 803      |
|    success_rate    | 0        |
| time/              |          |
|    episodes        | 1616     |
|    fps             | 117      |
|    time_elapsed    | 2740     |
|    total_timesteps | 323193   |
| train/             |          |
|    actor_loss      | -253     |
|    critic_loss     | 27.5     |
|    ent_coef        | 0.116    |
|    ent_coef_loss   | -0.953   |
|    learning_rate   | 0.0003   |
|    n_updates       | 313192   |
---------------------------------
---------------------------------
| rollout/           |          |
|    ep_len_mean     | 200      |
|    ep_rew_mean     | 812      |
|    success_rate    | 0        |
| time/              |          |
|    episodes        | 1620     |
|    fps             | 117      |
|    time_elapsed    | 2747     |
|    total_timesteps | 323993   |
| train/             |          |
|    actor_loss      | -253     |
|    critic_loss     | 36.3     |
|    ent_coef        | 0.111    |
|    ent_coef_loss   | 0.182    |
|    learning_rate   | 0.0003   |
|    n_updates       | 313992   |
---------------------------------
---------------------------------
| rollout/           |          |
|    ep_len_mean     | 200      |
|    ep_rew_mean     | 812      |
|    success_rate    | 0        |
| time/              |          |
|    episodes        | 1624     |
|    fps             | 117      |
|    time_elapsed    | 2754     |
|    total_timesteps | 324793   |
| train/             |          |
|    actor_loss      | -258     |
|    critic_loss     | 34.8     |
|    ent_coef        | 0.116    |
|    ent_coef_loss   | -1.35    |
|    learning_rate   | 0.0003   |
|    n_updates       | 314792   |
---------------------------------
Eval num_timesteps=325000, episode_reward=445.28 +/- 382.35
Episode length: 200.00 +/- 0.00
Success rate: 0.00%
---------------------------------
| eval/              |          |
|    mean_ep_length  | 200      |
|    mean_reward     | 445      |
|    success_rate    | 0        |
| time/              |          |
|    total_timesteps | 325000   |
| train/             |          |
|    actor_loss      | -254     |
|    critic_loss     | 34.3     |
|    ent_coef        | 0.112    |
|    ent_coef_loss   | -0.612   |
|    learning_rate   | 0.0003   |
|    n_updates       | 314999   |
---------------------------------
---------------------------------
| rollout/           |          |
|    ep_len_mean     | 200      |
|    ep_rew_mean     | 813      |
|    success_rate    | 0        |
| time/              |          |
|    episodes        | 1628     |
|    fps             | 117      |
|    time_elapsed    | 2762     |
|    total_timesteps | 325593   |
| train/             |          |
|    actor_loss      | -262     |
|    critic_loss     | 19.1     |
|    ent_coef        | 0.113    |
|    ent_coef_loss   | -0.639   |
|    learning_rate   | 0.0003   |
|    n_updates       | 315592   |
---------------------------------
---------------------------------
| rollout/           |          |
|    ep_len_mean     | 200      |
|    ep_rew_mean     | 810      |
|    success_rate    | 0        |
| time/              |          |
|    episodes        | 1632     |
|    fps             | 117      |
|    time_elapsed    | 2769     |
|    total_timesteps | 326393   |
| train/             |          |
|    actor_loss      | -259     |
|    critic_loss     | 124      |
|    ent_coef        | 0.118    |
|    ent_coef_loss   | -0.804   |
|    learning_rate   | 0.0003   |
|    n_updates       | 316392   |
---------------------------------
---------------------------------
| rollout/           |          |
|    ep_len_mean     | 200      |
|    ep_rew_mean     | 808      |
|    success_rate    | 0        |
| time/              |          |
|    episodes        | 1636     |
|    fps             | 117      |
|    time_elapsed    | 2776     |
|    total_timesteps | 327193   |
| train/             |          |
|    actor_loss      | -268     |
|    critic_loss     | 86.3     |
|    ent_coef        | 0.122    |
|    ent_coef_loss   | -0.26    |
|    learning_rate   | 0.0003   |
|    n_updates       | 317192   |
---------------------------------
---------------------------------
| rollout/           |          |
|    ep_len_mean     | 200      |
|    ep_rew_mean     | 821      |
|    success_rate    | 0        |
| time/              |          |
|    episodes        | 1640     |
|    fps             | 117      |
|    time_elapsed    | 2783     |
|    total_timesteps | 327993   |
| train/             |          |
|    actor_loss      | -263     |
|    critic_loss     | 78.4     |
|    ent_coef        | 0.118    |
|    ent_coef_loss   | -0.495   |
|    learning_rate   | 0.0003   |
|    n_updates       | 317992   |
---------------------------------
---------------------------------
| rollout/           |          |
|    ep_len_mean     | 200      |
|    ep_rew_mean     | 831      |
|    success_rate    | 0        |
| time/              |          |
|    episodes        | 1644     |
|    fps             | 117      |
|    time_elapsed    | 2790     |
|    total_timesteps | 328793   |
| train/             |          |
|    actor_loss      | -262     |
|    critic_loss     | 26.3     |
|    ent_coef        | 0.114    |
|    ent_coef_loss   | 0.31     |
|    learning_rate   | 0.0003   |
|    n_updates       | 318792   |
---------------------------------
---------------------------------
| rollout/           |          |
|    ep_len_mean     | 200      |
|    ep_rew_mean     | 827      |
|    success_rate    | 0        |
| time/              |          |
|    episodes        | 1648     |
|    fps             | 117      |
|    time_elapsed    | 2797     |
|    total_timesteps | 329593   |
| train/             |          |
|    actor_loss      | -259     |
|    critic_loss     | 25.4     |
|    ent_coef        | 0.114    |
|    ent_coef_loss   | 0.624    |
|    learning_rate   | 0.0003   |
|    n_updates       | 319592   |
---------------------------------
---------------------------------
| rollout/           |          |
|    ep_len_mean     | 200      |
|    ep_rew_mean     | 825      |
|    success_rate    | 0        |
| time/              |          |
|    episodes        | 1652     |
|    fps             | 117      |
|    time_elapsed    | 2804     |
|    total_timesteps | 330393   |
| train/             |          |
|    actor_loss      | -271     |
|    critic_loss     | 36.4     |
|    ent_coef        | 0.116    |
|    ent_coef_loss   | 0.202    |
|    learning_rate   | 0.0003   |
|    n_updates       | 320392   |
---------------------------------
---------------------------------
| rollout/           |          |
|    ep_len_mean     | 200      |
|    ep_rew_mean     | 820      |
|    success_rate    | 0        |
| time/              |          |
|    episodes        | 1656     |
|    fps             | 117      |
|    time_elapsed    | 2811     |
|    total_timesteps | 331193   |
| train/             |          |
|    actor_loss      | -254     |
|    critic_loss     | 11.4     |
|    ent_coef        | 0.116    |
|    ent_coef_loss   | -0.858   |
|    learning_rate   | 0.0003   |
|    n_updates       | 321192   |
---------------------------------
---------------------------------
| rollout/           |          |
|    ep_len_mean     | 200      |
|    ep_rew_mean     | 819      |
|    success_rate    | 0        |
| time/              |          |
|    episodes        | 1660     |
|    fps             | 117      |
|    time_elapsed    | 2817     |
|    total_timesteps | 331993   |
| train/             |          |
|    actor_loss      | -255     |
|    critic_loss     | 25.3     |
|    ent_coef        | 0.118    |
|    ent_coef_loss   | -0.347   |
|    learning_rate   | 0.0003   |
|    n_updates       | 321992   |
---------------------------------
---------------------------------
| rollout/           |          |
|    ep_len_mean     | 200      |
|    ep_rew_mean     | 803      |
|    success_rate    | 0        |
| time/              |          |
|    episodes        | 1664     |
|    fps             | 117      |
|    time_elapsed    | 2824     |
|    total_timesteps | 332793   |
| train/             |          |
|    actor_loss      | -264     |
|    critic_loss     | 12.1     |
|    ent_coef        | 0.116    |
|    ent_coef_loss   | 0.32     |
|    learning_rate   | 0.0003   |
|    n_updates       | 322792   |
---------------------------------
---------------------------------
| rollout/           |          |
|    ep_len_mean     | 200      |
|    ep_rew_mean     | 805      |
|    success_rate    | 0        |
| time/              |          |
|    episodes        | 1668     |
|    fps             | 117      |
|    time_elapsed    | 2831     |
|    total_timesteps | 333593   |
| train/             |          |
|    actor_loss      | -274     |
|    critic_loss     | 62       |
|    ent_coef        | 0.116    |
|    ent_coef_loss   | -0.489   |
|    learning_rate   | 0.0003   |
|    n_updates       | 323592   |
---------------------------------
---------------------------------
| rollout/           |          |
|    ep_len_mean     | 200      |
|    ep_rew_mean     | 806      |
|    success_rate    | 0        |
| time/              |          |
|    episodes        | 1672     |
|    fps             | 117      |
|    time_elapsed    | 2838     |
|    total_timesteps | 334393   |
| train/             |          |
|    actor_loss      | -272     |
|    critic_loss     | 40.6     |
|    ent_coef        | 0.114    |
|    ent_coef_loss   | -0.0653  |
|    learning_rate   | 0.0003   |
|    n_updates       | 324392   |
---------------------------------
---------------------------------
| rollout/           |          |
|    ep_len_mean     | 200      |
|    ep_rew_mean     | 798      |
|    success_rate    | 0        |
| time/              |          |
|    episodes        | 1676     |
|    fps             | 117      |
|    time_elapsed    | 2845     |
|    total_timesteps | 335193   |
| train/             |          |
|    actor_loss      | -274     |
|    critic_loss     | 104      |
|    ent_coef        | 0.116    |
|    ent_coef_loss   | 0.378    |
|    learning_rate   | 0.0003   |
|    n_updates       | 325192   |
---------------------------------
---------------------------------
| rollout/           |          |
|    ep_len_mean     | 200      |
|    ep_rew_mean     | 792      |
|    success_rate    | 0        |
| time/              |          |
|    episodes        | 1680     |
|    fps             | 117      |
|    time_elapsed    | 2852     |
|    total_timesteps | 335993   |
| train/             |          |
|    actor_loss      | -269     |
|    critic_loss     | 22.3     |
|    ent_coef        | 0.122    |
|    ent_coef_loss   | 0.0372   |
|    learning_rate   | 0.0003   |
|    n_updates       | 325992   |
---------------------------------
---------------------------------
| rollout/           |          |
|    ep_len_mean     | 200      |
|    ep_rew_mean     | 787      |
|    success_rate    | 0        |
| time/              |          |
|    episodes        | 1684     |
|    fps             | 117      |
|    time_elapsed    | 2859     |
|    total_timesteps | 336793   |
| train/             |          |
|    actor_loss      | -267     |
|    critic_loss     | 89.3     |
|    ent_coef        | 0.122    |
|    ent_coef_loss   | -0.0656  |
|    learning_rate   | 0.0003   |
|    n_updates       | 326792   |
---------------------------------
---------------------------------
| rollout/           |          |
|    ep_len_mean     | 200      |
|    ep_rew_mean     | 788      |
|    success_rate    | 0        |
| time/              |          |
|    episodes        | 1688     |
|    fps             | 117      |
|    time_elapsed    | 2866     |
|    total_timesteps | 337593   |
| train/             |          |
|    actor_loss      | -272     |
|    critic_loss     | 13.6     |
|    ent_coef        | 0.117    |
|    ent_coef_loss   | 0.177    |
|    learning_rate   | 0.0003   |
|    n_updates       | 327592   |
---------------------------------
---------------------------------
| rollout/           |          |
|    ep_len_mean     | 200      |
|    ep_rew_mean     | 784      |
|    success_rate    | 0        |
| time/              |          |
|    episodes        | 1692     |
|    fps             | 117      |
|    time_elapsed    | 2873     |
|    total_timesteps | 338393   |
| train/             |          |
|    actor_loss      | -267     |
|    critic_loss     | 59.1     |
|    ent_coef        | 0.122    |
|    ent_coef_loss   | -0.0617  |
|    learning_rate   | 0.0003   |
|    n_updates       | 328392   |
---------------------------------
---------------------------------
| rollout/           |          |
|    ep_len_mean     | 200      |
|    ep_rew_mean     | 772      |
|    success_rate    | 0        |
| time/              |          |
|    episodes        | 1696     |
|    fps             | 117      |
|    time_elapsed    | 2880     |
|    total_timesteps | 339193   |
| train/             |          |
|    actor_loss      | -266     |
|    critic_loss     | 26.9     |
|    ent_coef        | 0.122    |
|    ent_coef_loss   | 0.267    |
|    learning_rate   | 0.0003   |
|    n_updates       | 329192   |
---------------------------------
---------------------------------
| rollout/           |          |
|    ep_len_mean     | 200      |
|    ep_rew_mean     | 768      |
|    success_rate    | 0        |
| time/              |          |
|    episodes        | 1700     |
|    fps             | 117      |
|    time_elapsed    | 2887     |
|    total_timesteps | 339993   |
| train/             |          |
|    actor_loss      | -272     |
|    critic_loss     | 17.2     |
|    ent_coef        | 0.121    |
|    ent_coef_loss   | 0.185    |
|    learning_rate   | 0.0003   |
|    n_updates       | 329992   |
---------------------------------
---------------------------------
| rollout/           |          |
|    ep_len_mean     | 200      |
|    ep_rew_mean     | 761      |
|    success_rate    | 0        |
| time/              |          |
|    episodes        | 1704     |
|    fps             | 117      |
|    time_elapsed    | 2894     |
|    total_timesteps | 340793   |
| train/             |          |
|    actor_loss      | -286     |
|    critic_loss     | 17.8     |
|    ent_coef        | 0.122    |
|    ent_coef_loss   | 0.333    |
|    learning_rate   | 0.0003   |
|    n_updates       | 330792   |
---------------------------------
---------------------------------
| rollout/           |          |
|    ep_len_mean     | 200      |
|    ep_rew_mean     | 761      |
|    success_rate    | 0        |
| time/              |          |
|    episodes        | 1708     |
|    fps             | 117      |
|    time_elapsed    | 2900     |
|    total_timesteps | 341593   |
| train/             |          |
|    actor_loss      | -271     |
|    critic_loss     | 16       |
|    ent_coef        | 0.119    |
|    ent_coef_loss   | -0.668   |
|    learning_rate   | 0.0003   |
|    n_updates       | 331592   |
---------------------------------
---------------------------------
| rollout/           |          |
|    ep_len_mean     | 200      |
|    ep_rew_mean     | 754      |
|    success_rate    | 0        |
| time/              |          |
|    episodes        | 1712     |
|    fps             | 117      |
|    time_elapsed    | 2907     |
|    total_timesteps | 342393   |
| train/             |          |
|    actor_loss      | -282     |
|    critic_loss     | 62.9     |
|    ent_coef        | 0.123    |
|    ent_coef_loss   | -1.09    |
|    learning_rate   | 0.0003   |
|    n_updates       | 332392   |
---------------------------------
---------------------------------
| rollout/           |          |
|    ep_len_mean     | 200      |
|    ep_rew_mean     | 744      |
|    success_rate    | 0        |
| time/              |          |
|    episodes        | 1716     |
|    fps             | 117      |
|    time_elapsed    | 2914     |
|    total_timesteps | 343193   |
| train/             |          |
|    actor_loss      | -273     |
|    critic_loss     | 193      |
|    ent_coef        | 0.121    |
|    ent_coef_loss   | 0.676    |
|    learning_rate   | 0.0003   |
|    n_updates       | 333192   |
---------------------------------
---------------------------------
| rollout/           |          |
|    ep_len_mean     | 200      |
|    ep_rew_mean     | 754      |
|    success_rate    | 0        |
| time/              |          |
|    episodes        | 1720     |
|    fps             | 117      |
|    time_elapsed    | 2921     |
|    total_timesteps | 343993   |
| train/             |          |
|    actor_loss      | -282     |
|    critic_loss     | 17.5     |
|    ent_coef        | 0.125    |
|    ent_coef_loss   | -0.882   |
|    learning_rate   | 0.0003   |
|    n_updates       | 333992   |
---------------------------------
---------------------------------
| rollout/           |          |
|    ep_len_mean     | 200      |
|    ep_rew_mean     | 756      |
|    success_rate    | 0        |
| time/              |          |
|    episodes        | 1724     |
|    fps             | 117      |
|    time_elapsed    | 2928     |
|    total_timesteps | 344793   |
| train/             |          |
|    actor_loss      | -280     |
|    critic_loss     | 72.9     |
|    ent_coef        | 0.122    |
|    ent_coef_loss   | -0.154   |
|    learning_rate   | 0.0003   |
|    n_updates       | 334792   |
---------------------------------
---------------------------------
| rollout/           |          |
|    ep_len_mean     | 200      |
|    ep_rew_mean     | 752      |
|    success_rate    | 0        |
| time/              |          |
|    episodes        | 1728     |
|    fps             | 117      |
|    time_elapsed    | 2935     |
|    total_timesteps | 345593   |
| train/             |          |
|    actor_loss      | -286     |
|    critic_loss     | 25.5     |
|    ent_coef        | 0.121    |
|    ent_coef_loss   | 1.25     |
|    learning_rate   | 0.0003   |
|    n_updates       | 335592   |
---------------------------------
---------------------------------
| rollout/           |          |
|    ep_len_mean     | 200      |
|    ep_rew_mean     | 746      |
|    success_rate    | 0        |
| time/              |          |
|    episodes        | 1732     |
|    fps             | 117      |
|    time_elapsed    | 2942     |
|    total_timesteps | 346393   |
| train/             |          |
|    actor_loss      | -287     |
|    critic_loss     | 65.2     |
|    ent_coef        | 0.123    |
|    ent_coef_loss   | -0.221   |
|    learning_rate   | 0.0003   |
|    n_updates       | 336392   |
---------------------------------
---------------------------------
| rollout/           |          |
|    ep_len_mean     | 200      |
|    ep_rew_mean     | 748      |
|    success_rate    | 0        |
| time/              |          |
|    episodes        | 1736     |
|    fps             | 117      |
|    time_elapsed    | 2949     |
|    total_timesteps | 347193   |
| train/             |          |
|    actor_loss      | -291     |
|    critic_loss     | 29.1     |
|    ent_coef        | 0.121    |
|    ent_coef_loss   | 0.24     |
|    learning_rate   | 0.0003   |
|    n_updates       | 337192   |
---------------------------------
---------------------------------
| rollout/           |          |
|    ep_len_mean     | 200      |
|    ep_rew_mean     | 747      |
|    success_rate    | 0        |
| time/              |          |
|    episodes        | 1740     |
|    fps             | 117      |
|    time_elapsed    | 2956     |
|    total_timesteps | 347993   |
| train/             |          |
|    actor_loss      | -279     |
|    critic_loss     | 24.4     |
|    ent_coef        | 0.124    |
|    ent_coef_loss   | -1.05    |
|    learning_rate   | 0.0003   |
|    n_updates       | 337992   |
---------------------------------
---------------------------------
| rollout/           |          |
|    ep_len_mean     | 200      |
|    ep_rew_mean     | 752      |
|    success_rate    | 0        |
| time/              |          |
|    episodes        | 1744     |
|    fps             | 117      |
|    time_elapsed    | 2963     |
|    total_timesteps | 348793   |
| train/             |          |
|    actor_loss      | -271     |
|    critic_loss     | 29.8     |
|    ent_coef        | 0.125    |
|    ent_coef_loss   | -0.0409  |
|    learning_rate   | 0.0003   |
|    n_updates       | 338792   |
---------------------------------
---------------------------------
| rollout/           |          |
|    ep_len_mean     | 200      |
|    ep_rew_mean     | 759      |
|    success_rate    | 0        |
| time/              |          |
|    episodes        | 1748     |
|    fps             | 117      |
|    time_elapsed    | 2970     |
|    total_timesteps | 349593   |
| train/             |          |
|    actor_loss      | -281     |
|    critic_loss     | 282      |
|    ent_coef        | 0.121    |
|    ent_coef_loss   | -0.2     |
|    learning_rate   | 0.0003   |
|    n_updates       | 339592   |
---------------------------------
Eval num_timesteps=350000, episode_reward=880.65 +/- 50.70
Episode length: 200.00 +/- 0.00
Success rate: 0.00%
---------------------------------
| eval/              |          |
|    mean_ep_length  | 200      |
|    mean_reward     | 881      |
|    success_rate    | 0        |
| time/              |          |
|    total_timesteps | 350000   |
| train/             |          |
|    actor_loss      | -277     |
|    critic_loss     | 103      |
|    ent_coef        | 0.123    |
|    ent_coef_loss   | 0.362    |
|    learning_rate   | 0.0003   |
|    n_updates       | 339999   |
---------------------------------
---------------------------------
| rollout/           |          |
|    ep_len_mean     | 200      |
|    ep_rew_mean     | 761      |
|    success_rate    | 0        |
| time/              |          |
|    episodes        | 1752     |
|    fps             | 117      |
|    time_elapsed    | 2979     |
|    total_timesteps | 350393   |
| train/             |          |
|    actor_loss      | -285     |
|    critic_loss     | 27.5     |
|    ent_coef        | 0.122    |
|    ent_coef_loss   | -0.607   |
|    learning_rate   | 0.0003   |
|    n_updates       | 340392   |
---------------------------------
---------------------------------
| rollout/           |          |
|    ep_len_mean     | 200      |
|    ep_rew_mean     | 763      |
|    success_rate    | 0        |
| time/              |          |
|    episodes        | 1756     |
|    fps             | 117      |
|    time_elapsed    | 2986     |
|    total_timesteps | 351193   |
| train/             |          |
|    actor_loss      | -272     |
|    critic_loss     | 142      |
|    ent_coef        | 0.12     |
|    ent_coef_loss   | -0.745   |
|    learning_rate   | 0.0003   |
|    n_updates       | 341192   |
---------------------------------
---------------------------------
| rollout/           |          |
|    ep_len_mean     | 200      |
|    ep_rew_mean     | 754      |
|    success_rate    | 0        |
| time/              |          |
|    episodes        | 1760     |
|    fps             | 117      |
|    time_elapsed    | 2993     |
|    total_timesteps | 351993   |
| train/             |          |
|    actor_loss      | -274     |
|    critic_loss     | 19.7     |
|    ent_coef        | 0.122    |
|    ent_coef_loss   | 0.251    |
|    learning_rate   | 0.0003   |
|    n_updates       | 341992   |
---------------------------------
---------------------------------
| rollout/           |          |
|    ep_len_mean     | 200      |
|    ep_rew_mean     | 772      |
|    success_rate    | 0        |
| time/              |          |
|    episodes        | 1764     |
|    fps             | 117      |
|    time_elapsed    | 3000     |
|    total_timesteps | 352793   |
| train/             |          |
|    actor_loss      | -258     |
|    critic_loss     | 72.1     |
|    ent_coef        | 0.12     |
|    ent_coef_loss   | -0.346   |
|    learning_rate   | 0.0003   |
|    n_updates       | 342792   |
---------------------------------
---------------------------------
| rollout/           |          |
|    ep_len_mean     | 200      |
|    ep_rew_mean     | 772      |
|    success_rate    | 0        |
| time/              |          |
|    episodes        | 1768     |
|    fps             | 117      |
|    time_elapsed    | 3007     |
|    total_timesteps | 353593   |
| train/             |          |
|    actor_loss      | -260     |
|    critic_loss     | 37.6     |
|    ent_coef        | 0.126    |
|    ent_coef_loss   | 0.954    |
|    learning_rate   | 0.0003   |
|    n_updates       | 343592   |
---------------------------------
---------------------------------
| rollout/           |          |
|    ep_len_mean     | 200      |
|    ep_rew_mean     | 779      |
|    success_rate    | 0        |
| time/              |          |
|    episodes        | 1772     |
|    fps             | 117      |
|    time_elapsed    | 3014     |
|    total_timesteps | 354393   |
| train/             |          |
|    actor_loss      | -276     |
|    critic_loss     | 37.8     |
|    ent_coef        | 0.122    |
|    ent_coef_loss   | 0.262    |
|    learning_rate   | 0.0003   |
|    n_updates       | 344392   |
---------------------------------
---------------------------------
| rollout/           |          |
|    ep_len_mean     | 200      |
|    ep_rew_mean     | 784      |
|    success_rate    | 0        |
| time/              |          |
|    episodes        | 1776     |
|    fps             | 117      |
|    time_elapsed    | 3021     |
|    total_timesteps | 355193   |
| train/             |          |
|    actor_loss      | -279     |
|    critic_loss     | 97.2     |
|    ent_coef        | 0.123    |
|    ent_coef_loss   | 0.0442   |
|    learning_rate   | 0.0003   |
|    n_updates       | 345192   |
---------------------------------
---------------------------------
| rollout/           |          |
|    ep_len_mean     | 200      |
|    ep_rew_mean     | 789      |
|    success_rate    | 0        |
| time/              |          |
|    episodes        | 1780     |
|    fps             | 117      |
|    time_elapsed    | 3029     |
|    total_timesteps | 355993   |
| train/             |          |
|    actor_loss      | -284     |
|    critic_loss     | 20.4     |
|    ent_coef        | 0.122    |
|    ent_coef_loss   | 0.256    |
|    learning_rate   | 0.0003   |
|    n_updates       | 345992   |
---------------------------------
---------------------------------
| rollout/           |          |
|    ep_len_mean     | 200      |
|    ep_rew_mean     | 805      |
|    success_rate    | 0        |
| time/              |          |
|    episodes        | 1784     |
|    fps             | 117      |
|    time_elapsed    | 3035     |
|    total_timesteps | 356793   |
| train/             |          |
|    actor_loss      | -280     |
|    critic_loss     | 35.5     |
|    ent_coef        | 0.127    |
|    ent_coef_loss   | -0.275   |
|    learning_rate   | 0.0003   |
|    n_updates       | 346792   |
---------------------------------
---------------------------------
| rollout/           |          |
|    ep_len_mean     | 200      |
|    ep_rew_mean     | 809      |
|    success_rate    | 0        |
| time/              |          |
|    episodes        | 1788     |
|    fps             | 117      |
|    time_elapsed    | 3043     |
|    total_timesteps | 357593   |
| train/             |          |
|    actor_loss      | -274     |
|    critic_loss     | 27.7     |
|    ent_coef        | 0.122    |
|    ent_coef_loss   | -0.245   |
|    learning_rate   | 0.0003   |
|    n_updates       | 347592   |
---------------------------------
---------------------------------
| rollout/           |          |
|    ep_len_mean     | 200      |
|    ep_rew_mean     | 810      |
|    success_rate    | 0        |
| time/              |          |
|    episodes        | 1792     |
|    fps             | 117      |
|    time_elapsed    | 3050     |
|    total_timesteps | 358393   |
| train/             |          |
|    actor_loss      | -284     |
|    critic_loss     | 39.9     |
|    ent_coef        | 0.119    |
|    ent_coef_loss   | -0.123   |
|    learning_rate   | 0.0003   |
|    n_updates       | 348392   |
---------------------------------
---------------------------------
| rollout/           |          |
|    ep_len_mean     | 200      |
|    ep_rew_mean     | 811      |
|    success_rate    | 0        |
| time/              |          |
|    episodes        | 1796     |
|    fps             | 117      |
|    time_elapsed    | 3057     |
|    total_timesteps | 359193   |
| train/             |          |
|    actor_loss      | -279     |
|    critic_loss     | 50.9     |
|    ent_coef        | 0.115    |
|    ent_coef_loss   | -0.224   |
|    learning_rate   | 0.0003   |
|    n_updates       | 349192   |
---------------------------------
---------------------------------
| rollout/           |          |
|    ep_len_mean     | 200      |
|    ep_rew_mean     | 813      |
|    success_rate    | 0        |
| time/              |          |
|    episodes        | 1800     |
|    fps             | 117      |
|    time_elapsed    | 3064     |
|    total_timesteps | 359993   |
| train/             |          |
|    actor_loss      | -281     |
|    critic_loss     | 12.9     |
|    ent_coef        | 0.123    |
|    ent_coef_loss   | 0.824    |
|    learning_rate   | 0.0003   |
|    n_updates       | 349992   |
---------------------------------
---------------------------------
| rollout/           |          |
|    ep_len_mean     | 200      |
|    ep_rew_mean     | 812      |
|    success_rate    | 0        |
| time/              |          |
|    episodes        | 1804     |
|    fps             | 117      |
|    time_elapsed    | 3071     |
|    total_timesteps | 360793   |
| train/             |          |
|    actor_loss      | -286     |
|    critic_loss     | 128      |
|    ent_coef        | 0.123    |
|    ent_coef_loss   | 0.452    |
|    learning_rate   | 0.0003   |
|    n_updates       | 350792   |
---------------------------------
---------------------------------
| rollout/           |          |
|    ep_len_mean     | 200      |
|    ep_rew_mean     | 807      |
|    success_rate    | 0        |
| time/              |          |
|    episodes        | 1808     |
|    fps             | 117      |
|    time_elapsed    | 3079     |
|    total_timesteps | 361593   |
| train/             |          |
|    actor_loss      | -285     |
|    critic_loss     | 40.5     |
|    ent_coef        | 0.117    |
|    ent_coef_loss   | -0.315   |
|    learning_rate   | 0.0003   |
|    n_updates       | 351592   |
---------------------------------
---------------------------------
| rollout/           |          |
|    ep_len_mean     | 200      |
|    ep_rew_mean     | 801      |
|    success_rate    | 0        |
| time/              |          |
|    episodes        | 1812     |
|    fps             | 117      |
|    time_elapsed    | 3086     |
|    total_timesteps | 362393   |
| train/             |          |
|    actor_loss      | -272     |
|    critic_loss     | 28       |
|    ent_coef        | 0.12     |
|    ent_coef_loss   | -0.191   |
|    learning_rate   | 0.0003   |
|    n_updates       | 352392   |
---------------------------------
---------------------------------
| rollout/           |          |
|    ep_len_mean     | 200      |
|    ep_rew_mean     | 809      |
|    success_rate    | 0        |
| time/              |          |
|    episodes        | 1816     |
|    fps             | 117      |
|    time_elapsed    | 3093     |
|    total_timesteps | 363193   |
| train/             |          |
|    actor_loss      | -293     |
|    critic_loss     | 71.3     |
|    ent_coef        | 0.117    |
|    ent_coef_loss   | -1.44    |
|    learning_rate   | 0.0003   |
|    n_updates       | 353192   |
---------------------------------
---------------------------------
| rollout/           |          |
|    ep_len_mean     | 200      |
|    ep_rew_mean     | 801      |
|    success_rate    | 0        |
| time/              |          |
|    episodes        | 1820     |
|    fps             | 117      |
|    time_elapsed    | 3100     |
|    total_timesteps | 363993   |
| train/             |          |
|    actor_loss      | -291     |
|    critic_loss     | 29.2     |
|    ent_coef        | 0.114    |
|    ent_coef_loss   | -0.406   |
|    learning_rate   | 0.0003   |
|    n_updates       | 353992   |
---------------------------------
---------------------------------
| rollout/           |          |
|    ep_len_mean     | 200      |
|    ep_rew_mean     | 786      |
|    success_rate    | 0        |
| time/              |          |
|    episodes        | 1824     |
|    fps             | 117      |
|    time_elapsed    | 3108     |
|    total_timesteps | 364793   |
| train/             |          |
|    actor_loss      | -283     |
|    critic_loss     | 30.9     |
|    ent_coef        | 0.122    |
|    ent_coef_loss   | -0.309   |
|    learning_rate   | 0.0003   |
|    n_updates       | 354792   |
---------------------------------
---------------------------------
| rollout/           |          |
|    ep_len_mean     | 200      |
|    ep_rew_mean     | 798      |
|    success_rate    | 0        |
| time/              |          |
|    episodes        | 1828     |
|    fps             | 117      |
|    time_elapsed    | 3115     |
|    total_timesteps | 365593   |
| train/             |          |
|    actor_loss      | -284     |
|    critic_loss     | 18.7     |
|    ent_coef        | 0.126    |
|    ent_coef_loss   | 0.0514   |
|    learning_rate   | 0.0003   |
|    n_updates       | 355592   |
---------------------------------
---------------------------------
| rollout/           |          |
|    ep_len_mean     | 200      |
|    ep_rew_mean     | 804      |
|    success_rate    | 0        |
| time/              |          |
|    episodes        | 1832     |
|    fps             | 117      |
|    time_elapsed    | 3122     |
|    total_timesteps | 366393   |
| train/             |          |
|    actor_loss      | -289     |
|    critic_loss     | 22.3     |
|    ent_coef        | 0.128    |
|    ent_coef_loss   | -0.307   |
|    learning_rate   | 0.0003   |
|    n_updates       | 356392   |
---------------------------------
---------------------------------
| rollout/           |          |
|    ep_len_mean     | 200      |
|    ep_rew_mean     | 792      |
|    success_rate    | 0        |
| time/              |          |
|    episodes        | 1836     |
|    fps             | 117      |
|    time_elapsed    | 3129     |
|    total_timesteps | 367193   |
| train/             |          |
|    actor_loss      | -285     |
|    critic_loss     | 49.4     |
|    ent_coef        | 0.129    |
|    ent_coef_loss   | 0.631    |
|    learning_rate   | 0.0003   |
|    n_updates       | 357192   |
---------------------------------
---------------------------------
| rollout/           |          |
|    ep_len_mean     | 200      |
|    ep_rew_mean     | 787      |
|    success_rate    | 0        |
| time/              |          |
|    episodes        | 1840     |
|    fps             | 117      |
|    time_elapsed    | 3137     |
|    total_timesteps | 367993   |
| train/             |          |
|    actor_loss      | -287     |
|    critic_loss     | 39.3     |
|    ent_coef        | 0.124    |
|    ent_coef_loss   | 0.0812   |
|    learning_rate   | 0.0003   |
|    n_updates       | 357992   |
---------------------------------
---------------------------------
| rollout/           |          |
|    ep_len_mean     | 200      |
|    ep_rew_mean     | 782      |
|    success_rate    | 0        |
| time/              |          |
|    episodes        | 1844     |
|    fps             | 117      |
|    time_elapsed    | 3144     |
|    total_timesteps | 368793   |
| train/             |          |
|    actor_loss      | -268     |
|    critic_loss     | 30.5     |
|    ent_coef        | 0.13     |
|    ent_coef_loss   | -0.716   |
|    learning_rate   | 0.0003   |
|    n_updates       | 358792   |
---------------------------------
---------------------------------
| rollout/           |          |
|    ep_len_mean     | 200      |
|    ep_rew_mean     | 774      |
|    success_rate    | 0        |
| time/              |          |
|    episodes        | 1848     |
|    fps             | 117      |
|    time_elapsed    | 3151     |
|    total_timesteps | 369593   |
| train/             |          |
|    actor_loss      | -269     |
|    critic_loss     | 43.2     |
|    ent_coef        | 0.128    |
|    ent_coef_loss   | -0.212   |
|    learning_rate   | 0.0003   |
|    n_updates       | 359592   |
---------------------------------
---------------------------------
| rollout/           |          |
|    ep_len_mean     | 200      |
|    ep_rew_mean     | 769      |
|    success_rate    | 0        |
| time/              |          |
|    episodes        | 1852     |
|    fps             | 117      |
|    time_elapsed    | 3158     |
|    total_timesteps | 370393   |
| train/             |          |
|    actor_loss      | -286     |
|    critic_loss     | 40.2     |
|    ent_coef        | 0.126    |
|    ent_coef_loss   | 0.0693   |
|    learning_rate   | 0.0003   |
|    n_updates       | 360392   |
---------------------------------
---------------------------------
| rollout/           |          |
|    ep_len_mean     | 200      |
|    ep_rew_mean     | 758      |
|    success_rate    | 0        |
| time/              |          |
|    episodes        | 1856     |
|    fps             | 117      |
|    time_elapsed    | 3165     |
|    total_timesteps | 371193   |
| train/             |          |
|    actor_loss      | -270     |
|    critic_loss     | 49.2     |
|    ent_coef        | 0.125    |
|    ent_coef_loss   | -0.0548  |
|    learning_rate   | 0.0003   |
|    n_updates       | 361192   |
---------------------------------
---------------------------------
| rollout/           |          |
|    ep_len_mean     | 200      |
|    ep_rew_mean     | 765      |
|    success_rate    | 0        |
| time/              |          |
|    episodes        | 1860     |
|    fps             | 117      |
|    time_elapsed    | 3173     |
|    total_timesteps | 371993   |
| train/             |          |
|    actor_loss      | -282     |
|    critic_loss     | 101      |
|    ent_coef        | 0.125    |
|    ent_coef_loss   | 0.56     |
|    learning_rate   | 0.0003   |
|    n_updates       | 361992   |
---------------------------------
---------------------------------
| rollout/           |          |
|    ep_len_mean     | 200      |
|    ep_rew_mean     | 752      |
|    success_rate    | 0        |
| time/              |          |
|    episodes        | 1864     |
|    fps             | 117      |
|    time_elapsed    | 3180     |
|    total_timesteps | 372793   |
| train/             |          |
|    actor_loss      | -283     |
|    critic_loss     | 62.3     |
|    ent_coef        | 0.12     |
|    ent_coef_loss   | -0.127   |
|    learning_rate   | 0.0003   |
|    n_updates       | 362792   |
---------------------------------
---------------------------------
| rollout/           |          |
|    ep_len_mean     | 200      |
|    ep_rew_mean     | 744      |
|    success_rate    | 0        |
| time/              |          |
|    episodes        | 1868     |
|    fps             | 117      |
|    time_elapsed    | 3187     |
|    total_timesteps | 373593   |
| train/             |          |
|    actor_loss      | -282     |
|    critic_loss     | 120      |
|    ent_coef        | 0.119    |
|    ent_coef_loss   | -0.123   |
|    learning_rate   | 0.0003   |
|    n_updates       | 363592   |
---------------------------------
---------------------------------
| rollout/           |          |
|    ep_len_mean     | 200      |
|    ep_rew_mean     | 744      |
|    success_rate    | 0        |
| time/              |          |
|    episodes        | 1872     |
|    fps             | 117      |
|    time_elapsed    | 3194     |
|    total_timesteps | 374393   |
| train/             |          |
|    actor_loss      | -277     |
|    critic_loss     | 78.2     |
|    ent_coef        | 0.118    |
|    ent_coef_loss   | 0.65     |
|    learning_rate   | 0.0003   |
|    n_updates       | 364392   |
---------------------------------
Eval num_timesteps=375000, episode_reward=720.18 +/- 317.52
Episode length: 200.00 +/- 0.00
Success rate: 0.00%
---------------------------------
| eval/              |          |
|    mean_ep_length  | 200      |
|    mean_reward     | 720      |
|    success_rate    | 0        |
| time/              |          |
|    total_timesteps | 375000   |
| train/             |          |
|    actor_loss      | -295     |
|    critic_loss     | 19.8     |
|    ent_coef        | 0.125    |
|    ent_coef_loss   | 0.122    |
|    learning_rate   | 0.0003   |
|    n_updates       | 364999   |
---------------------------------
---------------------------------
| rollout/           |          |
|    ep_len_mean     | 200      |
|    ep_rew_mean     | 737      |
|    success_rate    | 0        |
| time/              |          |
|    episodes        | 1876     |
|    fps             | 117      |
|    time_elapsed    | 3203     |
|    total_timesteps | 375193   |
| train/             |          |
|    actor_loss      | -289     |
|    critic_loss     | 104      |
|    ent_coef        | 0.127    |
|    ent_coef_loss   | 0.432    |
|    learning_rate   | 0.0003   |
|    n_updates       | 365192   |
---------------------------------
---------------------------------
| rollout/           |          |
|    ep_len_mean     | 200      |
|    ep_rew_mean     | 735      |
|    success_rate    | 0        |
| time/              |          |
|    episodes        | 1880     |
|    fps             | 117      |
|    time_elapsed    | 3210     |
|    total_timesteps | 375993   |
| train/             |          |
|    actor_loss      | -280     |
|    critic_loss     | 128      |
|    ent_coef        | 0.127    |
|    ent_coef_loss   | 0.917    |
|    learning_rate   | 0.0003   |
|    n_updates       | 365992   |
---------------------------------
---------------------------------
| rollout/           |          |
|    ep_len_mean     | 200      |
|    ep_rew_mean     | 727      |
|    success_rate    | 0        |
| time/              |          |
|    episodes        | 1884     |
|    fps             | 117      |
|    time_elapsed    | 3217     |
|    total_timesteps | 376793   |
| train/             |          |
|    actor_loss      | -282     |
|    critic_loss     | 42.1     |
|    ent_coef        | 0.13     |
|    ent_coef_loss   | -0.731   |
|    learning_rate   | 0.0003   |
|    n_updates       | 366792   |
---------------------------------
---------------------------------
| rollout/           |          |
|    ep_len_mean     | 200      |
|    ep_rew_mean     | 728      |
|    success_rate    | 0        |
| time/              |          |
|    episodes        | 1888     |
|    fps             | 117      |
|    time_elapsed    | 3225     |
|    total_timesteps | 377593   |
| train/             |          |
|    actor_loss      | -282     |
|    critic_loss     | 28.8     |
|    ent_coef        | 0.126    |
|    ent_coef_loss   | -0.902   |
|    learning_rate   | 0.0003   |
|    n_updates       | 367592   |
---------------------------------
---------------------------------
| rollout/           |          |
|    ep_len_mean     | 200      |
|    ep_rew_mean     | 730      |
|    success_rate    | 0        |
| time/              |          |
|    episodes        | 1892     |
|    fps             | 117      |
|    time_elapsed    | 3232     |
|    total_timesteps | 378393   |
| train/             |          |
|    actor_loss      | -286     |
|    critic_loss     | 45.5     |
|    ent_coef        | 0.127    |
|    ent_coef_loss   | -0.613   |
|    learning_rate   | 0.0003   |
|    n_updates       | 368392   |
---------------------------------
---------------------------------
| rollout/           |          |
|    ep_len_mean     | 200      |
|    ep_rew_mean     | 736      |
|    success_rate    | 0        |
| time/              |          |
|    episodes        | 1896     |
|    fps             | 117      |
|    time_elapsed    | 3239     |
|    total_timesteps | 379193   |
| train/             |          |
|    actor_loss      | -299     |
|    critic_loss     | 76.2     |
|    ent_coef        | 0.122    |
|    ent_coef_loss   | 0.51     |
|    learning_rate   | 0.0003   |
|    n_updates       | 369192   |
---------------------------------
---------------------------------
| rollout/           |          |
|    ep_len_mean     | 200      |
|    ep_rew_mean     | 736      |
|    success_rate    | 0        |
| time/              |          |
|    episodes        | 1900     |
|    fps             | 117      |
|    time_elapsed    | 3246     |
|    total_timesteps | 379993   |
| train/             |          |
|    actor_loss      | -284     |
|    critic_loss     | 32.8     |
|    ent_coef        | 0.128    |
|    ent_coef_loss   | 0.0411   |
|    learning_rate   | 0.0003   |
|    n_updates       | 369992   |
---------------------------------
---------------------------------
| rollout/           |          |
|    ep_len_mean     | 200      |
|    ep_rew_mean     | 744      |
|    success_rate    | 0        |
| time/              |          |
|    episodes        | 1904     |
|    fps             | 117      |
|    time_elapsed    | 3254     |
|    total_timesteps | 380793   |
| train/             |          |
|    actor_loss      | -287     |
|    critic_loss     | 73.9     |
|    ent_coef        | 0.127    |
|    ent_coef_loss   | 0.544    |
|    learning_rate   | 0.0003   |
|    n_updates       | 370792   |
---------------------------------
---------------------------------
| rollout/           |          |
|    ep_len_mean     | 200      |
|    ep_rew_mean     | 749      |
|    success_rate    | 0        |
| time/              |          |
|    episodes        | 1908     |
|    fps             | 117      |
|    time_elapsed    | 3261     |
|    total_timesteps | 381593   |
| train/             |          |
|    actor_loss      | -285     |
|    critic_loss     | 19.1     |
|    ent_coef        | 0.128    |
|    ent_coef_loss   | 0.172    |
|    learning_rate   | 0.0003   |
|    n_updates       | 371592   |
---------------------------------
---------------------------------
| rollout/           |          |
|    ep_len_mean     | 200      |
|    ep_rew_mean     | 759      |
|    success_rate    | 0        |
| time/              |          |
|    episodes        | 1912     |
|    fps             | 117      |
|    time_elapsed    | 3268     |
|    total_timesteps | 382393   |
| train/             |          |
|    actor_loss      | -283     |
|    critic_loss     | 29.3     |
|    ent_coef        | 0.131    |
|    ent_coef_loss   | 0.139    |
|    learning_rate   | 0.0003   |
|    n_updates       | 372392   |
---------------------------------
---------------------------------
| rollout/           |          |
|    ep_len_mean     | 200      |
|    ep_rew_mean     | 765      |
|    success_rate    | 0        |
| time/              |          |
|    episodes        | 1916     |
|    fps             | 116      |
|    time_elapsed    | 3275     |
|    total_timesteps | 383193   |
| train/             |          |
|    actor_loss      | -295     |
|    critic_loss     | 16.8     |
|    ent_coef        | 0.128    |
|    ent_coef_loss   | -0.105   |
|    learning_rate   | 0.0003   |
|    n_updates       | 373192   |
---------------------------------
---------------------------------
| rollout/           |          |
|    ep_len_mean     | 200      |
|    ep_rew_mean     | 774      |
|    success_rate    | 0        |
| time/              |          |
|    episodes        | 1920     |
|    fps             | 116      |
|    time_elapsed    | 3282     |
|    total_timesteps | 383993   |
| train/             |          |
|    actor_loss      | -282     |
|    critic_loss     | 26.9     |
|    ent_coef        | 0.13     |
|    ent_coef_loss   | 0.406    |
|    learning_rate   | 0.0003   |
|    n_updates       | 373992   |
---------------------------------
---------------------------------
| rollout/           |          |
|    ep_len_mean     | 200      |
|    ep_rew_mean     | 793      |
|    success_rate    | 0        |
| time/              |          |
|    episodes        | 1924     |
|    fps             | 116      |
|    time_elapsed    | 3289     |
|    total_timesteps | 384793   |
| train/             |          |
|    actor_loss      | -285     |
|    critic_loss     | 20.6     |
|    ent_coef        | 0.131    |
|    ent_coef_loss   | 0.0253   |
|    learning_rate   | 0.0003   |
|    n_updates       | 374792   |
---------------------------------
---------------------------------
| rollout/           |          |
|    ep_len_mean     | 200      |
|    ep_rew_mean     | 783      |
|    success_rate    | 0        |
| time/              |          |
|    episodes        | 1928     |
|    fps             | 116      |
|    time_elapsed    | 3297     |
|    total_timesteps | 385593   |
| train/             |          |
|    actor_loss      | -291     |
|    critic_loss     | 13.9     |
|    ent_coef        | 0.132    |
|    ent_coef_loss   | -0.0143  |
|    learning_rate   | 0.0003   |
|    n_updates       | 375592   |
---------------------------------
---------------------------------
| rollout/           |          |
|    ep_len_mean     | 200      |
|    ep_rew_mean     | 781      |
|    success_rate    | 0        |
| time/              |          |
|    episodes        | 1932     |
|    fps             | 116      |
|    time_elapsed    | 3304     |
|    total_timesteps | 386393   |
| train/             |          |
|    actor_loss      | -289     |
|    critic_loss     | 69.4     |
|    ent_coef        | 0.126    |
|    ent_coef_loss   | -1.19    |
|    learning_rate   | 0.0003   |
|    n_updates       | 376392   |
---------------------------------
---------------------------------
| rollout/           |          |
|    ep_len_mean     | 200      |
|    ep_rew_mean     | 788      |
|    success_rate    | 0        |
| time/              |          |
|    episodes        | 1936     |
|    fps             | 116      |
|    time_elapsed    | 3311     |
|    total_timesteps | 387193   |
| train/             |          |
|    actor_loss      | -290     |
|    critic_loss     | 10.2     |
|    ent_coef        | 0.131    |
|    ent_coef_loss   | -0.0887  |
|    learning_rate   | 0.0003   |
|    n_updates       | 377192   |
---------------------------------
---------------------------------
| rollout/           |          |
|    ep_len_mean     | 200      |
|    ep_rew_mean     | 803      |
|    success_rate    | 0        |
| time/              |          |
|    episodes        | 1940     |
|    fps             | 116      |
|    time_elapsed    | 3318     |
|    total_timesteps | 387993   |
| train/             |          |
|    actor_loss      | -279     |
|    critic_loss     | 32.1     |
|    ent_coef        | 0.123    |
|    ent_coef_loss   | -0.383   |
|    learning_rate   | 0.0003   |
|    n_updates       | 377992   |
---------------------------------
---------------------------------
| rollout/           |          |
|    ep_len_mean     | 200      |
|    ep_rew_mean     | 802      |
|    success_rate    | 0        |
| time/              |          |
|    episodes        | 1944     |
|    fps             | 116      |
|    time_elapsed    | 3325     |
|    total_timesteps | 388793   |
| train/             |          |
|    actor_loss      | -285     |
|    critic_loss     | 13.3     |
|    ent_coef        | 0.124    |
|    ent_coef_loss   | 0.0314   |
|    learning_rate   | 0.0003   |
|    n_updates       | 378792   |
---------------------------------
---------------------------------
| rollout/           |          |
|    ep_len_mean     | 200      |
|    ep_rew_mean     | 810      |
|    success_rate    | 0        |
| time/              |          |
|    episodes        | 1948     |
|    fps             | 116      |
|    time_elapsed    | 3333     |
|    total_timesteps | 389593   |
| train/             |          |
|    actor_loss      | -287     |
|    critic_loss     | 17.3     |
|    ent_coef        | 0.133    |
|    ent_coef_loss   | -0.0805  |
|    learning_rate   | 0.0003   |
|    n_updates       | 379592   |
---------------------------------
---------------------------------
| rollout/           |          |
|    ep_len_mean     | 200      |
|    ep_rew_mean     | 808      |
|    success_rate    | 0        |
| time/              |          |
|    episodes        | 1952     |
|    fps             | 116      |
|    time_elapsed    | 3340     |
|    total_timesteps | 390393   |
| train/             |          |
|    actor_loss      | -292     |
|    critic_loss     | 13.7     |
|    ent_coef        | 0.126    |
|    ent_coef_loss   | -0.858   |
|    learning_rate   | 0.0003   |
|    n_updates       | 380392   |
---------------------------------
---------------------------------
| rollout/           |          |
|    ep_len_mean     | 200      |
|    ep_rew_mean     | 824      |
|    success_rate    | 0        |
| time/              |          |
|    episodes        | 1956     |
|    fps             | 116      |
|    time_elapsed    | 3347     |
|    total_timesteps | 391193   |
| train/             |          |
|    actor_loss      | -293     |
|    critic_loss     | 115      |
|    ent_coef        | 0.138    |
|    ent_coef_loss   | 0.263    |
|    learning_rate   | 0.0003   |
|    n_updates       | 381192   |
---------------------------------
---------------------------------
| rollout/           |          |
|    ep_len_mean     | 200      |
|    ep_rew_mean     | 826      |
|    success_rate    | 0        |
| time/              |          |
|    episodes        | 1960     |
|    fps             | 116      |
|    time_elapsed    | 3354     |
|    total_timesteps | 391993   |
| train/             |          |
|    actor_loss      | -296     |
|    critic_loss     | 14.2     |
|    ent_coef        | 0.126    |
|    ent_coef_loss   | -0.504   |
|    learning_rate   | 0.0003   |
|    n_updates       | 381992   |
---------------------------------
---------------------------------
| rollout/           |          |
|    ep_len_mean     | 200      |
|    ep_rew_mean     | 839      |
|    success_rate    | 0        |
| time/              |          |
|    episodes        | 1964     |
|    fps             | 116      |
|    time_elapsed    | 3361     |
|    total_timesteps | 392793   |
| train/             |          |
|    actor_loss      | -290     |
|    critic_loss     | 19.7     |
|    ent_coef        | 0.13     |
|    ent_coef_loss   | 1.33     |
|    learning_rate   | 0.0003   |
|    n_updates       | 382792   |
---------------------------------
---------------------------------
| rollout/           |          |
|    ep_len_mean     | 200      |
|    ep_rew_mean     | 847      |
|    success_rate    | 0        |
| time/              |          |
|    episodes        | 1968     |
|    fps             | 116      |
|    time_elapsed    | 3368     |
|    total_timesteps | 393593   |
| train/             |          |
|    actor_loss      | -294     |
|    critic_loss     | 18.5     |
|    ent_coef        | 0.145    |
|    ent_coef_loss   | -0.192   |
|    learning_rate   | 0.0003   |
|    n_updates       | 383592   |
---------------------------------
---------------------------------
| rollout/           |          |
|    ep_len_mean     | 200      |
|    ep_rew_mean     | 848      |
|    success_rate    | 0        |
| time/              |          |
|    episodes        | 1972     |
|    fps             | 116      |
|    time_elapsed    | 3376     |
|    total_timesteps | 394393   |
| train/             |          |
|    actor_loss      | -294     |
|    critic_loss     | 53.4     |
|    ent_coef        | 0.139    |
|    ent_coef_loss   | -0.362   |
|    learning_rate   | 0.0003   |
|    n_updates       | 384392   |
---------------------------------
---------------------------------
| rollout/           |          |
|    ep_len_mean     | 200      |
|    ep_rew_mean     | 859      |
|    success_rate    | 0        |
| time/              |          |
|    episodes        | 1976     |
|    fps             | 116      |
|    time_elapsed    | 3383     |
|    total_timesteps | 395193   |
| train/             |          |
|    actor_loss      | -283     |
|    critic_loss     | 116      |
|    ent_coef        | 0.14     |
|    ent_coef_loss   | 0.208    |
|    learning_rate   | 0.0003   |
|    n_updates       | 385192   |
---------------------------------
---------------------------------
| rollout/           |          |
|    ep_len_mean     | 200      |
|    ep_rew_mean     | 858      |
|    success_rate    | 0        |
| time/              |          |
|    episodes        | 1980     |
|    fps             | 116      |
|    time_elapsed    | 3390     |
|    total_timesteps | 395993   |
| train/             |          |
|    actor_loss      | -297     |
|    critic_loss     | 22.3     |
|    ent_coef        | 0.134    |
|    ent_coef_loss   | -1.38    |
|    learning_rate   | 0.0003   |
|    n_updates       | 385992   |
---------------------------------
---------------------------------
| rollout/           |          |
|    ep_len_mean     | 200      |
|    ep_rew_mean     | 869      |
|    success_rate    | 0        |
| time/              |          |
|    episodes        | 1984     |
|    fps             | 116      |
|    time_elapsed    | 3397     |
|    total_timesteps | 396793   |
| train/             |          |
|    actor_loss      | -294     |
|    critic_loss     | 53.9     |
|    ent_coef        | 0.132    |
|    ent_coef_loss   | 0.0142   |
|    learning_rate   | 0.0003   |
|    n_updates       | 386792   |
---------------------------------
---------------------------------
| rollout/           |          |
|    ep_len_mean     | 200      |
|    ep_rew_mean     | 866      |
|    success_rate    | 0        |
| time/              |          |
|    episodes        | 1988     |
|    fps             | 116      |
|    time_elapsed    | 3404     |
|    total_timesteps | 397593   |
| train/             |          |
|    actor_loss      | -295     |
|    critic_loss     | 21.5     |
|    ent_coef        | 0.141    |
|    ent_coef_loss   | 0.0812   |
|    learning_rate   | 0.0003   |
|    n_updates       | 387592   |
---------------------------------
---------------------------------
| rollout/           |          |
|    ep_len_mean     | 200      |
|    ep_rew_mean     | 866      |
|    success_rate    | 0        |
| time/              |          |
|    episodes        | 1992     |
|    fps             | 116      |
|    time_elapsed    | 3411     |
|    total_timesteps | 398393   |
| train/             |          |
|    actor_loss      | -301     |
|    critic_loss     | 177      |
|    ent_coef        | 0.131    |
|    ent_coef_loss   | 0.396    |
|    learning_rate   | 0.0003   |
|    n_updates       | 388392   |
---------------------------------
---------------------------------
| rollout/           |          |
|    ep_len_mean     | 200      |
|    ep_rew_mean     | 873      |
|    success_rate    | 0        |
| time/              |          |
|    episodes        | 1996     |
|    fps             | 116      |
|    time_elapsed    | 3418     |
|    total_timesteps | 399193   |
| train/             |          |
|    actor_loss      | -291     |
|    critic_loss     | 23.2     |
|    ent_coef        | 0.137    |
|    ent_coef_loss   | -0.132   |
|    learning_rate   | 0.0003   |
|    n_updates       | 389192   |
---------------------------------
---------------------------------
| rollout/           |          |
|    ep_len_mean     | 200      |
|    ep_rew_mean     | 876      |
|    success_rate    | 0        |
| time/              |          |
|    episodes        | 2000     |
|    fps             | 116      |
|    time_elapsed    | 3425     |
|    total_timesteps | 399993   |
| train/             |          |
|    actor_loss      | -300     |
|    critic_loss     | 12.2     |
|    ent_coef        | 0.139    |
|    ent_coef_loss   | 0.559    |
|    learning_rate   | 0.0003   |
|    n_updates       | 389992   |
---------------------------------
Eval num_timesteps=400000, episode_reward=913.21 +/- 49.35
Episode length: 200.00 +/- 0.00
Success rate: 0.00%
---------------------------------
| eval/              |          |
|    mean_ep_length  | 200      |
|    mean_reward     | 913      |
|    success_rate    | 0        |
| time/              |          |
|    total_timesteps | 400000   |
| train/             |          |
|    actor_loss      | -291     |
|    critic_loss     | 108      |
|    ent_coef        | 0.139    |
|    ent_coef_loss   | 0.463    |
|    learning_rate   | 0.0003   |
|    n_updates       | 389999   |
---------------------------------
New best mean reward!
---------------------------------
| rollout/           |          |
|    ep_len_mean     | 200      |
|    ep_rew_mean     | 877      |
|    success_rate    | 0        |
| time/              |          |
|    episodes        | 2004     |
|    fps             | 116      |
|    time_elapsed    | 3434     |
|    total_timesteps | 400793   |
| train/             |          |
|    actor_loss      | -298     |
|    critic_loss     | 41.5     |
|    ent_coef        | 0.133    |
|    ent_coef_loss   | 0.102    |
|    learning_rate   | 0.0003   |
|    n_updates       | 390792   |
---------------------------------
---------------------------------
| rollout/           |          |
|    ep_len_mean     | 200      |
|    ep_rew_mean     | 878      |
|    success_rate    | 0        |
| time/              |          |
|    episodes        | 2008     |
|    fps             | 116      |
|    time_elapsed    | 3441     |
|    total_timesteps | 401593   |
| train/             |          |
|    actor_loss      | -298     |
|    critic_loss     | 23.2     |
|    ent_coef        | 0.137    |
|    ent_coef_loss   | 0.849    |
|    learning_rate   | 0.0003   |
|    n_updates       | 391592   |
---------------------------------
---------------------------------
| rollout/           |          |
|    ep_len_mean     | 200      |
|    ep_rew_mean     | 884      |
|    success_rate    | 0        |
| time/              |          |
|    episodes        | 2012     |
|    fps             | 116      |
|    time_elapsed    | 3448     |
|    total_timesteps | 402393   |
| train/             |          |
|    actor_loss      | -285     |
|    critic_loss     | 73.2     |
|    ent_coef        | 0.14     |
|    ent_coef_loss   | -0.737   |
|    learning_rate   | 0.0003   |
|    n_updates       | 392392   |
---------------------------------
---------------------------------
| rollout/           |          |
|    ep_len_mean     | 200      |
|    ep_rew_mean     | 880      |
|    success_rate    | 0        |
| time/              |          |
|    episodes        | 2016     |
|    fps             | 116      |
|    time_elapsed    | 3455     |
|    total_timesteps | 403193   |
| train/             |          |
|    actor_loss      | -293     |
|    critic_loss     | 18.4     |
|    ent_coef        | 0.137    |
|    ent_coef_loss   | 0.0061   |
|    learning_rate   | 0.0003   |
|    n_updates       | 393192   |
---------------------------------
---------------------------------
| rollout/           |          |
|    ep_len_mean     | 200      |
|    ep_rew_mean     | 881      |
|    success_rate    | 0        |
| time/              |          |
|    episodes        | 2020     |
|    fps             | 116      |
|    time_elapsed    | 3462     |
|    total_timesteps | 403993   |
| train/             |          |
|    actor_loss      | -306     |
|    critic_loss     | 264      |
|    ent_coef        | 0.144    |
|    ent_coef_loss   | 0.0263   |
|    learning_rate   | 0.0003   |
|    n_updates       | 393992   |
---------------------------------
---------------------------------
| rollout/           |          |
|    ep_len_mean     | 200      |
|    ep_rew_mean     | 875      |
|    success_rate    | 0        |
| time/              |          |
|    episodes        | 2024     |
|    fps             | 116      |
|    time_elapsed    | 3470     |
|    total_timesteps | 404793   |
| train/             |          |
|    actor_loss      | -303     |
|    critic_loss     | 40.5     |
|    ent_coef        | 0.144    |
|    ent_coef_loss   | 0.766    |
|    learning_rate   | 0.0003   |
|    n_updates       | 394792   |
---------------------------------
---------------------------------
| rollout/           |          |
|    ep_len_mean     | 200      |
|    ep_rew_mean     | 884      |
|    success_rate    | 0        |
| time/              |          |
|    episodes        | 2028     |
|    fps             | 116      |
|    time_elapsed    | 3477     |
|    total_timesteps | 405593   |
| train/             |          |
|    actor_loss      | -284     |
|    critic_loss     | 28.8     |
|    ent_coef        | 0.145    |
|    ent_coef_loss   | -0.281   |
|    learning_rate   | 0.0003   |
|    n_updates       | 395592   |
---------------------------------
---------------------------------
| rollout/           |          |
|    ep_len_mean     | 200      |
|    ep_rew_mean     | 891      |
|    success_rate    | 0        |
| time/              |          |
|    episodes        | 2032     |
|    fps             | 116      |
|    time_elapsed    | 3484     |
|    total_timesteps | 406393   |
| train/             |          |
|    actor_loss      | -307     |
|    critic_loss     | 16.2     |
|    ent_coef        | 0.141    |
|    ent_coef_loss   | -0.533   |
|    learning_rate   | 0.0003   |
|    n_updates       | 396392   |
---------------------------------
---------------------------------
| rollout/           |          |
|    ep_len_mean     | 200      |
|    ep_rew_mean     | 892      |
|    success_rate    | 0        |
| time/              |          |
|    episodes        | 2036     |
|    fps             | 116      |
|    time_elapsed    | 3491     |
|    total_timesteps | 407193   |
| train/             |          |
|    actor_loss      | -312     |
|    critic_loss     | 18.5     |
|    ent_coef        | 0.14     |
|    ent_coef_loss   | 0.268    |
|    learning_rate   | 0.0003   |
|    n_updates       | 397192   |
---------------------------------
---------------------------------
| rollout/           |          |
|    ep_len_mean     | 200      |
|    ep_rew_mean     | 888      |
|    success_rate    | 0        |
| time/              |          |
|    episodes        | 2040     |
|    fps             | 116      |
|    time_elapsed    | 3498     |
|    total_timesteps | 407993   |
| train/             |          |
|    actor_loss      | -305     |
|    critic_loss     | 115      |
|    ent_coef        | 0.144    |
|    ent_coef_loss   | 0.222    |
|    learning_rate   | 0.0003   |
|    n_updates       | 397992   |
---------------------------------
---------------------------------
| rollout/           |          |
|    ep_len_mean     | 200      |
|    ep_rew_mean     | 887      |
|    success_rate    | 0        |
| time/              |          |
|    episodes        | 2044     |
|    fps             | 116      |
|    time_elapsed    | 3505     |
|    total_timesteps | 408793   |
| train/             |          |
|    actor_loss      | -308     |
|    critic_loss     | 68.2     |
|    ent_coef        | 0.143    |
|    ent_coef_loss   | 0.328    |
|    learning_rate   | 0.0003   |
|    n_updates       | 398792   |
---------------------------------
---------------------------------
| rollout/           |          |
|    ep_len_mean     | 200      |
|    ep_rew_mean     | 886      |
|    success_rate    | 0        |
| time/              |          |
|    episodes        | 2048     |
|    fps             | 116      |
|    time_elapsed    | 3512     |
|    total_timesteps | 409593   |
| train/             |          |
|    actor_loss      | -310     |
|    critic_loss     | 21.5     |
|    ent_coef        | 0.142    |
|    ent_coef_loss   | 0.277    |
|    learning_rate   | 0.0003   |
|    n_updates       | 399592   |
---------------------------------
---------------------------------
| rollout/           |          |
|    ep_len_mean     | 200      |
|    ep_rew_mean     | 892      |
|    success_rate    | 0        |
| time/              |          |
|    episodes        | 2052     |
|    fps             | 116      |
|    time_elapsed    | 3519     |
|    total_timesteps | 410393   |
| train/             |          |
|    actor_loss      | -309     |
|    critic_loss     | 34       |
|    ent_coef        | 0.146    |
|    ent_coef_loss   | -0.692   |
|    learning_rate   | 0.0003   |
|    n_updates       | 400392   |
---------------------------------
---------------------------------
| rollout/           |          |
|    ep_len_mean     | 200      |
|    ep_rew_mean     | 889      |
|    success_rate    | 0        |
| time/              |          |
|    episodes        | 2056     |
|    fps             | 116      |
|    time_elapsed    | 3526     |
|    total_timesteps | 411193   |
| train/             |          |
|    actor_loss      | -312     |
|    critic_loss     | 38.4     |
|    ent_coef        | 0.147    |
|    ent_coef_loss   | -0.152   |
|    learning_rate   | 0.0003   |
|    n_updates       | 401192   |
---------------------------------
---------------------------------
| rollout/           |          |
|    ep_len_mean     | 200      |
|    ep_rew_mean     | 880      |
|    success_rate    | 0        |
| time/              |          |
|    episodes        | 2060     |
|    fps             | 116      |
|    time_elapsed    | 3533     |
|    total_timesteps | 411993   |
| train/             |          |
|    actor_loss      | -312     |
|    critic_loss     | 26.7     |
|    ent_coef        | 0.14     |
|    ent_coef_loss   | 0.688    |
|    learning_rate   | 0.0003   |
|    n_updates       | 401992   |
---------------------------------
---------------------------------
| rollout/           |          |
|    ep_len_mean     | 200      |
|    ep_rew_mean     | 873      |
|    success_rate    | 0        |
| time/              |          |
|    episodes        | 2064     |
|    fps             | 116      |
|    time_elapsed    | 3540     |
|    total_timesteps | 412793   |
| train/             |          |
|    actor_loss      | -303     |
|    critic_loss     | 102      |
|    ent_coef        | 0.131    |
|    ent_coef_loss   | -0.66    |
|    learning_rate   | 0.0003   |
|    n_updates       | 402792   |
---------------------------------
---------------------------------
| rollout/           |          |
|    ep_len_mean     | 200      |
|    ep_rew_mean     | 866      |
|    success_rate    | 0        |
| time/              |          |
|    episodes        | 2068     |
|    fps             | 116      |
|    time_elapsed    | 3548     |
|    total_timesteps | 413593   |
| train/             |          |
|    actor_loss      | -311     |
|    critic_loss     | 63.7     |
|    ent_coef        | 0.139    |
|    ent_coef_loss   | 0.266    |
|    learning_rate   | 0.0003   |
|    n_updates       | 403592   |
---------------------------------
---------------------------------
| rollout/           |          |
|    ep_len_mean     | 200      |
|    ep_rew_mean     | 860      |
|    success_rate    | 0        |
| time/              |          |
|    episodes        | 2072     |
|    fps             | 116      |
|    time_elapsed    | 3555     |
|    total_timesteps | 414393   |
| train/             |          |
|    actor_loss      | -318     |
|    critic_loss     | 31.2     |
|    ent_coef        | 0.13     |
|    ent_coef_loss   | 0.236    |
|    learning_rate   | 0.0003   |
|    n_updates       | 404392   |
---------------------------------
---------------------------------
| rollout/           |          |
|    ep_len_mean     | 200      |
|    ep_rew_mean     | 857      |
|    success_rate    | 0        |
| time/              |          |
|    episodes        | 2076     |
|    fps             | 116      |
|    time_elapsed    | 3562     |
|    total_timesteps | 415193   |
| train/             |          |
|    actor_loss      | -313     |
|    critic_loss     | 30       |
|    ent_coef        | 0.129    |
|    ent_coef_loss   | 0.821    |
|    learning_rate   | 0.0003   |
|    n_updates       | 405192   |
---------------------------------
---------------------------------
| rollout/           |          |
|    ep_len_mean     | 200      |
|    ep_rew_mean     | 861      |
|    success_rate    | 0        |
| time/              |          |
|    episodes        | 2080     |
|    fps             | 116      |
|    time_elapsed    | 3569     |
|    total_timesteps | 415993   |
| train/             |          |
|    actor_loss      | -304     |
|    critic_loss     | 18.9     |
|    ent_coef        | 0.124    |
|    ent_coef_loss   | -0.314   |
|    learning_rate   | 0.0003   |
|    n_updates       | 405992   |
---------------------------------
---------------------------------
| rollout/           |          |
|    ep_len_mean     | 200      |
|    ep_rew_mean     | 861      |
|    success_rate    | 0        |
| time/              |          |
|    episodes        | 2084     |
|    fps             | 116      |
|    time_elapsed    | 3576     |
|    total_timesteps | 416793   |
| train/             |          |
|    actor_loss      | -308     |
|    critic_loss     | 14.8     |
|    ent_coef        | 0.127    |
|    ent_coef_loss   | 0.854    |
|    learning_rate   | 0.0003   |
|    n_updates       | 406792   |
---------------------------------
---------------------------------
| rollout/           |          |
|    ep_len_mean     | 200      |
|    ep_rew_mean     | 858      |
|    success_rate    | 0        |
| time/              |          |
|    episodes        | 2088     |
|    fps             | 116      |
|    time_elapsed    | 3583     |
|    total_timesteps | 417593   |
| train/             |          |
|    actor_loss      | -294     |
|    critic_loss     | 14.8     |
|    ent_coef        | 0.134    |
|    ent_coef_loss   | 0.104    |
|    learning_rate   | 0.0003   |
|    n_updates       | 407592   |
---------------------------------
---------------------------------
| rollout/           |          |
|    ep_len_mean     | 200      |
|    ep_rew_mean     | 853      |
|    success_rate    | 0        |
| time/              |          |
|    episodes        | 2092     |
|    fps             | 116      |
|    time_elapsed    | 3590     |
|    total_timesteps | 418393   |
| train/             |          |
|    actor_loss      | -323     |
|    critic_loss     | 21.7     |
|    ent_coef        | 0.135    |
|    ent_coef_loss   | 1.12     |
|    learning_rate   | 0.0003   |
|    n_updates       | 408392   |
---------------------------------
---------------------------------
| rollout/           |          |
|    ep_len_mean     | 200      |
|    ep_rew_mean     | 840      |
|    success_rate    | 0        |
| time/              |          |
|    episodes        | 2096     |
|    fps             | 116      |
|    time_elapsed    | 3597     |
|    total_timesteps | 419193   |
| train/             |          |
|    actor_loss      | -318     |
|    critic_loss     | 49.4     |
|    ent_coef        | 0.136    |
|    ent_coef_loss   | 0.433    |
|    learning_rate   | 0.0003   |
|    n_updates       | 409192   |
---------------------------------
---------------------------------
| rollout/           |          |
|    ep_len_mean     | 200      |
|    ep_rew_mean     | 841      |
|    success_rate    | 0        |
| time/              |          |
|    episodes        | 2100     |
|    fps             | 116      |
|    time_elapsed    | 3604     |
|    total_timesteps | 419993   |
| train/             |          |
|    actor_loss      | -327     |
|    critic_loss     | 37.9     |
|    ent_coef        | 0.132    |
|    ent_coef_loss   | 0.893    |
|    learning_rate   | 0.0003   |
|    n_updates       | 409992   |
---------------------------------
---------------------------------
| rollout/           |          |
|    ep_len_mean     | 200      |
|    ep_rew_mean     | 838      |
|    success_rate    | 0        |
| time/              |          |
|    episodes        | 2104     |
|    fps             | 116      |
|    time_elapsed    | 3611     |
|    total_timesteps | 420793   |
| train/             |          |
|    actor_loss      | -321     |
|    critic_loss     | 26.9     |
|    ent_coef        | 0.131    |
|    ent_coef_loss   | -0.346   |
|    learning_rate   | 0.0003   |
|    n_updates       | 410792   |
---------------------------------
---------------------------------
| rollout/           |          |
|    ep_len_mean     | 200      |
|    ep_rew_mean     | 839      |
|    success_rate    | 0        |
| time/              |          |
|    episodes        | 2108     |
|    fps             | 116      |
|    time_elapsed    | 3618     |
|    total_timesteps | 421593   |
| train/             |          |
|    actor_loss      | -319     |
|    critic_loss     | 58.1     |
|    ent_coef        | 0.134    |
|    ent_coef_loss   | 0.568    |
|    learning_rate   | 0.0003   |
|    n_updates       | 411592   |
---------------------------------
---------------------------------
| rollout/           |          |
|    ep_len_mean     | 200      |
|    ep_rew_mean     | 836      |
|    success_rate    | 0        |
| time/              |          |
|    episodes        | 2112     |
|    fps             | 116      |
|    time_elapsed    | 3625     |
|    total_timesteps | 422393   |
| train/             |          |
|    actor_loss      | -310     |
|    critic_loss     | 90.4     |
|    ent_coef        | 0.133    |
|    ent_coef_loss   | 0.761    |
|    learning_rate   | 0.0003   |
|    n_updates       | 412392   |
---------------------------------
---------------------------------
| rollout/           |          |
|    ep_len_mean     | 200      |
|    ep_rew_mean     | 831      |
|    success_rate    | 0        |
| time/              |          |
|    episodes        | 2116     |
|    fps             | 116      |
|    time_elapsed    | 3632     |
|    total_timesteps | 423193   |
| train/             |          |
|    actor_loss      | -324     |
|    critic_loss     | 29.7     |
|    ent_coef        | 0.135    |
|    ent_coef_loss   | -0.141   |
|    learning_rate   | 0.0003   |
|    n_updates       | 413192   |
---------------------------------
---------------------------------
| rollout/           |          |
|    ep_len_mean     | 200      |
|    ep_rew_mean     | 826      |
|    success_rate    | 0        |
| time/              |          |
|    episodes        | 2120     |
|    fps             | 116      |
|    time_elapsed    | 3639     |
|    total_timesteps | 423993   |
| train/             |          |
|    actor_loss      | -310     |
|    critic_loss     | 19.2     |
|    ent_coef        | 0.133    |
|    ent_coef_loss   | -0.0308  |
|    learning_rate   | 0.0003   |
|    n_updates       | 413992   |
---------------------------------
---------------------------------
| rollout/           |          |
|    ep_len_mean     | 200      |
|    ep_rew_mean     | 832      |
|    success_rate    | 0        |
| time/              |          |
|    episodes        | 2124     |
|    fps             | 116      |
|    time_elapsed    | 3646     |
|    total_timesteps | 424793   |
| train/             |          |
|    actor_loss      | -327     |
|    critic_loss     | 49.9     |
|    ent_coef        | 0.129    |
|    ent_coef_loss   | 0.579    |
|    learning_rate   | 0.0003   |
|    n_updates       | 414792   |
---------------------------------
Eval num_timesteps=425000, episode_reward=842.76 +/- 130.98
Episode length: 200.00 +/- 0.00
Success rate: 0.00%
---------------------------------
| eval/              |          |
|    mean_ep_length  | 200      |
|    mean_reward     | 843      |
|    success_rate    | 0        |
| time/              |          |
|    total_timesteps | 425000   |
| train/             |          |
|    actor_loss      | -322     |
|    critic_loss     | 16.9     |
|    ent_coef        | 0.134    |
|    ent_coef_loss   | 0.193    |
|    learning_rate   | 0.0003   |
|    n_updates       | 414999   |
---------------------------------
---------------------------------
| rollout/           |          |
|    ep_len_mean     | 200      |
|    ep_rew_mean     | 827      |
|    success_rate    | 0        |
| time/              |          |
|    episodes        | 2128     |
|    fps             | 116      |
|    time_elapsed    | 3654     |
|    total_timesteps | 425593   |
| train/             |          |
|    actor_loss      | -318     |
|    critic_loss     | 22.5     |
|    ent_coef        | 0.132    |
|    ent_coef_loss   | -0.527   |
|    learning_rate   | 0.0003   |
|    n_updates       | 415592   |
---------------------------------
---------------------------------
| rollout/           |          |
|    ep_len_mean     | 200      |
|    ep_rew_mean     | 825      |
|    success_rate    | 0        |
| time/              |          |
|    episodes        | 2132     |
|    fps             | 116      |
|    time_elapsed    | 3661     |
|    total_timesteps | 426393   |
| train/             |          |
|    actor_loss      | -320     |
|    critic_loss     | 102      |
|    ent_coef        | 0.138    |
|    ent_coef_loss   | -0.444   |
|    learning_rate   | 0.0003   |
|    n_updates       | 416392   |
---------------------------------
---------------------------------
| rollout/           |          |
|    ep_len_mean     | 200      |
|    ep_rew_mean     | 818      |
|    success_rate    | 0        |
| time/              |          |
|    episodes        | 2136     |
|    fps             | 116      |
|    time_elapsed    | 3668     |
|    total_timesteps | 427193   |
| train/             |          |
|    actor_loss      | -317     |
|    critic_loss     | 24.4     |
|    ent_coef        | 0.139    |
|    ent_coef_loss   | -0.069   |
|    learning_rate   | 0.0003   |
|    n_updates       | 417192   |
---------------------------------
---------------------------------
| rollout/           |          |
|    ep_len_mean     | 200      |
|    ep_rew_mean     | 815      |
|    success_rate    | 0        |
| time/              |          |
|    episodes        | 2140     |
|    fps             | 116      |
|    time_elapsed    | 3675     |
|    total_timesteps | 427993   |
| train/             |          |
|    actor_loss      | -323     |
|    critic_loss     | 18.6     |
|    ent_coef        | 0.132    |
|    ent_coef_loss   | -0.685   |
|    learning_rate   | 0.0003   |
|    n_updates       | 417992   |
---------------------------------
---------------------------------
| rollout/           |          |
|    ep_len_mean     | 200      |
|    ep_rew_mean     | 818      |
|    success_rate    | 0        |
| time/              |          |
|    episodes        | 2144     |
|    fps             | 116      |
|    time_elapsed    | 3682     |
|    total_timesteps | 428793   |
| train/             |          |
|    actor_loss      | -309     |
|    critic_loss     | 18.9     |
|    ent_coef        | 0.129    |
|    ent_coef_loss   | -0.021   |
|    learning_rate   | 0.0003   |
|    n_updates       | 418792   |
---------------------------------
---------------------------------
| rollout/           |          |
|    ep_len_mean     | 200      |
|    ep_rew_mean     | 807      |
|    success_rate    | 0        |
| time/              |          |
|    episodes        | 2148     |
|    fps             | 116      |
|    time_elapsed    | 3689     |
|    total_timesteps | 429593   |
| train/             |          |
|    actor_loss      | -312     |
|    critic_loss     | 34.1     |
|    ent_coef        | 0.137    |
|    ent_coef_loss   | 0.0525   |
|    learning_rate   | 0.0003   |
|    n_updates       | 419592   |
---------------------------------
---------------------------------
| rollout/           |          |
|    ep_len_mean     | 200      |
|    ep_rew_mean     | 808      |
|    success_rate    | 0        |
| time/              |          |
|    episodes        | 2152     |
|    fps             | 116      |
|    time_elapsed    | 3696     |
|    total_timesteps | 430393   |
| train/             |          |
|    actor_loss      | -322     |
|    critic_loss     | 35.2     |
|    ent_coef        | 0.133    |
|    ent_coef_loss   | 0.459    |
|    learning_rate   | 0.0003   |
|    n_updates       | 420392   |
---------------------------------
---------------------------------
| rollout/           |          |
|    ep_len_mean     | 200      |
|    ep_rew_mean     | 809      |
|    success_rate    | 0        |
| time/              |          |
|    episodes        | 2156     |
|    fps             | 116      |
|    time_elapsed    | 3703     |
|    total_timesteps | 431193   |
| train/             |          |
|    actor_loss      | -319     |
|    critic_loss     | 28.8     |
|    ent_coef        | 0.131    |
|    ent_coef_loss   | -0.108   |
|    learning_rate   | 0.0003   |
|    n_updates       | 421192   |
---------------------------------
---------------------------------
| rollout/           |          |
|    ep_len_mean     | 200      |
|    ep_rew_mean     | 819      |
|    success_rate    | 0        |
| time/              |          |
|    episodes        | 2160     |
|    fps             | 116      |
|    time_elapsed    | 3710     |
|    total_timesteps | 431993   |
| train/             |          |
|    actor_loss      | -317     |
|    critic_loss     | 19.4     |
|    ent_coef        | 0.136    |
|    ent_coef_loss   | 0.563    |
|    learning_rate   | 0.0003   |
|    n_updates       | 421992   |
---------------------------------
---------------------------------
| rollout/           |          |
|    ep_len_mean     | 200      |
|    ep_rew_mean     | 818      |
|    success_rate    | 0        |
| time/              |          |
|    episodes        | 2164     |
|    fps             | 116      |
|    time_elapsed    | 3718     |
|    total_timesteps | 432793   |
| train/             |          |
|    actor_loss      | -326     |
|    critic_loss     | 19.3     |
|    ent_coef        | 0.134    |
|    ent_coef_loss   | 0.4      |
|    learning_rate   | 0.0003   |
|    n_updates       | 422792   |
---------------------------------
---------------------------------
| rollout/           |          |
|    ep_len_mean     | 200      |
|    ep_rew_mean     | 826      |
|    success_rate    | 0        |
| time/              |          |
|    episodes        | 2168     |
|    fps             | 116      |
|    time_elapsed    | 3725     |
|    total_timesteps | 433593   |
| train/             |          |
|    actor_loss      | -314     |
|    critic_loss     | 20.6     |
|    ent_coef        | 0.141    |
|    ent_coef_loss   | -0.395   |
|    learning_rate   | 0.0003   |
|    n_updates       | 423592   |
---------------------------------
---------------------------------
| rollout/           |          |
|    ep_len_mean     | 200      |
|    ep_rew_mean     | 831      |
|    success_rate    | 0        |
| time/              |          |
|    episodes        | 2172     |
|    fps             | 116      |
|    time_elapsed    | 3732     |
|    total_timesteps | 434393   |
| train/             |          |
|    actor_loss      | -332     |
|    critic_loss     | 14       |
|    ent_coef        | 0.135    |
|    ent_coef_loss   | -0.079   |
|    learning_rate   | 0.0003   |
|    n_updates       | 424392   |
---------------------------------
---------------------------------
| rollout/           |          |
|    ep_len_mean     | 200      |
|    ep_rew_mean     | 833      |
|    success_rate    | 0        |
| time/              |          |
|    episodes        | 2176     |
|    fps             | 116      |
|    time_elapsed    | 3739     |
|    total_timesteps | 435193   |
| train/             |          |
|    actor_loss      | -321     |
|    critic_loss     | 75.5     |
|    ent_coef        | 0.129    |
|    ent_coef_loss   | -0.223   |
|    learning_rate   | 0.0003   |
|    n_updates       | 425192   |
---------------------------------
---------------------------------
| rollout/           |          |
|    ep_len_mean     | 200      |
|    ep_rew_mean     | 834      |
|    success_rate    | 0        |
| time/              |          |
|    episodes        | 2180     |
|    fps             | 116      |
|    time_elapsed    | 3746     |
|    total_timesteps | 435993   |
| train/             |          |
|    actor_loss      | -338     |
|    critic_loss     | 208      |
|    ent_coef        | 0.128    |
|    ent_coef_loss   | -0.378   |
|    learning_rate   | 0.0003   |
|    n_updates       | 425992   |
---------------------------------
---------------------------------
| rollout/           |          |
|    ep_len_mean     | 200      |
|    ep_rew_mean     | 833      |
|    success_rate    | 0        |
| time/              |          |
|    episodes        | 2184     |
|    fps             | 116      |
|    time_elapsed    | 3754     |
|    total_timesteps | 436793   |
| train/             |          |
|    actor_loss      | -324     |
|    critic_loss     | 37       |
|    ent_coef        | 0.13     |
|    ent_coef_loss   | -0.291   |
|    learning_rate   | 0.0003   |
|    n_updates       | 426792   |
---------------------------------
---------------------------------
| rollout/           |          |
|    ep_len_mean     | 200      |
|    ep_rew_mean     | 833      |
|    success_rate    | 0        |
| time/              |          |
|    episodes        | 2188     |
|    fps             | 116      |
|    time_elapsed    | 3761     |
|    total_timesteps | 437593   |
| train/             |          |
|    actor_loss      | -318     |
|    critic_loss     | 41.3     |
|    ent_coef        | 0.126    |
|    ent_coef_loss   | -0.049   |
|    learning_rate   | 0.0003   |
|    n_updates       | 427592   |
---------------------------------
---------------------------------
| rollout/           |          |
|    ep_len_mean     | 200      |
|    ep_rew_mean     | 837      |
|    success_rate    | 0        |
| time/              |          |
|    episodes        | 2192     |
|    fps             | 116      |
|    time_elapsed    | 3768     |
|    total_timesteps | 438393   |
| train/             |          |
|    actor_loss      | -337     |
|    critic_loss     | 22.1     |
|    ent_coef        | 0.136    |
|    ent_coef_loss   | -0.216   |
|    learning_rate   | 0.0003   |
|    n_updates       | 428392   |
---------------------------------
---------------------------------
| rollout/           |          |
|    ep_len_mean     | 200      |
|    ep_rew_mean     | 844      |
|    success_rate    | 0        |
| time/              |          |
|    episodes        | 2196     |
|    fps             | 116      |
|    time_elapsed    | 3775     |
|    total_timesteps | 439193   |
| train/             |          |
|    actor_loss      | -316     |
|    critic_loss     | 24.9     |
|    ent_coef        | 0.128    |
|    ent_coef_loss   | -0.322   |
|    learning_rate   | 0.0003   |
|    n_updates       | 429192   |
---------------------------------
---------------------------------
| rollout/           |          |
|    ep_len_mean     | 200      |
|    ep_rew_mean     | 845      |
|    success_rate    | 0        |
| time/              |          |
|    episodes        | 2200     |
|    fps             | 116      |
|    time_elapsed    | 3782     |
|    total_timesteps | 439993   |
| train/             |          |
|    actor_loss      | -334     |
|    critic_loss     | 30.7     |
|    ent_coef        | 0.133    |
|    ent_coef_loss   | -0.631   |
|    learning_rate   | 0.0003   |
|    n_updates       | 429992   |
---------------------------------
---------------------------------
| rollout/           |          |
|    ep_len_mean     | 200      |
|    ep_rew_mean     | 848      |
|    success_rate    | 0        |
| time/              |          |
|    episodes        | 2204     |
|    fps             | 116      |
|    time_elapsed    | 3789     |
|    total_timesteps | 440793   |
| train/             |          |
|    actor_loss      | -324     |
|    critic_loss     | 47.3     |
|    ent_coef        | 0.128    |
|    ent_coef_loss   | -0.762   |
|    learning_rate   | 0.0003   |
|    n_updates       | 430792   |
---------------------------------
---------------------------------
| rollout/           |          |
|    ep_len_mean     | 200      |
|    ep_rew_mean     | 846      |
|    success_rate    | 0        |
| time/              |          |
|    episodes        | 2208     |
|    fps             | 116      |
|    time_elapsed    | 3796     |
|    total_timesteps | 441593   |
| train/             |          |
|    actor_loss      | -329     |
|    critic_loss     | 32.4     |
|    ent_coef        | 0.127    |
|    ent_coef_loss   | -0.468   |
|    learning_rate   | 0.0003   |
|    n_updates       | 431592   |
---------------------------------
---------------------------------
| rollout/           |          |
|    ep_len_mean     | 200      |
|    ep_rew_mean     | 848      |
|    success_rate    | 0        |
| time/              |          |
|    episodes        | 2212     |
|    fps             | 116      |
|    time_elapsed    | 3803     |
|    total_timesteps | 442393   |
| train/             |          |
|    actor_loss      | -326     |
|    critic_loss     | 188      |
|    ent_coef        | 0.133    |
|    ent_coef_loss   | -0.142   |
|    learning_rate   | 0.0003   |
|    n_updates       | 432392   |
---------------------------------
---------------------------------
| rollout/           |          |
|    ep_len_mean     | 200      |
|    ep_rew_mean     | 851      |
|    success_rate    | 0        |
| time/              |          |
|    episodes        | 2216     |
|    fps             | 116      |
|    time_elapsed    | 3811     |
|    total_timesteps | 443193   |
| train/             |          |
|    actor_loss      | -333     |
|    critic_loss     | 70.5     |
|    ent_coef        | 0.13     |
|    ent_coef_loss   | 0.393    |
|    learning_rate   | 0.0003   |
|    n_updates       | 433192   |
---------------------------------
---------------------------------
| rollout/           |          |
|    ep_len_mean     | 200      |
|    ep_rew_mean     | 854      |
|    success_rate    | 0        |
| time/              |          |
|    episodes        | 2220     |
|    fps             | 116      |
|    time_elapsed    | 3818     |
|    total_timesteps | 443993   |
| train/             |          |
|    actor_loss      | -334     |
|    critic_loss     | 50       |
|    ent_coef        | 0.126    |
|    ent_coef_loss   | -0.569   |
|    learning_rate   | 0.0003   |
|    n_updates       | 433992   |
---------------------------------
---------------------------------
| rollout/           |          |
|    ep_len_mean     | 200      |
|    ep_rew_mean     | 856      |
|    success_rate    | 0        |
| time/              |          |
|    episodes        | 2224     |
|    fps             | 116      |
|    time_elapsed    | 3825     |
|    total_timesteps | 444793   |
| train/             |          |
|    actor_loss      | -320     |
|    critic_loss     | 35.8     |
|    ent_coef        | 0.129    |
|    ent_coef_loss   | -0.731   |
|    learning_rate   | 0.0003   |
|    n_updates       | 434792   |
---------------------------------
---------------------------------
| rollout/           |          |
|    ep_len_mean     | 200      |
|    ep_rew_mean     | 853      |
|    success_rate    | 0        |
| time/              |          |
|    episodes        | 2228     |
|    fps             | 116      |
|    time_elapsed    | 3832     |
|    total_timesteps | 445593   |
| train/             |          |
|    actor_loss      | -334     |
|    critic_loss     | 14.8     |
|    ent_coef        | 0.13     |
|    ent_coef_loss   | 0.361    |
|    learning_rate   | 0.0003   |
|    n_updates       | 435592   |
---------------------------------
---------------------------------
| rollout/           |          |
|    ep_len_mean     | 200      |
|    ep_rew_mean     | 849      |
|    success_rate    | 0        |
| time/              |          |
|    episodes        | 2232     |
|    fps             | 116      |
|    time_elapsed    | 3839     |
|    total_timesteps | 446393   |
| train/             |          |
|    actor_loss      | -319     |
|    critic_loss     | 12.8     |
|    ent_coef        | 0.131    |
|    ent_coef_loss   | -0.34    |
|    learning_rate   | 0.0003   |
|    n_updates       | 436392   |
---------------------------------
---------------------------------
| rollout/           |          |
|    ep_len_mean     | 200      |
|    ep_rew_mean     | 859      |
|    success_rate    | 0        |
| time/              |          |
|    episodes        | 2236     |
|    fps             | 116      |
|    time_elapsed    | 3846     |
|    total_timesteps | 447193   |
| train/             |          |
|    actor_loss      | -332     |
|    critic_loss     | 27.6     |
|    ent_coef        | 0.134    |
|    ent_coef_loss   | -0.775   |
|    learning_rate   | 0.0003   |
|    n_updates       | 437192   |
---------------------------------
---------------------------------
| rollout/           |          |
|    ep_len_mean     | 200      |
|    ep_rew_mean     | 862      |
|    success_rate    | 0        |
| time/              |          |
|    episodes        | 2240     |
|    fps             | 116      |
|    time_elapsed    | 3853     |
|    total_timesteps | 447993   |
| train/             |          |
|    actor_loss      | -323     |
|    critic_loss     | 22.4     |
|    ent_coef        | 0.142    |
|    ent_coef_loss   | 0.233    |
|    learning_rate   | 0.0003   |
|    n_updates       | 437992   |
---------------------------------
---------------------------------
| rollout/           |          |
|    ep_len_mean     | 200      |
|    ep_rew_mean     | 868      |
|    success_rate    | 0        |
| time/              |          |
|    episodes        | 2244     |
|    fps             | 116      |
|    time_elapsed    | 3861     |
|    total_timesteps | 448793   |
| train/             |          |
|    actor_loss      | -325     |
|    critic_loss     | 39.2     |
|    ent_coef        | 0.146    |
|    ent_coef_loss   | -0.75    |
|    learning_rate   | 0.0003   |
|    n_updates       | 438792   |
---------------------------------
---------------------------------
| rollout/           |          |
|    ep_len_mean     | 200      |
|    ep_rew_mean     | 880      |
|    success_rate    | 0        |
| time/              |          |
|    episodes        | 2248     |
|    fps             | 116      |
|    time_elapsed    | 3868     |
|    total_timesteps | 449593   |
| train/             |          |
|    actor_loss      | -337     |
|    critic_loss     | 38.3     |
|    ent_coef        | 0.143    |
|    ent_coef_loss   | 0.156    |
|    learning_rate   | 0.0003   |
|    n_updates       | 439592   |
---------------------------------
Eval num_timesteps=450000, episode_reward=793.39 +/- 148.31
Episode length: 200.00 +/- 0.00
Success rate: 0.00%
---------------------------------
| eval/              |          |
|    mean_ep_length  | 200      |
|    mean_reward     | 793      |
|    success_rate    | 0        |
| time/              |          |
|    total_timesteps | 450000   |
| train/             |          |
|    actor_loss      | -319     |
|    critic_loss     | 17.9     |
|    ent_coef        | 0.141    |
|    ent_coef_loss   | -0.228   |
|    learning_rate   | 0.0003   |
|    n_updates       | 439999   |
---------------------------------
---------------------------------
| rollout/           |          |
|    ep_len_mean     | 200      |
|    ep_rew_mean     | 880      |
|    success_rate    | 0        |
| time/              |          |
|    episodes        | 2252     |
|    fps             | 116      |
|    time_elapsed    | 3876     |
|    total_timesteps | 450393   |
| train/             |          |
|    actor_loss      | -337     |
|    critic_loss     | 24.7     |
|    ent_coef        | 0.139    |
|    ent_coef_loss   | 0.29     |
|    learning_rate   | 0.0003   |
|    n_updates       | 440392   |
---------------------------------
---------------------------------
| rollout/           |          |
|    ep_len_mean     | 200      |
|    ep_rew_mean     | 877      |
|    success_rate    | 0        |
| time/              |          |
|    episodes        | 2256     |
|    fps             | 116      |
|    time_elapsed    | 3883     |
|    total_timesteps | 451193   |
| train/             |          |
|    actor_loss      | -336     |
|    critic_loss     | 55.8     |
|    ent_coef        | 0.14     |
|    ent_coef_loss   | 0.355    |
|    learning_rate   | 0.0003   |
|    n_updates       | 441192   |
---------------------------------
---------------------------------
| rollout/           |          |
|    ep_len_mean     | 200      |
|    ep_rew_mean     | 880      |
|    success_rate    | 0        |
| time/              |          |
|    episodes        | 2260     |
|    fps             | 116      |
|    time_elapsed    | 3890     |
|    total_timesteps | 451993   |
| train/             |          |
|    actor_loss      | -339     |
|    critic_loss     | 67.2     |
|    ent_coef        | 0.139    |
|    ent_coef_loss   | 0.126    |
|    learning_rate   | 0.0003   |
|    n_updates       | 441992   |
---------------------------------
---------------------------------
| rollout/           |          |
|    ep_len_mean     | 200      |
|    ep_rew_mean     | 884      |
|    success_rate    | 0        |
| time/              |          |
|    episodes        | 2264     |
|    fps             | 116      |
|    time_elapsed    | 3897     |
|    total_timesteps | 452793   |
| train/             |          |
|    actor_loss      | -339     |
|    critic_loss     | 21.7     |
|    ent_coef        | 0.13     |
|    ent_coef_loss   | -0.561   |
|    learning_rate   | 0.0003   |
|    n_updates       | 442792   |
---------------------------------
---------------------------------
| rollout/           |          |
|    ep_len_mean     | 199      |
|    ep_rew_mean     | 887      |
|    success_rate    | 0.01     |
| time/              |          |
|    episodes        | 2268     |
|    fps             | 116      |
|    time_elapsed    | 3903     |
|    total_timesteps | 453505   |
| train/             |          |
|    actor_loss      | -322     |
|    critic_loss     | 72.3     |
|    ent_coef        | 0.143    |
|    ent_coef_loss   | 0.601    |
|    learning_rate   | 0.0003   |
|    n_updates       | 443504   |
---------------------------------
---------------------------------
| rollout/           |          |
|    ep_len_mean     | 199      |
|    ep_rew_mean     | 890      |
|    success_rate    | 0.01     |
| time/              |          |
|    episodes        | 2272     |
|    fps             | 116      |
|    time_elapsed    | 3910     |
|    total_timesteps | 454305   |
| train/             |          |
|    actor_loss      | -333     |
|    critic_loss     | 119      |
|    ent_coef        | 0.145    |
|    ent_coef_loss   | -0.328   |
|    learning_rate   | 0.0003   |
|    n_updates       | 444304   |
---------------------------------
---------------------------------
| rollout/           |          |
|    ep_len_mean     | 199      |
|    ep_rew_mean     | 892      |
|    success_rate    | 0.01     |
| time/              |          |
|    episodes        | 2276     |
|    fps             | 116      |
|    time_elapsed    | 3918     |
|    total_timesteps | 455105   |
| train/             |          |
|    actor_loss      | -331     |
|    critic_loss     | 71.9     |
|    ent_coef        | 0.135    |
|    ent_coef_loss   | 0.482    |
|    learning_rate   | 0.0003   |
|    n_updates       | 445104   |
---------------------------------
---------------------------------
| rollout/           |          |
|    ep_len_mean     | 199      |
|    ep_rew_mean     | 889      |
|    success_rate    | 0.01     |
| time/              |          |
|    episodes        | 2280     |
|    fps             | 116      |
|    time_elapsed    | 3925     |
|    total_timesteps | 455905   |
| train/             |          |
|    actor_loss      | -352     |
|    critic_loss     | 14.3     |
|    ent_coef        | 0.143    |
|    ent_coef_loss   | -0.553   |
|    learning_rate   | 0.0003   |
|    n_updates       | 445904   |
---------------------------------
---------------------------------
| rollout/           |          |
|    ep_len_mean     | 199      |
|    ep_rew_mean     | 882      |
|    success_rate    | 0.01     |
| time/              |          |
|    episodes        | 2284     |
|    fps             | 116      |
|    time_elapsed    | 3932     |
|    total_timesteps | 456705   |
| train/             |          |
|    actor_loss      | -341     |
|    critic_loss     | 55.8     |
|    ent_coef        | 0.137    |
|    ent_coef_loss   | -0.574   |
|    learning_rate   | 0.0003   |
|    n_updates       | 446704   |
---------------------------------
---------------------------------
| rollout/           |          |
|    ep_len_mean     | 199      |
|    ep_rew_mean     | 878      |
|    success_rate    | 0.01     |
| time/              |          |
|    episodes        | 2288     |
|    fps             | 116      |
|    time_elapsed    | 3939     |
|    total_timesteps | 457505   |
| train/             |          |
|    actor_loss      | -350     |
|    critic_loss     | 88       |
|    ent_coef        | 0.147    |
|    ent_coef_loss   | -0.348   |
|    learning_rate   | 0.0003   |
|    n_updates       | 447504   |
---------------------------------
---------------------------------
| rollout/           |          |
|    ep_len_mean     | 199      |
|    ep_rew_mean     | 866      |
|    success_rate    | 0.01     |
| time/              |          |
|    episodes        | 2292     |
|    fps             | 116      |
|    time_elapsed    | 3946     |
|    total_timesteps | 458305   |
| train/             |          |
|    actor_loss      | -347     |
|    critic_loss     | 35.1     |
|    ent_coef        | 0.144    |
|    ent_coef_loss   | -0.461   |
|    learning_rate   | 0.0003   |
|    n_updates       | 448304   |
---------------------------------
---------------------------------
| rollout/           |          |
|    ep_len_mean     | 199      |
|    ep_rew_mean     | 871      |
|    success_rate    | 0.01     |
| time/              |          |
|    episodes        | 2296     |
|    fps             | 116      |
|    time_elapsed    | 3953     |
|    total_timesteps | 459105   |
| train/             |          |
|    actor_loss      | -325     |
|    critic_loss     | 32.7     |
|    ent_coef        | 0.135    |
|    ent_coef_loss   | 0.461    |
|    learning_rate   | 0.0003   |
|    n_updates       | 449104   |
---------------------------------
---------------------------------
| rollout/           |          |
|    ep_len_mean     | 199      |
|    ep_rew_mean     | 870      |
|    success_rate    | 0.01     |
| time/              |          |
|    episodes        | 2300     |
|    fps             | 116      |
|    time_elapsed    | 3960     |
|    total_timesteps | 459905   |
| train/             |          |
|    actor_loss      | -333     |
|    critic_loss     | 12.6     |
|    ent_coef        | 0.143    |
|    ent_coef_loss   | -0.301   |
|    learning_rate   | 0.0003   |
|    n_updates       | 449904   |
---------------------------------
---------------------------------
| rollout/           |          |
|    ep_len_mean     | 199      |
|    ep_rew_mean     | 868      |
|    success_rate    | 0.01     |
| time/              |          |
|    episodes        | 2304     |
|    fps             | 116      |
|    time_elapsed    | 3967     |
|    total_timesteps | 460705   |
| train/             |          |
|    actor_loss      | -343     |
|    critic_loss     | 24.5     |
|    ent_coef        | 0.138    |
|    ent_coef_loss   | 0.0483   |
|    learning_rate   | 0.0003   |
|    n_updates       | 450704   |
---------------------------------
---------------------------------
| rollout/           |          |
|    ep_len_mean     | 199      |
|    ep_rew_mean     | 862      |
|    success_rate    | 0.01     |
| time/              |          |
|    episodes        | 2308     |
|    fps             | 116      |
|    time_elapsed    | 3974     |
|    total_timesteps | 461505   |
| train/             |          |
|    actor_loss      | -349     |
|    critic_loss     | 28.8     |
|    ent_coef        | 0.154    |
|    ent_coef_loss   | -0.657   |
|    learning_rate   | 0.0003   |
|    n_updates       | 451504   |
---------------------------------
---------------------------------
| rollout/           |          |
|    ep_len_mean     | 199      |
|    ep_rew_mean     | 854      |
|    success_rate    | 0.01     |
| time/              |          |
|    episodes        | 2312     |
|    fps             | 116      |
|    time_elapsed    | 3981     |
|    total_timesteps | 462305   |
| train/             |          |
|    actor_loss      | -356     |
|    critic_loss     | 14.6     |
|    ent_coef        | 0.143    |
|    ent_coef_loss   | -0.235   |
|    learning_rate   | 0.0003   |
|    n_updates       | 452304   |
---------------------------------
---------------------------------
| rollout/           |          |
|    ep_len_mean     | 199      |
|    ep_rew_mean     | 857      |
|    success_rate    | 0.01     |
| time/              |          |
|    episodes        | 2316     |
|    fps             | 116      |
|    time_elapsed    | 3988     |
|    total_timesteps | 463105   |
| train/             |          |
|    actor_loss      | -340     |
|    critic_loss     | 30.4     |
|    ent_coef        | 0.146    |
|    ent_coef_loss   | 0.563    |
|    learning_rate   | 0.0003   |
|    n_updates       | 453104   |
---------------------------------
---------------------------------
| rollout/           |          |
|    ep_len_mean     | 199      |
|    ep_rew_mean     | 855      |
|    success_rate    | 0.01     |
| time/              |          |
|    episodes        | 2320     |
|    fps             | 116      |
|    time_elapsed    | 3996     |
|    total_timesteps | 463905   |
| train/             |          |
|    actor_loss      | -345     |
|    critic_loss     | 22.6     |
|    ent_coef        | 0.137    |
|    ent_coef_loss   | -0.479   |
|    learning_rate   | 0.0003   |
|    n_updates       | 453904   |
---------------------------------
---------------------------------
| rollout/           |          |
|    ep_len_mean     | 199      |
|    ep_rew_mean     | 857      |
|    success_rate    | 0.01     |
| time/              |          |
|    episodes        | 2324     |
|    fps             | 116      |
|    time_elapsed    | 4003     |
|    total_timesteps | 464705   |
| train/             |          |
|    actor_loss      | -341     |
|    critic_loss     | 19       |
|    ent_coef        | 0.142    |
|    ent_coef_loss   | 0.196    |
|    learning_rate   | 0.0003   |
|    n_updates       | 454704   |
---------------------------------
---------------------------------
| rollout/           |          |
|    ep_len_mean     | 199      |
|    ep_rew_mean     | 865      |
|    success_rate    | 0.01     |
| time/              |          |
|    episodes        | 2328     |
|    fps             | 116      |
|    time_elapsed    | 4010     |
|    total_timesteps | 465505   |
| train/             |          |
|    actor_loss      | -337     |
|    critic_loss     | 20.5     |
|    ent_coef        | 0.148    |
|    ent_coef_loss   | -0.0902  |
|    learning_rate   | 0.0003   |
|    n_updates       | 455504   |
---------------------------------
---------------------------------
| rollout/           |          |
|    ep_len_mean     | 199      |
|    ep_rew_mean     | 875      |
|    success_rate    | 0.02     |
| time/              |          |
|    episodes        | 2332     |
|    fps             | 116      |
|    time_elapsed    | 4016     |
|    total_timesteps | 466261   |
| train/             |          |
|    actor_loss      | -341     |
|    critic_loss     | 122      |
|    ent_coef        | 0.145    |
|    ent_coef_loss   | 0.000578 |
|    learning_rate   | 0.0003   |
|    n_updates       | 456260   |
---------------------------------
---------------------------------
| rollout/           |          |
|    ep_len_mean     | 199      |
|    ep_rew_mean     | 876      |
|    success_rate    | 0.02     |
| time/              |          |
|    episodes        | 2336     |
|    fps             | 116      |
|    time_elapsed    | 4024     |
|    total_timesteps | 467061   |
| train/             |          |
|    actor_loss      | -342     |
|    critic_loss     | 39.8     |
|    ent_coef        | 0.144    |
|    ent_coef_loss   | -0.181   |
|    learning_rate   | 0.0003   |
|    n_updates       | 457060   |
---------------------------------
---------------------------------
| rollout/           |          |
|    ep_len_mean     | 199      |
|    ep_rew_mean     | 880      |
|    success_rate    | 0.02     |
| time/              |          |
|    episodes        | 2340     |
|    fps             | 116      |
|    time_elapsed    | 4031     |
|    total_timesteps | 467861   |
| train/             |          |
|    actor_loss      | -350     |
|    critic_loss     | 31.2     |
|    ent_coef        | 0.143    |
|    ent_coef_loss   | 0.334    |
|    learning_rate   | 0.0003   |
|    n_updates       | 457860   |
---------------------------------
---------------------------------
| rollout/           |          |
|    ep_len_mean     | 199      |
|    ep_rew_mean     | 878      |
|    success_rate    | 0.02     |
| time/              |          |
|    episodes        | 2344     |
|    fps             | 116      |
|    time_elapsed    | 4038     |
|    total_timesteps | 468661   |
| train/             |          |
|    actor_loss      | -335     |
|    critic_loss     | 30.2     |
|    ent_coef        | 0.139    |
|    ent_coef_loss   | 0.975    |
|    learning_rate   | 0.0003   |
|    n_updates       | 458660   |
---------------------------------
---------------------------------
| rollout/           |          |
|    ep_len_mean     | 199      |
|    ep_rew_mean     | 878      |
|    success_rate    | 0.02     |
| time/              |          |
|    episodes        | 2348     |
|    fps             | 116      |
|    time_elapsed    | 4045     |
|    total_timesteps | 469461   |
| train/             |          |
|    actor_loss      | -353     |
|    critic_loss     | 37.7     |
|    ent_coef        | 0.142    |
|    ent_coef_loss   | -0.39    |
|    learning_rate   | 0.0003   |
|    n_updates       | 459460   |
---------------------------------
---------------------------------
| rollout/           |          |
|    ep_len_mean     | 199      |
|    ep_rew_mean     | 878      |
|    success_rate    | 0.02     |
| time/              |          |
|    episodes        | 2352     |
|    fps             | 116      |
|    time_elapsed    | 4052     |
|    total_timesteps | 470261   |
| train/             |          |
|    actor_loss      | -341     |
|    critic_loss     | 60.9     |
|    ent_coef        | 0.145    |
|    ent_coef_loss   | 0.0382   |
|    learning_rate   | 0.0003   |
|    n_updates       | 460260   |
---------------------------------
---------------------------------
| rollout/           |          |
|    ep_len_mean     | 199      |
|    ep_rew_mean     | 879      |
|    success_rate    | 0.02     |
| time/              |          |
|    episodes        | 2356     |
|    fps             | 116      |
|    time_elapsed    | 4059     |
|    total_timesteps | 471061   |
| train/             |          |
|    actor_loss      | -353     |
|    critic_loss     | 51.5     |
|    ent_coef        | 0.149    |
|    ent_coef_loss   | 0.0681   |
|    learning_rate   | 0.0003   |
|    n_updates       | 461060   |
---------------------------------
---------------------------------
| rollout/           |          |
|    ep_len_mean     | 199      |
|    ep_rew_mean     | 872      |
|    success_rate    | 0.02     |
| time/              |          |
|    episodes        | 2360     |
|    fps             | 116      |
|    time_elapsed    | 4066     |
|    total_timesteps | 471861   |
| train/             |          |
|    actor_loss      | -341     |
|    critic_loss     | 33.2     |
|    ent_coef        | 0.146    |
|    ent_coef_loss   | -0.0572  |
|    learning_rate   | 0.0003   |
|    n_updates       | 461860   |
---------------------------------
---------------------------------
| rollout/           |          |
|    ep_len_mean     | 199      |
|    ep_rew_mean     | 868      |
|    success_rate    | 0.02     |
| time/              |          |
|    episodes        | 2364     |
|    fps             | 116      |
|    time_elapsed    | 4073     |
|    total_timesteps | 472661   |
| train/             |          |
|    actor_loss      | -354     |
|    critic_loss     | 110      |
|    ent_coef        | 0.146    |
|    ent_coef_loss   | 0.254    |
|    learning_rate   | 0.0003   |
|    n_updates       | 462660   |
---------------------------------
---------------------------------
| rollout/           |          |
|    ep_len_mean     | 200      |
|    ep_rew_mean     | 865      |
|    success_rate    | 0.01     |
| time/              |          |
|    episodes        | 2368     |
|    fps             | 116      |
|    time_elapsed    | 4080     |
|    total_timesteps | 473461   |
| train/             |          |
|    actor_loss      | -324     |
|    critic_loss     | 37       |
|    ent_coef        | 0.146    |
|    ent_coef_loss   | -0.285   |
|    learning_rate   | 0.0003   |
|    n_updates       | 463460   |
---------------------------------
---------------------------------
| rollout/           |          |
|    ep_len_mean     | 200      |
|    ep_rew_mean     | 853      |
|    success_rate    | 0.01     |
| time/              |          |
|    episodes        | 2372     |
|    fps             | 116      |
|    time_elapsed    | 4087     |
|    total_timesteps | 474261   |
| train/             |          |
|    actor_loss      | -352     |
|    critic_loss     | 61.8     |
|    ent_coef        | 0.144    |
|    ent_coef_loss   | 0.0748   |
|    learning_rate   | 0.0003   |
|    n_updates       | 464260   |
---------------------------------
Eval num_timesteps=475000, episode_reward=922.93 +/- 54.14
Episode length: 200.00 +/- 0.00
Success rate: 0.00%
---------------------------------
| eval/              |          |
|    mean_ep_length  | 200      |
|    mean_reward     | 923      |
|    success_rate    | 0        |
| time/              |          |
|    total_timesteps | 475000   |
| train/             |          |
|    actor_loss      | -345     |
|    critic_loss     | 24       |
|    ent_coef        | 0.142    |
|    ent_coef_loss   | -0.46    |
|    learning_rate   | 0.0003   |
|    n_updates       | 464999   |
---------------------------------
New best mean reward!
---------------------------------
| rollout/           |          |
|    ep_len_mean     | 200      |
|    ep_rew_mean     | 842      |
|    success_rate    | 0.01     |
| time/              |          |
|    episodes        | 2376     |
|    fps             | 115      |
|    time_elapsed    | 4096     |
|    total_timesteps | 475061   |
| train/             |          |
|    actor_loss      | -339     |
|    critic_loss     | 20.1     |
|    ent_coef        | 0.141    |
|    ent_coef_loss   | 0.414    |
|    learning_rate   | 0.0003   |
|    n_updates       | 465060   |
---------------------------------
---------------------------------
| rollout/           |          |
|    ep_len_mean     | 200      |
|    ep_rew_mean     | 845      |
|    success_rate    | 0.01     |
| time/              |          |
|    episodes        | 2380     |
|    fps             | 115      |
|    time_elapsed    | 4103     |
|    total_timesteps | 475861   |
| train/             |          |
|    actor_loss      | -342     |
|    critic_loss     | 15.4     |
|    ent_coef        | 0.15     |
|    ent_coef_loss   | -0.274   |
|    learning_rate   | 0.0003   |
|    n_updates       | 465860   |
---------------------------------
---------------------------------
| rollout/           |          |
|    ep_len_mean     | 200      |
|    ep_rew_mean     | 849      |
|    success_rate    | 0.01     |
| time/              |          |
|    episodes        | 2384     |
|    fps             | 115      |
|    time_elapsed    | 4110     |
|    total_timesteps | 476661   |
| train/             |          |
|    actor_loss      | -360     |
|    critic_loss     | 193      |
|    ent_coef        | 0.146    |
|    ent_coef_loss   | -0.025   |
|    learning_rate   | 0.0003   |
|    n_updates       | 466660   |
---------------------------------
---------------------------------
| rollout/           |          |
|    ep_len_mean     | 200      |
|    ep_rew_mean     | 857      |
|    success_rate    | 0.01     |
| time/              |          |
|    episodes        | 2388     |
|    fps             | 115      |
|    time_elapsed    | 4117     |
|    total_timesteps | 477461   |
| train/             |          |
|    actor_loss      | -359     |
|    critic_loss     | 63.8     |
|    ent_coef        | 0.145    |
|    ent_coef_loss   | 0.122    |
|    learning_rate   | 0.0003   |
|    n_updates       | 467460   |
---------------------------------
---------------------------------
| rollout/           |          |
|    ep_len_mean     | 200      |
|    ep_rew_mean     | 872      |
|    success_rate    | 0.01     |
| time/              |          |
|    episodes        | 2392     |
|    fps             | 115      |
|    time_elapsed    | 4124     |
|    total_timesteps | 478261   |
| train/             |          |
|    actor_loss      | -347     |
|    critic_loss     | 26.3     |
|    ent_coef        | 0.144    |
|    ent_coef_loss   | 0.0302   |
|    learning_rate   | 0.0003   |
|    n_updates       | 468260   |
---------------------------------
---------------------------------
| rollout/           |          |
|    ep_len_mean     | 200      |
|    ep_rew_mean     | 865      |
|    success_rate    | 0.01     |
| time/              |          |
|    episodes        | 2396     |
|    fps             | 115      |
|    time_elapsed    | 4131     |
|    total_timesteps | 479061   |
| train/             |          |
|    actor_loss      | -353     |
|    critic_loss     | 17.2     |
|    ent_coef        | 0.138    |
|    ent_coef_loss   | 0.411    |
|    learning_rate   | 0.0003   |
|    n_updates       | 469060   |
---------------------------------
---------------------------------
| rollout/           |          |
|    ep_len_mean     | 200      |
|    ep_rew_mean     | 865      |
|    success_rate    | 0.01     |
| time/              |          |
|    episodes        | 2400     |
|    fps             | 115      |
|    time_elapsed    | 4138     |
|    total_timesteps | 479861   |
| train/             |          |
|    actor_loss      | -344     |
|    critic_loss     | 170      |
|    ent_coef        | 0.137    |
|    ent_coef_loss   | 0.873    |
|    learning_rate   | 0.0003   |
|    n_updates       | 469860   |
---------------------------------
---------------------------------
| rollout/           |          |
|    ep_len_mean     | 200      |
|    ep_rew_mean     | 866      |
|    success_rate    | 0.01     |
| time/              |          |
|    episodes        | 2404     |
|    fps             | 115      |
|    time_elapsed    | 4145     |
|    total_timesteps | 480661   |
| train/             |          |
|    actor_loss      | -343     |
|    critic_loss     | 17.8     |
|    ent_coef        | 0.136    |
|    ent_coef_loss   | -0.281   |
|    learning_rate   | 0.0003   |
|    n_updates       | 470660   |
---------------------------------
---------------------------------
| rollout/           |          |
|    ep_len_mean     | 200      |
|    ep_rew_mean     | 871      |
|    success_rate    | 0.01     |
| time/              |          |
|    episodes        | 2408     |
|    fps             | 115      |
|    time_elapsed    | 4152     |
|    total_timesteps | 481461   |
| train/             |          |
|    actor_loss      | -354     |
|    critic_loss     | 173      |
|    ent_coef        | 0.14     |
|    ent_coef_loss   | -0.711   |
|    learning_rate   | 0.0003   |
|    n_updates       | 471460   |
---------------------------------
---------------------------------
| rollout/           |          |
|    ep_len_mean     | 200      |
|    ep_rew_mean     | 879      |
|    success_rate    | 0.01     |
| time/              |          |
|    episodes        | 2412     |
|    fps             | 115      |
|    time_elapsed    | 4159     |
|    total_timesteps | 482261   |
| train/             |          |
|    actor_loss      | -353     |
|    critic_loss     | 22.3     |
|    ent_coef        | 0.142    |
|    ent_coef_loss   | -0.242   |
|    learning_rate   | 0.0003   |
|    n_updates       | 472260   |
---------------------------------
---------------------------------
| rollout/           |          |
|    ep_len_mean     | 200      |
|    ep_rew_mean     | 880      |
|    success_rate    | 0.01     |
| time/              |          |
|    episodes        | 2416     |
|    fps             | 115      |
|    time_elapsed    | 4166     |
|    total_timesteps | 483061   |
| train/             |          |
|    actor_loss      | -346     |
|    critic_loss     | 53       |
|    ent_coef        | 0.137    |
|    ent_coef_loss   | 0.612    |
|    learning_rate   | 0.0003   |
|    n_updates       | 473060   |
---------------------------------
---------------------------------
| rollout/           |          |
|    ep_len_mean     | 200      |
|    ep_rew_mean     | 880      |
|    success_rate    | 0.01     |
| time/              |          |
|    episodes        | 2420     |
|    fps             | 115      |
|    time_elapsed    | 4173     |
|    total_timesteps | 483861   |
| train/             |          |
|    actor_loss      | -363     |
|    critic_loss     | 27.8     |
|    ent_coef        | 0.14     |
|    ent_coef_loss   | 0.242    |
|    learning_rate   | 0.0003   |
|    n_updates       | 473860   |
---------------------------------
---------------------------------
| rollout/           |          |
|    ep_len_mean     | 200      |
|    ep_rew_mean     | 877      |
|    success_rate    | 0.01     |
| time/              |          |
|    episodes        | 2424     |
|    fps             | 115      |
|    time_elapsed    | 4180     |
|    total_timesteps | 484661   |
| train/             |          |
|    actor_loss      | -353     |
|    critic_loss     | 36.3     |
|    ent_coef        | 0.142    |
|    ent_coef_loss   | 0.073    |
|    learning_rate   | 0.0003   |
|    n_updates       | 474660   |
---------------------------------
---------------------------------
| rollout/           |          |
|    ep_len_mean     | 200      |
|    ep_rew_mean     | 874      |
|    success_rate    | 0.01     |
| time/              |          |
|    episodes        | 2428     |
|    fps             | 115      |
|    time_elapsed    | 4187     |
|    total_timesteps | 485461   |
| train/             |          |
|    actor_loss      | -341     |
|    critic_loss     | 28.8     |
|    ent_coef        | 0.139    |
|    ent_coef_loss   | 0.316    |
|    learning_rate   | 0.0003   |
|    n_updates       | 475460   |
---------------------------------
---------------------------------
| rollout/           |          |
|    ep_len_mean     | 200      |
|    ep_rew_mean     | 866      |
|    success_rate    | 0        |
| time/              |          |
|    episodes        | 2432     |
|    fps             | 115      |
|    time_elapsed    | 4194     |
|    total_timesteps | 486261   |
| train/             |          |
|    actor_loss      | -356     |
|    critic_loss     | 60.2     |
|    ent_coef        | 0.142    |
|    ent_coef_loss   | -0.0623  |
|    learning_rate   | 0.0003   |
|    n_updates       | 476260   |
---------------------------------
---------------------------------
| rollout/           |          |
|    ep_len_mean     | 200      |
|    ep_rew_mean     | 848      |
|    success_rate    | 0        |
| time/              |          |
|    episodes        | 2436     |
|    fps             | 115      |
|    time_elapsed    | 4201     |
|    total_timesteps | 487061   |
| train/             |          |
|    actor_loss      | -347     |
|    critic_loss     | 16.8     |
|    ent_coef        | 0.143    |
|    ent_coef_loss   | 0.434    |
|    learning_rate   | 0.0003   |
|    n_updates       | 477060   |
---------------------------------
---------------------------------
| rollout/           |          |
|    ep_len_mean     | 200      |
|    ep_rew_mean     | 845      |
|    success_rate    | 0        |
| time/              |          |
|    episodes        | 2440     |
|    fps             | 115      |
|    time_elapsed    | 4208     |
|    total_timesteps | 487861   |
| train/             |          |
|    actor_loss      | -372     |
|    critic_loss     | 59       |
|    ent_coef        | 0.139    |
|    ent_coef_loss   | 0.74     |
|    learning_rate   | 0.0003   |
|    n_updates       | 477860   |
---------------------------------
---------------------------------
| rollout/           |          |
|    ep_len_mean     | 200      |
|    ep_rew_mean     | 836      |
|    success_rate    | 0        |
| time/              |          |
|    episodes        | 2444     |
|    fps             | 115      |
|    time_elapsed    | 4216     |
|    total_timesteps | 488661   |
| train/             |          |
|    actor_loss      | -351     |
|    critic_loss     | 78.3     |
|    ent_coef        | 0.142    |
|    ent_coef_loss   | -0.244   |
|    learning_rate   | 0.0003   |
|    n_updates       | 478660   |
---------------------------------
---------------------------------
| rollout/           |          |
|    ep_len_mean     | 200      |
|    ep_rew_mean     | 836      |
|    success_rate    | 0        |
| time/              |          |
|    episodes        | 2448     |
|    fps             | 115      |
|    time_elapsed    | 4223     |
|    total_timesteps | 489461   |
| train/             |          |
|    actor_loss      | -355     |
|    critic_loss     | 49.4     |
|    ent_coef        | 0.142    |
|    ent_coef_loss   | 0.222    |
|    learning_rate   | 0.0003   |
|    n_updates       | 479460   |
---------------------------------
---------------------------------
| rollout/           |          |
|    ep_len_mean     | 200      |
|    ep_rew_mean     | 831      |
|    success_rate    | 0        |
| time/              |          |
|    episodes        | 2452     |
|    fps             | 115      |
|    time_elapsed    | 4230     |
|    total_timesteps | 490261   |
| train/             |          |
|    actor_loss      | -354     |
|    critic_loss     | 21.1     |
|    ent_coef        | 0.135    |
|    ent_coef_loss   | 0.119    |
|    learning_rate   | 0.0003   |
|    n_updates       | 480260   |
---------------------------------
---------------------------------
| rollout/           |          |
|    ep_len_mean     | 200      |
|    ep_rew_mean     | 834      |
|    success_rate    | 0        |
| time/              |          |
|    episodes        | 2456     |
|    fps             | 115      |
|    time_elapsed    | 4237     |
|    total_timesteps | 491061   |
| train/             |          |
|    actor_loss      | -346     |
|    critic_loss     | 117      |
|    ent_coef        | 0.144    |
|    ent_coef_loss   | 0.263    |
|    learning_rate   | 0.0003   |
|    n_updates       | 481060   |
---------------------------------
---------------------------------
| rollout/           |          |
|    ep_len_mean     | 200      |
|    ep_rew_mean     | 840      |
|    success_rate    | 0        |
| time/              |          |
|    episodes        | 2460     |
|    fps             | 115      |
|    time_elapsed    | 4244     |
|    total_timesteps | 491861   |
| train/             |          |
|    actor_loss      | -354     |
|    critic_loss     | 25.8     |
|    ent_coef        | 0.14     |
|    ent_coef_loss   | -0.0634  |
|    learning_rate   | 0.0003   |
|    n_updates       | 481860   |
---------------------------------
---------------------------------
| rollout/           |          |
|    ep_len_mean     | 200      |
|    ep_rew_mean     | 847      |
|    success_rate    | 0        |
| time/              |          |
|    episodes        | 2464     |
|    fps             | 115      |
|    time_elapsed    | 4251     |
|    total_timesteps | 492661   |
| train/             |          |
|    actor_loss      | -353     |
|    critic_loss     | 22.1     |
|    ent_coef        | 0.137    |
|    ent_coef_loss   | 0.277    |
|    learning_rate   | 0.0003   |
|    n_updates       | 482660   |
---------------------------------
---------------------------------
| rollout/           |          |
|    ep_len_mean     | 200      |
|    ep_rew_mean     | 847      |
|    success_rate    | 0        |
| time/              |          |
|    episodes        | 2468     |
|    fps             | 115      |
|    time_elapsed    | 4258     |
|    total_timesteps | 493461   |
| train/             |          |
|    actor_loss      | -354     |
|    critic_loss     | 27.9     |
|    ent_coef        | 0.133    |
|    ent_coef_loss   | -0.212   |
|    learning_rate   | 0.0003   |
|    n_updates       | 483460   |
---------------------------------
---------------------------------
| rollout/           |          |
|    ep_len_mean     | 200      |
|    ep_rew_mean     | 858      |
|    success_rate    | 0        |
| time/              |          |
|    episodes        | 2472     |
|    fps             | 115      |
|    time_elapsed    | 4264     |
|    total_timesteps | 494261   |
| train/             |          |
|    actor_loss      | -352     |
|    critic_loss     | 67       |
|    ent_coef        | 0.129    |
|    ent_coef_loss   | 0.803    |
|    learning_rate   | 0.0003   |
|    n_updates       | 484260   |
---------------------------------
---------------------------------
| rollout/           |          |
|    ep_len_mean     | 200      |
|    ep_rew_mean     | 869      |
|    success_rate    | 0        |
| time/              |          |
|    episodes        | 2476     |
|    fps             | 115      |
|    time_elapsed    | 4271     |
|    total_timesteps | 495061   |
| train/             |          |
|    actor_loss      | -362     |
|    critic_loss     | 18.4     |
|    ent_coef        | 0.134    |
|    ent_coef_loss   | -0.164   |
|    learning_rate   | 0.0003   |
|    n_updates       | 485060   |
---------------------------------
---------------------------------
| rollout/           |          |
|    ep_len_mean     | 200      |
|    ep_rew_mean     | 866      |
|    success_rate    | 0        |
| time/              |          |
|    episodes        | 2480     |
|    fps             | 115      |
|    time_elapsed    | 4278     |
|    total_timesteps | 495861   |
| train/             |          |
|    actor_loss      | -349     |
|    critic_loss     | 26.2     |
|    ent_coef        | 0.131    |
|    ent_coef_loss   | -0.408   |
|    learning_rate   | 0.0003   |
|    n_updates       | 485860   |
---------------------------------
---------------------------------
| rollout/           |          |
|    ep_len_mean     | 200      |
|    ep_rew_mean     | 857      |
|    success_rate    | 0        |
| time/              |          |
|    episodes        | 2484     |
|    fps             | 115      |
|    time_elapsed    | 4286     |
|    total_timesteps | 496661   |
| train/             |          |
|    actor_loss      | -355     |
|    critic_loss     | 13.3     |
|    ent_coef        | 0.136    |
|    ent_coef_loss   | 0.024    |
|    learning_rate   | 0.0003   |
|    n_updates       | 486660   |
---------------------------------
---------------------------------
| rollout/           |          |
|    ep_len_mean     | 200      |
|    ep_rew_mean     | 860      |
|    success_rate    | 0        |
| time/              |          |
|    episodes        | 2488     |
|    fps             | 115      |
|    time_elapsed    | 4293     |
|    total_timesteps | 497461   |
| train/             |          |
|    actor_loss      | -361     |
|    critic_loss     | 25.3     |
|    ent_coef        | 0.136    |
|    ent_coef_loss   | -0.422   |
|    learning_rate   | 0.0003   |
|    n_updates       | 487460   |
---------------------------------
---------------------------------
| rollout/           |          |
|    ep_len_mean     | 200      |
|    ep_rew_mean     | 859      |
|    success_rate    | 0        |
| time/              |          |
|    episodes        | 2492     |
|    fps             | 115      |
|    time_elapsed    | 4300     |
|    total_timesteps | 498261   |
| train/             |          |
|    actor_loss      | -366     |
|    critic_loss     | 88.9     |
|    ent_coef        | 0.138    |
|    ent_coef_loss   | -0.19    |
|    learning_rate   | 0.0003   |
|    n_updates       | 488260   |
---------------------------------
---------------------------------
| rollout/           |          |
|    ep_len_mean     | 200      |
|    ep_rew_mean     | 860      |
|    success_rate    | 0        |
| time/              |          |
|    episodes        | 2496     |
|    fps             | 115      |
|    time_elapsed    | 4307     |
|    total_timesteps | 499061   |
| train/             |          |
|    actor_loss      | -379     |
|    critic_loss     | 28       |
|    ent_coef        | 0.139    |
|    ent_coef_loss   | 0.569    |
|    learning_rate   | 0.0003   |
|    n_updates       | 489060   |
---------------------------------
---------------------------------
| rollout/           |          |
|    ep_len_mean     | 200      |
|    ep_rew_mean     | 857      |
|    success_rate    | 0        |
| time/              |          |
|    episodes        | 2500     |
|    fps             | 115      |
|    time_elapsed    | 4314     |
|    total_timesteps | 499861   |
| train/             |          |
|    actor_loss      | -364     |
|    critic_loss     | 23.2     |
|    ent_coef        | 0.137    |
|    ent_coef_loss   | -0.316   |
|    learning_rate   | 0.0003   |
|    n_updates       | 489860   |
---------------------------------
Eval num_timesteps=500000, episode_reward=948.73 +/- 20.54
Episode length: 200.00 +/- 0.00
Success rate: 0.00%
---------------------------------
| eval/              |          |
|    mean_ep_length  | 200      |
|    mean_reward     | 949      |
|    success_rate    | 0        |
| time/              |          |
|    total_timesteps | 500000   |
| train/             |          |
|    actor_loss      | -371     |
|    critic_loss     | 25.3     |
|    ent_coef        | 0.137    |
|    ent_coef_loss   | -0.649   |
|    learning_rate   | 0.0003   |
|    n_updates       | 489999   |
---------------------------------
New best mean reward!
 100% ----------------------- 500,000/500,000  [ 1:11:57 < 0:00:00 , 108 it/s ]
Saved final model to C:\Users\Haikal\Desktop\Tech Learning\so101-rl-poc\runs\sac_cart_v3\final.zip
