Using cpu device
Logging to C:\Users\Haikal\Desktop\Tech Learning\so101-rl-poc\runs\sac_cart_v4\tb\SAC_1
---------------------------------
| rollout/           |          |
|    ep_len_mean     | 200      |
|    ep_rew_mean     | 12.6     |
|    success_rate    | 0        |
| time/              |          |
|    episodes        | 4        |
|    fps             | 1034     |
|    time_elapsed    | 0        |
|    total_timesteps | 800      |
---------------------------------
---------------------------------
| rollout/           |          |
|    ep_len_mean     | 200      |
|    ep_rew_mean     | 13.3     |
|    success_rate    | 0        |
| time/              |          |
|    episodes        | 8        |
|    fps             | 1058     |
|    time_elapsed    | 1        |
|    total_timesteps | 1600     |
---------------------------------
---------------------------------
| rollout/           |          |
|    ep_len_mean     | 200      |
|    ep_rew_mean     | 14       |
|    success_rate    | 0        |
| time/              |          |
|    episodes        | 12       |
|    fps             | 1069     |
|    time_elapsed    | 2        |
|    total_timesteps | 2400     |
---------------------------------
---------------------------------
| rollout/           |          |
|    ep_len_mean     | 200      |
|    ep_rew_mean     | 14.7     |
|    success_rate    | 0        |
| time/              |          |
|    episodes        | 16       |
|    fps             | 1070     |
|    time_elapsed    | 2        |
|    total_timesteps | 3200     |
---------------------------------
---------------------------------
| rollout/           |          |
|    ep_len_mean     | 200      |
|    ep_rew_mean     | 14.5     |
|    success_rate    | 0        |
| time/              |          |
|    episodes        | 20       |
|    fps             | 1075     |
|    time_elapsed    | 3        |
|    total_timesteps | 4000     |
---------------------------------
---------------------------------
| rollout/           |          |
|    ep_len_mean     | 200      |
|    ep_rew_mean     | 14.7     |
|    success_rate    | 0        |
| time/              |          |
|    episodes        | 24       |
|    fps             | 1083     |
|    time_elapsed    | 4        |
|    total_timesteps | 4800     |
---------------------------------
---------------------------------
| rollout/           |          |
|    ep_len_mean     | 200      |
|    ep_rew_mean     | 15.1     |
|    success_rate    | 0        |
| time/              |          |
|    episodes        | 28       |
|    fps             | 1075     |
|    time_elapsed    | 5        |
|    total_timesteps | 5600     |
---------------------------------
---------------------------------
| rollout/           |          |
|    ep_len_mean     | 200      |
|    ep_rew_mean     | 15.9     |
|    success_rate    | 0        |
| time/              |          |
|    episodes        | 32       |
|    fps             | 1075     |
|    time_elapsed    | 5        |
|    total_timesteps | 6400     |
---------------------------------
---------------------------------
| rollout/           |          |
|    ep_len_mean     | 200      |
|    ep_rew_mean     | 15.7     |
|    success_rate    | 0        |
| time/              |          |
|    episodes        | 36       |
|    fps             | 1081     |
|    time_elapsed    | 6        |
|    total_timesteps | 7200     |
---------------------------------
---------------------------------
| rollout/           |          |
|    ep_len_mean     | 200      |
|    ep_rew_mean     | 15.2     |
|    success_rate    | 0        |
| time/              |          |
|    episodes        | 40       |
|    fps             | 1083     |
|    time_elapsed    | 7        |
|    total_timesteps | 8000     |
---------------------------------
---------------------------------
| rollout/           |          |
|    ep_len_mean     | 200      |
|    ep_rew_mean     | 15       |
|    success_rate    | 0        |
| time/              |          |
|    episodes        | 44       |
|    fps             | 1085     |
|    time_elapsed    | 8        |
|    total_timesteps | 8800     |
---------------------------------
---------------------------------
| rollout/           |          |
|    ep_len_mean     | 200      |
|    ep_rew_mean     | 15.4     |
|    success_rate    | 0        |
| time/              |          |
|    episodes        | 48       |
|    fps             | 1078     |
|    time_elapsed    | 8        |
|    total_timesteps | 9600     |
---------------------------------
---------------------------------
| rollout/           |          |
|    ep_len_mean     | 200      |
|    ep_rew_mean     | 15.1     |
|    success_rate    | 0        |
| time/              |          |
|    episodes        | 52       |
|    fps             | 824      |
|    time_elapsed    | 12       |
|    total_timesteps | 10400    |
| train/             |          |
|    actor_loss      | -8.57    |
|    critic_loss     | 0.0403   |
|    ent_coef        | 0.887    |
|    ent_coef_loss   | -0.803   |
|    learning_rate   | 0.0003   |
|    n_updates       | 399      |
---------------------------------
---------------------------------
| rollout/           |          |
|    ep_len_mean     | 200      |
|    ep_rew_mean     | 15       |
|    success_rate    | 0        |
| time/              |          |
|    episodes        | 56       |
|    fps             | 588      |
|    time_elapsed    | 19       |
|    total_timesteps | 11200    |
| train/             |          |
|    actor_loss      | -15.1    |
|    critic_loss     | 0.0224   |
|    ent_coef        | 0.698    |
|    ent_coef_loss   | -2.42    |
|    learning_rate   | 0.0003   |
|    n_updates       | 1199     |
---------------------------------
---------------------------------
| rollout/           |          |
|    ep_len_mean     | 200      |
|    ep_rew_mean     | 14.7     |
|    success_rate    | 0        |
| time/              |          |
|    episodes        | 60       |
|    fps             | 470      |
|    time_elapsed    | 25       |
|    total_timesteps | 12000    |
| train/             |          |
|    actor_loss      | -20.3    |
|    critic_loss     | 0.0165   |
|    ent_coef        | 0.549    |
|    ent_coef_loss   | -4.03    |
|    learning_rate   | 0.0003   |
|    n_updates       | 1999     |
---------------------------------
---------------------------------
| rollout/           |          |
|    ep_len_mean     | 200      |
|    ep_rew_mean     | 14.9     |
|    success_rate    | 0        |
| time/              |          |
|    episodes        | 64       |
|    fps             | 400      |
|    time_elapsed    | 31       |
|    total_timesteps | 12800    |
| train/             |          |
|    actor_loss      | -24.4    |
|    critic_loss     | 0.013    |
|    ent_coef        | 0.432    |
|    ent_coef_loss   | -5.66    |
|    learning_rate   | 0.0003   |
|    n_updates       | 2799     |
---------------------------------
---------------------------------
| rollout/           |          |
|    ep_len_mean     | 200      |
|    ep_rew_mean     | 15.3     |
|    success_rate    | 0        |
| time/              |          |
|    episodes        | 68       |
|    fps             | 352      |
|    time_elapsed    | 38       |
|    total_timesteps | 13600    |
| train/             |          |
|    actor_loss      | -27.2    |
|    critic_loss     | 0.00926  |
|    ent_coef        | 0.34     |
|    ent_coef_loss   | -7.25    |
|    learning_rate   | 0.0003   |
|    n_updates       | 3599     |
---------------------------------
---------------------------------
| rollout/           |          |
|    ep_len_mean     | 200      |
|    ep_rew_mean     | 15.2     |
|    success_rate    | 0        |
| time/              |          |
|    episodes        | 72       |
|    fps             | 319      |
|    time_elapsed    | 45       |
|    total_timesteps | 14400    |
| train/             |          |
|    actor_loss      | -29.3    |
|    critic_loss     | 0.00698  |
|    ent_coef        | 0.267    |
|    ent_coef_loss   | -8.89    |
|    learning_rate   | 0.0003   |
|    n_updates       | 4399     |
---------------------------------
---------------------------------
| rollout/           |          |
|    ep_len_mean     | 200      |
|    ep_rew_mean     | 15.6     |
|    success_rate    | 0        |
| time/              |          |
|    episodes        | 76       |
|    fps             | 294      |
|    time_elapsed    | 51       |
|    total_timesteps | 15200    |
| train/             |          |
|    actor_loss      | -30.8    |
|    critic_loss     | 0.00538  |
|    ent_coef        | 0.21     |
|    ent_coef_loss   | -10.5    |
|    learning_rate   | 0.0003   |
|    n_updates       | 5199     |
---------------------------------
---------------------------------
| rollout/           |          |
|    ep_len_mean     | 200      |
|    ep_rew_mean     | 16.1     |
|    success_rate    | 0        |
| time/              |          |
|    episodes        | 80       |
|    fps             | 274      |
|    time_elapsed    | 58       |
|    total_timesteps | 16000    |
| train/             |          |
|    actor_loss      | -31.8    |
|    critic_loss     | 0.00695  |
|    ent_coef        | 0.165    |
|    ent_coef_loss   | -12.1    |
|    learning_rate   | 0.0003   |
|    n_updates       | 5999     |
---------------------------------
---------------------------------
| rollout/           |          |
|    ep_len_mean     | 200      |
|    ep_rew_mean     | 16.5     |
|    success_rate    | 0        |
| time/              |          |
|    episodes        | 84       |
|    fps             | 258      |
|    time_elapsed    | 64       |
|    total_timesteps | 16800    |
| train/             |          |
|    actor_loss      | -32.3    |
|    critic_loss     | 0.00565  |
|    ent_coef        | 0.13     |
|    ent_coef_loss   | -13.6    |
|    learning_rate   | 0.0003   |
|    n_updates       | 6799     |
---------------------------------
---------------------------------
| rollout/           |          |
|    ep_len_mean     | 200      |
|    ep_rew_mean     | 16.7     |
|    success_rate    | 0        |
| time/              |          |
|    episodes        | 88       |
|    fps             | 246      |
|    time_elapsed    | 71       |
|    total_timesteps | 17600    |
| train/             |          |
|    actor_loss      | -32.5    |
|    critic_loss     | 0.00696  |
|    ent_coef        | 0.102    |
|    ent_coef_loss   | -15.2    |
|    learning_rate   | 0.0003   |
|    n_updates       | 7599     |
---------------------------------
---------------------------------
| rollout/           |          |
|    ep_len_mean     | 200      |
|    ep_rew_mean     | 17.1     |
|    success_rate    | 0        |
| time/              |          |
|    episodes        | 92       |
|    fps             | 235      |
|    time_elapsed    | 78       |
|    total_timesteps | 18400    |
| train/             |          |
|    actor_loss      | -32.6    |
|    critic_loss     | 0.00976  |
|    ent_coef        | 0.0807   |
|    ent_coef_loss   | -16.8    |
|    learning_rate   | 0.0003   |
|    n_updates       | 8399     |
---------------------------------
---------------------------------
| rollout/           |          |
|    ep_len_mean     | 200      |
|    ep_rew_mean     | 17.3     |
|    success_rate    | 0        |
| time/              |          |
|    episodes        | 96       |
|    fps             | 226      |
|    time_elapsed    | 84       |
|    total_timesteps | 19200    |
| train/             |          |
|    actor_loss      | -32.4    |
|    critic_loss     | 0.00661  |
|    ent_coef        | 0.0637   |
|    ent_coef_loss   | -17.9    |
|    learning_rate   | 0.0003   |
|    n_updates       | 9199     |
---------------------------------
---------------------------------
| rollout/           |          |
|    ep_len_mean     | 200      |
|    ep_rew_mean     | 17.6     |
|    success_rate    | 0        |
| time/              |          |
|    episodes        | 100      |
|    fps             | 218      |
|    time_elapsed    | 91       |
|    total_timesteps | 20000    |
| train/             |          |
|    actor_loss      | -32.4    |
|    critic_loss     | 0.0145   |
|    ent_coef        | 0.0503   |
|    ent_coef_loss   | -18.9    |
|    learning_rate   | 0.0003   |
|    n_updates       | 9999     |
---------------------------------
---------------------------------
| rollout/           |          |
|    ep_len_mean     | 200      |
|    ep_rew_mean     | 17.9     |
|    success_rate    | 0        |
| time/              |          |
|    episodes        | 104      |
|    fps             | 211      |
|    time_elapsed    | 98       |
|    total_timesteps | 20800    |
| train/             |          |
|    actor_loss      | -32      |
|    critic_loss     | 0.0126   |
|    ent_coef        | 0.0398   |
|    ent_coef_loss   | -20      |
|    learning_rate   | 0.0003   |
|    n_updates       | 10799    |
---------------------------------
---------------------------------
| rollout/           |          |
|    ep_len_mean     | 200      |
|    ep_rew_mean     | 18.4     |
|    success_rate    | 0        |
| time/              |          |
|    episodes        | 108      |
|    fps             | 205      |
|    time_elapsed    | 105      |
|    total_timesteps | 21600    |
| train/             |          |
|    actor_loss      | -31.7    |
|    critic_loss     | 0.00862  |
|    ent_coef        | 0.0316   |
|    ent_coef_loss   | -21      |
|    learning_rate   | 0.0003   |
|    n_updates       | 11599    |
---------------------------------
---------------------------------
| rollout/           |          |
|    ep_len_mean     | 200      |
|    ep_rew_mean     | 18.7     |
|    success_rate    | 0        |
| time/              |          |
|    episodes        | 112      |
|    fps             | 199      |
|    time_elapsed    | 112      |
|    total_timesteps | 22400    |
| train/             |          |
|    actor_loss      | -31.4    |
|    critic_loss     | 0.00894  |
|    ent_coef        | 0.0252   |
|    ent_coef_loss   | -20.4    |
|    learning_rate   | 0.0003   |
|    n_updates       | 12399    |
---------------------------------
---------------------------------
| rollout/           |          |
|    ep_len_mean     | 200      |
|    ep_rew_mean     | 19       |
|    success_rate    | 0        |
| time/              |          |
|    episodes        | 116      |
|    fps             | 195      |
|    time_elapsed    | 118      |
|    total_timesteps | 23200    |
| train/             |          |
|    actor_loss      | -30.8    |
|    critic_loss     | 0.0151   |
|    ent_coef        | 0.0201   |
|    ent_coef_loss   | -19.8    |
|    learning_rate   | 0.0003   |
|    n_updates       | 13199    |
---------------------------------
---------------------------------
| rollout/           |          |
|    ep_len_mean     | 200      |
|    ep_rew_mean     | 19.6     |
|    success_rate    | 0        |
| time/              |          |
|    episodes        | 120      |
|    fps             | 191      |
|    time_elapsed    | 125      |
|    total_timesteps | 24000    |
| train/             |          |
|    actor_loss      | -30.8    |
|    critic_loss     | 0.0106   |
|    ent_coef        | 0.0163   |
|    ent_coef_loss   | -19.3    |
|    learning_rate   | 0.0003   |
|    n_updates       | 13999    |
---------------------------------
---------------------------------
| rollout/           |          |
|    ep_len_mean     | 200      |
|    ep_rew_mean     | 20.3     |
|    success_rate    | 0        |
| time/              |          |
|    episodes        | 124      |
|    fps             | 187      |
|    time_elapsed    | 132      |
|    total_timesteps | 24800    |
| train/             |          |
|    actor_loss      | -30.2    |
|    critic_loss     | 0.0105   |
|    ent_coef        | 0.0132   |
|    ent_coef_loss   | -17.1    |
|    learning_rate   | 0.0003   |
|    n_updates       | 14799    |
---------------------------------
Eval num_timesteps=25000, episode_reward=35.95 +/- 0.95
Episode length: 200.00 +/- 0.00
Success rate: 0.00%
---------------------------------
| eval/              |          |
|    mean_ep_length  | 200      |
|    mean_reward     | 36       |
|    success_rate    | 0        |
| time/              |          |
|    total_timesteps | 25000    |
| train/             |          |
|    actor_loss      | -29.9    |
|    critic_loss     | 0.0101   |
|    ent_coef        | 0.0126   |
|    ent_coef_loss   | -17.7    |
|    learning_rate   | 0.0003   |
|    n_updates       | 14999    |
---------------------------------
New best mean reward!
---------------------------------
| rollout/           |          |
|    ep_len_mean     | 200      |
|    ep_rew_mean     | 21       |
|    success_rate    | 0        |
| time/              |          |
|    episodes        | 128      |
|    fps             | 183      |
|    time_elapsed    | 139      |
|    total_timesteps | 25600    |
| train/             |          |
|    actor_loss      | -29.9    |
|    critic_loss     | 0.0175   |
|    ent_coef        | 0.0108   |
|    ent_coef_loss   | -13.5    |
|    learning_rate   | 0.0003   |
|    n_updates       | 15599    |
---------------------------------
---------------------------------
| rollout/           |          |
|    ep_len_mean     | 200      |
|    ep_rew_mean     | 21.7     |
|    success_rate    | 0        |
| time/              |          |
|    episodes        | 132      |
|    fps             | 180      |
|    time_elapsed    | 145      |
|    total_timesteps | 26400    |
| train/             |          |
|    actor_loss      | -29.4    |
|    critic_loss     | 0.0108   |
|    ent_coef        | 0.00909  |
|    ent_coef_loss   | -12.5    |
|    learning_rate   | 0.0003   |
|    n_updates       | 16399    |
---------------------------------
---------------------------------
| rollout/           |          |
|    ep_len_mean     | 200      |
|    ep_rew_mean     | 22.6     |
|    success_rate    | 0        |
| time/              |          |
|    episodes        | 136      |
|    fps             | 178      |
|    time_elapsed    | 152      |
|    total_timesteps | 27200    |
| train/             |          |
|    actor_loss      | -29.1    |
|    critic_loss     | 0.0142   |
|    ent_coef        | 0.00749  |
|    ent_coef_loss   | -12.2    |
|    learning_rate   | 0.0003   |
|    n_updates       | 17199    |
---------------------------------
---------------------------------
| rollout/           |          |
|    ep_len_mean     | 200      |
|    ep_rew_mean     | 23.7     |
|    success_rate    | 0        |
| time/              |          |
|    episodes        | 140      |
|    fps             | 175      |
|    time_elapsed    | 159      |
|    total_timesteps | 28000    |
| train/             |          |
|    actor_loss      | -28.7    |
|    critic_loss     | 0.00793  |
|    ent_coef        | 0.00613  |
|    ent_coef_loss   | -13.3    |
|    learning_rate   | 0.0003   |
|    n_updates       | 17999    |
---------------------------------
---------------------------------
| rollout/           |          |
|    ep_len_mean     | 200      |
|    ep_rew_mean     | 24.7     |
|    success_rate    | 0        |
| time/              |          |
|    episodes        | 144      |
|    fps             | 173      |
|    time_elapsed    | 165      |
|    total_timesteps | 28800    |
| train/             |          |
|    actor_loss      | -28.4    |
|    critic_loss     | 0.0141   |
|    ent_coef        | 0.00508  |
|    ent_coef_loss   | -11.5    |
|    learning_rate   | 0.0003   |
|    n_updates       | 18799    |
---------------------------------
---------------------------------
| rollout/           |          |
|    ep_len_mean     | 200      |
|    ep_rew_mean     | 25.4     |
|    success_rate    | 0        |
| time/              |          |
|    episodes        | 148      |
|    fps             | 171      |
|    time_elapsed    | 172      |
|    total_timesteps | 29600    |
| train/             |          |
|    actor_loss      | -28.1    |
|    critic_loss     | 0.00974  |
|    ent_coef        | 0.00425  |
|    ent_coef_loss   | -7.44    |
|    learning_rate   | 0.0003   |
|    n_updates       | 19599    |
---------------------------------
---------------------------------
| rollout/           |          |
|    ep_len_mean     | 200      |
|    ep_rew_mean     | 26.5     |
|    success_rate    | 0        |
| time/              |          |
|    episodes        | 152      |
|    fps             | 170      |
|    time_elapsed    | 178      |
|    total_timesteps | 30400    |
| train/             |          |
|    actor_loss      | -27.5    |
|    critic_loss     | 0.00764  |
|    ent_coef        | 0.00354  |
|    ent_coef_loss   | -6.34    |
|    learning_rate   | 0.0003   |
|    n_updates       | 20399    |
---------------------------------
---------------------------------
| rollout/           |          |
|    ep_len_mean     | 200      |
|    ep_rew_mean     | 27.5     |
|    success_rate    | 0        |
| time/              |          |
|    episodes        | 156      |
|    fps             | 168      |
|    time_elapsed    | 184      |
|    total_timesteps | 31200    |
| train/             |          |
|    actor_loss      | -27.1    |
|    critic_loss     | 0.0119   |
|    ent_coef        | 0.00303  |
|    ent_coef_loss   | -5.9     |
|    learning_rate   | 0.0003   |
|    n_updates       | 21199    |
---------------------------------
---------------------------------
| rollout/           |          |
|    ep_len_mean     | 200      |
|    ep_rew_mean     | 28.7     |
|    success_rate    | 0        |
| time/              |          |
|    episodes        | 160      |
|    fps             | 167      |
|    time_elapsed    | 191      |
|    total_timesteps | 32000    |
| train/             |          |
|    actor_loss      | -26.9    |
|    critic_loss     | 0.00739  |
|    ent_coef        | 0.00268  |
|    ent_coef_loss   | -1.44    |
|    learning_rate   | 0.0003   |
|    n_updates       | 21999    |
---------------------------------
---------------------------------
| rollout/           |          |
|    ep_len_mean     | 200      |
|    ep_rew_mean     | 29.6     |
|    success_rate    | 0        |
| time/              |          |
|    episodes        | 164      |
|    fps             | 166      |
|    time_elapsed    | 197      |
|    total_timesteps | 32800    |
| train/             |          |
|    actor_loss      | -26.6    |
|    critic_loss     | 0.00769  |
|    ent_coef        | 0.00252  |
|    ent_coef_loss   | -0.218   |
|    learning_rate   | 0.0003   |
|    n_updates       | 22799    |
---------------------------------
---------------------------------
| rollout/           |          |
|    ep_len_mean     | 200      |
|    ep_rew_mean     | 30.4     |
|    success_rate    | 0        |
| time/              |          |
|    episodes        | 168      |
|    fps             | 164      |
|    time_elapsed    | 203      |
|    total_timesteps | 33600    |
| train/             |          |
|    actor_loss      | -26.2    |
|    critic_loss     | 0.00888  |
|    ent_coef        | 0.00249  |
|    ent_coef_loss   | 3.16     |
|    learning_rate   | 0.0003   |
|    n_updates       | 23599    |
---------------------------------
---------------------------------
| rollout/           |          |
|    ep_len_mean     | 200      |
|    ep_rew_mean     | 31.5     |
|    success_rate    | 0        |
| time/              |          |
|    episodes        | 172      |
|    fps             | 163      |
|    time_elapsed    | 210      |
|    total_timesteps | 34400    |
| train/             |          |
|    actor_loss      | -26      |
|    critic_loss     | 0.0154   |
|    ent_coef        | 0.00249  |
|    ent_coef_loss   | -0.126   |
|    learning_rate   | 0.0003   |
|    n_updates       | 24399    |
---------------------------------
---------------------------------
| rollout/           |          |
|    ep_len_mean     | 200      |
|    ep_rew_mean     | 32.3     |
|    success_rate    | 0        |
| time/              |          |
|    episodes        | 176      |
|    fps             | 162      |
|    time_elapsed    | 216      |
|    total_timesteps | 35200    |
| train/             |          |
|    actor_loss      | -25.7    |
|    critic_loss     | 0.00696  |
|    ent_coef        | 0.00254  |
|    ent_coef_loss   | -1.22    |
|    learning_rate   | 0.0003   |
|    n_updates       | 25199    |
---------------------------------
---------------------------------
| rollout/           |          |
|    ep_len_mean     | 200      |
|    ep_rew_mean     | 33       |
|    success_rate    | 0        |
| time/              |          |
|    episodes        | 180      |
|    fps             | 161      |
|    time_elapsed    | 223      |
|    total_timesteps | 36000    |
| train/             |          |
|    actor_loss      | -25.4    |
|    critic_loss     | 0.0126   |
|    ent_coef        | 0.00261  |
|    ent_coef_loss   | 2.33     |
|    learning_rate   | 0.0003   |
|    n_updates       | 25999    |
---------------------------------
---------------------------------
| rollout/           |          |
|    ep_len_mean     | 200      |
|    ep_rew_mean     | 33.8     |
|    success_rate    | 0        |
| time/              |          |
|    episodes        | 184      |
|    fps             | 160      |
|    time_elapsed    | 229      |
|    total_timesteps | 36800    |
| train/             |          |
|    actor_loss      | -25.2    |
|    critic_loss     | 0.0101   |
|    ent_coef        | 0.00261  |
|    ent_coef_loss   | 1.82     |
|    learning_rate   | 0.0003   |
|    n_updates       | 26799    |
---------------------------------
---------------------------------
| rollout/           |          |
|    ep_len_mean     | 200      |
|    ep_rew_mean     | 34.6     |
|    success_rate    | 0        |
| time/              |          |
|    episodes        | 188      |
|    fps             | 159      |
|    time_elapsed    | 235      |
|    total_timesteps | 37600    |
| train/             |          |
|    actor_loss      | -24.8    |
|    critic_loss     | 0.00863  |
|    ent_coef        | 0.00256  |
|    ent_coef_loss   | 1.8      |
|    learning_rate   | 0.0003   |
|    n_updates       | 27599    |
---------------------------------
---------------------------------
| rollout/           |          |
|    ep_len_mean     | 200      |
|    ep_rew_mean     | 35.2     |
|    success_rate    | 0        |
| time/              |          |
|    episodes        | 192      |
|    fps             | 158      |
|    time_elapsed    | 242      |
|    total_timesteps | 38400    |
| train/             |          |
|    actor_loss      | -24.6    |
|    critic_loss     | 0.00954  |
|    ent_coef        | 0.00266  |
|    ent_coef_loss   | 1.75     |
|    learning_rate   | 0.0003   |
|    n_updates       | 28399    |
---------------------------------
---------------------------------
| rollout/           |          |
|    ep_len_mean     | 200      |
|    ep_rew_mean     | 36       |
|    success_rate    | 0        |
| time/              |          |
|    episodes        | 196      |
|    fps             | 157      |
|    time_elapsed    | 248      |
|    total_timesteps | 39200    |
| train/             |          |
|    actor_loss      | -24.3    |
|    critic_loss     | 0.0106   |
|    ent_coef        | 0.00264  |
|    ent_coef_loss   | -0.0151  |
|    learning_rate   | 0.0003   |
|    n_updates       | 29199    |
---------------------------------
---------------------------------
| rollout/           |          |
|    ep_len_mean     | 200      |
|    ep_rew_mean     | 36.8     |
|    success_rate    | 0        |
| time/              |          |
|    episodes        | 200      |
|    fps             | 156      |
|    time_elapsed    | 255      |
|    total_timesteps | 40000    |
| train/             |          |
|    actor_loss      | -24.4    |
|    critic_loss     | 0.0103   |
|    ent_coef        | 0.00262  |
|    ent_coef_loss   | -3.02    |
|    learning_rate   | 0.0003   |
|    n_updates       | 29999    |
---------------------------------
---------------------------------
| rollout/           |          |
|    ep_len_mean     | 200      |
|    ep_rew_mean     | 37.7     |
|    success_rate    | 0        |
| time/              |          |
|    episodes        | 204      |
|    fps             | 156      |
|    time_elapsed    | 261      |
|    total_timesteps | 40800    |
| train/             |          |
|    actor_loss      | -24.5    |
|    critic_loss     | 0.00726  |
|    ent_coef        | 0.00269  |
|    ent_coef_loss   | -2.88    |
|    learning_rate   | 0.0003   |
|    n_updates       | 30799    |
---------------------------------
---------------------------------
| rollout/           |          |
|    ep_len_mean     | 200      |
|    ep_rew_mean     | 38.4     |
|    success_rate    | 0        |
| time/              |          |
|    episodes        | 208      |
|    fps             | 155      |
|    time_elapsed    | 267      |
|    total_timesteps | 41600    |
| train/             |          |
|    actor_loss      | -24.1    |
|    critic_loss     | 0.00516  |
|    ent_coef        | 0.00265  |
|    ent_coef_loss   | -0.888   |
|    learning_rate   | 0.0003   |
|    n_updates       | 31599    |
---------------------------------
---------------------------------
| rollout/           |          |
|    ep_len_mean     | 200      |
|    ep_rew_mean     | 39.2     |
|    success_rate    | 0        |
| time/              |          |
|    episodes        | 212      |
|    fps             | 154      |
|    time_elapsed    | 274      |
|    total_timesteps | 42400    |
| train/             |          |
|    actor_loss      | -23.8    |
|    critic_loss     | 0.013    |
|    ent_coef        | 0.00272  |
|    ent_coef_loss   | 0.399    |
|    learning_rate   | 0.0003   |
|    n_updates       | 32399    |
---------------------------------
---------------------------------
| rollout/           |          |
|    ep_len_mean     | 200      |
|    ep_rew_mean     | 40       |
|    success_rate    | 0        |
| time/              |          |
|    episodes        | 216      |
|    fps             | 153      |
|    time_elapsed    | 280      |
|    total_timesteps | 43200    |
| train/             |          |
|    actor_loss      | -23.9    |
|    critic_loss     | 0.00674  |
|    ent_coef        | 0.00272  |
|    ent_coef_loss   | -1.45    |
|    learning_rate   | 0.0003   |
|    n_updates       | 33199    |
---------------------------------
---------------------------------
| rollout/           |          |
|    ep_len_mean     | 200      |
|    ep_rew_mean     | 40.5     |
|    success_rate    | 0        |
| time/              |          |
|    episodes        | 220      |
|    fps             | 152      |
|    time_elapsed    | 287      |
|    total_timesteps | 44000    |
| train/             |          |
|    actor_loss      | -23.5    |
|    critic_loss     | 0.0138   |
|    ent_coef        | 0.0027   |
|    ent_coef_loss   | -0.618   |
|    learning_rate   | 0.0003   |
|    n_updates       | 33999    |
---------------------------------
---------------------------------
| rollout/           |          |
|    ep_len_mean     | 200      |
|    ep_rew_mean     | 41       |
|    success_rate    | 0        |
| time/              |          |
|    episodes        | 224      |
|    fps             | 152      |
|    time_elapsed    | 294      |
|    total_timesteps | 44800    |
| train/             |          |
|    actor_loss      | -23.4    |
|    critic_loss     | 0.0112   |
|    ent_coef        | 0.00273  |
|    ent_coef_loss   | 4.76     |
|    learning_rate   | 0.0003   |
|    n_updates       | 34799    |
---------------------------------
---------------------------------
| rollout/           |          |
|    ep_len_mean     | 200      |
|    ep_rew_mean     | 41.3     |
|    success_rate    | 0        |
| time/              |          |
|    episodes        | 228      |
|    fps             | 151      |
|    time_elapsed    | 301      |
|    total_timesteps | 45600    |
| train/             |          |
|    actor_loss      | -23.5    |
|    critic_loss     | 0.00513  |
|    ent_coef        | 0.00273  |
|    ent_coef_loss   | -0.237   |
|    learning_rate   | 0.0003   |
|    n_updates       | 35599    |
---------------------------------
---------------------------------
| rollout/           |          |
|    ep_len_mean     | 200      |
|    ep_rew_mean     | 41.5     |
|    success_rate    | 0        |
| time/              |          |
|    episodes        | 232      |
|    fps             | 150      |
|    time_elapsed    | 307      |
|    total_timesteps | 46400    |
| train/             |          |
|    actor_loss      | -23.7    |
|    critic_loss     | 0.00487  |
|    ent_coef        | 0.00264  |
|    ent_coef_loss   | -4.89    |
|    learning_rate   | 0.0003   |
|    n_updates       | 36399    |
---------------------------------
---------------------------------
| rollout/           |          |
|    ep_len_mean     | 200      |
|    ep_rew_mean     | 41.7     |
|    success_rate    | 0        |
| time/              |          |
|    episodes        | 236      |
|    fps             | 150      |
|    time_elapsed    | 314      |
|    total_timesteps | 47200    |
| train/             |          |
|    actor_loss      | -23.2    |
|    critic_loss     | 0.00574  |
|    ent_coef        | 0.0026   |
|    ent_coef_loss   | 2.31     |
|    learning_rate   | 0.0003   |
|    n_updates       | 37199    |
---------------------------------
---------------------------------
| rollout/           |          |
|    ep_len_mean     | 200      |
|    ep_rew_mean     | 41.9     |
|    success_rate    | 0        |
| time/              |          |
|    episodes        | 240      |
|    fps             | 149      |
|    time_elapsed    | 320      |
|    total_timesteps | 48000    |
| train/             |          |
|    actor_loss      | -23.2    |
|    critic_loss     | 0.0066   |
|    ent_coef        | 0.00243  |
|    ent_coef_loss   | -2.64    |
|    learning_rate   | 0.0003   |
|    n_updates       | 37999    |
---------------------------------
---------------------------------
| rollout/           |          |
|    ep_len_mean     | 200      |
|    ep_rew_mean     | 42.1     |
|    success_rate    | 0        |
| time/              |          |
|    episodes        | 244      |
|    fps             | 149      |
|    time_elapsed    | 327      |
|    total_timesteps | 48800    |
| train/             |          |
|    actor_loss      | -23.1    |
|    critic_loss     | 0.0102   |
|    ent_coef        | 0.00251  |
|    ent_coef_loss   | -1.12    |
|    learning_rate   | 0.0003   |
|    n_updates       | 38799    |
---------------------------------
---------------------------------
| rollout/           |          |
|    ep_len_mean     | 200      |
|    ep_rew_mean     | 42.3     |
|    success_rate    | 0        |
| time/              |          |
|    episodes        | 248      |
|    fps             | 148      |
|    time_elapsed    | 334      |
|    total_timesteps | 49600    |
| train/             |          |
|    actor_loss      | -23      |
|    critic_loss     | 0.00765  |
|    ent_coef        | 0.00243  |
|    ent_coef_loss   | -0.0644  |
|    learning_rate   | 0.0003   |
|    n_updates       | 39599    |
---------------------------------
Eval num_timesteps=50000, episode_reward=45.09 +/- 0.35
Episode length: 200.00 +/- 0.00
Success rate: 0.00%
---------------------------------
| eval/              |          |
|    mean_ep_length  | 200      |
|    mean_reward     | 45.1     |
|    success_rate    | 0        |
| time/              |          |
|    total_timesteps | 50000    |
| train/             |          |
|    actor_loss      | -23.2    |
|    critic_loss     | 0.00867  |
|    ent_coef        | 0.00244  |
|    ent_coef_loss   | -4.27    |
|    learning_rate   | 0.0003   |
|    n_updates       | 39999    |
---------------------------------
New best mean reward!
---------------------------------
| rollout/           |          |
|    ep_len_mean     | 200      |
|    ep_rew_mean     | 42.5     |
|    success_rate    | 0        |
| time/              |          |
|    episodes        | 252      |
|    fps             | 147      |
|    time_elapsed    | 341      |
|    total_timesteps | 50400    |
| train/             |          |
|    actor_loss      | -22.9    |
|    critic_loss     | 0.00557  |
|    ent_coef        | 0.00238  |
|    ent_coef_loss   | 0.556    |
|    learning_rate   | 0.0003   |
|    n_updates       | 40399    |
---------------------------------
---------------------------------
| rollout/           |          |
|    ep_len_mean     | 200      |
|    ep_rew_mean     | 42.6     |
|    success_rate    | 0        |
| time/              |          |
|    episodes        | 256      |
|    fps             | 147      |
|    time_elapsed    | 348      |
|    total_timesteps | 51200    |
| train/             |          |
|    actor_loss      | -23      |
|    critic_loss     | 0.0114   |
|    ent_coef        | 0.00231  |
|    ent_coef_loss   | -0.398   |
|    learning_rate   | 0.0003   |
|    n_updates       | 41199    |
---------------------------------
---------------------------------
| rollout/           |          |
|    ep_len_mean     | 200      |
|    ep_rew_mean     | 42.7     |
|    success_rate    | 0        |
| time/              |          |
|    episodes        | 260      |
|    fps             | 146      |
|    time_elapsed    | 354      |
|    total_timesteps | 52000    |
| train/             |          |
|    actor_loss      | -23.2    |
|    critic_loss     | 0.00687  |
|    ent_coef        | 0.00222  |
|    ent_coef_loss   | 0.17     |
|    learning_rate   | 0.0003   |
|    n_updates       | 41999    |
---------------------------------
---------------------------------
| rollout/           |          |
|    ep_len_mean     | 200      |
|    ep_rew_mean     | 42.8     |
|    success_rate    | 0        |
| time/              |          |
|    episodes        | 264      |
|    fps             | 146      |
|    time_elapsed    | 361      |
|    total_timesteps | 52800    |
| train/             |          |
|    actor_loss      | -22.8    |
|    critic_loss     | 0.0046   |
|    ent_coef        | 0.0022   |
|    ent_coef_loss   | 0.213    |
|    learning_rate   | 0.0003   |
|    n_updates       | 42799    |
---------------------------------
---------------------------------
| rollout/           |          |
|    ep_len_mean     | 200      |
|    ep_rew_mean     | 42.9     |
|    success_rate    | 0        |
| time/              |          |
|    episodes        | 268      |
|    fps             | 145      |
|    time_elapsed    | 367      |
|    total_timesteps | 53600    |
| train/             |          |
|    actor_loss      | -22.9    |
|    critic_loss     | 0.00444  |
|    ent_coef        | 0.00218  |
|    ent_coef_loss   | 2.56     |
|    learning_rate   | 0.0003   |
|    n_updates       | 43599    |
---------------------------------
---------------------------------
| rollout/           |          |
|    ep_len_mean     | 200      |
|    ep_rew_mean     | 43       |
|    success_rate    | 0        |
| time/              |          |
|    episodes        | 272      |
|    fps             | 145      |
|    time_elapsed    | 374      |
|    total_timesteps | 54400    |
| train/             |          |
|    actor_loss      | -22.6    |
|    critic_loss     | 0.00702  |
|    ent_coef        | 0.00226  |
|    ent_coef_loss   | 4.25     |
|    learning_rate   | 0.0003   |
|    n_updates       | 44399    |
---------------------------------
---------------------------------
| rollout/           |          |
|    ep_len_mean     | 200      |
|    ep_rew_mean     | 43       |
|    success_rate    | 0        |
| time/              |          |
|    episodes        | 276      |
|    fps             | 144      |
|    time_elapsed    | 380      |
|    total_timesteps | 55200    |
| train/             |          |
|    actor_loss      | -22.8    |
|    critic_loss     | 0.0109   |
|    ent_coef        | 0.00216  |
|    ent_coef_loss   | -1.44    |
|    learning_rate   | 0.0003   |
|    n_updates       | 45199    |
---------------------------------
---------------------------------
| rollout/           |          |
|    ep_len_mean     | 200      |
|    ep_rew_mean     | 43       |
|    success_rate    | 0        |
| time/              |          |
|    episodes        | 280      |
|    fps             | 144      |
|    time_elapsed    | 387      |
|    total_timesteps | 56000    |
| train/             |          |
|    actor_loss      | -22.6    |
|    critic_loss     | 0.0101   |
|    ent_coef        | 0.00221  |
|    ent_coef_loss   | -1.11    |
|    learning_rate   | 0.0003   |
|    n_updates       | 45999    |
---------------------------------
---------------------------------
| rollout/           |          |
|    ep_len_mean     | 200      |
|    ep_rew_mean     | 42.9     |
|    success_rate    | 0        |
| time/              |          |
|    episodes        | 284      |
|    fps             | 144      |
|    time_elapsed    | 393      |
|    total_timesteps | 56800    |
| train/             |          |
|    actor_loss      | -22.6    |
|    critic_loss     | 0.0055   |
|    ent_coef        | 0.00216  |
|    ent_coef_loss   | -1.33    |
|    learning_rate   | 0.0003   |
|    n_updates       | 46799    |
---------------------------------
---------------------------------
| rollout/           |          |
|    ep_len_mean     | 200      |
|    ep_rew_mean     | 42.9     |
|    success_rate    | 0        |
| time/              |          |
|    episodes        | 288      |
|    fps             | 143      |
|    time_elapsed    | 400      |
|    total_timesteps | 57600    |
| train/             |          |
|    actor_loss      | -22.6    |
|    critic_loss     | 0.0125   |
|    ent_coef        | 0.00205  |
|    ent_coef_loss   | -0.931   |
|    learning_rate   | 0.0003   |
|    n_updates       | 47599    |
---------------------------------
---------------------------------
| rollout/           |          |
|    ep_len_mean     | 200      |
|    ep_rew_mean     | 43       |
|    success_rate    | 0        |
| time/              |          |
|    episodes        | 292      |
|    fps             | 143      |
|    time_elapsed    | 406      |
|    total_timesteps | 58400    |
| train/             |          |
|    actor_loss      | -22.5    |
|    critic_loss     | 0.00823  |
|    ent_coef        | 0.00206  |
|    ent_coef_loss   | 1.46     |
|    learning_rate   | 0.0003   |
|    n_updates       | 48399    |
---------------------------------
---------------------------------
| rollout/           |          |
|    ep_len_mean     | 200      |
|    ep_rew_mean     | 43       |
|    success_rate    | 0        |
| time/              |          |
|    episodes        | 296      |
|    fps             | 143      |
|    time_elapsed    | 413      |
|    total_timesteps | 59200    |
| train/             |          |
|    actor_loss      | -22.5    |
|    critic_loss     | 0.0078   |
|    ent_coef        | 0.00219  |
|    ent_coef_loss   | 0.661    |
|    learning_rate   | 0.0003   |
|    n_updates       | 49199    |
---------------------------------
---------------------------------
| rollout/           |          |
|    ep_len_mean     | 200      |
|    ep_rew_mean     | 43       |
|    success_rate    | 0        |
| time/              |          |
|    episodes        | 300      |
|    fps             | 142      |
|    time_elapsed    | 419      |
|    total_timesteps | 60000    |
| train/             |          |
|    actor_loss      | -22.4    |
|    critic_loss     | 0.0129   |
|    ent_coef        | 0.00212  |
|    ent_coef_loss   | 5.13     |
|    learning_rate   | 0.0003   |
|    n_updates       | 49999    |
---------------------------------
---------------------------------
| rollout/           |          |
|    ep_len_mean     | 200      |
|    ep_rew_mean     | 43.1     |
|    success_rate    | 0        |
| time/              |          |
|    episodes        | 304      |
|    fps             | 142      |
|    time_elapsed    | 426      |
|    total_timesteps | 60800    |
| train/             |          |
|    actor_loss      | -22.5    |
|    critic_loss     | 0.0111   |
|    ent_coef        | 0.00217  |
|    ent_coef_loss   | 0.305    |
|    learning_rate   | 0.0003   |
|    n_updates       | 50799    |
---------------------------------
---------------------------------
| rollout/           |          |
|    ep_len_mean     | 200      |
|    ep_rew_mean     | 43.1     |
|    success_rate    | 0        |
| time/              |          |
|    episodes        | 308      |
|    fps             | 142      |
|    time_elapsed    | 432      |
|    total_timesteps | 61600    |
| train/             |          |
|    actor_loss      | -22.1    |
|    critic_loss     | 0.00542  |
|    ent_coef        | 0.00249  |
|    ent_coef_loss   | 5.28     |
|    learning_rate   | 0.0003   |
|    n_updates       | 51599    |
---------------------------------
---------------------------------
| rollout/           |          |
|    ep_len_mean     | 200      |
|    ep_rew_mean     | 43.1     |
|    success_rate    | 0        |
| time/              |          |
|    episodes        | 312      |
|    fps             | 141      |
|    time_elapsed    | 439      |
|    total_timesteps | 62400    |
| train/             |          |
|    actor_loss      | -22.3    |
|    critic_loss     | 0.00972  |
|    ent_coef        | 0.00294  |
|    ent_coef_loss   | 2        |
|    learning_rate   | 0.0003   |
|    n_updates       | 52399    |
---------------------------------
---------------------------------
| rollout/           |          |
|    ep_len_mean     | 200      |
|    ep_rew_mean     | 43       |
|    success_rate    | 0        |
| time/              |          |
|    episodes        | 316      |
|    fps             | 141      |
|    time_elapsed    | 446      |
|    total_timesteps | 63200    |
| train/             |          |
|    actor_loss      | -22.2    |
|    critic_loss     | 0.00917  |
|    ent_coef        | 0.003    |
|    ent_coef_loss   | -0.378   |
|    learning_rate   | 0.0003   |
|    n_updates       | 53199    |
---------------------------------
---------------------------------
| rollout/           |          |
|    ep_len_mean     | 200      |
|    ep_rew_mean     | 42.9     |
|    success_rate    | 0        |
| time/              |          |
|    episodes        | 320      |
|    fps             | 141      |
|    time_elapsed    | 452      |
|    total_timesteps | 64000    |
| train/             |          |
|    actor_loss      | -22.2    |
|    critic_loss     | 0.0144   |
|    ent_coef        | 0.00301  |
|    ent_coef_loss   | -0.396   |
|    learning_rate   | 0.0003   |
|    n_updates       | 53999    |
---------------------------------
---------------------------------
| rollout/           |          |
|    ep_len_mean     | 200      |
|    ep_rew_mean     | 42.9     |
|    success_rate    | 0        |
| time/              |          |
|    episodes        | 324      |
|    fps             | 140      |
|    time_elapsed    | 459      |
|    total_timesteps | 64800    |
| train/             |          |
|    actor_loss      | -22      |
|    critic_loss     | 0.0159   |
|    ent_coef        | 0.00261  |
|    ent_coef_loss   | 0.224    |
|    learning_rate   | 0.0003   |
|    n_updates       | 54799    |
---------------------------------
---------------------------------
| rollout/           |          |
|    ep_len_mean     | 200      |
|    ep_rew_mean     | 42.9     |
|    success_rate    | 0        |
| time/              |          |
|    episodes        | 328      |
|    fps             | 140      |
|    time_elapsed    | 466      |
|    total_timesteps | 65600    |
| train/             |          |
|    actor_loss      | -22.2    |
|    critic_loss     | 0.00901  |
|    ent_coef        | 0.00243  |
|    ent_coef_loss   | -3.63    |
|    learning_rate   | 0.0003   |
|    n_updates       | 55599    |
---------------------------------
---------------------------------
| rollout/           |          |
|    ep_len_mean     | 200      |
|    ep_rew_mean     | 43       |
|    success_rate    | 0        |
| time/              |          |
|    episodes        | 332      |
|    fps             | 140      |
|    time_elapsed    | 473      |
|    total_timesteps | 66400    |
| train/             |          |
|    actor_loss      | -22.2    |
|    critic_loss     | 0.018    |
|    ent_coef        | 0.00223  |
|    ent_coef_loss   | 0.295    |
|    learning_rate   | 0.0003   |
|    n_updates       | 56399    |
---------------------------------
---------------------------------
| rollout/           |          |
|    ep_len_mean     | 200      |
|    ep_rew_mean     | 43.1     |
|    success_rate    | 0        |
| time/              |          |
|    episodes        | 336      |
|    fps             | 139      |
|    time_elapsed    | 480      |
|    total_timesteps | 67200    |
| train/             |          |
|    actor_loss      | -22.1    |
|    critic_loss     | 0.00767  |
|    ent_coef        | 0.00218  |
|    ent_coef_loss   | -5.42    |
|    learning_rate   | 0.0003   |
|    n_updates       | 57199    |
---------------------------------
---------------------------------
| rollout/           |          |
|    ep_len_mean     | 200      |
|    ep_rew_mean     | 43.1     |
|    success_rate    | 0        |
| time/              |          |
|    episodes        | 340      |
|    fps             | 139      |
|    time_elapsed    | 486      |
|    total_timesteps | 68000    |
| train/             |          |
|    actor_loss      | -22.1    |
|    critic_loss     | 0.00813  |
|    ent_coef        | 0.00219  |
|    ent_coef_loss   | -2.34    |
|    learning_rate   | 0.0003   |
|    n_updates       | 57999    |
---------------------------------
---------------------------------
| rollout/           |          |
|    ep_len_mean     | 200      |
|    ep_rew_mean     | 43.2     |
|    success_rate    | 0        |
| time/              |          |
|    episodes        | 344      |
|    fps             | 139      |
|    time_elapsed    | 493      |
|    total_timesteps | 68800    |
| train/             |          |
|    actor_loss      | -21.9    |
|    critic_loss     | 0.00907  |
|    ent_coef        | 0.00236  |
|    ent_coef_loss   | -2.11    |
|    learning_rate   | 0.0003   |
|    n_updates       | 58799    |
---------------------------------
---------------------------------
| rollout/           |          |
|    ep_len_mean     | 200      |
|    ep_rew_mean     | 43.2     |
|    success_rate    | 0        |
| time/              |          |
|    episodes        | 348      |
|    fps             | 139      |
|    time_elapsed    | 500      |
|    total_timesteps | 69600    |
| train/             |          |
|    actor_loss      | -22.2    |
|    critic_loss     | 0.00407  |
|    ent_coef        | 0.00239  |
|    ent_coef_loss   | -2.6     |
|    learning_rate   | 0.0003   |
|    n_updates       | 59599    |
---------------------------------
---------------------------------
| rollout/           |          |
|    ep_len_mean     | 200      |
|    ep_rew_mean     | 43.3     |
|    success_rate    | 0        |
| time/              |          |
|    episodes        | 352      |
|    fps             | 138      |
|    time_elapsed    | 507      |
|    total_timesteps | 70400    |
| train/             |          |
|    actor_loss      | -22      |
|    critic_loss     | 0.00524  |
|    ent_coef        | 0.00253  |
|    ent_coef_loss   | 1.03     |
|    learning_rate   | 0.0003   |
|    n_updates       | 60399    |
---------------------------------
---------------------------------
| rollout/           |          |
|    ep_len_mean     | 200      |
|    ep_rew_mean     | 43.3     |
|    success_rate    | 0        |
| time/              |          |
|    episodes        | 356      |
|    fps             | 138      |
|    time_elapsed    | 514      |
|    total_timesteps | 71200    |
| train/             |          |
|    actor_loss      | -21.9    |
|    critic_loss     | 0.0191   |
|    ent_coef        | 0.00268  |
|    ent_coef_loss   | -2.15    |
|    learning_rate   | 0.0003   |
|    n_updates       | 61199    |
---------------------------------
---------------------------------
| rollout/           |          |
|    ep_len_mean     | 200      |
|    ep_rew_mean     | 43.4     |
|    success_rate    | 0        |
| time/              |          |
|    episodes        | 360      |
|    fps             | 138      |
|    time_elapsed    | 521      |
|    total_timesteps | 72000    |
| train/             |          |
|    actor_loss      | -21.9    |
|    critic_loss     | 0.00505  |
|    ent_coef        | 0.00245  |
|    ent_coef_loss   | -2.97    |
|    learning_rate   | 0.0003   |
|    n_updates       | 61999    |
---------------------------------
---------------------------------
| rollout/           |          |
|    ep_len_mean     | 200      |
|    ep_rew_mean     | 43.4     |
|    success_rate    | 0        |
| time/              |          |
|    episodes        | 364      |
|    fps             | 137      |
|    time_elapsed    | 528      |
|    total_timesteps | 72800    |
| train/             |          |
|    actor_loss      | -21.6    |
|    critic_loss     | 0.00864  |
|    ent_coef        | 0.00264  |
|    ent_coef_loss   | 2.9      |
|    learning_rate   | 0.0003   |
|    n_updates       | 62799    |
---------------------------------
---------------------------------
| rollout/           |          |
|    ep_len_mean     | 200      |
|    ep_rew_mean     | 43.5     |
|    success_rate    | 0        |
| time/              |          |
|    episodes        | 368      |
|    fps             | 137      |
|    time_elapsed    | 535      |
|    total_timesteps | 73600    |
| train/             |          |
|    actor_loss      | -22      |
|    critic_loss     | 0.00521  |
|    ent_coef        | 0.00278  |
|    ent_coef_loss   | -6.57    |
|    learning_rate   | 0.0003   |
|    n_updates       | 63599    |
---------------------------------
---------------------------------
| rollout/           |          |
|    ep_len_mean     | 200      |
|    ep_rew_mean     | 43.5     |
|    success_rate    | 0        |
| time/              |          |
|    episodes        | 372      |
|    fps             | 137      |
|    time_elapsed    | 542      |
|    total_timesteps | 74400    |
| train/             |          |
|    actor_loss      | -22      |
|    critic_loss     | 0.0125   |
|    ent_coef        | 0.00247  |
|    ent_coef_loss   | -3.27    |
|    learning_rate   | 0.0003   |
|    n_updates       | 64399    |
---------------------------------
Eval num_timesteps=75000, episode_reward=45.88 +/- 0.70
Episode length: 200.00 +/- 0.00
Success rate: 0.00%
---------------------------------
| eval/              |          |
|    mean_ep_length  | 200      |
|    mean_reward     | 45.9     |
|    success_rate    | 0        |
| time/              |          |
|    total_timesteps | 75000    |
| train/             |          |
|    actor_loss      | -22      |
|    critic_loss     | 0.00323  |
|    ent_coef        | 0.00244  |
|    ent_coef_loss   | -3.64    |
|    learning_rate   | 0.0003   |
|    n_updates       | 64999    |
---------------------------------
New best mean reward!
---------------------------------
| rollout/           |          |
|    ep_len_mean     | 200      |
|    ep_rew_mean     | 43.6     |
|    success_rate    | 0        |
| time/              |          |
|    episodes        | 376      |
|    fps             | 136      |
|    time_elapsed    | 550      |
|    total_timesteps | 75200    |
| train/             |          |
|    actor_loss      | -21.9    |
|    critic_loss     | 0.00492  |
|    ent_coef        | 0.00247  |
|    ent_coef_loss   | 4.48     |
|    learning_rate   | 0.0003   |
|    n_updates       | 65199    |
---------------------------------
---------------------------------
| rollout/           |          |
|    ep_len_mean     | 200      |
|    ep_rew_mean     | 43.6     |
|    success_rate    | 0        |
| time/              |          |
|    episodes        | 380      |
|    fps             | 136      |
|    time_elapsed    | 557      |
|    total_timesteps | 76000    |
| train/             |          |
|    actor_loss      | -22      |
|    critic_loss     | 0.00987  |
|    ent_coef        | 0.00265  |
|    ent_coef_loss   | 1.32     |
|    learning_rate   | 0.0003   |
|    n_updates       | 65999    |
---------------------------------
---------------------------------
| rollout/           |          |
|    ep_len_mean     | 200      |
|    ep_rew_mean     | 43.7     |
|    success_rate    | 0        |
| time/              |          |
|    episodes        | 384      |
|    fps             | 136      |
|    time_elapsed    | 564      |
|    total_timesteps | 76800    |
| train/             |          |
|    actor_loss      | -22.2    |
|    critic_loss     | 0.00433  |
|    ent_coef        | 0.0026   |
|    ent_coef_loss   | -0.951   |
|    learning_rate   | 0.0003   |
|    n_updates       | 66799    |
---------------------------------
---------------------------------
| rollout/           |          |
|    ep_len_mean     | 200      |
|    ep_rew_mean     | 43.8     |
|    success_rate    | 0        |
| time/              |          |
|    episodes        | 388      |
|    fps             | 135      |
|    time_elapsed    | 571      |
|    total_timesteps | 77600    |
| train/             |          |
|    actor_loss      | -21.9    |
|    critic_loss     | 0.0171   |
|    ent_coef        | 0.00257  |
|    ent_coef_loss   | 0.443    |
|    learning_rate   | 0.0003   |
|    n_updates       | 67599    |
---------------------------------
---------------------------------
| rollout/           |          |
|    ep_len_mean     | 200      |
|    ep_rew_mean     | 43.8     |
|    success_rate    | 0        |
| time/              |          |
|    episodes        | 392      |
|    fps             | 135      |
|    time_elapsed    | 578      |
|    total_timesteps | 78400    |
| train/             |          |
|    actor_loss      | -22      |
|    critic_loss     | 0.00456  |
|    ent_coef        | 0.00264  |
|    ent_coef_loss   | 2.42     |
|    learning_rate   | 0.0003   |
|    n_updates       | 68399    |
---------------------------------
---------------------------------
| rollout/           |          |
|    ep_len_mean     | 200      |
|    ep_rew_mean     | 43.8     |
|    success_rate    | 0        |
| time/              |          |
|    episodes        | 396      |
|    fps             | 135      |
|    time_elapsed    | 585      |
|    total_timesteps | 79200    |
| train/             |          |
|    actor_loss      | -21.8    |
|    critic_loss     | 0.0158   |
|    ent_coef        | 0.00252  |
|    ent_coef_loss   | 2.7      |
|    learning_rate   | 0.0003   |
|    n_updates       | 69199    |
---------------------------------
---------------------------------
| rollout/           |          |
|    ep_len_mean     | 200      |
|    ep_rew_mean     | 43.9     |
|    success_rate    | 0        |
| time/              |          |
|    episodes        | 400      |
|    fps             | 134      |
|    time_elapsed    | 592      |
|    total_timesteps | 80000    |
| train/             |          |
|    actor_loss      | -22.1    |
|    critic_loss     | 0.00663  |
|    ent_coef        | 0.00259  |
|    ent_coef_loss   | -0.453   |
|    learning_rate   | 0.0003   |
|    n_updates       | 69999    |
---------------------------------
---------------------------------
| rollout/           |          |
|    ep_len_mean     | 200      |
|    ep_rew_mean     | 44       |
|    success_rate    | 0        |
| time/              |          |
|    episodes        | 404      |
|    fps             | 134      |
|    time_elapsed    | 599      |
|    total_timesteps | 80800    |
| train/             |          |
|    actor_loss      | -21.9    |
|    critic_loss     | 0.0205   |
|    ent_coef        | 0.00251  |
|    ent_coef_loss   | -1.09    |
|    learning_rate   | 0.0003   |
|    n_updates       | 70799    |
---------------------------------
---------------------------------
| rollout/           |          |
|    ep_len_mean     | 200      |
|    ep_rew_mean     | 44       |
|    success_rate    | 0        |
| time/              |          |
|    episodes        | 408      |
|    fps             | 134      |
|    time_elapsed    | 606      |
|    total_timesteps | 81600    |
| train/             |          |
|    actor_loss      | -22.1    |
|    critic_loss     | 0.0113   |
|    ent_coef        | 0.00246  |
|    ent_coef_loss   | -2.59    |
|    learning_rate   | 0.0003   |
|    n_updates       | 71599    |
---------------------------------
---------------------------------
| rollout/           |          |
|    ep_len_mean     | 200      |
|    ep_rew_mean     | 44       |
|    success_rate    | 0        |
| time/              |          |
|    episodes        | 412      |
|    fps             | 134      |
|    time_elapsed    | 613      |
|    total_timesteps | 82400    |
| train/             |          |
|    actor_loss      | -22.1    |
|    critic_loss     | 0.00453  |
|    ent_coef        | 0.00268  |
|    ent_coef_loss   | -1.55    |
|    learning_rate   | 0.0003   |
|    n_updates       | 72399    |
---------------------------------
---------------------------------
| rollout/           |          |
|    ep_len_mean     | 200      |
|    ep_rew_mean     | 44.1     |
|    success_rate    | 0        |
| time/              |          |
|    episodes        | 416      |
|    fps             | 134      |
|    time_elapsed    | 620      |
|    total_timesteps | 83200    |
| train/             |          |
|    actor_loss      | -21.9    |
|    critic_loss     | 0.00602  |
|    ent_coef        | 0.00283  |
|    ent_coef_loss   | 2.94     |
|    learning_rate   | 0.0003   |
|    n_updates       | 73199    |
---------------------------------
---------------------------------
| rollout/           |          |
|    ep_len_mean     | 200      |
|    ep_rew_mean     | 44.1     |
|    success_rate    | 0        |
| time/              |          |
|    episodes        | 420      |
|    fps             | 133      |
|    time_elapsed    | 627      |
|    total_timesteps | 84000    |
| train/             |          |
|    actor_loss      | -22.1    |
|    critic_loss     | 0.00714  |
|    ent_coef        | 0.0028   |
|    ent_coef_loss   | -5.66    |
|    learning_rate   | 0.0003   |
|    n_updates       | 73999    |
---------------------------------
---------------------------------
| rollout/           |          |
|    ep_len_mean     | 200      |
|    ep_rew_mean     | 44       |
|    success_rate    | 0        |
| time/              |          |
|    episodes        | 424      |
|    fps             | 133      |
|    time_elapsed    | 634      |
|    total_timesteps | 84800    |
| train/             |          |
|    actor_loss      | -22.1    |
|    critic_loss     | 0.0169   |
|    ent_coef        | 0.00249  |
|    ent_coef_loss   | -5.92    |
|    learning_rate   | 0.0003   |
|    n_updates       | 74799    |
---------------------------------
---------------------------------
| rollout/           |          |
|    ep_len_mean     | 200      |
|    ep_rew_mean     | 44       |
|    success_rate    | 0        |
| time/              |          |
|    episodes        | 428      |
|    fps             | 133      |
|    time_elapsed    | 641      |
|    total_timesteps | 85600    |
| train/             |          |
|    actor_loss      | -22      |
|    critic_loss     | 0.0101   |
|    ent_coef        | 0.00232  |
|    ent_coef_loss   | 0.185    |
|    learning_rate   | 0.0003   |
|    n_updates       | 75599    |
---------------------------------
---------------------------------
| rollout/           |          |
|    ep_len_mean     | 200      |
|    ep_rew_mean     | 43.9     |
|    success_rate    | 0        |
| time/              |          |
|    episodes        | 432      |
|    fps             | 133      |
|    time_elapsed    | 648      |
|    total_timesteps | 86400    |
| train/             |          |
|    actor_loss      | -22.2    |
|    critic_loss     | 0.0179   |
|    ent_coef        | 0.00258  |
|    ent_coef_loss   | -1.24    |
|    learning_rate   | 0.0003   |
|    n_updates       | 76399    |
---------------------------------
---------------------------------
| rollout/           |          |
|    ep_len_mean     | 200      |
|    ep_rew_mean     | 43.8     |
|    success_rate    | 0        |
| time/              |          |
|    episodes        | 436      |
|    fps             | 133      |
|    time_elapsed    | 655      |
|    total_timesteps | 87200    |
| train/             |          |
|    actor_loss      | -22      |
|    critic_loss     | 0.00996  |
|    ent_coef        | 0.00231  |
|    ent_coef_loss   | -0.114   |
|    learning_rate   | 0.0003   |
|    n_updates       | 77199    |
---------------------------------
---------------------------------
| rollout/           |          |
|    ep_len_mean     | 200      |
|    ep_rew_mean     | 43.9     |
|    success_rate    | 0        |
| time/              |          |
|    episodes        | 440      |
|    fps             | 132      |
|    time_elapsed    | 662      |
|    total_timesteps | 88000    |
| train/             |          |
|    actor_loss      | -22.1    |
|    critic_loss     | 0.00697  |
|    ent_coef        | 0.00237  |
|    ent_coef_loss   | 0.427    |
|    learning_rate   | 0.0003   |
|    n_updates       | 77999    |
---------------------------------
---------------------------------
| rollout/           |          |
|    ep_len_mean     | 200      |
|    ep_rew_mean     | 43.8     |
|    success_rate    | 0        |
| time/              |          |
|    episodes        | 444      |
|    fps             | 132      |
|    time_elapsed    | 669      |
|    total_timesteps | 88800    |
| train/             |          |
|    actor_loss      | -22      |
|    critic_loss     | 0.00839  |
|    ent_coef        | 0.00246  |
|    ent_coef_loss   | 2.07     |
|    learning_rate   | 0.0003   |
|    n_updates       | 78799    |
---------------------------------
---------------------------------
| rollout/           |          |
|    ep_len_mean     | 200      |
|    ep_rew_mean     | 43.7     |
|    success_rate    | 0        |
| time/              |          |
|    episodes        | 448      |
|    fps             | 132      |
|    time_elapsed    | 676      |
|    total_timesteps | 89600    |
| train/             |          |
|    actor_loss      | -21.9    |
|    critic_loss     | 0.00737  |
|    ent_coef        | 0.00223  |
|    ent_coef_loss   | 2.18     |
|    learning_rate   | 0.0003   |
|    n_updates       | 79599    |
---------------------------------
---------------------------------
| rollout/           |          |
|    ep_len_mean     | 200      |
|    ep_rew_mean     | 43.6     |
|    success_rate    | 0        |
| time/              |          |
|    episodes        | 452      |
|    fps             | 132      |
|    time_elapsed    | 683      |
|    total_timesteps | 90400    |
| train/             |          |
|    actor_loss      | -21.9    |
|    critic_loss     | 0.02     |
|    ent_coef        | 0.00218  |
|    ent_coef_loss   | 3.61     |
|    learning_rate   | 0.0003   |
|    n_updates       | 80399    |
---------------------------------
---------------------------------
| rollout/           |          |
|    ep_len_mean     | 200      |
|    ep_rew_mean     | 43.5     |
|    success_rate    | 0        |
| time/              |          |
|    episodes        | 456      |
|    fps             | 132      |
|    time_elapsed    | 690      |
|    total_timesteps | 91200    |
| train/             |          |
|    actor_loss      | -22      |
|    critic_loss     | 0.00715  |
|    ent_coef        | 0.00224  |
|    ent_coef_loss   | 1.64     |
|    learning_rate   | 0.0003   |
|    n_updates       | 81199    |
---------------------------------
---------------------------------
| rollout/           |          |
|    ep_len_mean     | 200      |
|    ep_rew_mean     | 43.5     |
|    success_rate    | 0        |
| time/              |          |
|    episodes        | 460      |
|    fps             | 131      |
|    time_elapsed    | 697      |
|    total_timesteps | 92000    |
| train/             |          |
|    actor_loss      | -21.9    |
|    critic_loss     | 0.00844  |
|    ent_coef        | 0.00214  |
|    ent_coef_loss   | 1.68     |
|    learning_rate   | 0.0003   |
|    n_updates       | 81999    |
---------------------------------
---------------------------------
| rollout/           |          |
|    ep_len_mean     | 200      |
|    ep_rew_mean     | 43.8     |
|    success_rate    | 0        |
| time/              |          |
|    episodes        | 464      |
|    fps             | 131      |
|    time_elapsed    | 704      |
|    total_timesteps | 92800    |
| train/             |          |
|    actor_loss      | -22.1    |
|    critic_loss     | 0.00511  |
|    ent_coef        | 0.00211  |
|    ent_coef_loss   | 3.61     |
|    learning_rate   | 0.0003   |
|    n_updates       | 82799    |
---------------------------------
---------------------------------
| rollout/           |          |
|    ep_len_mean     | 200      |
|    ep_rew_mean     | 43.9     |
|    success_rate    | 0        |
| time/              |          |
|    episodes        | 468      |
|    fps             | 131      |
|    time_elapsed    | 712      |
|    total_timesteps | 93600    |
| train/             |          |
|    actor_loss      | -22.1    |
|    critic_loss     | 0.00552  |
|    ent_coef        | 0.00239  |
|    ent_coef_loss   | 2.69     |
|    learning_rate   | 0.0003   |
|    n_updates       | 83599    |
---------------------------------
---------------------------------
| rollout/           |          |
|    ep_len_mean     | 200      |
|    ep_rew_mean     | 43.9     |
|    success_rate    | 0        |
| time/              |          |
|    episodes        | 472      |
|    fps             | 131      |
|    time_elapsed    | 719      |
|    total_timesteps | 94400    |
| train/             |          |
|    actor_loss      | -22      |
|    critic_loss     | 0.00416  |
|    ent_coef        | 0.00253  |
|    ent_coef_loss   | -4.37    |
|    learning_rate   | 0.0003   |
|    n_updates       | 84399    |
---------------------------------
---------------------------------
| rollout/           |          |
|    ep_len_mean     | 200      |
|    ep_rew_mean     | 43.9     |
|    success_rate    | 0        |
| time/              |          |
|    episodes        | 476      |
|    fps             | 131      |
|    time_elapsed    | 726      |
|    total_timesteps | 95200    |
| train/             |          |
|    actor_loss      | -22.2    |
|    critic_loss     | 0.00335  |
|    ent_coef        | 0.00278  |
|    ent_coef_loss   | -3.05    |
|    learning_rate   | 0.0003   |
|    n_updates       | 85199    |
---------------------------------
---------------------------------
| rollout/           |          |
|    ep_len_mean     | 200      |
|    ep_rew_mean     | 43.9     |
|    success_rate    | 0        |
| time/              |          |
|    episodes        | 480      |
|    fps             | 130      |
|    time_elapsed    | 733      |
|    total_timesteps | 96000    |
| train/             |          |
|    actor_loss      | -22.1    |
|    critic_loss     | 0.00637  |
|    ent_coef        | 0.00278  |
|    ent_coef_loss   | -7.94    |
|    learning_rate   | 0.0003   |
|    n_updates       | 85999    |
---------------------------------
---------------------------------
| rollout/           |          |
|    ep_len_mean     | 200      |
|    ep_rew_mean     | 43.9     |
|    success_rate    | 0        |
| time/              |          |
|    episodes        | 484      |
|    fps             | 130      |
|    time_elapsed    | 740      |
|    total_timesteps | 96800    |
| train/             |          |
|    actor_loss      | -22.2    |
|    critic_loss     | 0.00386  |
|    ent_coef        | 0.00268  |
|    ent_coef_loss   | -4.13    |
|    learning_rate   | 0.0003   |
|    n_updates       | 86799    |
---------------------------------
---------------------------------
| rollout/           |          |
|    ep_len_mean     | 200      |
|    ep_rew_mean     | 43.8     |
|    success_rate    | 0        |
| time/              |          |
|    episodes        | 488      |
|    fps             | 130      |
|    time_elapsed    | 747      |
|    total_timesteps | 97600    |
| train/             |          |
|    actor_loss      | -22      |
|    critic_loss     | 0.0173   |
|    ent_coef        | 0.00284  |
|    ent_coef_loss   | -6.41    |
|    learning_rate   | 0.0003   |
|    n_updates       | 87599    |
---------------------------------
---------------------------------
| rollout/           |          |
|    ep_len_mean     | 200      |
|    ep_rew_mean     | 43.8     |
|    success_rate    | 0        |
| time/              |          |
|    episodes        | 492      |
|    fps             | 130      |
|    time_elapsed    | 754      |
|    total_timesteps | 98400    |
| train/             |          |
|    actor_loss      | -22      |
|    critic_loss     | 0.0189   |
|    ent_coef        | 0.00304  |
|    ent_coef_loss   | 5.28     |
|    learning_rate   | 0.0003   |
|    n_updates       | 88399    |
---------------------------------
---------------------------------
| rollout/           |          |
|    ep_len_mean     | 200      |
|    ep_rew_mean     | 43.6     |
|    success_rate    | 0        |
| time/              |          |
|    episodes        | 496      |
|    fps             | 130      |
|    time_elapsed    | 761      |
|    total_timesteps | 99200    |
| train/             |          |
|    actor_loss      | -22.2    |
|    critic_loss     | 0.00497  |
|    ent_coef        | 0.00311  |
|    ent_coef_loss   | 0.613    |
|    learning_rate   | 0.0003   |
|    n_updates       | 89199    |
---------------------------------
Eval num_timesteps=100000, episode_reward=43.52 +/- 1.96
Episode length: 200.00 +/- 0.00
Success rate: 0.00%
---------------------------------
| eval/              |          |
|    mean_ep_length  | 200      |
|    mean_reward     | 43.5     |
|    success_rate    | 0        |
| time/              |          |
|    total_timesteps | 100000   |
| train/             |          |
|    actor_loss      | -22.2    |
|    critic_loss     | 0.00422  |
|    ent_coef        | 0.00327  |
|    ent_coef_loss   | -1.63    |
|    learning_rate   | 0.0003   |
|    n_updates       | 89999    |
---------------------------------
---------------------------------
| rollout/           |          |
|    ep_len_mean     | 200      |
|    ep_rew_mean     | 43.6     |
|    success_rate    | 0        |
| time/              |          |
|    episodes        | 500      |
|    fps             | 129      |
|    time_elapsed    | 770      |
|    total_timesteps | 100000   |
---------------------------------
---------------------------------
| rollout/           |          |
|    ep_len_mean     | 200      |
|    ep_rew_mean     | 43.5     |
|    success_rate    | 0        |
| time/              |          |
|    episodes        | 504      |
|    fps             | 129      |
|    time_elapsed    | 777      |
|    total_timesteps | 100800   |
| train/             |          |
|    actor_loss      | -22.2    |
|    critic_loss     | 0.0223   |
|    ent_coef        | 0.0037   |
|    ent_coef_loss   | 8.67     |
|    learning_rate   | 0.0003   |
|    n_updates       | 90799    |
---------------------------------
---------------------------------
| rollout/           |          |
|    ep_len_mean     | 200      |
|    ep_rew_mean     | 43.4     |
|    success_rate    | 0        |
| time/              |          |
|    episodes        | 508      |
|    fps             | 129      |
|    time_elapsed    | 784      |
|    total_timesteps | 101600   |
| train/             |          |
|    actor_loss      | -22.1    |
|    critic_loss     | 0.0486   |
|    ent_coef        | 0.00427  |
|    ent_coef_loss   | 2.18     |
|    learning_rate   | 0.0003   |
|    n_updates       | 91599    |
---------------------------------
---------------------------------
| rollout/           |          |
|    ep_len_mean     | 200      |
|    ep_rew_mean     | 43.3     |
|    success_rate    | 0        |
| time/              |          |
|    episodes        | 512      |
|    fps             | 129      |
|    time_elapsed    | 791      |
|    total_timesteps | 102400   |
| train/             |          |
|    actor_loss      | -22.3    |
|    critic_loss     | 0.00883  |
|    ent_coef        | 0.00384  |
|    ent_coef_loss   | 1.37     |
|    learning_rate   | 0.0003   |
|    n_updates       | 92399    |
---------------------------------
---------------------------------
| rollout/           |          |
|    ep_len_mean     | 200      |
|    ep_rew_mean     | 43.3     |
|    success_rate    | 0        |
| time/              |          |
|    episodes        | 516      |
|    fps             | 129      |
|    time_elapsed    | 798      |
|    total_timesteps | 103200   |
| train/             |          |
|    actor_loss      | -22.3    |
|    critic_loss     | 0.00551  |
|    ent_coef        | 0.00376  |
|    ent_coef_loss   | 2.74     |
|    learning_rate   | 0.0003   |
|    n_updates       | 93199    |
---------------------------------
---------------------------------
| rollout/           |          |
|    ep_len_mean     | 200      |
|    ep_rew_mean     | 43.4     |
|    success_rate    | 0        |
| time/              |          |
|    episodes        | 520      |
|    fps             | 129      |
|    time_elapsed    | 805      |
|    total_timesteps | 104000   |
| train/             |          |
|    actor_loss      | -22.2    |
|    critic_loss     | 0.00422  |
|    ent_coef        | 0.00416  |
|    ent_coef_loss   | 12.1     |
|    learning_rate   | 0.0003   |
|    n_updates       | 93999    |
---------------------------------
---------------------------------
| rollout/           |          |
|    ep_len_mean     | 200      |
|    ep_rew_mean     | 43.4     |
|    success_rate    | 0        |
| time/              |          |
|    episodes        | 524      |
|    fps             | 128      |
|    time_elapsed    | 812      |
|    total_timesteps | 104800   |
| train/             |          |
|    actor_loss      | -22.3    |
|    critic_loss     | 0.00969  |
|    ent_coef        | 0.00434  |
|    ent_coef_loss   | 4.05     |
|    learning_rate   | 0.0003   |
|    n_updates       | 94799    |
---------------------------------
---------------------------------
| rollout/           |          |
|    ep_len_mean     | 200      |
|    ep_rew_mean     | 43.3     |
|    success_rate    | 0        |
| time/              |          |
|    episodes        | 528      |
|    fps             | 128      |
|    time_elapsed    | 820      |
|    total_timesteps | 105600   |
| train/             |          |
|    actor_loss      | -22.4    |
|    critic_loss     | 0.0121   |
|    ent_coef        | 0.00406  |
|    ent_coef_loss   | -15.2    |
|    learning_rate   | 0.0003   |
|    n_updates       | 95599    |
---------------------------------
---------------------------------
| rollout/           |          |
|    ep_len_mean     | 200      |
|    ep_rew_mean     | 43.3     |
|    success_rate    | 0        |
| time/              |          |
|    episodes        | 532      |
|    fps             | 128      |
|    time_elapsed    | 827      |
|    total_timesteps | 106400   |
| train/             |          |
|    actor_loss      | -22.4    |
|    critic_loss     | 0.0492   |
|    ent_coef        | 0.00385  |
|    ent_coef_loss   | 7.53     |
|    learning_rate   | 0.0003   |
|    n_updates       | 96399    |
---------------------------------
---------------------------------
| rollout/           |          |
|    ep_len_mean     | 200      |
|    ep_rew_mean     | 43.5     |
|    success_rate    | 0        |
| time/              |          |
|    episodes        | 536      |
|    fps             | 128      |
|    time_elapsed    | 834      |
|    total_timesteps | 107200   |
| train/             |          |
|    actor_loss      | -22.2    |
|    critic_loss     | 0.0435   |
|    ent_coef        | 0.00405  |
|    ent_coef_loss   | -1.97    |
|    learning_rate   | 0.0003   |
|    n_updates       | 97199    |
---------------------------------
---------------------------------
| rollout/           |          |
|    ep_len_mean     | 200      |
|    ep_rew_mean     | 43.5     |
|    success_rate    | 0        |
| time/              |          |
|    episodes        | 540      |
|    fps             | 128      |
|    time_elapsed    | 841      |
|    total_timesteps | 108000   |
| train/             |          |
|    actor_loss      | -22.4    |
|    critic_loss     | 0.0189   |
|    ent_coef        | 0.00379  |
|    ent_coef_loss   | -0.76    |
|    learning_rate   | 0.0003   |
|    n_updates       | 97999    |
---------------------------------
---------------------------------
| rollout/           |          |
|    ep_len_mean     | 200      |
|    ep_rew_mean     | 43.7     |
|    success_rate    | 0        |
| time/              |          |
|    episodes        | 544      |
|    fps             | 128      |
|    time_elapsed    | 848      |
|    total_timesteps | 108800   |
| train/             |          |
|    actor_loss      | -22.5    |
|    critic_loss     | 0.00764  |
|    ent_coef        | 0.00401  |
|    ent_coef_loss   | -3.99    |
|    learning_rate   | 0.0003   |
|    n_updates       | 98799    |
---------------------------------
---------------------------------
| rollout/           |          |
|    ep_len_mean     | 200      |
|    ep_rew_mean     | 44       |
|    success_rate    | 0        |
| time/              |          |
|    episodes        | 548      |
|    fps             | 128      |
|    time_elapsed    | 855      |
|    total_timesteps | 109600   |
| train/             |          |
|    actor_loss      | -22.4    |
|    critic_loss     | 0.033    |
|    ent_coef        | 0.00444  |
|    ent_coef_loss   | -1.31    |
|    learning_rate   | 0.0003   |
|    n_updates       | 99599    |
---------------------------------
---------------------------------
| rollout/           |          |
|    ep_len_mean     | 200      |
|    ep_rew_mean     | 44.4     |
|    success_rate    | 0        |
| time/              |          |
|    episodes        | 552      |
|    fps             | 128      |
|    time_elapsed    | 862      |
|    total_timesteps | 110400   |
| train/             |          |
|    actor_loss      | -22.7    |
|    critic_loss     | 0.0177   |
|    ent_coef        | 0.00419  |
|    ent_coef_loss   | 1.43     |
|    learning_rate   | 0.0003   |
|    n_updates       | 100399   |
---------------------------------
---------------------------------
| rollout/           |          |
|    ep_len_mean     | 200      |
|    ep_rew_mean     | 44.6     |
|    success_rate    | 0        |
| time/              |          |
|    episodes        | 556      |
|    fps             | 127      |
|    time_elapsed    | 869      |
|    total_timesteps | 111200   |
| train/             |          |
|    actor_loss      | -22.7    |
|    critic_loss     | 0.0128   |
|    ent_coef        | 0.00384  |
|    ent_coef_loss   | -3.99    |
|    learning_rate   | 0.0003   |
|    n_updates       | 101199   |
---------------------------------
---------------------------------
| rollout/           |          |
|    ep_len_mean     | 200      |
|    ep_rew_mean     | 44.7     |
|    success_rate    | 0        |
| time/              |          |
|    episodes        | 560      |
|    fps             | 127      |
|    time_elapsed    | 876      |
|    total_timesteps | 112000   |
| train/             |          |
|    actor_loss      | -22.7    |
|    critic_loss     | 0.0213   |
|    ent_coef        | 0.00365  |
|    ent_coef_loss   | -0.806   |
|    learning_rate   | 0.0003   |
|    n_updates       | 101999   |
---------------------------------
---------------------------------
| rollout/           |          |
|    ep_len_mean     | 200      |
|    ep_rew_mean     | 44.8     |
|    success_rate    | 0        |
| time/              |          |
|    episodes        | 564      |
|    fps             | 127      |
|    time_elapsed    | 883      |
|    total_timesteps | 112800   |
| train/             |          |
|    actor_loss      | -22.9    |
|    critic_loss     | 0.022    |
|    ent_coef        | 0.00389  |
|    ent_coef_loss   | 0.2      |
|    learning_rate   | 0.0003   |
|    n_updates       | 102799   |
---------------------------------
---------------------------------
| rollout/           |          |
|    ep_len_mean     | 200      |
|    ep_rew_mean     | 45.1     |
|    success_rate    | 0        |
| time/              |          |
|    episodes        | 568      |
|    fps             | 127      |
|    time_elapsed    | 891      |
|    total_timesteps | 113600   |
| train/             |          |
|    actor_loss      | -22.8    |
|    critic_loss     | 0.00621  |
|    ent_coef        | 0.00365  |
|    ent_coef_loss   | 1.99     |
|    learning_rate   | 0.0003   |
|    n_updates       | 103599   |
---------------------------------
---------------------------------
| rollout/           |          |
|    ep_len_mean     | 200      |
|    ep_rew_mean     | 45.6     |
|    success_rate    | 0        |
| time/              |          |
|    episodes        | 572      |
|    fps             | 127      |
|    time_elapsed    | 898      |
|    total_timesteps | 114400   |
| train/             |          |
|    actor_loss      | -22.8    |
|    critic_loss     | 0.0123   |
|    ent_coef        | 0.00404  |
|    ent_coef_loss   | 0.391    |
|    learning_rate   | 0.0003   |
|    n_updates       | 104399   |
---------------------------------
---------------------------------
| rollout/           |          |
|    ep_len_mean     | 200      |
|    ep_rew_mean     | 46.1     |
|    success_rate    | 0        |
| time/              |          |
|    episodes        | 576      |
|    fps             | 127      |
|    time_elapsed    | 905      |
|    total_timesteps | 115200   |
| train/             |          |
|    actor_loss      | -22.9    |
|    critic_loss     | 0.00864  |
|    ent_coef        | 0.00428  |
|    ent_coef_loss   | -3.27    |
|    learning_rate   | 0.0003   |
|    n_updates       | 105199   |
---------------------------------
---------------------------------
| rollout/           |          |
|    ep_len_mean     | 200      |
|    ep_rew_mean     | 46.2     |
|    success_rate    | 0        |
| time/              |          |
|    episodes        | 580      |
|    fps             | 127      |
|    time_elapsed    | 912      |
|    total_timesteps | 116000   |
| train/             |          |
|    actor_loss      | -22.9    |
|    critic_loss     | 0.0491   |
|    ent_coef        | 0.00423  |
|    ent_coef_loss   | 2.79     |
|    learning_rate   | 0.0003   |
|    n_updates       | 105999   |
---------------------------------
---------------------------------
| rollout/           |          |
|    ep_len_mean     | 200      |
|    ep_rew_mean     | 46       |
|    success_rate    | 0        |
| time/              |          |
|    episodes        | 584      |
|    fps             | 127      |
|    time_elapsed    | 919      |
|    total_timesteps | 116800   |
| train/             |          |
|    actor_loss      | -22.8    |
|    critic_loss     | 0.0166   |
|    ent_coef        | 0.00419  |
|    ent_coef_loss   | -6.34    |
|    learning_rate   | 0.0003   |
|    n_updates       | 106799   |
---------------------------------
---------------------------------
| rollout/           |          |
|    ep_len_mean     | 200      |
|    ep_rew_mean     | 46.2     |
|    success_rate    | 0        |
| time/              |          |
|    episodes        | 588      |
|    fps             | 126      |
|    time_elapsed    | 926      |
|    total_timesteps | 117600   |
| train/             |          |
|    actor_loss      | -22.9    |
|    critic_loss     | 0.0194   |
|    ent_coef        | 0.00467  |
|    ent_coef_loss   | 2.96     |
|    learning_rate   | 0.0003   |
|    n_updates       | 107599   |
---------------------------------
---------------------------------
| rollout/           |          |
|    ep_len_mean     | 200      |
|    ep_rew_mean     | 46.5     |
|    success_rate    | 0        |
| time/              |          |
|    episodes        | 592      |
|    fps             | 126      |
|    time_elapsed    | 933      |
|    total_timesteps | 118400   |
| train/             |          |
|    actor_loss      | -22.7    |
|    critic_loss     | 0.0175   |
|    ent_coef        | 0.00439  |
|    ent_coef_loss   | 7.43     |
|    learning_rate   | 0.0003   |
|    n_updates       | 108399   |
---------------------------------
---------------------------------
| rollout/           |          |
|    ep_len_mean     | 200      |
|    ep_rew_mean     | 47.2     |
|    success_rate    | 0        |
| time/              |          |
|    episodes        | 596      |
|    fps             | 126      |
|    time_elapsed    | 941      |
|    total_timesteps | 119200   |
| train/             |          |
|    actor_loss      | -23      |
|    critic_loss     | 0.00753  |
|    ent_coef        | 0.00433  |
|    ent_coef_loss   | 2.76     |
|    learning_rate   | 0.0003   |
|    n_updates       | 109199   |
---------------------------------
---------------------------------
| rollout/           |          |
|    ep_len_mean     | 200      |
|    ep_rew_mean     | 47.3     |
|    success_rate    | 0        |
| time/              |          |
|    episodes        | 600      |
|    fps             | 126      |
|    time_elapsed    | 948      |
|    total_timesteps | 120000   |
| train/             |          |
|    actor_loss      | -23      |
|    critic_loss     | 0.0139   |
|    ent_coef        | 0.00474  |
|    ent_coef_loss   | -0.592   |
|    learning_rate   | 0.0003   |
|    n_updates       | 109999   |
---------------------------------
---------------------------------
| rollout/           |          |
|    ep_len_mean     | 200      |
|    ep_rew_mean     | 47.7     |
|    success_rate    | 0        |
| time/              |          |
|    episodes        | 604      |
|    fps             | 126      |
|    time_elapsed    | 955      |
|    total_timesteps | 120800   |
| train/             |          |
|    actor_loss      | -23.4    |
|    critic_loss     | 0.0166   |
|    ent_coef        | 0.00428  |
|    ent_coef_loss   | -4.39    |
|    learning_rate   | 0.0003   |
|    n_updates       | 110799   |
---------------------------------
---------------------------------
| rollout/           |          |
|    ep_len_mean     | 200      |
|    ep_rew_mean     | 49.9     |
|    success_rate    | 0        |
| time/              |          |
|    episodes        | 608      |
|    fps             | 126      |
|    time_elapsed    | 962      |
|    total_timesteps | 121600   |
| train/             |          |
|    actor_loss      | -23.3    |
|    critic_loss     | 0.0125   |
|    ent_coef        | 0.00423  |
|    ent_coef_loss   | -1.54    |
|    learning_rate   | 0.0003   |
|    n_updates       | 111599   |
---------------------------------
---------------------------------
| rollout/           |          |
|    ep_len_mean     | 200      |
|    ep_rew_mean     | 51.3     |
|    success_rate    | 0        |
| time/              |          |
|    episodes        | 612      |
|    fps             | 126      |
|    time_elapsed    | 969      |
|    total_timesteps | 122400   |
| train/             |          |
|    actor_loss      | -23.4    |
|    critic_loss     | 0.114    |
|    ent_coef        | 0.00446  |
|    ent_coef_loss   | -4.68    |
|    learning_rate   | 0.0003   |
|    n_updates       | 112399   |
---------------------------------
---------------------------------
| rollout/           |          |
|    ep_len_mean     | 200      |
|    ep_rew_mean     | 52.8     |
|    success_rate    | 0        |
| time/              |          |
|    episodes        | 616      |
|    fps             | 126      |
|    time_elapsed    | 976      |
|    total_timesteps | 123200   |
| train/             |          |
|    actor_loss      | -23.3    |
|    critic_loss     | 0.0183   |
|    ent_coef        | 0.00479  |
|    ent_coef_loss   | 5.06     |
|    learning_rate   | 0.0003   |
|    n_updates       | 113199   |
---------------------------------
---------------------------------
| rollout/           |          |
|    ep_len_mean     | 200      |
|    ep_rew_mean     | 57.2     |
|    success_rate    | 0        |
| time/              |          |
|    episodes        | 620      |
|    fps             | 126      |
|    time_elapsed    | 983      |
|    total_timesteps | 124000   |
| train/             |          |
|    actor_loss      | -23.9    |
|    critic_loss     | 0.135    |
|    ent_coef        | 0.00639  |
|    ent_coef_loss   | 5.23     |
|    learning_rate   | 0.0003   |
|    n_updates       | 113999   |
---------------------------------
---------------------------------
| rollout/           |          |
|    ep_len_mean     | 200      |
|    ep_rew_mean     | 59.7     |
|    success_rate    | 0        |
| time/              |          |
|    episodes        | 624      |
|    fps             | 125      |
|    time_elapsed    | 990      |
|    total_timesteps | 124800   |
| train/             |          |
|    actor_loss      | -23.8    |
|    critic_loss     | 0.0246   |
|    ent_coef        | 0.00767  |
|    ent_coef_loss   | 3.65     |
|    learning_rate   | 0.0003   |
|    n_updates       | 114799   |
---------------------------------
Eval num_timesteps=125000, episode_reward=41.79 +/- 1.73
Episode length: 200.00 +/- 0.00
Success rate: 0.00%
---------------------------------
| eval/              |          |
|    mean_ep_length  | 200      |
|    mean_reward     | 41.8     |
|    success_rate    | 0        |
| time/              |          |
|    total_timesteps | 125000   |
| train/             |          |
|    actor_loss      | -23.8    |
|    critic_loss     | 0.0395   |
|    ent_coef        | 0.00802  |
|    ent_coef_loss   | 3.1      |
|    learning_rate   | 0.0003   |
|    n_updates       | 114999   |
---------------------------------
---------------------------------
| rollout/           |          |
|    ep_len_mean     | 200      |
|    ep_rew_mean     | 60       |
|    success_rate    | 0        |
| time/              |          |
|    episodes        | 628      |
|    fps             | 125      |
|    time_elapsed    | 998      |
|    total_timesteps | 125600   |
| train/             |          |
|    actor_loss      | -24.2    |
|    critic_loss     | 0.108    |
|    ent_coef        | 0.00913  |
|    ent_coef_loss   | 4.29     |
|    learning_rate   | 0.0003   |
|    n_updates       | 115599   |
---------------------------------
---------------------------------
| rollout/           |          |
|    ep_len_mean     | 200      |
|    ep_rew_mean     | 59.9     |
|    success_rate    | 0        |
| time/              |          |
|    episodes        | 632      |
|    fps             | 125      |
|    time_elapsed    | 1005     |
|    total_timesteps | 126400   |
| train/             |          |
|    actor_loss      | -24.3    |
|    critic_loss     | 0.23     |
|    ent_coef        | 0.0101   |
|    ent_coef_loss   | -1.16    |
|    learning_rate   | 0.0003   |
|    n_updates       | 116399   |
---------------------------------
---------------------------------
| rollout/           |          |
|    ep_len_mean     | 200      |
|    ep_rew_mean     | 59.9     |
|    success_rate    | 0        |
| time/              |          |
|    episodes        | 636      |
|    fps             | 125      |
|    time_elapsed    | 1012     |
|    total_timesteps | 127200   |
| train/             |          |
|    actor_loss      | -24.6    |
|    critic_loss     | 0.105    |
|    ent_coef        | 0.00973  |
|    ent_coef_loss   | 3.11     |
|    learning_rate   | 0.0003   |
|    n_updates       | 117199   |
---------------------------------
---------------------------------
| rollout/           |          |
|    ep_len_mean     | 200      |
|    ep_rew_mean     | 62.6     |
|    success_rate    | 0        |
| time/              |          |
|    episodes        | 640      |
|    fps             | 125      |
|    time_elapsed    | 1019     |
|    total_timesteps | 128000   |
| train/             |          |
|    actor_loss      | -25      |
|    critic_loss     | 0.054    |
|    ent_coef        | 0.00886  |
|    ent_coef_loss   | 0.0415   |
|    learning_rate   | 0.0003   |
|    n_updates       | 117999   |
---------------------------------
---------------------------------
| rollout/           |          |
|    ep_len_mean     | 200      |
|    ep_rew_mean     | 68.2     |
|    success_rate    | 0        |
| time/              |          |
|    episodes        | 644      |
|    fps             | 125      |
|    time_elapsed    | 1027     |
|    total_timesteps | 128800   |
| train/             |          |
|    actor_loss      | -24.8    |
|    critic_loss     | 0.175    |
|    ent_coef        | 0.00841  |
|    ent_coef_loss   | 11.5     |
|    learning_rate   | 0.0003   |
|    n_updates       | 118799   |
---------------------------------
---------------------------------
| rollout/           |          |
|    ep_len_mean     | 200      |
|    ep_rew_mean     | 73.8     |
|    success_rate    | 0        |
| time/              |          |
|    episodes        | 648      |
|    fps             | 125      |
|    time_elapsed    | 1034     |
|    total_timesteps | 129600   |
| train/             |          |
|    actor_loss      | -25.4    |
|    critic_loss     | 0.0336   |
|    ent_coef        | 0.0106   |
|    ent_coef_loss   | 0.87     |
|    learning_rate   | 0.0003   |
|    n_updates       | 119599   |
---------------------------------
---------------------------------
| rollout/           |          |
|    ep_len_mean     | 200      |
|    ep_rew_mean     | 75       |
|    success_rate    | 0        |
| time/              |          |
|    episodes        | 652      |
|    fps             | 125      |
|    time_elapsed    | 1041     |
|    total_timesteps | 130400   |
| train/             |          |
|    actor_loss      | -26.1    |
|    critic_loss     | 0.0581   |
|    ent_coef        | 0.0117   |
|    ent_coef_loss   | 2.5      |
|    learning_rate   | 0.0003   |
|    n_updates       | 120399   |
---------------------------------
---------------------------------
| rollout/           |          |
|    ep_len_mean     | 200      |
|    ep_rew_mean     | 77.8     |
|    success_rate    | 0        |
| time/              |          |
|    episodes        | 656      |
|    fps             | 125      |
|    time_elapsed    | 1048     |
|    total_timesteps | 131200   |
| train/             |          |
|    actor_loss      | -26.4    |
|    critic_loss     | 0.0565   |
|    ent_coef        | 0.0118   |
|    ent_coef_loss   | -5.57    |
|    learning_rate   | 0.0003   |
|    n_updates       | 121199   |
---------------------------------
---------------------------------
| rollout/           |          |
|    ep_len_mean     | 200      |
|    ep_rew_mean     | 82.2     |
|    success_rate    | 0        |
| time/              |          |
|    episodes        | 660      |
|    fps             | 125      |
|    time_elapsed    | 1055     |
|    total_timesteps | 132000   |
| train/             |          |
|    actor_loss      | -27      |
|    critic_loss     | 0.541    |
|    ent_coef        | 0.0137   |
|    ent_coef_loss   | 7.9      |
|    learning_rate   | 0.0003   |
|    n_updates       | 121999   |
---------------------------------
---------------------------------
| rollout/           |          |
|    ep_len_mean     | 200      |
|    ep_rew_mean     | 89       |
|    success_rate    | 0        |
| time/              |          |
|    episodes        | 664      |
|    fps             | 124      |
|    time_elapsed    | 1062     |
|    total_timesteps | 132800   |
| train/             |          |
|    actor_loss      | -27.8    |
|    critic_loss     | 0.0527   |
|    ent_coef        | 0.0166   |
|    ent_coef_loss   | 4.03     |
|    learning_rate   | 0.0003   |
|    n_updates       | 122799   |
---------------------------------
---------------------------------
| rollout/           |          |
|    ep_len_mean     | 200      |
|    ep_rew_mean     | 94.2     |
|    success_rate    | 0        |
| time/              |          |
|    episodes        | 668      |
|    fps             | 124      |
|    time_elapsed    | 1069     |
|    total_timesteps | 133600   |
| train/             |          |
|    actor_loss      | -28.4    |
|    critic_loss     | 0.175    |
|    ent_coef        | 0.0192   |
|    ent_coef_loss   | 1.89     |
|    learning_rate   | 0.0003   |
|    n_updates       | 123599   |
---------------------------------
---------------------------------
| rollout/           |          |
|    ep_len_mean     | 200      |
|    ep_rew_mean     | 101      |
|    success_rate    | 0        |
| time/              |          |
|    episodes        | 672      |
|    fps             | 124      |
|    time_elapsed    | 1076     |
|    total_timesteps | 134400   |
| train/             |          |
|    actor_loss      | -28.7    |
|    critic_loss     | 0.228    |
|    ent_coef        | 0.021    |
|    ent_coef_loss   | 0.551    |
|    learning_rate   | 0.0003   |
|    n_updates       | 124399   |
---------------------------------
---------------------------------
| rollout/           |          |
|    ep_len_mean     | 200      |
|    ep_rew_mean     | 108      |
|    success_rate    | 0        |
| time/              |          |
|    episodes        | 676      |
|    fps             | 124      |
|    time_elapsed    | 1083     |
|    total_timesteps | 135200   |
| train/             |          |
|    actor_loss      | -29.6    |
|    critic_loss     | 0.899    |
|    ent_coef        | 0.0227   |
|    ent_coef_loss   | 1.22     |
|    learning_rate   | 0.0003   |
|    n_updates       | 125199   |
---------------------------------
---------------------------------
| rollout/           |          |
|    ep_len_mean     | 200      |
|    ep_rew_mean     | 115      |
|    success_rate    | 0        |
| time/              |          |
|    episodes        | 680      |
|    fps             | 124      |
|    time_elapsed    | 1090     |
|    total_timesteps | 136000   |
| train/             |          |
|    actor_loss      | -31.2    |
|    critic_loss     | 0.0666   |
|    ent_coef        | 0.0264   |
|    ent_coef_loss   | 1.79     |
|    learning_rate   | 0.0003   |
|    n_updates       | 125999   |
---------------------------------
---------------------------------
| rollout/           |          |
|    ep_len_mean     | 200      |
|    ep_rew_mean     | 123      |
|    success_rate    | 0        |
| time/              |          |
|    episodes        | 684      |
|    fps             | 124      |
|    time_elapsed    | 1098     |
|    total_timesteps | 136800   |
| train/             |          |
|    actor_loss      | -31.9    |
|    critic_loss     | 0.12     |
|    ent_coef        | 0.0285   |
|    ent_coef_loss   | 0.465    |
|    learning_rate   | 0.0003   |
|    n_updates       | 126799   |
---------------------------------
---------------------------------
| rollout/           |          |
|    ep_len_mean     | 200      |
|    ep_rew_mean     | 128      |
|    success_rate    | 0        |
| time/              |          |
|    episodes        | 688      |
|    fps             | 124      |
|    time_elapsed    | 1105     |
|    total_timesteps | 137600   |
| train/             |          |
|    actor_loss      | -32.8    |
|    critic_loss     | 0.0638   |
|    ent_coef        | 0.0286   |
|    ent_coef_loss   | -0.218   |
|    learning_rate   | 0.0003   |
|    n_updates       | 127599   |
---------------------------------
---------------------------------
| rollout/           |          |
|    ep_len_mean     | 200      |
|    ep_rew_mean     | 137      |
|    success_rate    | 0        |
| time/              |          |
|    episodes        | 692      |
|    fps             | 124      |
|    time_elapsed    | 1112     |
|    total_timesteps | 138400   |
| train/             |          |
|    actor_loss      | -34.3    |
|    critic_loss     | 0.0651   |
|    ent_coef        | 0.0325   |
|    ent_coef_loss   | 0.689    |
|    learning_rate   | 0.0003   |
|    n_updates       | 128399   |
---------------------------------
---------------------------------
| rollout/           |          |
|    ep_len_mean     | 200      |
|    ep_rew_mean     | 143      |
|    success_rate    | 0        |
| time/              |          |
|    episodes        | 696      |
|    fps             | 124      |
|    time_elapsed    | 1119     |
|    total_timesteps | 139200   |
| train/             |          |
|    actor_loss      | -35.6    |
|    critic_loss     | 0.742    |
|    ent_coef        | 0.0294   |
|    ent_coef_loss   | 2.1      |
|    learning_rate   | 0.0003   |
|    n_updates       | 129199   |
---------------------------------
---------------------------------
| rollout/           |          |
|    ep_len_mean     | 200      |
|    ep_rew_mean     | 150      |
|    success_rate    | 0        |
| time/              |          |
|    episodes        | 700      |
|    fps             | 124      |
|    time_elapsed    | 1126     |
|    total_timesteps | 140000   |
| train/             |          |
|    actor_loss      | -35.9    |
|    critic_loss     | 0.304    |
|    ent_coef        | 0.0332   |
|    ent_coef_loss   | 1.22     |
|    learning_rate   | 0.0003   |
|    n_updates       | 129999   |
---------------------------------
---------------------------------
| rollout/           |          |
|    ep_len_mean     | 200      |
|    ep_rew_mean     | 156      |
|    success_rate    | 0        |
| time/              |          |
|    episodes        | 704      |
|    fps             | 124      |
|    time_elapsed    | 1133     |
|    total_timesteps | 140800   |
| train/             |          |
|    actor_loss      | -36.7    |
|    critic_loss     | 0.105    |
|    ent_coef        | 0.0311   |
|    ent_coef_loss   | -3.3     |
|    learning_rate   | 0.0003   |
|    n_updates       | 130799   |
---------------------------------
---------------------------------
| rollout/           |          |
|    ep_len_mean     | 200      |
|    ep_rew_mean     | 159      |
|    success_rate    | 0        |
| time/              |          |
|    episodes        | 708      |
|    fps             | 124      |
|    time_elapsed    | 1141     |
|    total_timesteps | 141600   |
| train/             |          |
|    actor_loss      | -38.5    |
|    critic_loss     | 0.324    |
|    ent_coef        | 0.0296   |
|    ent_coef_loss   | -1.53    |
|    learning_rate   | 0.0003   |
|    n_updates       | 131599   |
---------------------------------
---------------------------------
| rollout/           |          |
|    ep_len_mean     | 200      |
|    ep_rew_mean     | 164      |
|    success_rate    | 0        |
| time/              |          |
|    episodes        | 712      |
|    fps             | 124      |
|    time_elapsed    | 1148     |
|    total_timesteps | 142400   |
| train/             |          |
|    actor_loss      | -38.2    |
|    critic_loss     | 0.181    |
|    ent_coef        | 0.0295   |
|    ent_coef_loss   | 5.29e-05 |
|    learning_rate   | 0.0003   |
|    n_updates       | 132399   |
---------------------------------
---------------------------------
| rollout/           |          |
|    ep_len_mean     | 200      |
|    ep_rew_mean     | 167      |
|    success_rate    | 0        |
| time/              |          |
|    episodes        | 716      |
|    fps             | 123      |
|    time_elapsed    | 1155     |
|    total_timesteps | 143200   |
| train/             |          |
|    actor_loss      | -40.8    |
|    critic_loss     | 0.697    |
|    ent_coef        | 0.0296   |
|    ent_coef_loss   | 0.779    |
|    learning_rate   | 0.0003   |
|    n_updates       | 133199   |
---------------------------------
---------------------------------
| rollout/           |          |
|    ep_len_mean     | 200      |
|    ep_rew_mean     | 169      |
|    success_rate    | 0        |
| time/              |          |
|    episodes        | 720      |
|    fps             | 123      |
|    time_elapsed    | 1162     |
|    total_timesteps | 144000   |
| train/             |          |
|    actor_loss      | -40.5    |
|    critic_loss     | 0.0817   |
|    ent_coef        | 0.0275   |
|    ent_coef_loss   | 2.65     |
|    learning_rate   | 0.0003   |
|    n_updates       | 133999   |
---------------------------------
---------------------------------
| rollout/           |          |
|    ep_len_mean     | 200      |
|    ep_rew_mean     | 170      |
|    success_rate    | 0        |
| time/              |          |
|    episodes        | 724      |
|    fps             | 123      |
|    time_elapsed    | 1169     |
|    total_timesteps | 144800   |
| train/             |          |
|    actor_loss      | -42      |
|    critic_loss     | 0.23     |
|    ent_coef        | 0.0274   |
|    ent_coef_loss   | -3.16    |
|    learning_rate   | 0.0003   |
|    n_updates       | 134799   |
---------------------------------
---------------------------------
| rollout/           |          |
|    ep_len_mean     | 200      |
|    ep_rew_mean     | 178      |
|    success_rate    | 0        |
| time/              |          |
|    episodes        | 728      |
|    fps             | 123      |
|    time_elapsed    | 1176     |
|    total_timesteps | 145600   |
| train/             |          |
|    actor_loss      | -44.7    |
|    critic_loss     | 0.176    |
|    ent_coef        | 0.0247   |
|    ent_coef_loss   | 2.8      |
|    learning_rate   | 0.0003   |
|    n_updates       | 135599   |
---------------------------------
---------------------------------
| rollout/           |          |
|    ep_len_mean     | 200      |
|    ep_rew_mean     | 184      |
|    success_rate    | 0        |
| time/              |          |
|    episodes        | 732      |
|    fps             | 123      |
|    time_elapsed    | 1183     |
|    total_timesteps | 146400   |
| train/             |          |
|    actor_loss      | -43.4    |
|    critic_loss     | 0.252    |
|    ent_coef        | 0.0265   |
|    ent_coef_loss   | -0.0717  |
|    learning_rate   | 0.0003   |
|    n_updates       | 136399   |
---------------------------------
---------------------------------
| rollout/           |          |
|    ep_len_mean     | 200      |
|    ep_rew_mean     | 190      |
|    success_rate    | 0        |
| time/              |          |
|    episodes        | 736      |
|    fps             | 123      |
|    time_elapsed    | 1190     |
|    total_timesteps | 147200   |
| train/             |          |
|    actor_loss      | -46.8    |
|    critic_loss     | 0.359    |
|    ent_coef        | 0.0252   |
|    ent_coef_loss   | -0.412   |
|    learning_rate   | 0.0003   |
|    n_updates       | 137199   |
---------------------------------
---------------------------------
| rollout/           |          |
|    ep_len_mean     | 200      |
|    ep_rew_mean     | 196      |
|    success_rate    | 0        |
| time/              |          |
|    episodes        | 740      |
|    fps             | 123      |
|    time_elapsed    | 1197     |
|    total_timesteps | 148000   |
| train/             |          |
|    actor_loss      | -46.2    |
|    critic_loss     | 0.647    |
|    ent_coef        | 0.0258   |
|    ent_coef_loss   | -1.15    |
|    learning_rate   | 0.0003   |
|    n_updates       | 137999   |
---------------------------------
---------------------------------
| rollout/           |          |
|    ep_len_mean     | 200      |
|    ep_rew_mean     | 195      |
|    success_rate    | 0        |
| time/              |          |
|    episodes        | 744      |
|    fps             | 123      |
|    time_elapsed    | 1205     |
|    total_timesteps | 148800   |
| train/             |          |
|    actor_loss      | -48      |
|    critic_loss     | 0.343    |
|    ent_coef        | 0.0266   |
|    ent_coef_loss   | 1.09     |
|    learning_rate   | 0.0003   |
|    n_updates       | 138799   |
---------------------------------
---------------------------------
| rollout/           |          |
|    ep_len_mean     | 200      |
|    ep_rew_mean     | 196      |
|    success_rate    | 0        |
| time/              |          |
|    episodes        | 748      |
|    fps             | 123      |
|    time_elapsed    | 1212     |
|    total_timesteps | 149600   |
| train/             |          |
|    actor_loss      | -50.1    |
|    critic_loss     | 0.556    |
|    ent_coef        | 0.0296   |
|    ent_coef_loss   | -0.0644  |
|    learning_rate   | 0.0003   |
|    n_updates       | 139599   |
---------------------------------
Eval num_timesteps=150000, episode_reward=287.98 +/- 39.11
Episode length: 200.00 +/- 0.00
Success rate: 0.00%
---------------------------------
| eval/              |          |
|    mean_ep_length  | 200      |
|    mean_reward     | 288      |
|    success_rate    | 0        |
| time/              |          |
|    total_timesteps | 150000   |
| train/             |          |
|    actor_loss      | -51.1    |
|    critic_loss     | 0.418    |
|    ent_coef        | 0.0287   |
|    ent_coef_loss   | -1.23    |
|    learning_rate   | 0.0003   |
|    n_updates       | 139999   |
---------------------------------
New best mean reward!
---------------------------------
| rollout/           |          |
|    ep_len_mean     | 200      |
|    ep_rew_mean     | 202      |
|    success_rate    | 0        |
| time/              |          |
|    episodes        | 752      |
|    fps             | 123      |
|    time_elapsed    | 1220     |
|    total_timesteps | 150400   |
| train/             |          |
|    actor_loss      | -51.3    |
|    critic_loss     | 0.205    |
|    ent_coef        | 0.0261   |
|    ent_coef_loss   | -0.565   |
|    learning_rate   | 0.0003   |
|    n_updates       | 140399   |
---------------------------------
---------------------------------
| rollout/           |          |
|    ep_len_mean     | 200      |
|    ep_rew_mean     | 207      |
|    success_rate    | 0        |
| time/              |          |
|    episodes        | 756      |
|    fps             | 123      |
|    time_elapsed    | 1228     |
|    total_timesteps | 151200   |
| train/             |          |
|    actor_loss      | -50.2    |
|    critic_loss     | 0.573    |
|    ent_coef        | 0.0251   |
|    ent_coef_loss   | 0.358    |
|    learning_rate   | 0.0003   |
|    n_updates       | 141199   |
---------------------------------
---------------------------------
| rollout/           |          |
|    ep_len_mean     | 200      |
|    ep_rew_mean     | 209      |
|    success_rate    | 0        |
| time/              |          |
|    episodes        | 760      |
|    fps             | 123      |
|    time_elapsed    | 1235     |
|    total_timesteps | 152000   |
| train/             |          |
|    actor_loss      | -51.8    |
|    critic_loss     | 0.424    |
|    ent_coef        | 0.0242   |
|    ent_coef_loss   | -0.953   |
|    learning_rate   | 0.0003   |
|    n_updates       | 141999   |
---------------------------------
---------------------------------
| rollout/           |          |
|    ep_len_mean     | 200      |
|    ep_rew_mean     | 211      |
|    success_rate    | 0        |
| time/              |          |
|    episodes        | 764      |
|    fps             | 122      |
|    time_elapsed    | 1243     |
|    total_timesteps | 152800   |
| train/             |          |
|    actor_loss      | -52      |
|    critic_loss     | 0.234    |
|    ent_coef        | 0.0255   |
|    ent_coef_loss   | -1.02    |
|    learning_rate   | 0.0003   |
|    n_updates       | 142799   |
---------------------------------
---------------------------------
| rollout/           |          |
|    ep_len_mean     | 200      |
|    ep_rew_mean     | 208      |
|    success_rate    | 0        |
| time/              |          |
|    episodes        | 768      |
|    fps             | 122      |
|    time_elapsed    | 1250     |
|    total_timesteps | 153600   |
| train/             |          |
|    actor_loss      | -54.3    |
|    critic_loss     | 0.873    |
|    ent_coef        | 0.0264   |
|    ent_coef_loss   | 0.104    |
|    learning_rate   | 0.0003   |
|    n_updates       | 143599   |
---------------------------------
---------------------------------
| rollout/           |          |
|    ep_len_mean     | 200      |
|    ep_rew_mean     | 206      |
|    success_rate    | 0        |
| time/              |          |
|    episodes        | 772      |
|    fps             | 122      |
|    time_elapsed    | 1258     |
|    total_timesteps | 154400   |
| train/             |          |
|    actor_loss      | -54.1    |
|    critic_loss     | 1.17     |
|    ent_coef        | 0.0261   |
|    ent_coef_loss   | -0.499   |
|    learning_rate   | 0.0003   |
|    n_updates       | 144399   |
---------------------------------
---------------------------------
| rollout/           |          |
|    ep_len_mean     | 200      |
|    ep_rew_mean     | 203      |
|    success_rate    | 0        |
| time/              |          |
|    episodes        | 776      |
|    fps             | 122      |
|    time_elapsed    | 1265     |
|    total_timesteps | 155200   |
| train/             |          |
|    actor_loss      | -56      |
|    critic_loss     | 0.698    |
|    ent_coef        | 0.0277   |
|    ent_coef_loss   | 0.65     |
|    learning_rate   | 0.0003   |
|    n_updates       | 145199   |
---------------------------------
---------------------------------
| rollout/           |          |
|    ep_len_mean     | 200      |
|    ep_rew_mean     | 203      |
|    success_rate    | 0        |
| time/              |          |
|    episodes        | 780      |
|    fps             | 122      |
|    time_elapsed    | 1272     |
|    total_timesteps | 156000   |
| train/             |          |
|    actor_loss      | -56.8    |
|    critic_loss     | 0.299    |
|    ent_coef        | 0.031    |
|    ent_coef_loss   | 0.506    |
|    learning_rate   | 0.0003   |
|    n_updates       | 145999   |
---------------------------------
---------------------------------
| rollout/           |          |
|    ep_len_mean     | 200      |
|    ep_rew_mean     | 210      |
|    success_rate    | 0        |
| time/              |          |
|    episodes        | 784      |
|    fps             | 122      |
|    time_elapsed    | 1280     |
|    total_timesteps | 156800   |
| train/             |          |
|    actor_loss      | -58.2    |
|    critic_loss     | 0.522    |
|    ent_coef        | 0.0367   |
|    ent_coef_loss   | 2.75     |
|    learning_rate   | 0.0003   |
|    n_updates       | 146799   |
---------------------------------
---------------------------------
| rollout/           |          |
|    ep_len_mean     | 200      |
|    ep_rew_mean     | 219      |
|    success_rate    | 0        |
| time/              |          |
|    episodes        | 788      |
|    fps             | 122      |
|    time_elapsed    | 1287     |
|    total_timesteps | 157600   |
| train/             |          |
|    actor_loss      | -59.6    |
|    critic_loss     | 0.922    |
|    ent_coef        | 0.0434   |
|    ent_coef_loss   | 0.191    |
|    learning_rate   | 0.0003   |
|    n_updates       | 147599   |
---------------------------------
---------------------------------
| rollout/           |          |
|    ep_len_mean     | 200      |
|    ep_rew_mean     | 218      |
|    success_rate    | 0        |
| time/              |          |
|    episodes        | 792      |
|    fps             | 122      |
|    time_elapsed    | 1294     |
|    total_timesteps | 158400   |
| train/             |          |
|    actor_loss      | -59.2    |
|    critic_loss     | 1.65     |
|    ent_coef        | 0.0388   |
|    ent_coef_loss   | 1.12     |
|    learning_rate   | 0.0003   |
|    n_updates       | 148399   |
---------------------------------
---------------------------------
| rollout/           |          |
|    ep_len_mean     | 200      |
|    ep_rew_mean     | 219      |
|    success_rate    | 0        |
| time/              |          |
|    episodes        | 796      |
|    fps             | 122      |
|    time_elapsed    | 1301     |
|    total_timesteps | 159200   |
| train/             |          |
|    actor_loss      | -59.2    |
|    critic_loss     | 1.63     |
|    ent_coef        | 0.0381   |
|    ent_coef_loss   | 0.25     |
|    learning_rate   | 0.0003   |
|    n_updates       | 149199   |
---------------------------------
---------------------------------
| rollout/           |          |
|    ep_len_mean     | 200      |
|    ep_rew_mean     | 212      |
|    success_rate    | 0        |
| time/              |          |
|    episodes        | 800      |
|    fps             | 122      |
|    time_elapsed    | 1308     |
|    total_timesteps | 160000   |
| train/             |          |
|    actor_loss      | -62.4    |
|    critic_loss     | 1.34     |
|    ent_coef        | 0.0322   |
|    ent_coef_loss   | -2.03    |
|    learning_rate   | 0.0003   |
|    n_updates       | 149999   |
---------------------------------
---------------------------------
| rollout/           |          |
|    ep_len_mean     | 200      |
|    ep_rew_mean     | 215      |
|    success_rate    | 0        |
| time/              |          |
|    episodes        | 804      |
|    fps             | 122      |
|    time_elapsed    | 1315     |
|    total_timesteps | 160800   |
| train/             |          |
|    actor_loss      | -64.1    |
|    critic_loss     | 1.94     |
|    ent_coef        | 0.0338   |
|    ent_coef_loss   | 1.82     |
|    learning_rate   | 0.0003   |
|    n_updates       | 150799   |
---------------------------------
---------------------------------
| rollout/           |          |
|    ep_len_mean     | 200      |
|    ep_rew_mean     | 227      |
|    success_rate    | 0        |
| time/              |          |
|    episodes        | 808      |
|    fps             | 122      |
|    time_elapsed    | 1322     |
|    total_timesteps | 161600   |
| train/             |          |
|    actor_loss      | -66.5    |
|    critic_loss     | 1.21     |
|    ent_coef        | 0.0366   |
|    ent_coef_loss   | 0.182    |
|    learning_rate   | 0.0003   |
|    n_updates       | 151599   |
---------------------------------
---------------------------------
| rollout/           |          |
|    ep_len_mean     | 200      |
|    ep_rew_mean     | 221      |
|    success_rate    | 0        |
| time/              |          |
|    episodes        | 812      |
|    fps             | 122      |
|    time_elapsed    | 1329     |
|    total_timesteps | 162400   |
| train/             |          |
|    actor_loss      | -67.1    |
|    critic_loss     | 1.69     |
|    ent_coef        | 0.0403   |
|    ent_coef_loss   | 1.18     |
|    learning_rate   | 0.0003   |
|    n_updates       | 152399   |
---------------------------------
---------------------------------
| rollout/           |          |
|    ep_len_mean     | 200      |
|    ep_rew_mean     | 224      |
|    success_rate    | 0        |
| time/              |          |
|    episodes        | 816      |
|    fps             | 122      |
|    time_elapsed    | 1336     |
|    total_timesteps | 163200   |
| train/             |          |
|    actor_loss      | -69.1    |
|    critic_loss     | 0.706    |
|    ent_coef        | 0.0466   |
|    ent_coef_loss   | 0.884    |
|    learning_rate   | 0.0003   |
|    n_updates       | 153199   |
---------------------------------
---------------------------------
| rollout/           |          |
|    ep_len_mean     | 200      |
|    ep_rew_mean     | 218      |
|    success_rate    | 0        |
| time/              |          |
|    episodes        | 820      |
|    fps             | 122      |
|    time_elapsed    | 1343     |
|    total_timesteps | 164000   |
| train/             |          |
|    actor_loss      | -71.8    |
|    critic_loss     | 3.22     |
|    ent_coef        | 0.049    |
|    ent_coef_loss   | 0.639    |
|    learning_rate   | 0.0003   |
|    n_updates       | 153999   |
---------------------------------
---------------------------------
| rollout/           |          |
|    ep_len_mean     | 200      |
|    ep_rew_mean     | 223      |
|    success_rate    | 0        |
| time/              |          |
|    episodes        | 824      |
|    fps             | 122      |
|    time_elapsed    | 1350     |
|    total_timesteps | 164800   |
| train/             |          |
|    actor_loss      | -75.9    |
|    critic_loss     | 1.29     |
|    ent_coef        | 0.0467   |
|    ent_coef_loss   | -1.62    |
|    learning_rate   | 0.0003   |
|    n_updates       | 154799   |
---------------------------------
---------------------------------
| rollout/           |          |
|    ep_len_mean     | 200      |
|    ep_rew_mean     | 214      |
|    success_rate    | 0        |
| time/              |          |
|    episodes        | 828      |
|    fps             | 122      |
|    time_elapsed    | 1357     |
|    total_timesteps | 165600   |
| train/             |          |
|    actor_loss      | -72.1    |
|    critic_loss     | 3.55     |
|    ent_coef        | 0.0488   |
|    ent_coef_loss   | -0.27    |
|    learning_rate   | 0.0003   |
|    n_updates       | 155599   |
---------------------------------
---------------------------------
| rollout/           |          |
|    ep_len_mean     | 200      |
|    ep_rew_mean     | 217      |
|    success_rate    | 0        |
| time/              |          |
|    episodes        | 832      |
|    fps             | 121      |
|    time_elapsed    | 1364     |
|    total_timesteps | 166400   |
| train/             |          |
|    actor_loss      | -77.2    |
|    critic_loss     | 4.84     |
|    ent_coef        | 0.0498   |
|    ent_coef_loss   | 0.119    |
|    learning_rate   | 0.0003   |
|    n_updates       | 156399   |
---------------------------------
---------------------------------
| rollout/           |          |
|    ep_len_mean     | 200      |
|    ep_rew_mean     | 228      |
|    success_rate    | 0        |
| time/              |          |
|    episodes        | 836      |
|    fps             | 121      |
|    time_elapsed    | 1371     |
|    total_timesteps | 167200   |
| train/             |          |
|    actor_loss      | -76.4    |
|    critic_loss     | 1.65     |
|    ent_coef        | 0.051    |
|    ent_coef_loss   | 0.214    |
|    learning_rate   | 0.0003   |
|    n_updates       | 157199   |
---------------------------------
---------------------------------
| rollout/           |          |
|    ep_len_mean     | 200      |
|    ep_rew_mean     | 227      |
|    success_rate    | 0        |
| time/              |          |
|    episodes        | 840      |
|    fps             | 121      |
|    time_elapsed    | 1378     |
|    total_timesteps | 168000   |
| train/             |          |
|    actor_loss      | -79.8    |
|    critic_loss     | 2        |
|    ent_coef        | 0.0503   |
|    ent_coef_loss   | 3.78     |
|    learning_rate   | 0.0003   |
|    n_updates       | 157999   |
---------------------------------
---------------------------------
| rollout/           |          |
|    ep_len_mean     | 200      |
|    ep_rew_mean     | 242      |
|    success_rate    | 0        |
| time/              |          |
|    episodes        | 844      |
|    fps             | 121      |
|    time_elapsed    | 1385     |
|    total_timesteps | 168800   |
| train/             |          |
|    actor_loss      | -81.7    |
|    critic_loss     | 1.07     |
|    ent_coef        | 0.0561   |
|    ent_coef_loss   | 1.84     |
|    learning_rate   | 0.0003   |
|    n_updates       | 158799   |
---------------------------------
---------------------------------
| rollout/           |          |
|    ep_len_mean     | 200      |
|    ep_rew_mean     | 253      |
|    success_rate    | 0        |
| time/              |          |
|    episodes        | 848      |
|    fps             | 121      |
|    time_elapsed    | 1391     |
|    total_timesteps | 169600   |
| train/             |          |
|    actor_loss      | -82.8    |
|    critic_loss     | 2.03     |
|    ent_coef        | 0.0666   |
|    ent_coef_loss   | 1.7      |
|    learning_rate   | 0.0003   |
|    n_updates       | 159599   |
---------------------------------
---------------------------------
| rollout/           |          |
|    ep_len_mean     | 200      |
|    ep_rew_mean     | 258      |
|    success_rate    | 0        |
| time/              |          |
|    episodes        | 852      |
|    fps             | 121      |
|    time_elapsed    | 1398     |
|    total_timesteps | 170400   |
| train/             |          |
|    actor_loss      | -83.5    |
|    critic_loss     | 5.97     |
|    ent_coef        | 0.0741   |
|    ent_coef_loss   | 1.9      |
|    learning_rate   | 0.0003   |
|    n_updates       | 160399   |
---------------------------------
---------------------------------
| rollout/           |          |
|    ep_len_mean     | 200      |
|    ep_rew_mean     | 268      |
|    success_rate    | 0        |
| time/              |          |
|    episodes        | 856      |
|    fps             | 121      |
|    time_elapsed    | 1405     |
|    total_timesteps | 171200   |
| train/             |          |
|    actor_loss      | -86.4    |
|    critic_loss     | 9.77     |
|    ent_coef        | 0.0741   |
|    ent_coef_loss   | 1.28     |
|    learning_rate   | 0.0003   |
|    n_updates       | 161199   |
---------------------------------
---------------------------------
| rollout/           |          |
|    ep_len_mean     | 200      |
|    ep_rew_mean     | 272      |
|    success_rate    | 0        |
| time/              |          |
|    episodes        | 860      |
|    fps             | 121      |
|    time_elapsed    | 1412     |
|    total_timesteps | 172000   |
| train/             |          |
|    actor_loss      | -89.2    |
|    critic_loss     | 6.81     |
|    ent_coef        | 0.0837   |
|    ent_coef_loss   | 0.00502  |
|    learning_rate   | 0.0003   |
|    n_updates       | 161999   |
---------------------------------
---------------------------------
| rollout/           |          |
|    ep_len_mean     | 200      |
|    ep_rew_mean     | 281      |
|    success_rate    | 0        |
| time/              |          |
|    episodes        | 864      |
|    fps             | 121      |
|    time_elapsed    | 1419     |
|    total_timesteps | 172800   |
| train/             |          |
|    actor_loss      | -90.3    |
|    critic_loss     | 11.2     |
|    ent_coef        | 0.0851   |
|    ent_coef_loss   | 1.53     |
|    learning_rate   | 0.0003   |
|    n_updates       | 162799   |
---------------------------------
---------------------------------
| rollout/           |          |
|    ep_len_mean     | 200      |
|    ep_rew_mean     | 305      |
|    success_rate    | 0        |
| time/              |          |
|    episodes        | 868      |
|    fps             | 121      |
|    time_elapsed    | 1426     |
|    total_timesteps | 173600   |
| train/             |          |
|    actor_loss      | -94.3    |
|    critic_loss     | 53.9     |
|    ent_coef        | 0.0923   |
|    ent_coef_loss   | 1.1      |
|    learning_rate   | 0.0003   |
|    n_updates       | 163599   |
---------------------------------
---------------------------------
| rollout/           |          |
|    ep_len_mean     | 200      |
|    ep_rew_mean     | 311      |
|    success_rate    | 0        |
| time/              |          |
|    episodes        | 872      |
|    fps             | 121      |
|    time_elapsed    | 1433     |
|    total_timesteps | 174400   |
| train/             |          |
|    actor_loss      | -96.7    |
|    critic_loss     | 3.2      |
|    ent_coef        | 0.0996   |
|    ent_coef_loss   | 0.675    |
|    learning_rate   | 0.0003   |
|    n_updates       | 164399   |
---------------------------------
Eval num_timesteps=175000, episode_reward=905.43 +/- 4.97
Episode length: 200.00 +/- 0.00
Success rate: 0.00%
---------------------------------
| eval/              |          |
|    mean_ep_length  | 200      |
|    mean_reward     | 905      |
|    success_rate    | 0        |
| time/              |          |
|    total_timesteps | 175000   |
| train/             |          |
|    actor_loss      | -99.9    |
|    critic_loss     | 5.11     |
|    ent_coef        | 0.097    |
|    ent_coef_loss   | 0.528    |
|    learning_rate   | 0.0003   |
|    n_updates       | 164999   |
---------------------------------
New best mean reward!
---------------------------------
| rollout/           |          |
|    ep_len_mean     | 200      |
|    ep_rew_mean     | 317      |
|    success_rate    | 0        |
| time/              |          |
|    episodes        | 876      |
|    fps             | 121      |
|    time_elapsed    | 1441     |
|    total_timesteps | 175200   |
| train/             |          |
|    actor_loss      | -97.7    |
|    critic_loss     | 2.66     |
|    ent_coef        | 0.0977   |
|    ent_coef_loss   | -0.552   |
|    learning_rate   | 0.0003   |
|    n_updates       | 165199   |
---------------------------------
---------------------------------
| rollout/           |          |
|    ep_len_mean     | 200      |
|    ep_rew_mean     | 321      |
|    success_rate    | 0        |
| time/              |          |
|    episodes        | 880      |
|    fps             | 121      |
|    time_elapsed    | 1448     |
|    total_timesteps | 176000   |
| train/             |          |
|    actor_loss      | -107     |
|    critic_loss     | 2.47     |
|    ent_coef        | 0.098    |
|    ent_coef_loss   | 1.11     |
|    learning_rate   | 0.0003   |
|    n_updates       | 165999   |
---------------------------------
---------------------------------
| rollout/           |          |
|    ep_len_mean     | 200      |
|    ep_rew_mean     | 316      |
|    success_rate    | 0        |
| time/              |          |
|    episodes        | 884      |
|    fps             | 121      |
|    time_elapsed    | 1455     |
|    total_timesteps | 176800   |
| train/             |          |
|    actor_loss      | -106     |
|    critic_loss     | 1.25     |
|    ent_coef        | 0.0981   |
|    ent_coef_loss   | -0.392   |
|    learning_rate   | 0.0003   |
|    n_updates       | 166799   |
---------------------------------
---------------------------------
| rollout/           |          |
|    ep_len_mean     | 200      |
|    ep_rew_mean     | 302      |
|    success_rate    | 0        |
| time/              |          |
|    episodes        | 888      |
|    fps             | 121      |
|    time_elapsed    | 1462     |
|    total_timesteps | 177600   |
| train/             |          |
|    actor_loss      | -111     |
|    critic_loss     | 6.99     |
|    ent_coef        | 0.0997   |
|    ent_coef_loss   | 1.03     |
|    learning_rate   | 0.0003   |
|    n_updates       | 167599   |
---------------------------------
---------------------------------
| rollout/           |          |
|    ep_len_mean     | 200      |
|    ep_rew_mean     | 313      |
|    success_rate    | 0        |
| time/              |          |
|    episodes        | 892      |
|    fps             | 121      |
|    time_elapsed    | 1469     |
|    total_timesteps | 178400   |
| train/             |          |
|    actor_loss      | -108     |
|    critic_loss     | 5.63     |
|    ent_coef        | 0.102    |
|    ent_coef_loss   | 0.136    |
|    learning_rate   | 0.0003   |
|    n_updates       | 168399   |
---------------------------------
---------------------------------
| rollout/           |          |
|    ep_len_mean     | 200      |
|    ep_rew_mean     | 311      |
|    success_rate    | 0        |
| time/              |          |
|    episodes        | 896      |
|    fps             | 121      |
|    time_elapsed    | 1476     |
|    total_timesteps | 179200   |
| train/             |          |
|    actor_loss      | -111     |
|    critic_loss     | 3.96     |
|    ent_coef        | 0.0998   |
|    ent_coef_loss   | -0.114   |
|    learning_rate   | 0.0003   |
|    n_updates       | 169199   |
---------------------------------
---------------------------------
| rollout/           |          |
|    ep_len_mean     | 200      |
|    ep_rew_mean     | 316      |
|    success_rate    | 0        |
| time/              |          |
|    episodes        | 900      |
|    fps             | 121      |
|    time_elapsed    | 1483     |
|    total_timesteps | 180000   |
| train/             |          |
|    actor_loss      | -111     |
|    critic_loss     | 3.34     |
|    ent_coef        | 0.104    |
|    ent_coef_loss   | -1.02    |
|    learning_rate   | 0.0003   |
|    n_updates       | 169999   |
---------------------------------
---------------------------------
| rollout/           |          |
|    ep_len_mean     | 200      |
|    ep_rew_mean     | 306      |
|    success_rate    | 0        |
| time/              |          |
|    episodes        | 904      |
|    fps             | 121      |
|    time_elapsed    | 1490     |
|    total_timesteps | 180800   |
| train/             |          |
|    actor_loss      | -114     |
|    critic_loss     | 6.7      |
|    ent_coef        | 0.105    |
|    ent_coef_loss   | -0.134   |
|    learning_rate   | 0.0003   |
|    n_updates       | 170799   |
---------------------------------
---------------------------------
| rollout/           |          |
|    ep_len_mean     | 200      |
|    ep_rew_mean     | 288      |
|    success_rate    | 0        |
| time/              |          |
|    episodes        | 908      |
|    fps             | 121      |
|    time_elapsed    | 1498     |
|    total_timesteps | 181600   |
| train/             |          |
|    actor_loss      | -112     |
|    critic_loss     | 7.8      |
|    ent_coef        | 0.109    |
|    ent_coef_loss   | -1.25    |
|    learning_rate   | 0.0003   |
|    n_updates       | 171599   |
---------------------------------
---------------------------------
| rollout/           |          |
|    ep_len_mean     | 200      |
|    ep_rew_mean     | 298      |
|    success_rate    | 0        |
| time/              |          |
|    episodes        | 912      |
|    fps             | 121      |
|    time_elapsed    | 1505     |
|    total_timesteps | 182400   |
| train/             |          |
|    actor_loss      | -115     |
|    critic_loss     | 190      |
|    ent_coef        | 0.107    |
|    ent_coef_loss   | 0.327    |
|    learning_rate   | 0.0003   |
|    n_updates       | 172399   |
---------------------------------
---------------------------------
| rollout/           |          |
|    ep_len_mean     | 200      |
|    ep_rew_mean     | 291      |
|    success_rate    | 0        |
| time/              |          |
|    episodes        | 916      |
|    fps             | 121      |
|    time_elapsed    | 1512     |
|    total_timesteps | 183200   |
| train/             |          |
|    actor_loss      | -118     |
|    critic_loss     | 3.54     |
|    ent_coef        | 0.112    |
|    ent_coef_loss   | 0.432    |
|    learning_rate   | 0.0003   |
|    n_updates       | 173199   |
---------------------------------
---------------------------------
| rollout/           |          |
|    ep_len_mean     | 200      |
|    ep_rew_mean     | 291      |
|    success_rate    | 0        |
| time/              |          |
|    episodes        | 920      |
|    fps             | 121      |
|    time_elapsed    | 1519     |
|    total_timesteps | 184000   |
| train/             |          |
|    actor_loss      | -122     |
|    critic_loss     | 2.97     |
|    ent_coef        | 0.114    |
|    ent_coef_loss   | 0.6      |
|    learning_rate   | 0.0003   |
|    n_updates       | 173999   |
---------------------------------
---------------------------------
| rollout/           |          |
|    ep_len_mean     | 200      |
|    ep_rew_mean     | 300      |
|    success_rate    | 0        |
| time/              |          |
|    episodes        | 924      |
|    fps             | 121      |
|    time_elapsed    | 1526     |
|    total_timesteps | 184800   |
| train/             |          |
|    actor_loss      | -118     |
|    critic_loss     | 3.4      |
|    ent_coef        | 0.124    |
|    ent_coef_loss   | 0.554    |
|    learning_rate   | 0.0003   |
|    n_updates       | 174799   |
---------------------------------
---------------------------------
| rollout/           |          |
|    ep_len_mean     | 200      |
|    ep_rew_mean     | 326      |
|    success_rate    | 0        |
| time/              |          |
|    episodes        | 928      |
|    fps             | 121      |
|    time_elapsed    | 1533     |
|    total_timesteps | 185600   |
| train/             |          |
|    actor_loss      | -121     |
|    critic_loss     | 8.41     |
|    ent_coef        | 0.132    |
|    ent_coef_loss   | -0.112   |
|    learning_rate   | 0.0003   |
|    n_updates       | 175599   |
---------------------------------
---------------------------------
| rollout/           |          |
|    ep_len_mean     | 200      |
|    ep_rew_mean     | 343      |
|    success_rate    | 0        |
| time/              |          |
|    episodes        | 932      |
|    fps             | 121      |
|    time_elapsed    | 1540     |
|    total_timesteps | 186400   |
| train/             |          |
|    actor_loss      | -121     |
|    critic_loss     | 3.13     |
|    ent_coef        | 0.135    |
|    ent_coef_loss   | 1.22     |
|    learning_rate   | 0.0003   |
|    n_updates       | 176399   |
---------------------------------
---------------------------------
| rollout/           |          |
|    ep_len_mean     | 200      |
|    ep_rew_mean     | 352      |
|    success_rate    | 0        |
| time/              |          |
|    episodes        | 936      |
|    fps             | 120      |
|    time_elapsed    | 1547     |
|    total_timesteps | 187200   |
| train/             |          |
|    actor_loss      | -121     |
|    critic_loss     | 24.4     |
|    ent_coef        | 0.134    |
|    ent_coef_loss   | 0.934    |
|    learning_rate   | 0.0003   |
|    n_updates       | 177199   |
---------------------------------
---------------------------------
| rollout/           |          |
|    ep_len_mean     | 200      |
|    ep_rew_mean     | 361      |
|    success_rate    | 0        |
| time/              |          |
|    episodes        | 940      |
|    fps             | 120      |
|    time_elapsed    | 1554     |
|    total_timesteps | 188000   |
| train/             |          |
|    actor_loss      | -131     |
|    critic_loss     | 136      |
|    ent_coef        | 0.142    |
|    ent_coef_loss   | 0.169    |
|    learning_rate   | 0.0003   |
|    n_updates       | 177999   |
---------------------------------
---------------------------------
| rollout/           |          |
|    ep_len_mean     | 200      |
|    ep_rew_mean     | 360      |
|    success_rate    | 0        |
| time/              |          |
|    episodes        | 944      |
|    fps             | 120      |
|    time_elapsed    | 1561     |
|    total_timesteps | 188800   |
| train/             |          |
|    actor_loss      | -132     |
|    critic_loss     | 6.25     |
|    ent_coef        | 0.148    |
|    ent_coef_loss   | -0.248   |
|    learning_rate   | 0.0003   |
|    n_updates       | 178799   |
---------------------------------
---------------------------------
| rollout/           |          |
|    ep_len_mean     | 200      |
|    ep_rew_mean     | 352      |
|    success_rate    | 0        |
| time/              |          |
|    episodes        | 948      |
|    fps             | 120      |
|    time_elapsed    | 1568     |
|    total_timesteps | 189600   |
| train/             |          |
|    actor_loss      | -131     |
|    critic_loss     | 9.02     |
|    ent_coef        | 0.138    |
|    ent_coef_loss   | -0.151   |
|    learning_rate   | 0.0003   |
|    n_updates       | 179599   |
---------------------------------
---------------------------------
| rollout/           |          |
|    ep_len_mean     | 200      |
|    ep_rew_mean     | 374      |
|    success_rate    | 0        |
| time/              |          |
|    episodes        | 952      |
|    fps             | 120      |
|    time_elapsed    | 1575     |
|    total_timesteps | 190400   |
| train/             |          |
|    actor_loss      | -124     |
|    critic_loss     | 22.9     |
|    ent_coef        | 0.14     |
|    ent_coef_loss   | -0.418   |
|    learning_rate   | 0.0003   |
|    n_updates       | 180399   |
---------------------------------
---------------------------------
| rollout/           |          |
|    ep_len_mean     | 200      |
|    ep_rew_mean     | 375      |
|    success_rate    | 0        |
| time/              |          |
|    episodes        | 956      |
|    fps             | 120      |
|    time_elapsed    | 1582     |
|    total_timesteps | 191200   |
| train/             |          |
|    actor_loss      | -130     |
|    critic_loss     | 4.67     |
|    ent_coef        | 0.126    |
|    ent_coef_loss   | -1.42    |
|    learning_rate   | 0.0003   |
|    n_updates       | 181199   |
---------------------------------
---------------------------------
| rollout/           |          |
|    ep_len_mean     | 200      |
|    ep_rew_mean     | 391      |
|    success_rate    | 0        |
| time/              |          |
|    episodes        | 960      |
|    fps             | 120      |
|    time_elapsed    | 1590     |
|    total_timesteps | 192000   |
| train/             |          |
|    actor_loss      | -133     |
|    critic_loss     | 7.13     |
|    ent_coef        | 0.127    |
|    ent_coef_loss   | 0.779    |
|    learning_rate   | 0.0003   |
|    n_updates       | 181999   |
---------------------------------
---------------------------------
| rollout/           |          |
|    ep_len_mean     | 200      |
|    ep_rew_mean     | 384      |
|    success_rate    | 0        |
| time/              |          |
|    episodes        | 964      |
|    fps             | 120      |
|    time_elapsed    | 1596     |
|    total_timesteps | 192800   |
| train/             |          |
|    actor_loss      | -140     |
|    critic_loss     | 9.77     |
|    ent_coef        | 0.14     |
|    ent_coef_loss   | 0.749    |
|    learning_rate   | 0.0003   |
|    n_updates       | 182799   |
---------------------------------
---------------------------------
| rollout/           |          |
|    ep_len_mean     | 200      |
|    ep_rew_mean     | 368      |
|    success_rate    | 0        |
| time/              |          |
|    episodes        | 968      |
|    fps             | 120      |
|    time_elapsed    | 1604     |
|    total_timesteps | 193600   |
| train/             |          |
|    actor_loss      | -125     |
|    critic_loss     | 5.94     |
|    ent_coef        | 0.15     |
|    ent_coef_loss   | -0.599   |
|    learning_rate   | 0.0003   |
|    n_updates       | 183599   |
---------------------------------
---------------------------------
| rollout/           |          |
|    ep_len_mean     | 200      |
|    ep_rew_mean     | 373      |
|    success_rate    | 0        |
| time/              |          |
|    episodes        | 972      |
|    fps             | 120      |
|    time_elapsed    | 1611     |
|    total_timesteps | 194400   |
| train/             |          |
|    actor_loss      | -137     |
|    critic_loss     | 26.8     |
|    ent_coef        | 0.143    |
|    ent_coef_loss   | -0.558   |
|    learning_rate   | 0.0003   |
|    n_updates       | 184399   |
---------------------------------
---------------------------------
| rollout/           |          |
|    ep_len_mean     | 200      |
|    ep_rew_mean     | 381      |
|    success_rate    | 0        |
| time/              |          |
|    episodes        | 976      |
|    fps             | 120      |
|    time_elapsed    | 1617     |
|    total_timesteps | 195200   |
| train/             |          |
|    actor_loss      | -139     |
|    critic_loss     | 20.5     |
|    ent_coef        | 0.156    |
|    ent_coef_loss   | 1.18     |
|    learning_rate   | 0.0003   |
|    n_updates       | 185199   |
---------------------------------
---------------------------------
| rollout/           |          |
|    ep_len_mean     | 200      |
|    ep_rew_mean     | 395      |
|    success_rate    | 0        |
| time/              |          |
|    episodes        | 980      |
|    fps             | 120      |
|    time_elapsed    | 1624     |
|    total_timesteps | 196000   |
| train/             |          |
|    actor_loss      | -144     |
|    critic_loss     | 88.9     |
|    ent_coef        | 0.152    |
|    ent_coef_loss   | -0.141   |
|    learning_rate   | 0.0003   |
|    n_updates       | 185999   |
---------------------------------
---------------------------------
| rollout/           |          |
|    ep_len_mean     | 200      |
|    ep_rew_mean     | 411      |
|    success_rate    | 0        |
| time/              |          |
|    episodes        | 984      |
|    fps             | 120      |
|    time_elapsed    | 1631     |
|    total_timesteps | 196800   |
| train/             |          |
|    actor_loss      | -130     |
|    critic_loss     | 20.5     |
|    ent_coef        | 0.159    |
|    ent_coef_loss   | -0.112   |
|    learning_rate   | 0.0003   |
|    n_updates       | 186799   |
---------------------------------
---------------------------------
| rollout/           |          |
|    ep_len_mean     | 200      |
|    ep_rew_mean     | 435      |
|    success_rate    | 0        |
| time/              |          |
|    episodes        | 988      |
|    fps             | 120      |
|    time_elapsed    | 1638     |
|    total_timesteps | 197600   |
| train/             |          |
|    actor_loss      | -156     |
|    critic_loss     | 126      |
|    ent_coef        | 0.164    |
|    ent_coef_loss   | -0.535   |
|    learning_rate   | 0.0003   |
|    n_updates       | 187599   |
---------------------------------
---------------------------------
| rollout/           |          |
|    ep_len_mean     | 200      |
|    ep_rew_mean     | 445      |
|    success_rate    | 0        |
| time/              |          |
|    episodes        | 992      |
|    fps             | 120      |
|    time_elapsed    | 1645     |
|    total_timesteps | 198400   |
| train/             |          |
|    actor_loss      | -151     |
|    critic_loss     | 5.3      |
|    ent_coef        | 0.167    |
|    ent_coef_loss   | -0.82    |
|    learning_rate   | 0.0003   |
|    n_updates       | 188399   |
---------------------------------
---------------------------------
| rollout/           |          |
|    ep_len_mean     | 200      |
|    ep_rew_mean     | 445      |
|    success_rate    | 0        |
| time/              |          |
|    episodes        | 996      |
|    fps             | 120      |
|    time_elapsed    | 1652     |
|    total_timesteps | 199200   |
| train/             |          |
|    actor_loss      | -159     |
|    critic_loss     | 52.1     |
|    ent_coef        | 0.198    |
|    ent_coef_loss   | 0.212    |
|    learning_rate   | 0.0003   |
|    n_updates       | 189199   |
---------------------------------
Eval num_timesteps=200000, episode_reward=214.50 +/- 345.56
Episode length: 200.00 +/- 0.00
Success rate: 0.00%
---------------------------------
| eval/              |          |
|    mean_ep_length  | 200      |
|    mean_reward     | 214      |
|    success_rate    | 0        |
| time/              |          |
|    total_timesteps | 200000   |
| train/             |          |
|    actor_loss      | -158     |
|    critic_loss     | 138      |
|    ent_coef        | 0.217    |
|    ent_coef_loss   | -0.354   |
|    learning_rate   | 0.0003   |
|    n_updates       | 189999   |
---------------------------------
---------------------------------
| rollout/           |          |
|    ep_len_mean     | 200      |
|    ep_rew_mean     | 457      |
|    success_rate    | 0        |
| time/              |          |
|    episodes        | 1000     |
|    fps             | 120      |
|    time_elapsed    | 1661     |
|    total_timesteps | 200000   |
---------------------------------
---------------------------------
| rollout/           |          |
|    ep_len_mean     | 200      |
|    ep_rew_mean     | 483      |
|    success_rate    | 0        |
| time/              |          |
|    episodes        | 1004     |
|    fps             | 120      |
|    time_elapsed    | 1668     |
|    total_timesteps | 200800   |
| train/             |          |
|    actor_loss      | -163     |
|    critic_loss     | 15.8     |
|    ent_coef        | 0.213    |
|    ent_coef_loss   | 0.224    |
|    learning_rate   | 0.0003   |
|    n_updates       | 190799   |
---------------------------------
---------------------------------
| rollout/           |          |
|    ep_len_mean     | 200      |
|    ep_rew_mean     | 508      |
|    success_rate    | 0        |
| time/              |          |
|    episodes        | 1008     |
|    fps             | 120      |
|    time_elapsed    | 1675     |
|    total_timesteps | 201600   |
| train/             |          |
|    actor_loss      | -173     |
|    critic_loss     | 27.6     |
|    ent_coef        | 0.201    |
|    ent_coef_loss   | 0.218    |
|    learning_rate   | 0.0003   |
|    n_updates       | 191599   |
---------------------------------
---------------------------------
| rollout/           |          |
|    ep_len_mean     | 200      |
|    ep_rew_mean     | 505      |
|    success_rate    | 0        |
| time/              |          |
|    episodes        | 1012     |
|    fps             | 120      |
|    time_elapsed    | 1682     |
|    total_timesteps | 202400   |
| train/             |          |
|    actor_loss      | -167     |
|    critic_loss     | 6.07     |
|    ent_coef        | 0.189    |
|    ent_coef_loss   | -0.877   |
|    learning_rate   | 0.0003   |
|    n_updates       | 192399   |
---------------------------------
---------------------------------
| rollout/           |          |
|    ep_len_mean     | 200      |
|    ep_rew_mean     | 504      |
|    success_rate    | 0        |
| time/              |          |
|    episodes        | 1016     |
|    fps             | 120      |
|    time_elapsed    | 1689     |
|    total_timesteps | 203200   |
| train/             |          |
|    actor_loss      | -172     |
|    critic_loss     | 7.92     |
|    ent_coef        | 0.191    |
|    ent_coef_loss   | -0.395   |
|    learning_rate   | 0.0003   |
|    n_updates       | 193199   |
---------------------------------
---------------------------------
| rollout/           |          |
|    ep_len_mean     | 200      |
|    ep_rew_mean     | 528      |
|    success_rate    | 0        |
| time/              |          |
|    episodes        | 1020     |
|    fps             | 120      |
|    time_elapsed    | 1696     |
|    total_timesteps | 204000   |
| train/             |          |
|    actor_loss      | -174     |
|    critic_loss     | 9.65     |
|    ent_coef        | 0.193    |
|    ent_coef_loss   | 0.323    |
|    learning_rate   | 0.0003   |
|    n_updates       | 193999   |
---------------------------------
---------------------------------
| rollout/           |          |
|    ep_len_mean     | 200      |
|    ep_rew_mean     | 528      |
|    success_rate    | 0        |
| time/              |          |
|    episodes        | 1024     |
|    fps             | 120      |
|    time_elapsed    | 1703     |
|    total_timesteps | 204800   |
| train/             |          |
|    actor_loss      | -170     |
|    critic_loss     | 34.2     |
|    ent_coef        | 0.19     |
|    ent_coef_loss   | -0.00541 |
|    learning_rate   | 0.0003   |
|    n_updates       | 194799   |
---------------------------------
---------------------------------
| rollout/           |          |
|    ep_len_mean     | 200      |
|    ep_rew_mean     | 510      |
|    success_rate    | 0        |
| time/              |          |
|    episodes        | 1028     |
|    fps             | 120      |
|    time_elapsed    | 1710     |
|    total_timesteps | 205600   |
| train/             |          |
|    actor_loss      | -174     |
|    critic_loss     | 24.1     |
|    ent_coef        | 0.191    |
|    ent_coef_loss   | 0.229    |
|    learning_rate   | 0.0003   |
|    n_updates       | 195599   |
---------------------------------
---------------------------------
| rollout/           |          |
|    ep_len_mean     | 200      |
|    ep_rew_mean     | 493      |
|    success_rate    | 0        |
| time/              |          |
|    episodes        | 1032     |
|    fps             | 120      |
|    time_elapsed    | 1717     |
|    total_timesteps | 206400   |
| train/             |          |
|    actor_loss      | -182     |
|    critic_loss     | 59.8     |
|    ent_coef        | 0.188    |
|    ent_coef_loss   | -0.533   |
|    learning_rate   | 0.0003   |
|    n_updates       | 196399   |
---------------------------------
---------------------------------
| rollout/           |          |
|    ep_len_mean     | 200      |
|    ep_rew_mean     | 483      |
|    success_rate    | 0        |
| time/              |          |
|    episodes        | 1036     |
|    fps             | 120      |
|    time_elapsed    | 1724     |
|    total_timesteps | 207200   |
| train/             |          |
|    actor_loss      | -175     |
|    critic_loss     | 80.5     |
|    ent_coef        | 0.187    |
|    ent_coef_loss   | 0.556    |
|    learning_rate   | 0.0003   |
|    n_updates       | 197199   |
---------------------------------
---------------------------------
| rollout/           |          |
|    ep_len_mean     | 200      |
|    ep_rew_mean     | 486      |
|    success_rate    | 0        |
| time/              |          |
|    episodes        | 1040     |
|    fps             | 120      |
|    time_elapsed    | 1731     |
|    total_timesteps | 208000   |
| train/             |          |
|    actor_loss      | -186     |
|    critic_loss     | 9.26     |
|    ent_coef        | 0.177    |
|    ent_coef_loss   | -0.97    |
|    learning_rate   | 0.0003   |
|    n_updates       | 197999   |
---------------------------------
---------------------------------
| rollout/           |          |
|    ep_len_mean     | 200      |
|    ep_rew_mean     | 489      |
|    success_rate    | 0        |
| time/              |          |
|    episodes        | 1044     |
|    fps             | 120      |
|    time_elapsed    | 1738     |
|    total_timesteps | 208800   |
| train/             |          |
|    actor_loss      | -188     |
|    critic_loss     | 10.7     |
|    ent_coef        | 0.179    |
|    ent_coef_loss   | 0.725    |
|    learning_rate   | 0.0003   |
|    n_updates       | 198799   |
---------------------------------
---------------------------------
| rollout/           |          |
|    ep_len_mean     | 200      |
|    ep_rew_mean     | 496      |
|    success_rate    | 0        |
| time/              |          |
|    episodes        | 1048     |
|    fps             | 120      |
|    time_elapsed    | 1745     |
|    total_timesteps | 209600   |
| train/             |          |
|    actor_loss      | -199     |
|    critic_loss     | 36.3     |
|    ent_coef        | 0.173    |
|    ent_coef_loss   | -0.211   |
|    learning_rate   | 0.0003   |
|    n_updates       | 199599   |
---------------------------------
---------------------------------
| rollout/           |          |
|    ep_len_mean     | 200      |
|    ep_rew_mean     | 477      |
|    success_rate    | 0        |
| time/              |          |
|    episodes        | 1052     |
|    fps             | 120      |
|    time_elapsed    | 1752     |
|    total_timesteps | 210400   |
| train/             |          |
|    actor_loss      | -195     |
|    critic_loss     | 24.3     |
|    ent_coef        | 0.167    |
|    ent_coef_loss   | -0.151   |
|    learning_rate   | 0.0003   |
|    n_updates       | 200399   |
---------------------------------
---------------------------------
| rollout/           |          |
|    ep_len_mean     | 200      |
|    ep_rew_mean     | 477      |
|    success_rate    | 0        |
| time/              |          |
|    episodes        | 1056     |
|    fps             | 120      |
|    time_elapsed    | 1759     |
|    total_timesteps | 211200   |
| train/             |          |
|    actor_loss      | -182     |
|    critic_loss     | 82.8     |
|    ent_coef        | 0.154    |
|    ent_coef_loss   | -0.304   |
|    learning_rate   | 0.0003   |
|    n_updates       | 201199   |
---------------------------------
---------------------------------
| rollout/           |          |
|    ep_len_mean     | 200      |
|    ep_rew_mean     | 468      |
|    success_rate    | 0        |
| time/              |          |
|    episodes        | 1060     |
|    fps             | 119      |
|    time_elapsed    | 1766     |
|    total_timesteps | 212000   |
| train/             |          |
|    actor_loss      | -190     |
|    critic_loss     | 9.2      |
|    ent_coef        | 0.157    |
|    ent_coef_loss   | -0.87    |
|    learning_rate   | 0.0003   |
|    n_updates       | 201999   |
---------------------------------
---------------------------------
| rollout/           |          |
|    ep_len_mean     | 200      |
|    ep_rew_mean     | 473      |
|    success_rate    | 0        |
| time/              |          |
|    episodes        | 1064     |
|    fps             | 119      |
|    time_elapsed    | 1773     |
|    total_timesteps | 212800   |
| train/             |          |
|    actor_loss      | -196     |
|    critic_loss     | 18.1     |
|    ent_coef        | 0.159    |
|    ent_coef_loss   | 0.126    |
|    learning_rate   | 0.0003   |
|    n_updates       | 202799   |
---------------------------------
---------------------------------
| rollout/           |          |
|    ep_len_mean     | 200      |
|    ep_rew_mean     | 464      |
|    success_rate    | 0        |
| time/              |          |
|    episodes        | 1068     |
|    fps             | 119      |
|    time_elapsed    | 1780     |
|    total_timesteps | 213600   |
| train/             |          |
|    actor_loss      | -194     |
|    critic_loss     | 108      |
|    ent_coef        | 0.152    |
|    ent_coef_loss   | 0.341    |
|    learning_rate   | 0.0003   |
|    n_updates       | 203599   |
---------------------------------
---------------------------------
| rollout/           |          |
|    ep_len_mean     | 200      |
|    ep_rew_mean     | 445      |
|    success_rate    | 0        |
| time/              |          |
|    episodes        | 1072     |
|    fps             | 119      |
|    time_elapsed    | 1788     |
|    total_timesteps | 214400   |
| train/             |          |
|    actor_loss      | -189     |
|    critic_loss     | 72       |
|    ent_coef        | 0.146    |
|    ent_coef_loss   | -0.592   |
|    learning_rate   | 0.0003   |
|    n_updates       | 204399   |
---------------------------------
---------------------------------
| rollout/           |          |
|    ep_len_mean     | 200      |
|    ep_rew_mean     | 445      |
|    success_rate    | 0        |
| time/              |          |
|    episodes        | 1076     |
|    fps             | 119      |
|    time_elapsed    | 1795     |
|    total_timesteps | 215200   |
| train/             |          |
|    actor_loss      | -183     |
|    critic_loss     | 7.75     |
|    ent_coef        | 0.154    |
|    ent_coef_loss   | 1.78     |
|    learning_rate   | 0.0003   |
|    n_updates       | 205199   |
---------------------------------
---------------------------------
| rollout/           |          |
|    ep_len_mean     | 200      |
|    ep_rew_mean     | 421      |
|    success_rate    | 0        |
| time/              |          |
|    episodes        | 1080     |
|    fps             | 119      |
|    time_elapsed    | 1802     |
|    total_timesteps | 216000   |
| train/             |          |
|    actor_loss      | -196     |
|    critic_loss     | 95.5     |
|    ent_coef        | 0.165    |
|    ent_coef_loss   | -0.871   |
|    learning_rate   | 0.0003   |
|    n_updates       | 205999   |
---------------------------------
---------------------------------
| rollout/           |          |
|    ep_len_mean     | 200      |
|    ep_rew_mean     | 402      |
|    success_rate    | 0        |
| time/              |          |
|    episodes        | 1084     |
|    fps             | 119      |
|    time_elapsed    | 1809     |
|    total_timesteps | 216800   |
| train/             |          |
|    actor_loss      | -200     |
|    critic_loss     | 27.4     |
|    ent_coef        | 0.162    |
|    ent_coef_loss   | 1.09     |
|    learning_rate   | 0.0003   |
|    n_updates       | 206799   |
---------------------------------
---------------------------------
| rollout/           |          |
|    ep_len_mean     | 200      |
|    ep_rew_mean     | 381      |
|    success_rate    | 0        |
| time/              |          |
|    episodes        | 1088     |
|    fps             | 119      |
|    time_elapsed    | 1816     |
|    total_timesteps | 217600   |
| train/             |          |
|    actor_loss      | -192     |
|    critic_loss     | 41.1     |
|    ent_coef        | 0.164    |
|    ent_coef_loss   | 1.11     |
|    learning_rate   | 0.0003   |
|    n_updates       | 207599   |
---------------------------------
---------------------------------
| rollout/           |          |
|    ep_len_mean     | 200      |
|    ep_rew_mean     | 359      |
|    success_rate    | 0        |
| time/              |          |
|    episodes        | 1092     |
|    fps             | 119      |
|    time_elapsed    | 1823     |
|    total_timesteps | 218400   |
| train/             |          |
|    actor_loss      | -201     |
|    critic_loss     | 25.6     |
|    ent_coef        | 0.163    |
|    ent_coef_loss   | -0.929   |
|    learning_rate   | 0.0003   |
|    n_updates       | 208399   |
---------------------------------
---------------------------------
| rollout/           |          |
|    ep_len_mean     | 200      |
|    ep_rew_mean     | 352      |
|    success_rate    | 0        |
| time/              |          |
|    episodes        | 1096     |
|    fps             | 119      |
|    time_elapsed    | 1830     |
|    total_timesteps | 219200   |
| train/             |          |
|    actor_loss      | -190     |
|    critic_loss     | 56.5     |
|    ent_coef        | 0.16     |
|    ent_coef_loss   | 0.548    |
|    learning_rate   | 0.0003   |
|    n_updates       | 209199   |
---------------------------------
---------------------------------
| rollout/           |          |
|    ep_len_mean     | 200      |
|    ep_rew_mean     | 343      |
|    success_rate    | 0        |
| time/              |          |
|    episodes        | 1100     |
|    fps             | 119      |
|    time_elapsed    | 1838     |
|    total_timesteps | 220000   |
| train/             |          |
|    actor_loss      | -205     |
|    critic_loss     | 27.7     |
|    ent_coef        | 0.159    |
|    ent_coef_loss   | -1.6     |
|    learning_rate   | 0.0003   |
|    n_updates       | 209999   |
---------------------------------
---------------------------------
| rollout/           |          |
|    ep_len_mean     | 200      |
|    ep_rew_mean     | 325      |
|    success_rate    | 0        |
| time/              |          |
|    episodes        | 1104     |
|    fps             | 119      |
|    time_elapsed    | 1845     |
|    total_timesteps | 220800   |
| train/             |          |
|    actor_loss      | -197     |
|    critic_loss     | 57.9     |
|    ent_coef        | 0.149    |
|    ent_coef_loss   | 0.408    |
|    learning_rate   | 0.0003   |
|    n_updates       | 210799   |
---------------------------------
---------------------------------
| rollout/           |          |
|    ep_len_mean     | 200      |
|    ep_rew_mean     | 301      |
|    success_rate    | 0        |
| time/              |          |
|    episodes        | 1108     |
|    fps             | 119      |
|    time_elapsed    | 1852     |
|    total_timesteps | 221600   |
| train/             |          |
|    actor_loss      | -203     |
|    critic_loss     | 40       |
|    ent_coef        | 0.147    |
|    ent_coef_loss   | -0.542   |
|    learning_rate   | 0.0003   |
|    n_updates       | 211599   |
---------------------------------
---------------------------------
| rollout/           |          |
|    ep_len_mean     | 200      |
|    ep_rew_mean     | 300      |
|    success_rate    | 0        |
| time/              |          |
|    episodes        | 1112     |
|    fps             | 119      |
|    time_elapsed    | 1859     |
|    total_timesteps | 222400   |
| train/             |          |
|    actor_loss      | -197     |
|    critic_loss     | 8.81     |
|    ent_coef        | 0.136    |
|    ent_coef_loss   | -1.07    |
|    learning_rate   | 0.0003   |
|    n_updates       | 212399   |
---------------------------------
---------------------------------
| rollout/           |          |
|    ep_len_mean     | 200      |
|    ep_rew_mean     | 300      |
|    success_rate    | 0        |
| time/              |          |
|    episodes        | 1116     |
|    fps             | 119      |
|    time_elapsed    | 1866     |
|    total_timesteps | 223200   |
| train/             |          |
|    actor_loss      | -190     |
|    critic_loss     | 25.7     |
|    ent_coef        | 0.127    |
|    ent_coef_loss   | -0.365   |
|    learning_rate   | 0.0003   |
|    n_updates       | 213199   |
---------------------------------
---------------------------------
| rollout/           |          |
|    ep_len_mean     | 200      |
|    ep_rew_mean     | 276      |
|    success_rate    | 0        |
| time/              |          |
|    episodes        | 1120     |
|    fps             | 119      |
|    time_elapsed    | 1874     |
|    total_timesteps | 224000   |
| train/             |          |
|    actor_loss      | -198     |
|    critic_loss     | 25.6     |
|    ent_coef        | 0.125    |
|    ent_coef_loss   | -0.206   |
|    learning_rate   | 0.0003   |
|    n_updates       | 213999   |
---------------------------------
---------------------------------
| rollout/           |          |
|    ep_len_mean     | 200      |
|    ep_rew_mean     | 259      |
|    success_rate    | 0        |
| time/              |          |
|    episodes        | 1124     |
|    fps             | 119      |
|    time_elapsed    | 1881     |
|    total_timesteps | 224800   |
| train/             |          |
|    actor_loss      | -193     |
|    critic_loss     | 29.2     |
|    ent_coef        | 0.121    |
|    ent_coef_loss   | -0.288   |
|    learning_rate   | 0.0003   |
|    n_updates       | 214799   |
---------------------------------
Eval num_timesteps=225000, episode_reward=40.25 +/- 1.31
Episode length: 200.00 +/- 0.00
Success rate: 0.00%
---------------------------------
| eval/              |          |
|    mean_ep_length  | 200      |
|    mean_reward     | 40.2     |
|    success_rate    | 0        |
| time/              |          |
|    total_timesteps | 225000   |
| train/             |          |
|    actor_loss      | -192     |
|    critic_loss     | 9.63     |
|    ent_coef        | 0.119    |
|    ent_coef_loss   | -0.25    |
|    learning_rate   | 0.0003   |
|    n_updates       | 214999   |
---------------------------------
---------------------------------
| rollout/           |          |
|    ep_len_mean     | 200      |
|    ep_rew_mean     | 251      |
|    success_rate    | 0        |
| time/              |          |
|    episodes        | 1128     |
|    fps             | 119      |
|    time_elapsed    | 1890     |
|    total_timesteps | 225600   |
| train/             |          |
|    actor_loss      | -200     |
|    critic_loss     | 62.3     |
|    ent_coef        | 0.121    |
|    ent_coef_loss   | -0.0318  |
|    learning_rate   | 0.0003   |
|    n_updates       | 215599   |
---------------------------------
---------------------------------
| rollout/           |          |
|    ep_len_mean     | 200      |
|    ep_rew_mean     | 245      |
|    success_rate    | 0        |
| time/              |          |
|    episodes        | 1132     |
|    fps             | 119      |
|    time_elapsed    | 1897     |
|    total_timesteps | 226400   |
| train/             |          |
|    actor_loss      | -189     |
|    critic_loss     | 43.8     |
|    ent_coef        | 0.117    |
|    ent_coef_loss   | 0.276    |
|    learning_rate   | 0.0003   |
|    n_updates       | 216399   |
---------------------------------
---------------------------------
| rollout/           |          |
|    ep_len_mean     | 200      |
|    ep_rew_mean     | 236      |
|    success_rate    | 0        |
| time/              |          |
|    episodes        | 1136     |
|    fps             | 119      |
|    time_elapsed    | 1904     |
|    total_timesteps | 227200   |
| train/             |          |
|    actor_loss      | -193     |
|    critic_loss     | 21.8     |
|    ent_coef        | 0.121    |
|    ent_coef_loss   | -0.148   |
|    learning_rate   | 0.0003   |
|    n_updates       | 217199   |
---------------------------------
---------------------------------
| rollout/           |          |
|    ep_len_mean     | 200      |
|    ep_rew_mean     | 234      |
|    success_rate    | 0        |
| time/              |          |
|    episodes        | 1140     |
|    fps             | 119      |
|    time_elapsed    | 1911     |
|    total_timesteps | 228000   |
| train/             |          |
|    actor_loss      | -195     |
|    critic_loss     | 36.8     |
|    ent_coef        | 0.128    |
|    ent_coef_loss   | -1.35    |
|    learning_rate   | 0.0003   |
|    n_updates       | 217999   |
---------------------------------
---------------------------------
| rollout/           |          |
|    ep_len_mean     | 200      |
|    ep_rew_mean     | 221      |
|    success_rate    | 0        |
| time/              |          |
|    episodes        | 1144     |
|    fps             | 119      |
|    time_elapsed    | 1919     |
|    total_timesteps | 228800   |
| train/             |          |
|    actor_loss      | -195     |
|    critic_loss     | 42.9     |
|    ent_coef        | 0.144    |
|    ent_coef_loss   | 0.96     |
|    learning_rate   | 0.0003   |
|    n_updates       | 218799   |
---------------------------------
---------------------------------
| rollout/           |          |
|    ep_len_mean     | 200      |
|    ep_rew_mean     | 216      |
|    success_rate    | 0        |
| time/              |          |
|    episodes        | 1148     |
|    fps             | 119      |
|    time_elapsed    | 1925     |
|    total_timesteps | 229600   |
| train/             |          |
|    actor_loss      | -186     |
|    critic_loss     | 9.14     |
|    ent_coef        | 0.152    |
|    ent_coef_loss   | 0.0323   |
|    learning_rate   | 0.0003   |
|    n_updates       | 219599   |
---------------------------------
---------------------------------
| rollout/           |          |
|    ep_len_mean     | 200      |
|    ep_rew_mean     | 209      |
|    success_rate    | 0        |
| time/              |          |
|    episodes        | 1152     |
|    fps             | 119      |
|    time_elapsed    | 1932     |
|    total_timesteps | 230400   |
| train/             |          |
|    actor_loss      | -191     |
|    critic_loss     | 80.9     |
|    ent_coef        | 0.153    |
|    ent_coef_loss   | -0.286   |
|    learning_rate   | 0.0003   |
|    n_updates       | 220399   |
---------------------------------
---------------------------------
| rollout/           |          |
|    ep_len_mean     | 200      |
|    ep_rew_mean     | 214      |
|    success_rate    | 0        |
| time/              |          |
|    episodes        | 1156     |
|    fps             | 119      |
|    time_elapsed    | 1939     |
|    total_timesteps | 231200   |
| train/             |          |
|    actor_loss      | -189     |
|    critic_loss     | 21.7     |
|    ent_coef        | 0.151    |
|    ent_coef_loss   | -1.27    |
|    learning_rate   | 0.0003   |
|    n_updates       | 221199   |
---------------------------------
---------------------------------
| rollout/           |          |
|    ep_len_mean     | 200      |
|    ep_rew_mean     | 218      |
|    success_rate    | 0        |
| time/              |          |
|    episodes        | 1160     |
|    fps             | 119      |
|    time_elapsed    | 1946     |
|    total_timesteps | 232000   |
| train/             |          |
|    actor_loss      | -190     |
|    critic_loss     | 10.2     |
|    ent_coef        | 0.156    |
|    ent_coef_loss   | 0.314    |
|    learning_rate   | 0.0003   |
|    n_updates       | 221999   |
---------------------------------
---------------------------------
| rollout/           |          |
|    ep_len_mean     | 200      |
|    ep_rew_mean     | 217      |
|    success_rate    | 0        |
| time/              |          |
|    episodes        | 1164     |
|    fps             | 119      |
|    time_elapsed    | 1953     |
|    total_timesteps | 232800   |
| train/             |          |
|    actor_loss      | -184     |
|    critic_loss     | 31.8     |
|    ent_coef        | 0.161    |
|    ent_coef_loss   | 0.0491   |
|    learning_rate   | 0.0003   |
|    n_updates       | 222799   |
---------------------------------
---------------------------------
| rollout/           |          |
|    ep_len_mean     | 200      |
|    ep_rew_mean     | 232      |
|    success_rate    | 0        |
| time/              |          |
|    episodes        | 1168     |
|    fps             | 119      |
|    time_elapsed    | 1960     |
|    total_timesteps | 233600   |
| train/             |          |
|    actor_loss      | -191     |
|    critic_loss     | 8.08     |
|    ent_coef        | 0.155    |
|    ent_coef_loss   | -0.85    |
|    learning_rate   | 0.0003   |
|    n_updates       | 223599   |
---------------------------------
---------------------------------
| rollout/           |          |
|    ep_len_mean     | 200      |
|    ep_rew_mean     | 258      |
|    success_rate    | 0        |
| time/              |          |
|    episodes        | 1172     |
|    fps             | 119      |
|    time_elapsed    | 1967     |
|    total_timesteps | 234400   |
| train/             |          |
|    actor_loss      | -189     |
|    critic_loss     | 38.5     |
|    ent_coef        | 0.151    |
|    ent_coef_loss   | 0.293    |
|    learning_rate   | 0.0003   |
|    n_updates       | 224399   |
---------------------------------
---------------------------------
| rollout/           |          |
|    ep_len_mean     | 200      |
|    ep_rew_mean     | 245      |
|    success_rate    | 0        |
| time/              |          |
|    episodes        | 1176     |
|    fps             | 119      |
|    time_elapsed    | 1974     |
|    total_timesteps | 235200   |
| train/             |          |
|    actor_loss      | -194     |
|    critic_loss     | 156      |
|    ent_coef        | 0.158    |
|    ent_coef_loss   | -0.448   |
|    learning_rate   | 0.0003   |
|    n_updates       | 225199   |
---------------------------------
---------------------------------
| rollout/           |          |
|    ep_len_mean     | 200      |
|    ep_rew_mean     | 253      |
|    success_rate    | 0        |
| time/              |          |
|    episodes        | 1180     |
|    fps             | 119      |
|    time_elapsed    | 1981     |
|    total_timesteps | 236000   |
| train/             |          |
|    actor_loss      | -197     |
|    critic_loss     | 50.6     |
|    ent_coef        | 0.162    |
|    ent_coef_loss   | -0.0748  |
|    learning_rate   | 0.0003   |
|    n_updates       | 225999   |
---------------------------------
---------------------------------
| rollout/           |          |
|    ep_len_mean     | 200      |
|    ep_rew_mean     | 253      |
|    success_rate    | 0        |
| time/              |          |
|    episodes        | 1184     |
|    fps             | 119      |
|    time_elapsed    | 1988     |
|    total_timesteps | 236800   |
| train/             |          |
|    actor_loss      | -184     |
|    critic_loss     | 24.8     |
|    ent_coef        | 0.165    |
|    ent_coef_loss   | -1.31    |
|    learning_rate   | 0.0003   |
|    n_updates       | 226799   |
---------------------------------
---------------------------------
| rollout/           |          |
|    ep_len_mean     | 200      |
|    ep_rew_mean     | 264      |
|    success_rate    | 0        |
| time/              |          |
|    episodes        | 1188     |
|    fps             | 119      |
|    time_elapsed    | 1996     |
|    total_timesteps | 237600   |
| train/             |          |
|    actor_loss      | -188     |
|    critic_loss     | 69.1     |
|    ent_coef        | 0.166    |
|    ent_coef_loss   | 0.766    |
|    learning_rate   | 0.0003   |
|    n_updates       | 227599   |
---------------------------------
---------------------------------
| rollout/           |          |
|    ep_len_mean     | 200      |
|    ep_rew_mean     | 273      |
|    success_rate    | 0        |
| time/              |          |
|    episodes        | 1192     |
|    fps             | 119      |
|    time_elapsed    | 2003     |
|    total_timesteps | 238400   |
| train/             |          |
|    actor_loss      | -193     |
|    critic_loss     | 15.9     |
|    ent_coef        | 0.165    |
|    ent_coef_loss   | -0.954   |
|    learning_rate   | 0.0003   |
|    n_updates       | 228399   |
---------------------------------
---------------------------------
| rollout/           |          |
|    ep_len_mean     | 200      |
|    ep_rew_mean     | 280      |
|    success_rate    | 0        |
| time/              |          |
|    episodes        | 1196     |
|    fps             | 118      |
|    time_elapsed    | 2010     |
|    total_timesteps | 239200   |
| train/             |          |
|    actor_loss      | -195     |
|    critic_loss     | 33.9     |
|    ent_coef        | 0.165    |
|    ent_coef_loss   | 1.28     |
|    learning_rate   | 0.0003   |
|    n_updates       | 229199   |
---------------------------------
---------------------------------
| rollout/           |          |
|    ep_len_mean     | 200      |
|    ep_rew_mean     | 276      |
|    success_rate    | 0        |
| time/              |          |
|    episodes        | 1200     |
|    fps             | 118      |
|    time_elapsed    | 2017     |
|    total_timesteps | 240000   |
| train/             |          |
|    actor_loss      | -196     |
|    critic_loss     | 12.9     |
|    ent_coef        | 0.163    |
|    ent_coef_loss   | -0.259   |
|    learning_rate   | 0.0003   |
|    n_updates       | 229999   |
---------------------------------
---------------------------------
| rollout/           |          |
|    ep_len_mean     | 200      |
|    ep_rew_mean     | 298      |
|    success_rate    | 0        |
| time/              |          |
|    episodes        | 1204     |
|    fps             | 118      |
|    time_elapsed    | 2024     |
|    total_timesteps | 240800   |
| train/             |          |
|    actor_loss      | -200     |
|    critic_loss     | 42.5     |
|    ent_coef        | 0.157    |
|    ent_coef_loss   | -0.127   |
|    learning_rate   | 0.0003   |
|    n_updates       | 230799   |
---------------------------------
---------------------------------
| rollout/           |          |
|    ep_len_mean     | 200      |
|    ep_rew_mean     | 331      |
|    success_rate    | 0        |
| time/              |          |
|    episodes        | 1208     |
|    fps             | 118      |
|    time_elapsed    | 2031     |
|    total_timesteps | 241600   |
| train/             |          |
|    actor_loss      | -190     |
|    critic_loss     | 68.5     |
|    ent_coef        | 0.153    |
|    ent_coef_loss   | -1.35    |
|    learning_rate   | 0.0003   |
|    n_updates       | 231599   |
---------------------------------
---------------------------------
| rollout/           |          |
|    ep_len_mean     | 200      |
|    ep_rew_mean     | 336      |
|    success_rate    | 0        |
| time/              |          |
|    episodes        | 1212     |
|    fps             | 118      |
|    time_elapsed    | 2038     |
|    total_timesteps | 242400   |
| train/             |          |
|    actor_loss      | -194     |
|    critic_loss     | 32.7     |
|    ent_coef        | 0.15     |
|    ent_coef_loss   | -0.138   |
|    learning_rate   | 0.0003   |
|    n_updates       | 232399   |
---------------------------------
---------------------------------
| rollout/           |          |
|    ep_len_mean     | 200      |
|    ep_rew_mean     | 356      |
|    success_rate    | 0        |
| time/              |          |
|    episodes        | 1216     |
|    fps             | 118      |
|    time_elapsed    | 2045     |
|    total_timesteps | 243200   |
| train/             |          |
|    actor_loss      | -194     |
|    critic_loss     | 54.3     |
|    ent_coef        | 0.149    |
|    ent_coef_loss   | -1.75    |
|    learning_rate   | 0.0003   |
|    n_updates       | 233199   |
---------------------------------
---------------------------------
| rollout/           |          |
|    ep_len_mean     | 200      |
|    ep_rew_mean     | 368      |
|    success_rate    | 0        |
| time/              |          |
|    episodes        | 1220     |
|    fps             | 118      |
|    time_elapsed    | 2052     |
|    total_timesteps | 244000   |
| train/             |          |
|    actor_loss      | -202     |
|    critic_loss     | 33.3     |
|    ent_coef        | 0.149    |
|    ent_coef_loss   | 0.56     |
|    learning_rate   | 0.0003   |
|    n_updates       | 233999   |
---------------------------------
---------------------------------
| rollout/           |          |
|    ep_len_mean     | 200      |
|    ep_rew_mean     | 383      |
|    success_rate    | 0        |
| time/              |          |
|    episodes        | 1224     |
|    fps             | 118      |
|    time_elapsed    | 2059     |
|    total_timesteps | 244800   |
| train/             |          |
|    actor_loss      | -197     |
|    critic_loss     | 18       |
|    ent_coef        | 0.15     |
|    ent_coef_loss   | -0.0192  |
|    learning_rate   | 0.0003   |
|    n_updates       | 234799   |
---------------------------------
---------------------------------
| rollout/           |          |
|    ep_len_mean     | 200      |
|    ep_rew_mean     | 398      |
|    success_rate    | 0        |
| time/              |          |
|    episodes        | 1228     |
|    fps             | 118      |
|    time_elapsed    | 2066     |
|    total_timesteps | 245600   |
| train/             |          |
|    actor_loss      | -197     |
|    critic_loss     | 25.6     |
|    ent_coef        | 0.16     |
|    ent_coef_loss   | -0.155   |
|    learning_rate   | 0.0003   |
|    n_updates       | 235599   |
---------------------------------
---------------------------------
| rollout/           |          |
|    ep_len_mean     | 200      |
|    ep_rew_mean     | 408      |
|    success_rate    | 0        |
| time/              |          |
|    episodes        | 1232     |
|    fps             | 118      |
|    time_elapsed    | 2073     |
|    total_timesteps | 246400   |
| train/             |          |
|    actor_loss      | -202     |
|    critic_loss     | 37       |
|    ent_coef        | 0.148    |
|    ent_coef_loss   | 0.368    |
|    learning_rate   | 0.0003   |
|    n_updates       | 236399   |
---------------------------------
---------------------------------
| rollout/           |          |
|    ep_len_mean     | 200      |
|    ep_rew_mean     | 408      |
|    success_rate    | 0        |
| time/              |          |
|    episodes        | 1236     |
|    fps             | 118      |
|    time_elapsed    | 2080     |
|    total_timesteps | 247200   |
| train/             |          |
|    actor_loss      | -198     |
|    critic_loss     | 82.5     |
|    ent_coef        | 0.158    |
|    ent_coef_loss   | 0.41     |
|    learning_rate   | 0.0003   |
|    n_updates       | 237199   |
---------------------------------
---------------------------------
| rollout/           |          |
|    ep_len_mean     | 200      |
|    ep_rew_mean     | 396      |
|    success_rate    | 0        |
| time/              |          |
|    episodes        | 1240     |
|    fps             | 118      |
|    time_elapsed    | 2087     |
|    total_timesteps | 248000   |
| train/             |          |
|    actor_loss      | -200     |
|    critic_loss     | 15.2     |
|    ent_coef        | 0.154    |
|    ent_coef_loss   | 0.129    |
|    learning_rate   | 0.0003   |
|    n_updates       | 237999   |
---------------------------------
---------------------------------
| rollout/           |          |
|    ep_len_mean     | 200      |
|    ep_rew_mean     | 403      |
|    success_rate    | 0        |
| time/              |          |
|    episodes        | 1244     |
|    fps             | 118      |
|    time_elapsed    | 2093     |
|    total_timesteps | 248800   |
| train/             |          |
|    actor_loss      | -207     |
|    critic_loss     | 22.8     |
|    ent_coef        | 0.152    |
|    ent_coef_loss   | 0.366    |
|    learning_rate   | 0.0003   |
|    n_updates       | 238799   |
---------------------------------
---------------------------------
| rollout/           |          |
|    ep_len_mean     | 200      |
|    ep_rew_mean     | 405      |
|    success_rate    | 0        |
| time/              |          |
|    episodes        | 1248     |
|    fps             | 118      |
|    time_elapsed    | 2100     |
|    total_timesteps | 249600   |
| train/             |          |
|    actor_loss      | -198     |
|    critic_loss     | 10.5     |
|    ent_coef        | 0.152    |
|    ent_coef_loss   | 0.0319   |
|    learning_rate   | 0.0003   |
|    n_updates       | 239599   |
---------------------------------
Eval num_timesteps=250000, episode_reward=397.25 +/- 405.51
Episode length: 200.00 +/- 0.00
Success rate: 0.00%
---------------------------------
| eval/              |          |
|    mean_ep_length  | 200      |
|    mean_reward     | 397      |
|    success_rate    | 0        |
| time/              |          |
|    total_timesteps | 250000   |
| train/             |          |
|    actor_loss      | -189     |
|    critic_loss     | 24.7     |
|    ent_coef        | 0.152    |
|    ent_coef_loss   | 0.219    |
|    learning_rate   | 0.0003   |
|    n_updates       | 239999   |
---------------------------------
---------------------------------
| rollout/           |          |
|    ep_len_mean     | 200      |
|    ep_rew_mean     | 410      |
|    success_rate    | 0        |
| time/              |          |
|    episodes        | 1252     |
|    fps             | 118      |
|    time_elapsed    | 2108     |
|    total_timesteps | 250400   |
| train/             |          |
|    actor_loss      | -199     |
|    critic_loss     | 36       |
|    ent_coef        | 0.148    |
|    ent_coef_loss   | -0.181   |
|    learning_rate   | 0.0003   |
|    n_updates       | 240399   |
---------------------------------
---------------------------------
| rollout/           |          |
|    ep_len_mean     | 200      |
|    ep_rew_mean     | 398      |
|    success_rate    | 0        |
| time/              |          |
|    episodes        | 1256     |
|    fps             | 118      |
|    time_elapsed    | 2115     |
|    total_timesteps | 251200   |
| train/             |          |
|    actor_loss      | -201     |
|    critic_loss     | 12.3     |
|    ent_coef        | 0.155    |
|    ent_coef_loss   | 0.164    |
|    learning_rate   | 0.0003   |
|    n_updates       | 241199   |
---------------------------------
---------------------------------
| rollout/           |          |
|    ep_len_mean     | 200      |
|    ep_rew_mean     | 384      |
|    success_rate    | 0        |
| time/              |          |
|    episodes        | 1260     |
|    fps             | 118      |
|    time_elapsed    | 2122     |
|    total_timesteps | 252000   |
| train/             |          |
|    actor_loss      | -196     |
|    critic_loss     | 60.2     |
|    ent_coef        | 0.158    |
|    ent_coef_loss   | 1.42     |
|    learning_rate   | 0.0003   |
|    n_updates       | 241999   |
---------------------------------
---------------------------------
| rollout/           |          |
|    ep_len_mean     | 200      |
|    ep_rew_mean     | 385      |
|    success_rate    | 0        |
| time/              |          |
|    episodes        | 1264     |
|    fps             | 118      |
|    time_elapsed    | 2129     |
|    total_timesteps | 252800   |
| train/             |          |
|    actor_loss      | -201     |
|    critic_loss     | 30.4     |
|    ent_coef        | 0.153    |
|    ent_coef_loss   | 1.1      |
|    learning_rate   | 0.0003   |
|    n_updates       | 242799   |
---------------------------------
---------------------------------
| rollout/           |          |
|    ep_len_mean     | 200      |
|    ep_rew_mean     | 384      |
|    success_rate    | 0        |
| time/              |          |
|    episodes        | 1268     |
|    fps             | 118      |
|    time_elapsed    | 2136     |
|    total_timesteps | 253600   |
| train/             |          |
|    actor_loss      | -196     |
|    critic_loss     | 29.5     |
|    ent_coef        | 0.152    |
|    ent_coef_loss   | 0.385    |
|    learning_rate   | 0.0003   |
|    n_updates       | 243599   |
---------------------------------
---------------------------------
| rollout/           |          |
|    ep_len_mean     | 200      |
|    ep_rew_mean     | 379      |
|    success_rate    | 0        |
| time/              |          |
|    episodes        | 1272     |
|    fps             | 118      |
|    time_elapsed    | 2143     |
|    total_timesteps | 254400   |
| train/             |          |
|    actor_loss      | -196     |
|    critic_loss     | 18.5     |
|    ent_coef        | 0.145    |
|    ent_coef_loss   | 0.496    |
|    learning_rate   | 0.0003   |
|    n_updates       | 244399   |
---------------------------------
---------------------------------
| rollout/           |          |
|    ep_len_mean     | 200      |
|    ep_rew_mean     | 392      |
|    success_rate    | 0        |
| time/              |          |
|    episodes        | 1276     |
|    fps             | 118      |
|    time_elapsed    | 2150     |
|    total_timesteps | 255200   |
| train/             |          |
|    actor_loss      | -193     |
|    critic_loss     | 17.8     |
|    ent_coef        | 0.143    |
|    ent_coef_loss   | -0.305   |
|    learning_rate   | 0.0003   |
|    n_updates       | 245199   |
---------------------------------
---------------------------------
| rollout/           |          |
|    ep_len_mean     | 200      |
|    ep_rew_mean     | 394      |
|    success_rate    | 0        |
| time/              |          |
|    episodes        | 1280     |
|    fps             | 118      |
|    time_elapsed    | 2157     |
|    total_timesteps | 256000   |
| train/             |          |
|    actor_loss      | -190     |
|    critic_loss     | 25.7     |
|    ent_coef        | 0.137    |
|    ent_coef_loss   | 0.737    |
|    learning_rate   | 0.0003   |
|    n_updates       | 245999   |
---------------------------------
---------------------------------
| rollout/           |          |
|    ep_len_mean     | 200      |
|    ep_rew_mean     | 404      |
|    success_rate    | 0        |
| time/              |          |
|    episodes        | 1284     |
|    fps             | 118      |
|    time_elapsed    | 2164     |
|    total_timesteps | 256800   |
| train/             |          |
|    actor_loss      | -193     |
|    critic_loss     | 19.3     |
|    ent_coef        | 0.135    |
|    ent_coef_loss   | 0.00453  |
|    learning_rate   | 0.0003   |
|    n_updates       | 246799   |
---------------------------------
---------------------------------
| rollout/           |          |
|    ep_len_mean     | 200      |
|    ep_rew_mean     | 399      |
|    success_rate    | 0        |
| time/              |          |
|    episodes        | 1288     |
|    fps             | 118      |
|    time_elapsed    | 2171     |
|    total_timesteps | 257600   |
| train/             |          |
|    actor_loss      | -191     |
|    critic_loss     | 11.9     |
|    ent_coef        | 0.134    |
|    ent_coef_loss   | -0.0161  |
|    learning_rate   | 0.0003   |
|    n_updates       | 247599   |
---------------------------------
---------------------------------
| rollout/           |          |
|    ep_len_mean     | 200      |
|    ep_rew_mean     | 407      |
|    success_rate    | 0        |
| time/              |          |
|    episodes        | 1292     |
|    fps             | 118      |
|    time_elapsed    | 2179     |
|    total_timesteps | 258400   |
| train/             |          |
|    actor_loss      | -193     |
|    critic_loss     | 45.4     |
|    ent_coef        | 0.134    |
|    ent_coef_loss   | 0.844    |
|    learning_rate   | 0.0003   |
|    n_updates       | 248399   |
---------------------------------
---------------------------------
| rollout/           |          |
|    ep_len_mean     | 200      |
|    ep_rew_mean     | 424      |
|    success_rate    | 0        |
| time/              |          |
|    episodes        | 1296     |
|    fps             | 118      |
|    time_elapsed    | 2185     |
|    total_timesteps | 259200   |
| train/             |          |
|    actor_loss      | -191     |
|    critic_loss     | 30.7     |
|    ent_coef        | 0.124    |
|    ent_coef_loss   | 0.69     |
|    learning_rate   | 0.0003   |
|    n_updates       | 249199   |
---------------------------------
---------------------------------
| rollout/           |          |
|    ep_len_mean     | 200      |
|    ep_rew_mean     | 433      |
|    success_rate    | 0        |
| time/              |          |
|    episodes        | 1300     |
|    fps             | 118      |
|    time_elapsed    | 2192     |
|    total_timesteps | 260000   |
| train/             |          |
|    actor_loss      | -201     |
|    critic_loss     | 12.5     |
|    ent_coef        | 0.13     |
|    ent_coef_loss   | -0.621   |
|    learning_rate   | 0.0003   |
|    n_updates       | 249999   |
---------------------------------
---------------------------------
| rollout/           |          |
|    ep_len_mean     | 200      |
|    ep_rew_mean     | 434      |
|    success_rate    | 0        |
| time/              |          |
|    episodes        | 1304     |
|    fps             | 118      |
|    time_elapsed    | 2199     |
|    total_timesteps | 260800   |
| train/             |          |
|    actor_loss      | -185     |
|    critic_loss     | 79.3     |
|    ent_coef        | 0.128    |
|    ent_coef_loss   | -0.0886  |
|    learning_rate   | 0.0003   |
|    n_updates       | 250799   |
---------------------------------
---------------------------------
| rollout/           |          |
|    ep_len_mean     | 200      |
|    ep_rew_mean     | 417      |
|    success_rate    | 0        |
| time/              |          |
|    episodes        | 1308     |
|    fps             | 118      |
|    time_elapsed    | 2206     |
|    total_timesteps | 261600   |
| train/             |          |
|    actor_loss      | -200     |
|    critic_loss     | 40.5     |
|    ent_coef        | 0.123    |
|    ent_coef_loss   | -0.18    |
|    learning_rate   | 0.0003   |
|    n_updates       | 251599   |
---------------------------------
---------------------------------
| rollout/           |          |
|    ep_len_mean     | 200      |
|    ep_rew_mean     | 426      |
|    success_rate    | 0        |
| time/              |          |
|    episodes        | 1312     |
|    fps             | 118      |
|    time_elapsed    | 2213     |
|    total_timesteps | 262400   |
| train/             |          |
|    actor_loss      | -181     |
|    critic_loss     | 43.7     |
|    ent_coef        | 0.121    |
|    ent_coef_loss   | -0.324   |
|    learning_rate   | 0.0003   |
|    n_updates       | 252399   |
---------------------------------
---------------------------------
| rollout/           |          |
|    ep_len_mean     | 200      |
|    ep_rew_mean     | 417      |
|    success_rate    | 0        |
| time/              |          |
|    episodes        | 1316     |
|    fps             | 118      |
|    time_elapsed    | 2220     |
|    total_timesteps | 263200   |
| train/             |          |
|    actor_loss      | -194     |
|    critic_loss     | 30.5     |
|    ent_coef        | 0.131    |
|    ent_coef_loss   | -1.34    |
|    learning_rate   | 0.0003   |
|    n_updates       | 253199   |
---------------------------------
---------------------------------
| rollout/           |          |
|    ep_len_mean     | 200      |
|    ep_rew_mean     | 436      |
|    success_rate    | 0        |
| time/              |          |
|    episodes        | 1320     |
|    fps             | 118      |
|    time_elapsed    | 2227     |
|    total_timesteps | 264000   |
| train/             |          |
|    actor_loss      | -189     |
|    critic_loss     | 156      |
|    ent_coef        | 0.122    |
|    ent_coef_loss   | 0.794    |
|    learning_rate   | 0.0003   |
|    n_updates       | 253999   |
---------------------------------
---------------------------------
| rollout/           |          |
|    ep_len_mean     | 200      |
|    ep_rew_mean     | 430      |
|    success_rate    | 0        |
| time/              |          |
|    episodes        | 1324     |
|    fps             | 118      |
|    time_elapsed    | 2234     |
|    total_timesteps | 264800   |
| train/             |          |
|    actor_loss      | -201     |
|    critic_loss     | 69.1     |
|    ent_coef        | 0.124    |
|    ent_coef_loss   | -0.194   |
|    learning_rate   | 0.0003   |
|    n_updates       | 254799   |
---------------------------------
---------------------------------
| rollout/           |          |
|    ep_len_mean     | 200      |
|    ep_rew_mean     | 425      |
|    success_rate    | 0        |
| time/              |          |
|    episodes        | 1328     |
|    fps             | 118      |
|    time_elapsed    | 2242     |
|    total_timesteps | 265600   |
| train/             |          |
|    actor_loss      | -193     |
|    critic_loss     | 22.2     |
|    ent_coef        | 0.125    |
|    ent_coef_loss   | -0.346   |
|    learning_rate   | 0.0003   |
|    n_updates       | 255599   |
---------------------------------
---------------------------------
| rollout/           |          |
|    ep_len_mean     | 200      |
|    ep_rew_mean     | 421      |
|    success_rate    | 0        |
| time/              |          |
|    episodes        | 1332     |
|    fps             | 118      |
|    time_elapsed    | 2249     |
|    total_timesteps | 266400   |
| train/             |          |
|    actor_loss      | -194     |
|    critic_loss     | 80.9     |
|    ent_coef        | 0.126    |
|    ent_coef_loss   | 1.36     |
|    learning_rate   | 0.0003   |
|    n_updates       | 256399   |
---------------------------------
---------------------------------
| rollout/           |          |
|    ep_len_mean     | 200      |
|    ep_rew_mean     | 438      |
|    success_rate    | 0        |
| time/              |          |
|    episodes        | 1336     |
|    fps             | 118      |
|    time_elapsed    | 2256     |
|    total_timesteps | 267200   |
| train/             |          |
|    actor_loss      | -192     |
|    critic_loss     | 15.6     |
|    ent_coef        | 0.122    |
|    ent_coef_loss   | 0.302    |
|    learning_rate   | 0.0003   |
|    n_updates       | 257199   |
---------------------------------
---------------------------------
| rollout/           |          |
|    ep_len_mean     | 200      |
|    ep_rew_mean     | 439      |
|    success_rate    | 0        |
| time/              |          |
|    episodes        | 1340     |
|    fps             | 118      |
|    time_elapsed    | 2263     |
|    total_timesteps | 268000   |
| train/             |          |
|    actor_loss      | -196     |
|    critic_loss     | 29.5     |
|    ent_coef        | 0.118    |
|    ent_coef_loss   | 1.01     |
|    learning_rate   | 0.0003   |
|    n_updates       | 257999   |
---------------------------------
---------------------------------
| rollout/           |          |
|    ep_len_mean     | 200      |
|    ep_rew_mean     | 442      |
|    success_rate    | 0        |
| time/              |          |
|    episodes        | 1344     |
|    fps             | 118      |
|    time_elapsed    | 2270     |
|    total_timesteps | 268800   |
| train/             |          |
|    actor_loss      | -197     |
|    critic_loss     | 13       |
|    ent_coef        | 0.121    |
|    ent_coef_loss   | 0.132    |
|    learning_rate   | 0.0003   |
|    n_updates       | 258799   |
---------------------------------
---------------------------------
| rollout/           |          |
|    ep_len_mean     | 200      |
|    ep_rew_mean     | 462      |
|    success_rate    | 0        |
| time/              |          |
|    episodes        | 1348     |
|    fps             | 118      |
|    time_elapsed    | 2277     |
|    total_timesteps | 269600   |
| train/             |          |
|    actor_loss      | -194     |
|    critic_loss     | 24.7     |
|    ent_coef        | 0.118    |
|    ent_coef_loss   | 1.82     |
|    learning_rate   | 0.0003   |
|    n_updates       | 259599   |
---------------------------------
---------------------------------
| rollout/           |          |
|    ep_len_mean     | 200      |
|    ep_rew_mean     | 477      |
|    success_rate    | 0        |
| time/              |          |
|    episodes        | 1352     |
|    fps             | 118      |
|    time_elapsed    | 2284     |
|    total_timesteps | 270400   |
| train/             |          |
|    actor_loss      | -196     |
|    critic_loss     | 45.3     |
|    ent_coef        | 0.111    |
|    ent_coef_loss   | -0.584   |
|    learning_rate   | 0.0003   |
|    n_updates       | 260399   |
---------------------------------
---------------------------------
| rollout/           |          |
|    ep_len_mean     | 200      |
|    ep_rew_mean     | 501      |
|    success_rate    | 0        |
| time/              |          |
|    episodes        | 1356     |
|    fps             | 118      |
|    time_elapsed    | 2291     |
|    total_timesteps | 271200   |
| train/             |          |
|    actor_loss      | -201     |
|    critic_loss     | 34.7     |
|    ent_coef        | 0.115    |
|    ent_coef_loss   | -0.895   |
|    learning_rate   | 0.0003   |
|    n_updates       | 261199   |
---------------------------------
---------------------------------
| rollout/           |          |
|    ep_len_mean     | 200      |
|    ep_rew_mean     | 517      |
|    success_rate    | 0        |
| time/              |          |
|    episodes        | 1360     |
|    fps             | 118      |
|    time_elapsed    | 2298     |
|    total_timesteps | 272000   |
| train/             |          |
|    actor_loss      | -204     |
|    critic_loss     | 12.8     |
|    ent_coef        | 0.11     |
|    ent_coef_loss   | -1.53    |
|    learning_rate   | 0.0003   |
|    n_updates       | 261999   |
---------------------------------
---------------------------------
| rollout/           |          |
|    ep_len_mean     | 200      |
|    ep_rew_mean     | 525      |
|    success_rate    | 0        |
| time/              |          |
|    episodes        | 1364     |
|    fps             | 118      |
|    time_elapsed    | 2305     |
|    total_timesteps | 272800   |
| train/             |          |
|    actor_loss      | -205     |
|    critic_loss     | 15.4     |
|    ent_coef        | 0.112    |
|    ent_coef_loss   | 0.241    |
|    learning_rate   | 0.0003   |
|    n_updates       | 262799   |
---------------------------------
---------------------------------
| rollout/           |          |
|    ep_len_mean     | 200      |
|    ep_rew_mean     | 543      |
|    success_rate    | 0        |
| time/              |          |
|    episodes        | 1368     |
|    fps             | 118      |
|    time_elapsed    | 2312     |
|    total_timesteps | 273600   |
| train/             |          |
|    actor_loss      | -211     |
|    critic_loss     | 23.6     |
|    ent_coef        | 0.117    |
|    ent_coef_loss   | 1.16     |
|    learning_rate   | 0.0003   |
|    n_updates       | 263599   |
---------------------------------
---------------------------------
| rollout/           |          |
|    ep_len_mean     | 200      |
|    ep_rew_mean     | 555      |
|    success_rate    | 0        |
| time/              |          |
|    episodes        | 1372     |
|    fps             | 118      |
|    time_elapsed    | 2319     |
|    total_timesteps | 274400   |
| train/             |          |
|    actor_loss      | -203     |
|    critic_loss     | 12.7     |
|    ent_coef        | 0.126    |
|    ent_coef_loss   | -0.0912  |
|    learning_rate   | 0.0003   |
|    n_updates       | 264399   |
---------------------------------
Eval num_timesteps=275000, episode_reward=912.11 +/- 5.20
Episode length: 200.00 +/- 0.00
Success rate: 0.00%
---------------------------------
| eval/              |          |
|    mean_ep_length  | 200      |
|    mean_reward     | 912      |
|    success_rate    | 0        |
| time/              |          |
|    total_timesteps | 275000   |
| train/             |          |
|    actor_loss      | -199     |
|    critic_loss     | 23.2     |
|    ent_coef        | 0.128    |
|    ent_coef_loss   | -1.33    |
|    learning_rate   | 0.0003   |
|    n_updates       | 264999   |
---------------------------------
New best mean reward!
---------------------------------
| rollout/           |          |
|    ep_len_mean     | 200      |
|    ep_rew_mean     | 569      |
|    success_rate    | 0        |
| time/              |          |
|    episodes        | 1376     |
|    fps             | 118      |
|    time_elapsed    | 2327     |
|    total_timesteps | 275200   |
| train/             |          |
|    actor_loss      | -210     |
|    critic_loss     | 47.8     |
|    ent_coef        | 0.124    |
|    ent_coef_loss   | -0.562   |
|    learning_rate   | 0.0003   |
|    n_updates       | 265199   |
---------------------------------
---------------------------------
| rollout/           |          |
|    ep_len_mean     | 200      |
|    ep_rew_mean     | 591      |
|    success_rate    | 0        |
| time/              |          |
|    episodes        | 1380     |
|    fps             | 118      |
|    time_elapsed    | 2334     |
|    total_timesteps | 276000   |
| train/             |          |
|    actor_loss      | -211     |
|    critic_loss     | 24.6     |
|    ent_coef        | 0.12     |
|    ent_coef_loss   | -0.00606 |
|    learning_rate   | 0.0003   |
|    n_updates       | 265999   |
---------------------------------
---------------------------------
| rollout/           |          |
|    ep_len_mean     | 200      |
|    ep_rew_mean     | 605      |
|    success_rate    | 0        |
| time/              |          |
|    episodes        | 1384     |
|    fps             | 118      |
|    time_elapsed    | 2340     |
|    total_timesteps | 276800   |
| train/             |          |
|    actor_loss      | -204     |
|    critic_loss     | 19.3     |
|    ent_coef        | 0.117    |
|    ent_coef_loss   | -0.133   |
|    learning_rate   | 0.0003   |
|    n_updates       | 266799   |
---------------------------------
---------------------------------
| rollout/           |          |
|    ep_len_mean     | 200      |
|    ep_rew_mean     | 620      |
|    success_rate    | 0        |
| time/              |          |
|    episodes        | 1388     |
|    fps             | 118      |
|    time_elapsed    | 2347     |
|    total_timesteps | 277600   |
| train/             |          |
|    actor_loss      | -211     |
|    critic_loss     | 12.8     |
|    ent_coef        | 0.124    |
|    ent_coef_loss   | -0.282   |
|    learning_rate   | 0.0003   |
|    n_updates       | 267599   |
---------------------------------
---------------------------------
| rollout/           |          |
|    ep_len_mean     | 200      |
|    ep_rew_mean     | 629      |
|    success_rate    | 0        |
| time/              |          |
|    episodes        | 1392     |
|    fps             | 118      |
|    time_elapsed    | 2354     |
|    total_timesteps | 278400   |
| train/             |          |
|    actor_loss      | -202     |
|    critic_loss     | 20.2     |
|    ent_coef        | 0.119    |
|    ent_coef_loss   | 0.478    |
|    learning_rate   | 0.0003   |
|    n_updates       | 268399   |
---------------------------------
---------------------------------
| rollout/           |          |
|    ep_len_mean     | 200      |
|    ep_rew_mean     | 625      |
|    success_rate    | 0        |
| time/              |          |
|    episodes        | 1396     |
|    fps             | 118      |
|    time_elapsed    | 2361     |
|    total_timesteps | 279200   |
| train/             |          |
|    actor_loss      | -206     |
|    critic_loss     | 45.3     |
|    ent_coef        | 0.123    |
|    ent_coef_loss   | 1.41     |
|    learning_rate   | 0.0003   |
|    n_updates       | 269199   |
---------------------------------
---------------------------------
| rollout/           |          |
|    ep_len_mean     | 200      |
|    ep_rew_mean     | 638      |
|    success_rate    | 0        |
| time/              |          |
|    episodes        | 1400     |
|    fps             | 118      |
|    time_elapsed    | 2368     |
|    total_timesteps | 280000   |
| train/             |          |
|    actor_loss      | -219     |
|    critic_loss     | 84.3     |
|    ent_coef        | 0.129    |
|    ent_coef_loss   | -0.117   |
|    learning_rate   | 0.0003   |
|    n_updates       | 269999   |
---------------------------------
---------------------------------
| rollout/           |          |
|    ep_len_mean     | 200      |
|    ep_rew_mean     | 635      |
|    success_rate    | 0        |
| time/              |          |
|    episodes        | 1404     |
|    fps             | 118      |
|    time_elapsed    | 2375     |
|    total_timesteps | 280800   |
| train/             |          |
|    actor_loss      | -214     |
|    critic_loss     | 19.7     |
|    ent_coef        | 0.128    |
|    ent_coef_loss   | 0.956    |
|    learning_rate   | 0.0003   |
|    n_updates       | 270799   |
---------------------------------
---------------------------------
| rollout/           |          |
|    ep_len_mean     | 200      |
|    ep_rew_mean     | 641      |
|    success_rate    | 0        |
| time/              |          |
|    episodes        | 1408     |
|    fps             | 118      |
|    time_elapsed    | 2382     |
|    total_timesteps | 281600   |
| train/             |          |
|    actor_loss      | -210     |
|    critic_loss     | 21       |
|    ent_coef        | 0.12     |
|    ent_coef_loss   | -1.07    |
|    learning_rate   | 0.0003   |
|    n_updates       | 271599   |
---------------------------------
---------------------------------
| rollout/           |          |
|    ep_len_mean     | 200      |
|    ep_rew_mean     | 652      |
|    success_rate    | 0        |
| time/              |          |
|    episodes        | 1412     |
|    fps             | 118      |
|    time_elapsed    | 2389     |
|    total_timesteps | 282400   |
| train/             |          |
|    actor_loss      | -201     |
|    critic_loss     | 30.2     |
|    ent_coef        | 0.122    |
|    ent_coef_loss   | 0.724    |
|    learning_rate   | 0.0003   |
|    n_updates       | 272399   |
---------------------------------
---------------------------------
| rollout/           |          |
|    ep_len_mean     | 200      |
|    ep_rew_mean     | 669      |
|    success_rate    | 0        |
| time/              |          |
|    episodes        | 1416     |
|    fps             | 118      |
|    time_elapsed    | 2396     |
|    total_timesteps | 283200   |
| train/             |          |
|    actor_loss      | -214     |
|    critic_loss     | 55.3     |
|    ent_coef        | 0.119    |
|    ent_coef_loss   | -0.308   |
|    learning_rate   | 0.0003   |
|    n_updates       | 273199   |
---------------------------------
---------------------------------
| rollout/           |          |
|    ep_len_mean     | 200      |
|    ep_rew_mean     | 665      |
|    success_rate    | 0        |
| time/              |          |
|    episodes        | 1420     |
|    fps             | 118      |
|    time_elapsed    | 2403     |
|    total_timesteps | 284000   |
| train/             |          |
|    actor_loss      | -222     |
|    critic_loss     | 19.2     |
|    ent_coef        | 0.12     |
|    ent_coef_loss   | -0.0812  |
|    learning_rate   | 0.0003   |
|    n_updates       | 273999   |
---------------------------------
---------------------------------
| rollout/           |          |
|    ep_len_mean     | 200      |
|    ep_rew_mean     | 685      |
|    success_rate    | 0        |
| time/              |          |
|    episodes        | 1424     |
|    fps             | 118      |
|    time_elapsed    | 2410     |
|    total_timesteps | 284800   |
| train/             |          |
|    actor_loss      | -207     |
|    critic_loss     | 14       |
|    ent_coef        | 0.121    |
|    ent_coef_loss   | -0.287   |
|    learning_rate   | 0.0003   |
|    n_updates       | 274799   |
---------------------------------
---------------------------------
| rollout/           |          |
|    ep_len_mean     | 200      |
|    ep_rew_mean     | 707      |
|    success_rate    | 0        |
| time/              |          |
|    episodes        | 1428     |
|    fps             | 118      |
|    time_elapsed    | 2417     |
|    total_timesteps | 285600   |
| train/             |          |
|    actor_loss      | -218     |
|    critic_loss     | 77.4     |
|    ent_coef        | 0.118    |
|    ent_coef_loss   | -0.646   |
|    learning_rate   | 0.0003   |
|    n_updates       | 275599   |
---------------------------------
---------------------------------
| rollout/           |          |
|    ep_len_mean     | 200      |
|    ep_rew_mean     | 720      |
|    success_rate    | 0        |
| time/              |          |
|    episodes        | 1432     |
|    fps             | 118      |
|    time_elapsed    | 2424     |
|    total_timesteps | 286400   |
| train/             |          |
|    actor_loss      | -212     |
|    critic_loss     | 31.1     |
|    ent_coef        | 0.122    |
|    ent_coef_loss   | 0.296    |
|    learning_rate   | 0.0003   |
|    n_updates       | 276399   |
---------------------------------
---------------------------------
| rollout/           |          |
|    ep_len_mean     | 200      |
|    ep_rew_mean     | 725      |
|    success_rate    | 0        |
| time/              |          |
|    episodes        | 1436     |
|    fps             | 118      |
|    time_elapsed    | 2431     |
|    total_timesteps | 287200   |
| train/             |          |
|    actor_loss      | -208     |
|    critic_loss     | 24.3     |
|    ent_coef        | 0.113    |
|    ent_coef_loss   | -0.913   |
|    learning_rate   | 0.0003   |
|    n_updates       | 277199   |
---------------------------------
---------------------------------
| rollout/           |          |
|    ep_len_mean     | 200      |
|    ep_rew_mean     | 739      |
|    success_rate    | 0        |
| time/              |          |
|    episodes        | 1440     |
|    fps             | 118      |
|    time_elapsed    | 2438     |
|    total_timesteps | 288000   |
| train/             |          |
|    actor_loss      | -221     |
|    critic_loss     | 17.5     |
|    ent_coef        | 0.114    |
|    ent_coef_loss   | 0.349    |
|    learning_rate   | 0.0003   |
|    n_updates       | 277999   |
---------------------------------
---------------------------------
| rollout/           |          |
|    ep_len_mean     | 200      |
|    ep_rew_mean     | 746      |
|    success_rate    | 0        |
| time/              |          |
|    episodes        | 1444     |
|    fps             | 118      |
|    time_elapsed    | 2444     |
|    total_timesteps | 288800   |
| train/             |          |
|    actor_loss      | -221     |
|    critic_loss     | 40.1     |
|    ent_coef        | 0.122    |
|    ent_coef_loss   | -0.421   |
|    learning_rate   | 0.0003   |
|    n_updates       | 278799   |
---------------------------------
---------------------------------
| rollout/           |          |
|    ep_len_mean     | 200      |
|    ep_rew_mean     | 735      |
|    success_rate    | 0        |
| time/              |          |
|    episodes        | 1448     |
|    fps             | 118      |
|    time_elapsed    | 2451     |
|    total_timesteps | 289600   |
| train/             |          |
|    actor_loss      | -220     |
|    critic_loss     | 9.04     |
|    ent_coef        | 0.115    |
|    ent_coef_loss   | 0.453    |
|    learning_rate   | 0.0003   |
|    n_updates       | 279599   |
---------------------------------
---------------------------------
| rollout/           |          |
|    ep_len_mean     | 200      |
|    ep_rew_mean     | 729      |
|    success_rate    | 0        |
| time/              |          |
|    episodes        | 1452     |
|    fps             | 118      |
|    time_elapsed    | 2459     |
|    total_timesteps | 290400   |
| train/             |          |
|    actor_loss      | -218     |
|    critic_loss     | 15.2     |
|    ent_coef        | 0.116    |
|    ent_coef_loss   | -0.228   |
|    learning_rate   | 0.0003   |
|    n_updates       | 280399   |
---------------------------------
---------------------------------
| rollout/           |          |
|    ep_len_mean     | 200      |
|    ep_rew_mean     | 729      |
|    success_rate    | 0        |
| time/              |          |
|    episodes        | 1456     |
|    fps             | 118      |
|    time_elapsed    | 2465     |
|    total_timesteps | 291200   |
| train/             |          |
|    actor_loss      | -220     |
|    critic_loss     | 26       |
|    ent_coef        | 0.117    |
|    ent_coef_loss   | 0.404    |
|    learning_rate   | 0.0003   |
|    n_updates       | 281199   |
---------------------------------
---------------------------------
| rollout/           |          |
|    ep_len_mean     | 200      |
|    ep_rew_mean     | 732      |
|    success_rate    | 0        |
| time/              |          |
|    episodes        | 1460     |
|    fps             | 118      |
|    time_elapsed    | 2472     |
|    total_timesteps | 292000   |
| train/             |          |
|    actor_loss      | -216     |
|    critic_loss     | 48.4     |
|    ent_coef        | 0.115    |
|    ent_coef_loss   | 1.05     |
|    learning_rate   | 0.0003   |
|    n_updates       | 281999   |
---------------------------------
---------------------------------
| rollout/           |          |
|    ep_len_mean     | 200      |
|    ep_rew_mean     | 728      |
|    success_rate    | 0        |
| time/              |          |
|    episodes        | 1464     |
|    fps             | 118      |
|    time_elapsed    | 2479     |
|    total_timesteps | 292800   |
| train/             |          |
|    actor_loss      | -219     |
|    critic_loss     | 19.8     |
|    ent_coef        | 0.112    |
|    ent_coef_loss   | -0.406   |
|    learning_rate   | 0.0003   |
|    n_updates       | 282799   |
---------------------------------
---------------------------------
| rollout/           |          |
|    ep_len_mean     | 200      |
|    ep_rew_mean     | 712      |
|    success_rate    | 0        |
| time/              |          |
|    episodes        | 1468     |
|    fps             | 118      |
|    time_elapsed    | 2486     |
|    total_timesteps | 293600   |
| train/             |          |
|    actor_loss      | -228     |
|    critic_loss     | 24       |
|    ent_coef        | 0.113    |
|    ent_coef_loss   | -0.0598  |
|    learning_rate   | 0.0003   |
|    n_updates       | 283599   |
---------------------------------
---------------------------------
| rollout/           |          |
|    ep_len_mean     | 200      |
|    ep_rew_mean     | 702      |
|    success_rate    | 0        |
| time/              |          |
|    episodes        | 1472     |
|    fps             | 118      |
|    time_elapsed    | 2493     |
|    total_timesteps | 294400   |
| train/             |          |
|    actor_loss      | -225     |
|    critic_loss     | 14.6     |
|    ent_coef        | 0.115    |
|    ent_coef_loss   | 0.171    |
|    learning_rate   | 0.0003   |
|    n_updates       | 284399   |
---------------------------------
---------------------------------
| rollout/           |          |
|    ep_len_mean     | 200      |
|    ep_rew_mean     | 699      |
|    success_rate    | 0        |
| time/              |          |
|    episodes        | 1476     |
|    fps             | 118      |
|    time_elapsed    | 2500     |
|    total_timesteps | 295200   |
| train/             |          |
|    actor_loss      | -227     |
|    critic_loss     | 35.5     |
|    ent_coef        | 0.11     |
|    ent_coef_loss   | -1.05    |
|    learning_rate   | 0.0003   |
|    n_updates       | 285199   |
---------------------------------
---------------------------------
| rollout/           |          |
|    ep_len_mean     | 200      |
|    ep_rew_mean     | 693      |
|    success_rate    | 0        |
| time/              |          |
|    episodes        | 1480     |
|    fps             | 118      |
|    time_elapsed    | 2507     |
|    total_timesteps | 296000   |
| train/             |          |
|    actor_loss      | -222     |
|    critic_loss     | 48.2     |
|    ent_coef        | 0.109    |
|    ent_coef_loss   | -0.253   |
|    learning_rate   | 0.0003   |
|    n_updates       | 285999   |
---------------------------------
---------------------------------
| rollout/           |          |
|    ep_len_mean     | 200      |
|    ep_rew_mean     | 696      |
|    success_rate    | 0        |
| time/              |          |
|    episodes        | 1484     |
|    fps             | 118      |
|    time_elapsed    | 2514     |
|    total_timesteps | 296800   |
| train/             |          |
|    actor_loss      | -227     |
|    critic_loss     | 41       |
|    ent_coef        | 0.106    |
|    ent_coef_loss   | 0.439    |
|    learning_rate   | 0.0003   |
|    n_updates       | 286799   |
---------------------------------
---------------------------------
| rollout/           |          |
|    ep_len_mean     | 200      |
|    ep_rew_mean     | 704      |
|    success_rate    | 0        |
| time/              |          |
|    episodes        | 1488     |
|    fps             | 118      |
|    time_elapsed    | 2521     |
|    total_timesteps | 297600   |
| train/             |          |
|    actor_loss      | -231     |
|    critic_loss     | 43.6     |
|    ent_coef        | 0.108    |
|    ent_coef_loss   | 0.704    |
|    learning_rate   | 0.0003   |
|    n_updates       | 287599   |
---------------------------------
---------------------------------
| rollout/           |          |
|    ep_len_mean     | 200      |
|    ep_rew_mean     | 708      |
|    success_rate    | 0        |
| time/              |          |
|    episodes        | 1492     |
|    fps             | 118      |
|    time_elapsed    | 2528     |
|    total_timesteps | 298400   |
| train/             |          |
|    actor_loss      | -222     |
|    critic_loss     | 28.3     |
|    ent_coef        | 0.119    |
|    ent_coef_loss   | 0.646    |
|    learning_rate   | 0.0003   |
|    n_updates       | 288399   |
---------------------------------
---------------------------------
| rollout/           |          |
|    ep_len_mean     | 200      |
|    ep_rew_mean     | 708      |
|    success_rate    | 0        |
| time/              |          |
|    episodes        | 1496     |
|    fps             | 118      |
|    time_elapsed    | 2535     |
|    total_timesteps | 299200   |
| train/             |          |
|    actor_loss      | -229     |
|    critic_loss     | 64.7     |
|    ent_coef        | 0.134    |
|    ent_coef_loss   | 0.216    |
|    learning_rate   | 0.0003   |
|    n_updates       | 289199   |
---------------------------------
Eval num_timesteps=300000, episode_reward=784.91 +/- 65.67
Episode length: 200.00 +/- 0.00
Success rate: 0.00%
---------------------------------
| eval/              |          |
|    mean_ep_length  | 200      |
|    mean_reward     | 785      |
|    success_rate    | 0        |
| time/              |          |
|    total_timesteps | 300000   |
| train/             |          |
|    actor_loss      | -225     |
|    critic_loss     | 51.9     |
|    ent_coef        | 0.136    |
|    ent_coef_loss   | 1.25     |
|    learning_rate   | 0.0003   |
|    n_updates       | 289999   |
---------------------------------
---------------------------------
| rollout/           |          |
|    ep_len_mean     | 200      |
|    ep_rew_mean     | 707      |
|    success_rate    | 0        |
| time/              |          |
|    episodes        | 1500     |
|    fps             | 117      |
|    time_elapsed    | 2543     |
|    total_timesteps | 300000   |
---------------------------------
---------------------------------
| rollout/           |          |
|    ep_len_mean     | 200      |
|    ep_rew_mean     | 709      |
|    success_rate    | 0        |
| time/              |          |
|    episodes        | 1504     |
|    fps             | 117      |
|    time_elapsed    | 2549     |
|    total_timesteps | 300800   |
| train/             |          |
|    actor_loss      | -223     |
|    critic_loss     | 16.9     |
|    ent_coef        | 0.13     |
|    ent_coef_loss   | 0.699    |
|    learning_rate   | 0.0003   |
|    n_updates       | 290799   |
---------------------------------
---------------------------------
| rollout/           |          |
|    ep_len_mean     | 200      |
|    ep_rew_mean     | 713      |
|    success_rate    | 0        |
| time/              |          |
|    episodes        | 1508     |
|    fps             | 117      |
|    time_elapsed    | 2556     |
|    total_timesteps | 301600   |
| train/             |          |
|    actor_loss      | -237     |
|    critic_loss     | 46.4     |
|    ent_coef        | 0.137    |
|    ent_coef_loss   | -1.29    |
|    learning_rate   | 0.0003   |
|    n_updates       | 291599   |
---------------------------------
---------------------------------
| rollout/           |          |
|    ep_len_mean     | 200      |
|    ep_rew_mean     | 717      |
|    success_rate    | 0        |
| time/              |          |
|    episodes        | 1512     |
|    fps             | 117      |
|    time_elapsed    | 2563     |
|    total_timesteps | 302400   |
| train/             |          |
|    actor_loss      | -224     |
|    critic_loss     | 19.4     |
|    ent_coef        | 0.129    |
|    ent_coef_loss   | -0.0326  |
|    learning_rate   | 0.0003   |
|    n_updates       | 292399   |
---------------------------------
---------------------------------
| rollout/           |          |
|    ep_len_mean     | 200      |
|    ep_rew_mean     | 719      |
|    success_rate    | 0        |
| time/              |          |
|    episodes        | 1516     |
|    fps             | 117      |
|    time_elapsed    | 2570     |
|    total_timesteps | 303200   |
| train/             |          |
|    actor_loss      | -233     |
|    critic_loss     | 29.2     |
|    ent_coef        | 0.124    |
|    ent_coef_loss   | 0.0327   |
|    learning_rate   | 0.0003   |
|    n_updates       | 293199   |
---------------------------------
---------------------------------
| rollout/           |          |
|    ep_len_mean     | 200      |
|    ep_rew_mean     | 719      |
|    success_rate    | 0        |
| time/              |          |
|    episodes        | 1520     |
|    fps             | 117      |
|    time_elapsed    | 2577     |
|    total_timesteps | 304000   |
| train/             |          |
|    actor_loss      | -233     |
|    critic_loss     | 64.8     |
|    ent_coef        | 0.123    |
|    ent_coef_loss   | -0.347   |
|    learning_rate   | 0.0003   |
|    n_updates       | 293999   |
---------------------------------
---------------------------------
| rollout/           |          |
|    ep_len_mean     | 200      |
|    ep_rew_mean     | 697      |
|    success_rate    | 0        |
| time/              |          |
|    episodes        | 1524     |
|    fps             | 117      |
|    time_elapsed    | 2584     |
|    total_timesteps | 304800   |
| train/             |          |
|    actor_loss      | -235     |
|    critic_loss     | 13.3     |
|    ent_coef        | 0.121    |
|    ent_coef_loss   | 0.168    |
|    learning_rate   | 0.0003   |
|    n_updates       | 294799   |
---------------------------------
---------------------------------
| rollout/           |          |
|    ep_len_mean     | 200      |
|    ep_rew_mean     | 689      |
|    success_rate    | 0        |
| time/              |          |
|    episodes        | 1528     |
|    fps             | 117      |
|    time_elapsed    | 2591     |
|    total_timesteps | 305600   |
| train/             |          |
|    actor_loss      | -249     |
|    critic_loss     | 32.5     |
|    ent_coef        | 0.117    |
|    ent_coef_loss   | 0.751    |
|    learning_rate   | 0.0003   |
|    n_updates       | 295599   |
---------------------------------
---------------------------------
| rollout/           |          |
|    ep_len_mean     | 200      |
|    ep_rew_mean     | 690      |
|    success_rate    | 0        |
| time/              |          |
|    episodes        | 1532     |
|    fps             | 117      |
|    time_elapsed    | 2597     |
|    total_timesteps | 306400   |
| train/             |          |
|    actor_loss      | -232     |
|    critic_loss     | 14.9     |
|    ent_coef        | 0.114    |
|    ent_coef_loss   | 0.215    |
|    learning_rate   | 0.0003   |
|    n_updates       | 296399   |
---------------------------------
---------------------------------
| rollout/           |          |
|    ep_len_mean     | 200      |
|    ep_rew_mean     | 677      |
|    success_rate    | 0        |
| time/              |          |
|    episodes        | 1536     |
|    fps             | 117      |
|    time_elapsed    | 2604     |
|    total_timesteps | 307200   |
| train/             |          |
|    actor_loss      | -242     |
|    critic_loss     | 32       |
|    ent_coef        | 0.113    |
|    ent_coef_loss   | -0.329   |
|    learning_rate   | 0.0003   |
|    n_updates       | 297199   |
---------------------------------
---------------------------------
| rollout/           |          |
|    ep_len_mean     | 200      |
|    ep_rew_mean     | 669      |
|    success_rate    | 0        |
| time/              |          |
|    episodes        | 1540     |
|    fps             | 117      |
|    time_elapsed    | 2611     |
|    total_timesteps | 308000   |
| train/             |          |
|    actor_loss      | -239     |
|    critic_loss     | 13.2     |
|    ent_coef        | 0.124    |
|    ent_coef_loss   | 0.0222   |
|    learning_rate   | 0.0003   |
|    n_updates       | 297999   |
---------------------------------
---------------------------------
| rollout/           |          |
|    ep_len_mean     | 200      |
|    ep_rew_mean     | 670      |
|    success_rate    | 0        |
| time/              |          |
|    episodes        | 1544     |
|    fps             | 117      |
|    time_elapsed    | 2618     |
|    total_timesteps | 308800   |
| train/             |          |
|    actor_loss      | -242     |
|    critic_loss     | 29.7     |
|    ent_coef        | 0.126    |
|    ent_coef_loss   | 0.776    |
|    learning_rate   | 0.0003   |
|    n_updates       | 298799   |
---------------------------------
---------------------------------
| rollout/           |          |
|    ep_len_mean     | 200      |
|    ep_rew_mean     | 663      |
|    success_rate    | 0        |
| time/              |          |
|    episodes        | 1548     |
|    fps             | 117      |
|    time_elapsed    | 2625     |
|    total_timesteps | 309600   |
| train/             |          |
|    actor_loss      | -235     |
|    critic_loss     | 37.1     |
|    ent_coef        | 0.135    |
|    ent_coef_loss   | -0.264   |
|    learning_rate   | 0.0003   |
|    n_updates       | 299599   |
---------------------------------
---------------------------------
| rollout/           |          |
|    ep_len_mean     | 200      |
|    ep_rew_mean     | 662      |
|    success_rate    | 0        |
| time/              |          |
|    episodes        | 1552     |
|    fps             | 117      |
|    time_elapsed    | 2632     |
|    total_timesteps | 310400   |
| train/             |          |
|    actor_loss      | -237     |
|    critic_loss     | 16.7     |
|    ent_coef        | 0.136    |
|    ent_coef_loss   | -0.162   |
|    learning_rate   | 0.0003   |
|    n_updates       | 300399   |
---------------------------------
---------------------------------
| rollout/           |          |
|    ep_len_mean     | 200      |
|    ep_rew_mean     | 647      |
|    success_rate    | 0        |
| time/              |          |
|    episodes        | 1556     |
|    fps             | 117      |
|    time_elapsed    | 2639     |
|    total_timesteps | 311200   |
| train/             |          |
|    actor_loss      | -233     |
|    critic_loss     | 14.1     |
|    ent_coef        | 0.131    |
|    ent_coef_loss   | -0.598   |
|    learning_rate   | 0.0003   |
|    n_updates       | 301199   |
---------------------------------
---------------------------------
| rollout/           |          |
|    ep_len_mean     | 200      |
|    ep_rew_mean     | 620      |
|    success_rate    | 0        |
| time/              |          |
|    episodes        | 1560     |
|    fps             | 117      |
|    time_elapsed    | 2646     |
|    total_timesteps | 312000   |
| train/             |          |
|    actor_loss      | -235     |
|    critic_loss     | 66.8     |
|    ent_coef        | 0.131    |
|    ent_coef_loss   | -0.0541  |
|    learning_rate   | 0.0003   |
|    n_updates       | 301999   |
---------------------------------
---------------------------------
| rollout/           |          |
|    ep_len_mean     | 200      |
|    ep_rew_mean     | 619      |
|    success_rate    | 0        |
| time/              |          |
|    episodes        | 1564     |
|    fps             | 117      |
|    time_elapsed    | 2653     |
|    total_timesteps | 312800   |
| train/             |          |
|    actor_loss      | -243     |
|    critic_loss     | 30.6     |
|    ent_coef        | 0.133    |
|    ent_coef_loss   | -0.486   |
|    learning_rate   | 0.0003   |
|    n_updates       | 302799   |
---------------------------------
---------------------------------
| rollout/           |          |
|    ep_len_mean     | 200      |
|    ep_rew_mean     | 627      |
|    success_rate    | 0.01     |
| time/              |          |
|    episodes        | 1568     |
|    fps             | 117      |
|    time_elapsed    | 2659     |
|    total_timesteps | 313550   |
| train/             |          |
|    actor_loss      | -249     |
|    critic_loss     | 17.7     |
|    ent_coef        | 0.13     |
|    ent_coef_loss   | 0.0692   |
|    learning_rate   | 0.0003   |
|    n_updates       | 303549   |
---------------------------------
---------------------------------
| rollout/           |          |
|    ep_len_mean     | 200      |
|    ep_rew_mean     | 628      |
|    success_rate    | 0.01     |
| time/              |          |
|    episodes        | 1572     |
|    fps             | 117      |
|    time_elapsed    | 2666     |
|    total_timesteps | 314350   |
| train/             |          |
|    actor_loss      | -246     |
|    critic_loss     | 26.1     |
|    ent_coef        | 0.131    |
|    ent_coef_loss   | -0.329   |
|    learning_rate   | 0.0003   |
|    n_updates       | 304349   |
---------------------------------
---------------------------------
| rollout/           |          |
|    ep_len_mean     | 200      |
|    ep_rew_mean     | 617      |
|    success_rate    | 0.01     |
| time/              |          |
|    episodes        | 1576     |
|    fps             | 117      |
|    time_elapsed    | 2673     |
|    total_timesteps | 315150   |
| train/             |          |
|    actor_loss      | -236     |
|    critic_loss     | 17.4     |
|    ent_coef        | 0.127    |
|    ent_coef_loss   | -0.942   |
|    learning_rate   | 0.0003   |
|    n_updates       | 305149   |
---------------------------------
---------------------------------
| rollout/           |          |
|    ep_len_mean     | 200      |
|    ep_rew_mean     | 618      |
|    success_rate    | 0.01     |
| time/              |          |
|    episodes        | 1580     |
|    fps             | 117      |
|    time_elapsed    | 2680     |
|    total_timesteps | 315950   |
| train/             |          |
|    actor_loss      | -243     |
|    critic_loss     | 14.4     |
|    ent_coef        | 0.13     |
|    ent_coef_loss   | -0.196   |
|    learning_rate   | 0.0003   |
|    n_updates       | 305949   |
---------------------------------
---------------------------------
| rollout/           |          |
|    ep_len_mean     | 200      |
|    ep_rew_mean     | 593      |
|    success_rate    | 0.01     |
| time/              |          |
|    episodes        | 1584     |
|    fps             | 117      |
|    time_elapsed    | 2687     |
|    total_timesteps | 316750   |
| train/             |          |
|    actor_loss      | -240     |
|    critic_loss     | 30.9     |
|    ent_coef        | 0.127    |
|    ent_coef_loss   | 0.288    |
|    learning_rate   | 0.0003   |
|    n_updates       | 306749   |
---------------------------------
---------------------------------
| rollout/           |          |
|    ep_len_mean     | 200      |
|    ep_rew_mean     | 594      |
|    success_rate    | 0.01     |
| time/              |          |
|    episodes        | 1588     |
|    fps             | 117      |
|    time_elapsed    | 2694     |
|    total_timesteps | 317550   |
| train/             |          |
|    actor_loss      | -230     |
|    critic_loss     | 32.9     |
|    ent_coef        | 0.134    |
|    ent_coef_loss   | -0.66    |
|    learning_rate   | 0.0003   |
|    n_updates       | 307549   |
---------------------------------
---------------------------------
| rollout/           |          |
|    ep_len_mean     | 200      |
|    ep_rew_mean     | 584      |
|    success_rate    | 0.01     |
| time/              |          |
|    episodes        | 1592     |
|    fps             | 117      |
|    time_elapsed    | 2701     |
|    total_timesteps | 318350   |
| train/             |          |
|    actor_loss      | -238     |
|    critic_loss     | 37.4     |
|    ent_coef        | 0.132    |
|    ent_coef_loss   | -0.325   |
|    learning_rate   | 0.0003   |
|    n_updates       | 308349   |
---------------------------------
---------------------------------
| rollout/           |          |
|    ep_len_mean     | 200      |
|    ep_rew_mean     | 588      |
|    success_rate    | 0.01     |
| time/              |          |
|    episodes        | 1596     |
|    fps             | 117      |
|    time_elapsed    | 2708     |
|    total_timesteps | 319150   |
| train/             |          |
|    actor_loss      | -238     |
|    critic_loss     | 24.3     |
|    ent_coef        | 0.128    |
|    ent_coef_loss   | -1.29    |
|    learning_rate   | 0.0003   |
|    n_updates       | 309149   |
---------------------------------
---------------------------------
| rollout/           |          |
|    ep_len_mean     | 200      |
|    ep_rew_mean     | 587      |
|    success_rate    | 0.01     |
| time/              |          |
|    episodes        | 1600     |
|    fps             | 117      |
|    time_elapsed    | 2715     |
|    total_timesteps | 319950   |
| train/             |          |
|    actor_loss      | -248     |
|    critic_loss     | 15.4     |
|    ent_coef        | 0.132    |
|    ent_coef_loss   | -0.526   |
|    learning_rate   | 0.0003   |
|    n_updates       | 309949   |
---------------------------------
---------------------------------
| rollout/           |          |
|    ep_len_mean     | 200      |
|    ep_rew_mean     | 582      |
|    success_rate    | 0.01     |
| time/              |          |
|    episodes        | 1604     |
|    fps             | 117      |
|    time_elapsed    | 2722     |
|    total_timesteps | 320750   |
| train/             |          |
|    actor_loss      | -248     |
|    critic_loss     | 10.8     |
|    ent_coef        | 0.135    |
|    ent_coef_loss   | 0.821    |
|    learning_rate   | 0.0003   |
|    n_updates       | 310749   |
---------------------------------
---------------------------------
| rollout/           |          |
|    ep_len_mean     | 200      |
|    ep_rew_mean     | 579      |
|    success_rate    | 0.01     |
| time/              |          |
|    episodes        | 1608     |
|    fps             | 117      |
|    time_elapsed    | 2728     |
|    total_timesteps | 321550   |
| train/             |          |
|    actor_loss      | -245     |
|    critic_loss     | 27.7     |
|    ent_coef        | 0.143    |
|    ent_coef_loss   | -0.118   |
|    learning_rate   | 0.0003   |
|    n_updates       | 311549   |
---------------------------------
---------------------------------
| rollout/           |          |
|    ep_len_mean     | 200      |
|    ep_rew_mean     | 560      |
|    success_rate    | 0.01     |
| time/              |          |
|    episodes        | 1612     |
|    fps             | 117      |
|    time_elapsed    | 2735     |
|    total_timesteps | 322350   |
| train/             |          |
|    actor_loss      | -240     |
|    critic_loss     | 14.7     |
|    ent_coef        | 0.137    |
|    ent_coef_loss   | -0.264   |
|    learning_rate   | 0.0003   |
|    n_updates       | 312349   |
---------------------------------
---------------------------------
| rollout/           |          |
|    ep_len_mean     | 200      |
|    ep_rew_mean     | 535      |
|    success_rate    | 0.01     |
| time/              |          |
|    episodes        | 1616     |
|    fps             | 117      |
|    time_elapsed    | 2742     |
|    total_timesteps | 323150   |
| train/             |          |
|    actor_loss      | -244     |
|    critic_loss     | 30       |
|    ent_coef        | 0.139    |
|    ent_coef_loss   | -0.414   |
|    learning_rate   | 0.0003   |
|    n_updates       | 313149   |
---------------------------------
---------------------------------
| rollout/           |          |
|    ep_len_mean     | 200      |
|    ep_rew_mean     | 519      |
|    success_rate    | 0.01     |
| time/              |          |
|    episodes        | 1620     |
|    fps             | 117      |
|    time_elapsed    | 2749     |
|    total_timesteps | 323950   |
| train/             |          |
|    actor_loss      | -254     |
|    critic_loss     | 36.1     |
|    ent_coef        | 0.142    |
|    ent_coef_loss   | -0.0562  |
|    learning_rate   | 0.0003   |
|    n_updates       | 313949   |
---------------------------------
---------------------------------
| rollout/           |          |
|    ep_len_mean     | 200      |
|    ep_rew_mean     | 543      |
|    success_rate    | 0.01     |
| time/              |          |
|    episodes        | 1624     |
|    fps             | 117      |
|    time_elapsed    | 2756     |
|    total_timesteps | 324750   |
| train/             |          |
|    actor_loss      | -245     |
|    critic_loss     | 67.9     |
|    ent_coef        | 0.14     |
|    ent_coef_loss   | -0.428   |
|    learning_rate   | 0.0003   |
|    n_updates       | 314749   |
---------------------------------
Eval num_timesteps=325000, episode_reward=555.72 +/- 422.33
Episode length: 200.00 +/- 0.00
Success rate: 0.00%
---------------------------------
| eval/              |          |
|    mean_ep_length  | 200      |
|    mean_reward     | 556      |
|    success_rate    | 0        |
| time/              |          |
|    total_timesteps | 325000   |
| train/             |          |
|    actor_loss      | -248     |
|    critic_loss     | 57.9     |
|    ent_coef        | 0.138    |
|    ent_coef_loss   | 0.144    |
|    learning_rate   | 0.0003   |
|    n_updates       | 314999   |
---------------------------------
---------------------------------
| rollout/           |          |
|    ep_len_mean     | 200      |
|    ep_rew_mean     | 545      |
|    success_rate    | 0.01     |
| time/              |          |
|    episodes        | 1628     |
|    fps             | 117      |
|    time_elapsed    | 2764     |
|    total_timesteps | 325550   |
| train/             |          |
|    actor_loss      | -242     |
|    critic_loss     | 26.4     |
|    ent_coef        | 0.138    |
|    ent_coef_loss   | 0.712    |
|    learning_rate   | 0.0003   |
|    n_updates       | 315549   |
---------------------------------
---------------------------------
| rollout/           |          |
|    ep_len_mean     | 200      |
|    ep_rew_mean     | 549      |
|    success_rate    | 0.01     |
| time/              |          |
|    episodes        | 1632     |
|    fps             | 117      |
|    time_elapsed    | 2771     |
|    total_timesteps | 326350   |
| train/             |          |
|    actor_loss      | -258     |
|    critic_loss     | 31.1     |
|    ent_coef        | 0.136    |
|    ent_coef_loss   | 0.0647   |
|    learning_rate   | 0.0003   |
|    n_updates       | 316349   |
---------------------------------
---------------------------------
| rollout/           |          |
|    ep_len_mean     | 200      |
|    ep_rew_mean     | 567      |
|    success_rate    | 0.01     |
| time/              |          |
|    episodes        | 1636     |
|    fps             | 117      |
|    time_elapsed    | 2778     |
|    total_timesteps | 327150   |
| train/             |          |
|    actor_loss      | -252     |
|    critic_loss     | 32       |
|    ent_coef        | 0.143    |
|    ent_coef_loss   | -0.625   |
|    learning_rate   | 0.0003   |
|    n_updates       | 317149   |
---------------------------------
---------------------------------
| rollout/           |          |
|    ep_len_mean     | 200      |
|    ep_rew_mean     | 574      |
|    success_rate    | 0.01     |
| time/              |          |
|    episodes        | 1640     |
|    fps             | 117      |
|    time_elapsed    | 2785     |
|    total_timesteps | 327950   |
| train/             |          |
|    actor_loss      | -247     |
|    critic_loss     | 19.3     |
|    ent_coef        | 0.135    |
|    ent_coef_loss   | -0.205   |
|    learning_rate   | 0.0003   |
|    n_updates       | 317949   |
---------------------------------
---------------------------------
| rollout/           |          |
|    ep_len_mean     | 200      |
|    ep_rew_mean     | 581      |
|    success_rate    | 0.01     |
| time/              |          |
|    episodes        | 1644     |
|    fps             | 117      |
|    time_elapsed    | 2792     |
|    total_timesteps | 328750   |
| train/             |          |
|    actor_loss      | -253     |
|    critic_loss     | 14.1     |
|    ent_coef        | 0.139    |
|    ent_coef_loss   | -0.149   |
|    learning_rate   | 0.0003   |
|    n_updates       | 318749   |
---------------------------------
---------------------------------
| rollout/           |          |
|    ep_len_mean     | 200      |
|    ep_rew_mean     | 586      |
|    success_rate    | 0.01     |
| time/              |          |
|    episodes        | 1648     |
|    fps             | 117      |
|    time_elapsed    | 2799     |
|    total_timesteps | 329550   |
| train/             |          |
|    actor_loss      | -264     |
|    critic_loss     | 25.1     |
|    ent_coef        | 0.143    |
|    ent_coef_loss   | -0.116   |
|    learning_rate   | 0.0003   |
|    n_updates       | 319549   |
---------------------------------
---------------------------------
| rollout/           |          |
|    ep_len_mean     | 200      |
|    ep_rew_mean     | 593      |
|    success_rate    | 0.01     |
| time/              |          |
|    episodes        | 1652     |
|    fps             | 117      |
|    time_elapsed    | 2806     |
|    total_timesteps | 330350   |
| train/             |          |
|    actor_loss      | -254     |
|    critic_loss     | 65.9     |
|    ent_coef        | 0.135    |
|    ent_coef_loss   | -0.357   |
|    learning_rate   | 0.0003   |
|    n_updates       | 320349   |
---------------------------------
---------------------------------
| rollout/           |          |
|    ep_len_mean     | 200      |
|    ep_rew_mean     | 600      |
|    success_rate    | 0.01     |
| time/              |          |
|    episodes        | 1656     |
|    fps             | 117      |
|    time_elapsed    | 2813     |
|    total_timesteps | 331150   |
| train/             |          |
|    actor_loss      | -263     |
|    critic_loss     | 41.6     |
|    ent_coef        | 0.138    |
|    ent_coef_loss   | 0.0693   |
|    learning_rate   | 0.0003   |
|    n_updates       | 321149   |
---------------------------------
---------------------------------
| rollout/           |          |
|    ep_len_mean     | 200      |
|    ep_rew_mean     | 635      |
|    success_rate    | 0.01     |
| time/              |          |
|    episodes        | 1660     |
|    fps             | 117      |
|    time_elapsed    | 2820     |
|    total_timesteps | 331950   |
| train/             |          |
|    actor_loss      | -258     |
|    critic_loss     | 56.3     |
|    ent_coef        | 0.14     |
|    ent_coef_loss   | -0.177   |
|    learning_rate   | 0.0003   |
|    n_updates       | 321949   |
---------------------------------
---------------------------------
| rollout/           |          |
|    ep_len_mean     | 200      |
|    ep_rew_mean     | 632      |
|    success_rate    | 0.01     |
| time/              |          |
|    episodes        | 1664     |
|    fps             | 117      |
|    time_elapsed    | 2827     |
|    total_timesteps | 332750   |
| train/             |          |
|    actor_loss      | -260     |
|    critic_loss     | 47.3     |
|    ent_coef        | 0.137    |
|    ent_coef_loss   | 0.222    |
|    learning_rate   | 0.0003   |
|    n_updates       | 322749   |
---------------------------------
---------------------------------
| rollout/           |          |
|    ep_len_mean     | 200      |
|    ep_rew_mean     | 636      |
|    success_rate    | 0        |
| time/              |          |
|    episodes        | 1668     |
|    fps             | 117      |
|    time_elapsed    | 2834     |
|    total_timesteps | 333550   |
| train/             |          |
|    actor_loss      | -258     |
|    critic_loss     | 16.4     |
|    ent_coef        | 0.139    |
|    ent_coef_loss   | -0.793   |
|    learning_rate   | 0.0003   |
|    n_updates       | 323549   |
---------------------------------
---------------------------------
| rollout/           |          |
|    ep_len_mean     | 200      |
|    ep_rew_mean     | 635      |
|    success_rate    | 0        |
| time/              |          |
|    episodes        | 1672     |
|    fps             | 117      |
|    time_elapsed    | 2841     |
|    total_timesteps | 334350   |
| train/             |          |
|    actor_loss      | -253     |
|    critic_loss     | 43.9     |
|    ent_coef        | 0.132    |
|    ent_coef_loss   | 0.63     |
|    learning_rate   | 0.0003   |
|    n_updates       | 324349   |
---------------------------------
---------------------------------
| rollout/           |          |
|    ep_len_mean     | 200      |
|    ep_rew_mean     | 641      |
|    success_rate    | 0        |
| time/              |          |
|    episodes        | 1676     |
|    fps             | 117      |
|    time_elapsed    | 2848     |
|    total_timesteps | 335150   |
| train/             |          |
|    actor_loss      | -257     |
|    critic_loss     | 36.8     |
|    ent_coef        | 0.128    |
|    ent_coef_loss   | 0.208    |
|    learning_rate   | 0.0003   |
|    n_updates       | 325149   |
---------------------------------
---------------------------------
| rollout/           |          |
|    ep_len_mean     | 200      |
|    ep_rew_mean     | 638      |
|    success_rate    | 0        |
| time/              |          |
|    episodes        | 1680     |
|    fps             | 117      |
|    time_elapsed    | 2855     |
|    total_timesteps | 335950   |
| train/             |          |
|    actor_loss      | -257     |
|    critic_loss     | 22.4     |
|    ent_coef        | 0.131    |
|    ent_coef_loss   | 0.499    |
|    learning_rate   | 0.0003   |
|    n_updates       | 325949   |
---------------------------------
---------------------------------
| rollout/           |          |
|    ep_len_mean     | 200      |
|    ep_rew_mean     | 659      |
|    success_rate    | 0        |
| time/              |          |
|    episodes        | 1684     |
|    fps             | 117      |
|    time_elapsed    | 2862     |
|    total_timesteps | 336750   |
| train/             |          |
|    actor_loss      | -268     |
|    critic_loss     | 36.2     |
|    ent_coef        | 0.133    |
|    ent_coef_loss   | -0.639   |
|    learning_rate   | 0.0003   |
|    n_updates       | 326749   |
---------------------------------
---------------------------------
| rollout/           |          |
|    ep_len_mean     | 200      |
|    ep_rew_mean     | 654      |
|    success_rate    | 0        |
| time/              |          |
|    episodes        | 1688     |
|    fps             | 117      |
|    time_elapsed    | 2869     |
|    total_timesteps | 337550   |
| train/             |          |
|    actor_loss      | -253     |
|    critic_loss     | 31.9     |
|    ent_coef        | 0.135    |
|    ent_coef_loss   | -0.12    |
|    learning_rate   | 0.0003   |
|    n_updates       | 327549   |
---------------------------------
---------------------------------
| rollout/           |          |
|    ep_len_mean     | 200      |
|    ep_rew_mean     | 647      |
|    success_rate    | 0        |
| time/              |          |
|    episodes        | 1692     |
|    fps             | 117      |
|    time_elapsed    | 2875     |
|    total_timesteps | 338350   |
| train/             |          |
|    actor_loss      | -245     |
|    critic_loss     | 10.6     |
|    ent_coef        | 0.133    |
|    ent_coef_loss   | -0.0583  |
|    learning_rate   | 0.0003   |
|    n_updates       | 328349   |
---------------------------------
---------------------------------
| rollout/           |          |
|    ep_len_mean     | 200      |
|    ep_rew_mean     | 645      |
|    success_rate    | 0        |
| time/              |          |
|    episodes        | 1696     |
|    fps             | 117      |
|    time_elapsed    | 2882     |
|    total_timesteps | 339150   |
| train/             |          |
|    actor_loss      | -251     |
|    critic_loss     | 16.8     |
|    ent_coef        | 0.135    |
|    ent_coef_loss   | 0.276    |
|    learning_rate   | 0.0003   |
|    n_updates       | 329149   |
---------------------------------
---------------------------------
| rollout/           |          |
|    ep_len_mean     | 200      |
|    ep_rew_mean     | 654      |
|    success_rate    | 0        |
| time/              |          |
|    episodes        | 1700     |
|    fps             | 117      |
|    time_elapsed    | 2889     |
|    total_timesteps | 339950   |
| train/             |          |
|    actor_loss      | -264     |
|    critic_loss     | 85.3     |
|    ent_coef        | 0.132    |
|    ent_coef_loss   | 0.924    |
|    learning_rate   | 0.0003   |
|    n_updates       | 329949   |
---------------------------------
---------------------------------
| rollout/           |          |
|    ep_len_mean     | 200      |
|    ep_rew_mean     | 644      |
|    success_rate    | 0        |
| time/              |          |
|    episodes        | 1704     |
|    fps             | 117      |
|    time_elapsed    | 2896     |
|    total_timesteps | 340750   |
| train/             |          |
|    actor_loss      | -262     |
|    critic_loss     | 23.9     |
|    ent_coef        | 0.134    |
|    ent_coef_loss   | 0.056    |
|    learning_rate   | 0.0003   |
|    n_updates       | 330749   |
---------------------------------
---------------------------------
| rollout/           |          |
|    ep_len_mean     | 200      |
|    ep_rew_mean     | 652      |
|    success_rate    | 0        |
| time/              |          |
|    episodes        | 1708     |
|    fps             | 117      |
|    time_elapsed    | 2903     |
|    total_timesteps | 341550   |
| train/             |          |
|    actor_loss      | -267     |
|    critic_loss     | 39.7     |
|    ent_coef        | 0.137    |
|    ent_coef_loss   | -0.228   |
|    learning_rate   | 0.0003   |
|    n_updates       | 331549   |
---------------------------------
---------------------------------
| rollout/           |          |
|    ep_len_mean     | 200      |
|    ep_rew_mean     | 670      |
|    success_rate    | 0        |
| time/              |          |
|    episodes        | 1712     |
|    fps             | 117      |
|    time_elapsed    | 2910     |
|    total_timesteps | 342350   |
| train/             |          |
|    actor_loss      | -263     |
|    critic_loss     | 29.5     |
|    ent_coef        | 0.136    |
|    ent_coef_loss   | -0.748   |
|    learning_rate   | 0.0003   |
|    n_updates       | 332349   |
---------------------------------
---------------------------------
| rollout/           |          |
|    ep_len_mean     | 200      |
|    ep_rew_mean     | 696      |
|    success_rate    | 0        |
| time/              |          |
|    episodes        | 1716     |
|    fps             | 117      |
|    time_elapsed    | 2917     |
|    total_timesteps | 343150   |
| train/             |          |
|    actor_loss      | -268     |
|    critic_loss     | 36.9     |
|    ent_coef        | 0.134    |
|    ent_coef_loss   | 0.0543   |
|    learning_rate   | 0.0003   |
|    n_updates       | 333149   |
---------------------------------
---------------------------------
| rollout/           |          |
|    ep_len_mean     | 200      |
|    ep_rew_mean     | 716      |
|    success_rate    | 0        |
| time/              |          |
|    episodes        | 1720     |
|    fps             | 117      |
|    time_elapsed    | 2924     |
|    total_timesteps | 343950   |
| train/             |          |
|    actor_loss      | -253     |
|    critic_loss     | 19       |
|    ent_coef        | 0.134    |
|    ent_coef_loss   | 0.638    |
|    learning_rate   | 0.0003   |
|    n_updates       | 333949   |
---------------------------------
---------------------------------
| rollout/           |          |
|    ep_len_mean     | 200      |
|    ep_rew_mean     | 716      |
|    success_rate    | 0        |
| time/              |          |
|    episodes        | 1724     |
|    fps             | 117      |
|    time_elapsed    | 2931     |
|    total_timesteps | 344750   |
| train/             |          |
|    actor_loss      | -257     |
|    critic_loss     | 23       |
|    ent_coef        | 0.131    |
|    ent_coef_loss   | 0.16     |
|    learning_rate   | 0.0003   |
|    n_updates       | 334749   |
---------------------------------
---------------------------------
| rollout/           |          |
|    ep_len_mean     | 200      |
|    ep_rew_mean     | 716      |
|    success_rate    | 0        |
| time/              |          |
|    episodes        | 1728     |
|    fps             | 117      |
|    time_elapsed    | 2938     |
|    total_timesteps | 345550   |
| train/             |          |
|    actor_loss      | -272     |
|    critic_loss     | 46.2     |
|    ent_coef        | 0.132    |
|    ent_coef_loss   | 0.177    |
|    learning_rate   | 0.0003   |
|    n_updates       | 335549   |
---------------------------------
---------------------------------
| rollout/           |          |
|    ep_len_mean     | 200      |
|    ep_rew_mean     | 722      |
|    success_rate    | 0        |
| time/              |          |
|    episodes        | 1732     |
|    fps             | 117      |
|    time_elapsed    | 2945     |
|    total_timesteps | 346350   |
| train/             |          |
|    actor_loss      | -254     |
|    critic_loss     | 11.4     |
|    ent_coef        | 0.133    |
|    ent_coef_loss   | -1.03    |
|    learning_rate   | 0.0003   |
|    n_updates       | 336349   |
---------------------------------
---------------------------------
| rollout/           |          |
|    ep_len_mean     | 200      |
|    ep_rew_mean     | 712      |
|    success_rate    | 0        |
| time/              |          |
|    episodes        | 1736     |
|    fps             | 117      |
|    time_elapsed    | 2951     |
|    total_timesteps | 347150   |
| train/             |          |
|    actor_loss      | -247     |
|    critic_loss     | 13.8     |
|    ent_coef        | 0.134    |
|    ent_coef_loss   | -0.881   |
|    learning_rate   | 0.0003   |
|    n_updates       | 337149   |
---------------------------------
---------------------------------
| rollout/           |          |
|    ep_len_mean     | 200      |
|    ep_rew_mean     | 724      |
|    success_rate    | 0        |
| time/              |          |
|    episodes        | 1740     |
|    fps             | 117      |
|    time_elapsed    | 2958     |
|    total_timesteps | 347950   |
| train/             |          |
|    actor_loss      | -271     |
|    critic_loss     | 32.8     |
|    ent_coef        | 0.133    |
|    ent_coef_loss   | -0.0669  |
|    learning_rate   | 0.0003   |
|    n_updates       | 337949   |
---------------------------------
---------------------------------
| rollout/           |          |
|    ep_len_mean     | 200      |
|    ep_rew_mean     | 714      |
|    success_rate    | 0        |
| time/              |          |
|    episodes        | 1744     |
|    fps             | 117      |
|    time_elapsed    | 2965     |
|    total_timesteps | 348750   |
| train/             |          |
|    actor_loss      | -263     |
|    critic_loss     | 17.8     |
|    ent_coef        | 0.133    |
|    ent_coef_loss   | 0.735    |
|    learning_rate   | 0.0003   |
|    n_updates       | 338749   |
---------------------------------
---------------------------------
| rollout/           |          |
|    ep_len_mean     | 200      |
|    ep_rew_mean     | 705      |
|    success_rate    | 0        |
| time/              |          |
|    episodes        | 1748     |
|    fps             | 117      |
|    time_elapsed    | 2972     |
|    total_timesteps | 349550   |
| train/             |          |
|    actor_loss      | -274     |
|    critic_loss     | 24.3     |
|    ent_coef        | 0.133    |
|    ent_coef_loss   | 0.188    |
|    learning_rate   | 0.0003   |
|    n_updates       | 339549   |
---------------------------------
Eval num_timesteps=350000, episode_reward=721.46 +/- 332.86
Episode length: 200.00 +/- 0.00
Success rate: 0.00%
---------------------------------
| eval/              |          |
|    mean_ep_length  | 200      |
|    mean_reward     | 721      |
|    success_rate    | 0        |
| time/              |          |
|    total_timesteps | 350000   |
| train/             |          |
|    actor_loss      | -260     |
|    critic_loss     | 26.1     |
|    ent_coef        | 0.138    |
|    ent_coef_loss   | 0.312    |
|    learning_rate   | 0.0003   |
|    n_updates       | 339999   |
---------------------------------
---------------------------------
| rollout/           |          |
|    ep_len_mean     | 200      |
|    ep_rew_mean     | 703      |
|    success_rate    | 0        |
| time/              |          |
|    episodes        | 1752     |
|    fps             | 117      |
|    time_elapsed    | 2980     |
|    total_timesteps | 350350   |
| train/             |          |
|    actor_loss      | -273     |
|    critic_loss     | 14.1     |
|    ent_coef        | 0.139    |
|    ent_coef_loss   | 1.23     |
|    learning_rate   | 0.0003   |
|    n_updates       | 340349   |
---------------------------------
---------------------------------
| rollout/           |          |
|    ep_len_mean     | 200      |
|    ep_rew_mean     | 705      |
|    success_rate    | 0        |
| time/              |          |
|    episodes        | 1756     |
|    fps             | 117      |
|    time_elapsed    | 2987     |
|    total_timesteps | 351150   |
| train/             |          |
|    actor_loss      | -275     |
|    critic_loss     | 27.1     |
|    ent_coef        | 0.139    |
|    ent_coef_loss   | -0.226   |
|    learning_rate   | 0.0003   |
|    n_updates       | 341149   |
---------------------------------
---------------------------------
| rollout/           |          |
|    ep_len_mean     | 200      |
|    ep_rew_mean     | 687      |
|    success_rate    | 0        |
| time/              |          |
|    episodes        | 1760     |
|    fps             | 117      |
|    time_elapsed    | 2994     |
|    total_timesteps | 351950   |
| train/             |          |
|    actor_loss      | -271     |
|    critic_loss     | 17.1     |
|    ent_coef        | 0.132    |
|    ent_coef_loss   | 0.298    |
|    learning_rate   | 0.0003   |
|    n_updates       | 341949   |
---------------------------------
---------------------------------
| rollout/           |          |
|    ep_len_mean     | 200      |
|    ep_rew_mean     | 689      |
|    success_rate    | 0        |
| time/              |          |
|    episodes        | 1764     |
|    fps             | 117      |
|    time_elapsed    | 3000     |
|    total_timesteps | 352750   |
| train/             |          |
|    actor_loss      | -264     |
|    critic_loss     | 25.6     |
|    ent_coef        | 0.133    |
|    ent_coef_loss   | -0.57    |
|    learning_rate   | 0.0003   |
|    n_updates       | 342749   |
---------------------------------
---------------------------------
| rollout/           |          |
|    ep_len_mean     | 200      |
|    ep_rew_mean     | 691      |
|    success_rate    | 0        |
| time/              |          |
|    episodes        | 1768     |
|    fps             | 117      |
|    time_elapsed    | 3007     |
|    total_timesteps | 353550   |
| train/             |          |
|    actor_loss      | -273     |
|    critic_loss     | 119      |
|    ent_coef        | 0.131    |
|    ent_coef_loss   | 0.445    |
|    learning_rate   | 0.0003   |
|    n_updates       | 343549   |
---------------------------------
---------------------------------
| rollout/           |          |
|    ep_len_mean     | 200      |
|    ep_rew_mean     | 691      |
|    success_rate    | 0        |
| time/              |          |
|    episodes        | 1772     |
|    fps             | 117      |
|    time_elapsed    | 3014     |
|    total_timesteps | 354350   |
| train/             |          |
|    actor_loss      | -265     |
|    critic_loss     | 43.3     |
|    ent_coef        | 0.133    |
|    ent_coef_loss   | 0.168    |
|    learning_rate   | 0.0003   |
|    n_updates       | 344349   |
---------------------------------
---------------------------------
| rollout/           |          |
|    ep_len_mean     | 200      |
|    ep_rew_mean     | 698      |
|    success_rate    | 0        |
| time/              |          |
|    episodes        | 1776     |
|    fps             | 117      |
|    time_elapsed    | 3021     |
|    total_timesteps | 355150   |
| train/             |          |
|    actor_loss      | -267     |
|    critic_loss     | 34.5     |
|    ent_coef        | 0.132    |
|    ent_coef_loss   | -0.418   |
|    learning_rate   | 0.0003   |
|    n_updates       | 345149   |
---------------------------------
---------------------------------
| rollout/           |          |
|    ep_len_mean     | 200      |
|    ep_rew_mean     | 707      |
|    success_rate    | 0        |
| time/              |          |
|    episodes        | 1780     |
|    fps             | 117      |
|    time_elapsed    | 3028     |
|    total_timesteps | 355950   |
| train/             |          |
|    actor_loss      | -261     |
|    critic_loss     | 11.9     |
|    ent_coef        | 0.135    |
|    ent_coef_loss   | -0.497   |
|    learning_rate   | 0.0003   |
|    n_updates       | 345949   |
---------------------------------
---------------------------------
| rollout/           |          |
|    ep_len_mean     | 200      |
|    ep_rew_mean     | 709      |
|    success_rate    | 0        |
| time/              |          |
|    episodes        | 1784     |
|    fps             | 117      |
|    time_elapsed    | 3034     |
|    total_timesteps | 356750   |
| train/             |          |
|    actor_loss      | -270     |
|    critic_loss     | 23.6     |
|    ent_coef        | 0.131    |
|    ent_coef_loss   | 0.874    |
|    learning_rate   | 0.0003   |
|    n_updates       | 346749   |
---------------------------------
---------------------------------
| rollout/           |          |
|    ep_len_mean     | 200      |
|    ep_rew_mean     | 712      |
|    success_rate    | 0        |
| time/              |          |
|    episodes        | 1788     |
|    fps             | 117      |
|    time_elapsed    | 3041     |
|    total_timesteps | 357550   |
| train/             |          |
|    actor_loss      | -280     |
|    critic_loss     | 25.6     |
|    ent_coef        | 0.138    |
|    ent_coef_loss   | 0.281    |
|    learning_rate   | 0.0003   |
|    n_updates       | 347549   |
---------------------------------
---------------------------------
| rollout/           |          |
|    ep_len_mean     | 200      |
|    ep_rew_mean     | 726      |
|    success_rate    | 0        |
| time/              |          |
|    episodes        | 1792     |
|    fps             | 117      |
|    time_elapsed    | 3048     |
|    total_timesteps | 358350   |
| train/             |          |
|    actor_loss      | -273     |
|    critic_loss     | 19.5     |
|    ent_coef        | 0.14     |
|    ent_coef_loss   | -0.125   |
|    learning_rate   | 0.0003   |
|    n_updates       | 348349   |
---------------------------------
---------------------------------
| rollout/           |          |
|    ep_len_mean     | 200      |
|    ep_rew_mean     | 733      |
|    success_rate    | 0        |
| time/              |          |
|    episodes        | 1796     |
|    fps             | 117      |
|    time_elapsed    | 3055     |
|    total_timesteps | 359150   |
| train/             |          |
|    actor_loss      | -275     |
|    critic_loss     | 102      |
|    ent_coef        | 0.133    |
|    ent_coef_loss   | -0.122   |
|    learning_rate   | 0.0003   |
|    n_updates       | 349149   |
---------------------------------
---------------------------------
| rollout/           |          |
|    ep_len_mean     | 200      |
|    ep_rew_mean     | 732      |
|    success_rate    | 0        |
| time/              |          |
|    episodes        | 1800     |
|    fps             | 117      |
|    time_elapsed    | 3062     |
|    total_timesteps | 359950   |
| train/             |          |
|    actor_loss      | -269     |
|    critic_loss     | 25.8     |
|    ent_coef        | 0.134    |
|    ent_coef_loss   | -0.472   |
|    learning_rate   | 0.0003   |
|    n_updates       | 349949   |
---------------------------------
---------------------------------
| rollout/           |          |
|    ep_len_mean     | 200      |
|    ep_rew_mean     | 741      |
|    success_rate    | 0        |
| time/              |          |
|    episodes        | 1804     |
|    fps             | 117      |
|    time_elapsed    | 3069     |
|    total_timesteps | 360750   |
| train/             |          |
|    actor_loss      | -281     |
|    critic_loss     | 21.2     |
|    ent_coef        | 0.135    |
|    ent_coef_loss   | -0.108   |
|    learning_rate   | 0.0003   |
|    n_updates       | 350749   |
---------------------------------
---------------------------------
| rollout/           |          |
|    ep_len_mean     | 200      |
|    ep_rew_mean     | 736      |
|    success_rate    | 0        |
| time/              |          |
|    episodes        | 1808     |
|    fps             | 117      |
|    time_elapsed    | 3076     |
|    total_timesteps | 361550   |
| train/             |          |
|    actor_loss      | -268     |
|    critic_loss     | 11.8     |
|    ent_coef        | 0.13     |
|    ent_coef_loss   | -0.819   |
|    learning_rate   | 0.0003   |
|    n_updates       | 351549   |
---------------------------------
---------------------------------
| rollout/           |          |
|    ep_len_mean     | 200      |
|    ep_rew_mean     | 735      |
|    success_rate    | 0        |
| time/              |          |
|    episodes        | 1812     |
|    fps             | 117      |
|    time_elapsed    | 3083     |
|    total_timesteps | 362350   |
| train/             |          |
|    actor_loss      | -287     |
|    critic_loss     | 23       |
|    ent_coef        | 0.134    |
|    ent_coef_loss   | -0.456   |
|    learning_rate   | 0.0003   |
|    n_updates       | 352349   |
---------------------------------
---------------------------------
| rollout/           |          |
|    ep_len_mean     | 200      |
|    ep_rew_mean     | 734      |
|    success_rate    | 0        |
| time/              |          |
|    episodes        | 1816     |
|    fps             | 117      |
|    time_elapsed    | 3090     |
|    total_timesteps | 363150   |
| train/             |          |
|    actor_loss      | -261     |
|    critic_loss     | 15.6     |
|    ent_coef        | 0.139    |
|    ent_coef_loss   | 0.331    |
|    learning_rate   | 0.0003   |
|    n_updates       | 353149   |
---------------------------------
---------------------------------
| rollout/           |          |
|    ep_len_mean     | 200      |
|    ep_rew_mean     | 726      |
|    success_rate    | 0        |
| time/              |          |
|    episodes        | 1820     |
|    fps             | 117      |
|    time_elapsed    | 3096     |
|    total_timesteps | 363950   |
| train/             |          |
|    actor_loss      | -277     |
|    critic_loss     | 21.8     |
|    ent_coef        | 0.132    |
|    ent_coef_loss   | 0.118    |
|    learning_rate   | 0.0003   |
|    n_updates       | 353949   |
---------------------------------
---------------------------------
| rollout/           |          |
|    ep_len_mean     | 200      |
|    ep_rew_mean     | 725      |
|    success_rate    | 0        |
| time/              |          |
|    episodes        | 1824     |
|    fps             | 117      |
|    time_elapsed    | 3103     |
|    total_timesteps | 364750   |
| train/             |          |
|    actor_loss      | -263     |
|    critic_loss     | 25.3     |
|    ent_coef        | 0.136    |
|    ent_coef_loss   | -0.171   |
|    learning_rate   | 0.0003   |
|    n_updates       | 354749   |
---------------------------------
---------------------------------
| rollout/           |          |
|    ep_len_mean     | 200      |
|    ep_rew_mean     | 721      |
|    success_rate    | 0        |
| time/              |          |
|    episodes        | 1828     |
|    fps             | 117      |
|    time_elapsed    | 3110     |
|    total_timesteps | 365550   |
| train/             |          |
|    actor_loss      | -275     |
|    critic_loss     | 98.8     |
|    ent_coef        | 0.133    |
|    ent_coef_loss   | 0.208    |
|    learning_rate   | 0.0003   |
|    n_updates       | 355549   |
---------------------------------
---------------------------------
| rollout/           |          |
|    ep_len_mean     | 200      |
|    ep_rew_mean     | 720      |
|    success_rate    | 0        |
| time/              |          |
|    episodes        | 1832     |
|    fps             | 117      |
|    time_elapsed    | 3117     |
|    total_timesteps | 366350   |
| train/             |          |
|    actor_loss      | -277     |
|    critic_loss     | 32.2     |
|    ent_coef        | 0.14     |
|    ent_coef_loss   | -0.0912  |
|    learning_rate   | 0.0003   |
|    n_updates       | 356349   |
---------------------------------
---------------------------------
| rollout/           |          |
|    ep_len_mean     | 200      |
|    ep_rew_mean     | 726      |
|    success_rate    | 0        |
| time/              |          |
|    episodes        | 1836     |
|    fps             | 117      |
|    time_elapsed    | 3124     |
|    total_timesteps | 367150   |
| train/             |          |
|    actor_loss      | -293     |
|    critic_loss     | 49.5     |
|    ent_coef        | 0.139    |
|    ent_coef_loss   | -0.455   |
|    learning_rate   | 0.0003   |
|    n_updates       | 357149   |
---------------------------------
---------------------------------
| rollout/           |          |
|    ep_len_mean     | 200      |
|    ep_rew_mean     | 727      |
|    success_rate    | 0        |
| time/              |          |
|    episodes        | 1840     |
|    fps             | 117      |
|    time_elapsed    | 3131     |
|    total_timesteps | 367950   |
| train/             |          |
|    actor_loss      | -272     |
|    critic_loss     | 26.3     |
|    ent_coef        | 0.142    |
|    ent_coef_loss   | -1.3     |
|    learning_rate   | 0.0003   |
|    n_updates       | 357949   |
---------------------------------
---------------------------------
| rollout/           |          |
|    ep_len_mean     | 200      |
|    ep_rew_mean     | 736      |
|    success_rate    | 0        |
| time/              |          |
|    episodes        | 1844     |
|    fps             | 117      |
|    time_elapsed    | 3138     |
|    total_timesteps | 368750   |
| train/             |          |
|    actor_loss      | -283     |
|    critic_loss     | 47.5     |
|    ent_coef        | 0.145    |
|    ent_coef_loss   | 0.184    |
|    learning_rate   | 0.0003   |
|    n_updates       | 358749   |
---------------------------------
---------------------------------
| rollout/           |          |
|    ep_len_mean     | 200      |
|    ep_rew_mean     | 753      |
|    success_rate    | 0        |
| time/              |          |
|    episodes        | 1848     |
|    fps             | 117      |
|    time_elapsed    | 3145     |
|    total_timesteps | 369550   |
| train/             |          |
|    actor_loss      | -280     |
|    critic_loss     | 22.7     |
|    ent_coef        | 0.145    |
|    ent_coef_loss   | 0.703    |
|    learning_rate   | 0.0003   |
|    n_updates       | 359549   |
---------------------------------
---------------------------------
| rollout/           |          |
|    ep_len_mean     | 200      |
|    ep_rew_mean     | 747      |
|    success_rate    | 0        |
| time/              |          |
|    episodes        | 1852     |
|    fps             | 117      |
|    time_elapsed    | 3152     |
|    total_timesteps | 370350   |
| train/             |          |
|    actor_loss      | -268     |
|    critic_loss     | 28.2     |
|    ent_coef        | 0.143    |
|    ent_coef_loss   | 0.0888   |
|    learning_rate   | 0.0003   |
|    n_updates       | 360349   |
---------------------------------
---------------------------------
| rollout/           |          |
|    ep_len_mean     | 200      |
|    ep_rew_mean     | 743      |
|    success_rate    | 0        |
| time/              |          |
|    episodes        | 1856     |
|    fps             | 117      |
|    time_elapsed    | 3159     |
|    total_timesteps | 371150   |
| train/             |          |
|    actor_loss      | -271     |
|    critic_loss     | 42.6     |
|    ent_coef        | 0.141    |
|    ent_coef_loss   | 0.398    |
|    learning_rate   | 0.0003   |
|    n_updates       | 361149   |
---------------------------------
---------------------------------
| rollout/           |          |
|    ep_len_mean     | 200      |
|    ep_rew_mean     | 752      |
|    success_rate    | 0        |
| time/              |          |
|    episodes        | 1860     |
|    fps             | 117      |
|    time_elapsed    | 3166     |
|    total_timesteps | 371950   |
| train/             |          |
|    actor_loss      | -279     |
|    critic_loss     | 13.1     |
|    ent_coef        | 0.144    |
|    ent_coef_loss   | -0.296   |
|    learning_rate   | 0.0003   |
|    n_updates       | 361949   |
---------------------------------
---------------------------------
| rollout/           |          |
|    ep_len_mean     | 200      |
|    ep_rew_mean     | 765      |
|    success_rate    | 0        |
| time/              |          |
|    episodes        | 1864     |
|    fps             | 117      |
|    time_elapsed    | 3172     |
|    total_timesteps | 372750   |
| train/             |          |
|    actor_loss      | -268     |
|    critic_loss     | 17.8     |
|    ent_coef        | 0.142    |
|    ent_coef_loss   | -0.933   |
|    learning_rate   | 0.0003   |
|    n_updates       | 362749   |
---------------------------------
---------------------------------
| rollout/           |          |
|    ep_len_mean     | 200      |
|    ep_rew_mean     | 757      |
|    success_rate    | 0        |
| time/              |          |
|    episodes        | 1868     |
|    fps             | 117      |
|    time_elapsed    | 3179     |
|    total_timesteps | 373550   |
| train/             |          |
|    actor_loss      | -279     |
|    critic_loss     | 31.1     |
|    ent_coef        | 0.134    |
|    ent_coef_loss   | 1.53     |
|    learning_rate   | 0.0003   |
|    n_updates       | 363549   |
---------------------------------
---------------------------------
| rollout/           |          |
|    ep_len_mean     | 200      |
|    ep_rew_mean     | 765      |
|    success_rate    | 0        |
| time/              |          |
|    episodes        | 1872     |
|    fps             | 117      |
|    time_elapsed    | 3186     |
|    total_timesteps | 374350   |
| train/             |          |
|    actor_loss      | -288     |
|    critic_loss     | 38.7     |
|    ent_coef        | 0.133    |
|    ent_coef_loss   | -0.881   |
|    learning_rate   | 0.0003   |
|    n_updates       | 364349   |
---------------------------------
Eval num_timesteps=375000, episode_reward=679.56 +/- 318.77
Episode length: 200.00 +/- 0.00
Success rate: 0.00%
---------------------------------
| eval/              |          |
|    mean_ep_length  | 200      |
|    mean_reward     | 680      |
|    success_rate    | 0        |
| time/              |          |
|    total_timesteps | 375000   |
| train/             |          |
|    actor_loss      | -291     |
|    critic_loss     | 17.8     |
|    ent_coef        | 0.136    |
|    ent_coef_loss   | -0.789   |
|    learning_rate   | 0.0003   |
|    n_updates       | 364999   |
---------------------------------
---------------------------------
| rollout/           |          |
|    ep_len_mean     | 200      |
|    ep_rew_mean     | 760      |
|    success_rate    | 0        |
| time/              |          |
|    episodes        | 1876     |
|    fps             | 117      |
|    time_elapsed    | 3194     |
|    total_timesteps | 375150   |
| train/             |          |
|    actor_loss      | -270     |
|    critic_loss     | 60.6     |
|    ent_coef        | 0.135    |
|    ent_coef_loss   | -0.179   |
|    learning_rate   | 0.0003   |
|    n_updates       | 365149   |
---------------------------------
---------------------------------
| rollout/           |          |
|    ep_len_mean     | 200      |
|    ep_rew_mean     | 742      |
|    success_rate    | 0        |
| time/              |          |
|    episodes        | 1880     |
|    fps             | 117      |
|    time_elapsed    | 3201     |
|    total_timesteps | 375950   |
| train/             |          |
|    actor_loss      | -278     |
|    critic_loss     | 23.7     |
|    ent_coef        | 0.14     |
|    ent_coef_loss   | -0.221   |
|    learning_rate   | 0.0003   |
|    n_updates       | 365949   |
---------------------------------
---------------------------------
| rollout/           |          |
|    ep_len_mean     | 200      |
|    ep_rew_mean     | 729      |
|    success_rate    | 0        |
| time/              |          |
|    episodes        | 1884     |
|    fps             | 117      |
|    time_elapsed    | 3208     |
|    total_timesteps | 376750   |
| train/             |          |
|    actor_loss      | -276     |
|    critic_loss     | 18       |
|    ent_coef        | 0.134    |
|    ent_coef_loss   | -0.00577 |
|    learning_rate   | 0.0003   |
|    n_updates       | 366749   |
---------------------------------
---------------------------------
| rollout/           |          |
|    ep_len_mean     | 200      |
|    ep_rew_mean     | 725      |
|    success_rate    | 0        |
| time/              |          |
|    episodes        | 1888     |
|    fps             | 117      |
|    time_elapsed    | 3215     |
|    total_timesteps | 377550   |
| train/             |          |
|    actor_loss      | -273     |
|    critic_loss     | 116      |
|    ent_coef        | 0.143    |
|    ent_coef_loss   | -0.453   |
|    learning_rate   | 0.0003   |
|    n_updates       | 367549   |
---------------------------------
---------------------------------
| rollout/           |          |
|    ep_len_mean     | 200      |
|    ep_rew_mean     | 727      |
|    success_rate    | 0        |
| time/              |          |
|    episodes        | 1892     |
|    fps             | 117      |
|    time_elapsed    | 3222     |
|    total_timesteps | 378350   |
| train/             |          |
|    actor_loss      | -285     |
|    critic_loss     | 29.4     |
|    ent_coef        | 0.133    |
|    ent_coef_loss   | -0.0273  |
|    learning_rate   | 0.0003   |
|    n_updates       | 368349   |
---------------------------------
---------------------------------
| rollout/           |          |
|    ep_len_mean     | 200      |
|    ep_rew_mean     | 722      |
|    success_rate    | 0        |
| time/              |          |
|    episodes        | 1896     |
|    fps             | 117      |
|    time_elapsed    | 3229     |
|    total_timesteps | 379150   |
| train/             |          |
|    actor_loss      | -281     |
|    critic_loss     | 27.1     |
|    ent_coef        | 0.14     |
|    ent_coef_loss   | 0.652    |
|    learning_rate   | 0.0003   |
|    n_updates       | 369149   |
---------------------------------
---------------------------------
| rollout/           |          |
|    ep_len_mean     | 200      |
|    ep_rew_mean     | 723      |
|    success_rate    | 0        |
| time/              |          |
|    episodes        | 1900     |
|    fps             | 117      |
|    time_elapsed    | 3236     |
|    total_timesteps | 379950   |
| train/             |          |
|    actor_loss      | -289     |
|    critic_loss     | 31.9     |
|    ent_coef        | 0.141    |
|    ent_coef_loss   | -0.34    |
|    learning_rate   | 0.0003   |
|    n_updates       | 369949   |
---------------------------------
---------------------------------
| rollout/           |          |
|    ep_len_mean     | 200      |
|    ep_rew_mean     | 730      |
|    success_rate    | 0        |
| time/              |          |
|    episodes        | 1904     |
|    fps             | 117      |
|    time_elapsed    | 3243     |
|    total_timesteps | 380750   |
| train/             |          |
|    actor_loss      | -286     |
|    critic_loss     | 25.2     |
|    ent_coef        | 0.143    |
|    ent_coef_loss   | -0.146   |
|    learning_rate   | 0.0003   |
|    n_updates       | 370749   |
---------------------------------
---------------------------------
| rollout/           |          |
|    ep_len_mean     | 200      |
|    ep_rew_mean     | 727      |
|    success_rate    | 0        |
| time/              |          |
|    episodes        | 1908     |
|    fps             | 117      |
|    time_elapsed    | 3250     |
|    total_timesteps | 381550   |
| train/             |          |
|    actor_loss      | -286     |
|    critic_loss     | 110      |
|    ent_coef        | 0.138    |
|    ent_coef_loss   | -0.664   |
|    learning_rate   | 0.0003   |
|    n_updates       | 371549   |
---------------------------------
---------------------------------
| rollout/           |          |
|    ep_len_mean     | 200      |
|    ep_rew_mean     | 728      |
|    success_rate    | 0        |
| time/              |          |
|    episodes        | 1912     |
|    fps             | 117      |
|    time_elapsed    | 3257     |
|    total_timesteps | 382350   |
| train/             |          |
|    actor_loss      | -284     |
|    critic_loss     | 25.4     |
|    ent_coef        | 0.143    |
|    ent_coef_loss   | -0.0639  |
|    learning_rate   | 0.0003   |
|    n_updates       | 372349   |
---------------------------------
---------------------------------
| rollout/           |          |
|    ep_len_mean     | 200      |
|    ep_rew_mean     | 722      |
|    success_rate    | 0        |
| time/              |          |
|    episodes        | 1916     |
|    fps             | 117      |
|    time_elapsed    | 3264     |
|    total_timesteps | 383150   |
| train/             |          |
|    actor_loss      | -284     |
|    critic_loss     | 36.2     |
|    ent_coef        | 0.143    |
|    ent_coef_loss   | 0.883    |
|    learning_rate   | 0.0003   |
|    n_updates       | 373149   |
---------------------------------
---------------------------------
| rollout/           |          |
|    ep_len_mean     | 200      |
|    ep_rew_mean     | 729      |
|    success_rate    | 0        |
| time/              |          |
|    episodes        | 1920     |
|    fps             | 117      |
|    time_elapsed    | 3271     |
|    total_timesteps | 383950   |
| train/             |          |
|    actor_loss      | -262     |
|    critic_loss     | 11.6     |
|    ent_coef        | 0.132    |
|    ent_coef_loss   | -0.841   |
|    learning_rate   | 0.0003   |
|    n_updates       | 373949   |
---------------------------------
---------------------------------
| rollout/           |          |
|    ep_len_mean     | 200      |
|    ep_rew_mean     | 730      |
|    success_rate    | 0        |
| time/              |          |
|    episodes        | 1924     |
|    fps             | 117      |
|    time_elapsed    | 3278     |
|    total_timesteps | 384750   |
| train/             |          |
|    actor_loss      | -289     |
|    critic_loss     | 41.7     |
|    ent_coef        | 0.138    |
|    ent_coef_loss   | 0.342    |
|    learning_rate   | 0.0003   |
|    n_updates       | 374749   |
---------------------------------
---------------------------------
| rollout/           |          |
|    ep_len_mean     | 200      |
|    ep_rew_mean     | 731      |
|    success_rate    | 0        |
| time/              |          |
|    episodes        | 1928     |
|    fps             | 117      |
|    time_elapsed    | 3285     |
|    total_timesteps | 385550   |
| train/             |          |
|    actor_loss      | -282     |
|    critic_loss     | 14.6     |
|    ent_coef        | 0.139    |
|    ent_coef_loss   | -0.698   |
|    learning_rate   | 0.0003   |
|    n_updates       | 375549   |
---------------------------------
---------------------------------
| rollout/           |          |
|    ep_len_mean     | 200      |
|    ep_rew_mean     | 733      |
|    success_rate    | 0        |
| time/              |          |
|    episodes        | 1932     |
|    fps             | 117      |
|    time_elapsed    | 3292     |
|    total_timesteps | 386350   |
| train/             |          |
|    actor_loss      | -294     |
|    critic_loss     | 19.5     |
|    ent_coef        | 0.137    |
|    ent_coef_loss   | 0.03     |
|    learning_rate   | 0.0003   |
|    n_updates       | 376349   |
---------------------------------
---------------------------------
| rollout/           |          |
|    ep_len_mean     | 200      |
|    ep_rew_mean     | 736      |
|    success_rate    | 0        |
| time/              |          |
|    episodes        | 1936     |
|    fps             | 117      |
|    time_elapsed    | 3299     |
|    total_timesteps | 387150   |
| train/             |          |
|    actor_loss      | -278     |
|    critic_loss     | 23.3     |
|    ent_coef        | 0.136    |
|    ent_coef_loss   | -0.263   |
|    learning_rate   | 0.0003   |
|    n_updates       | 377149   |
---------------------------------
---------------------------------
| rollout/           |          |
|    ep_len_mean     | 200      |
|    ep_rew_mean     | 738      |
|    success_rate    | 0        |
| time/              |          |
|    episodes        | 1940     |
|    fps             | 117      |
|    time_elapsed    | 3306     |
|    total_timesteps | 387950   |
| train/             |          |
|    actor_loss      | -285     |
|    critic_loss     | 20.3     |
|    ent_coef        | 0.136    |
|    ent_coef_loss   | 0.185    |
|    learning_rate   | 0.0003   |
|    n_updates       | 377949   |
---------------------------------
---------------------------------
| rollout/           |          |
|    ep_len_mean     | 200      |
|    ep_rew_mean     | 740      |
|    success_rate    | 0        |
| time/              |          |
|    episodes        | 1944     |
|    fps             | 117      |
|    time_elapsed    | 3313     |
|    total_timesteps | 388750   |
| train/             |          |
|    actor_loss      | -274     |
|    critic_loss     | 125      |
|    ent_coef        | 0.137    |
|    ent_coef_loss   | 0.668    |
|    learning_rate   | 0.0003   |
|    n_updates       | 378749   |
---------------------------------
---------------------------------
| rollout/           |          |
|    ep_len_mean     | 200      |
|    ep_rew_mean     | 745      |
|    success_rate    | 0        |
| time/              |          |
|    episodes        | 1948     |
|    fps             | 117      |
|    time_elapsed    | 3320     |
|    total_timesteps | 389550   |
| train/             |          |
|    actor_loss      | -279     |
|    critic_loss     | 50       |
|    ent_coef        | 0.142    |
|    ent_coef_loss   | -0.5     |
|    learning_rate   | 0.0003   |
|    n_updates       | 379549   |
---------------------------------
---------------------------------
| rollout/           |          |
|    ep_len_mean     | 200      |
|    ep_rew_mean     | 748      |
|    success_rate    | 0        |
| time/              |          |
|    episodes        | 1952     |
|    fps             | 117      |
|    time_elapsed    | 3327     |
|    total_timesteps | 390350   |
| train/             |          |
|    actor_loss      | -289     |
|    critic_loss     | 18.6     |
|    ent_coef        | 0.135    |
|    ent_coef_loss   | -0.757   |
|    learning_rate   | 0.0003   |
|    n_updates       | 380349   |
---------------------------------
---------------------------------
| rollout/           |          |
|    ep_len_mean     | 200      |
|    ep_rew_mean     | 756      |
|    success_rate    | 0        |
| time/              |          |
|    episodes        | 1956     |
|    fps             | 117      |
|    time_elapsed    | 3334     |
|    total_timesteps | 391150   |
| train/             |          |
|    actor_loss      | -286     |
|    critic_loss     | 15.6     |
|    ent_coef        | 0.128    |
|    ent_coef_loss   | -0.185   |
|    learning_rate   | 0.0003   |
|    n_updates       | 381149   |
---------------------------------
---------------------------------
| rollout/           |          |
|    ep_len_mean     | 200      |
|    ep_rew_mean     | 759      |
|    success_rate    | 0        |
| time/              |          |
|    episodes        | 1960     |
|    fps             | 117      |
|    time_elapsed    | 3341     |
|    total_timesteps | 391950   |
| train/             |          |
|    actor_loss      | -279     |
|    critic_loss     | 45       |
|    ent_coef        | 0.145    |
|    ent_coef_loss   | 0.526    |
|    learning_rate   | 0.0003   |
|    n_updates       | 381949   |
---------------------------------
---------------------------------
| rollout/           |          |
|    ep_len_mean     | 200      |
|    ep_rew_mean     | 755      |
|    success_rate    | 0        |
| time/              |          |
|    episodes        | 1964     |
|    fps             | 117      |
|    time_elapsed    | 3348     |
|    total_timesteps | 392750   |
| train/             |          |
|    actor_loss      | -278     |
|    critic_loss     | 26.1     |
|    ent_coef        | 0.14     |
|    ent_coef_loss   | -0.374   |
|    learning_rate   | 0.0003   |
|    n_updates       | 382749   |
---------------------------------
---------------------------------
| rollout/           |          |
|    ep_len_mean     | 200      |
|    ep_rew_mean     | 764      |
|    success_rate    | 0        |
| time/              |          |
|    episodes        | 1968     |
|    fps             | 117      |
|    time_elapsed    | 3355     |
|    total_timesteps | 393550   |
| train/             |          |
|    actor_loss      | -293     |
|    critic_loss     | 82.6     |
|    ent_coef        | 0.14     |
|    ent_coef_loss   | -0.751   |
|    learning_rate   | 0.0003   |
|    n_updates       | 383549   |
---------------------------------
---------------------------------
| rollout/           |          |
|    ep_len_mean     | 200      |
|    ep_rew_mean     | 766      |
|    success_rate    | 0        |
| time/              |          |
|    episodes        | 1972     |
|    fps             | 117      |
|    time_elapsed    | 3362     |
|    total_timesteps | 394350   |
| train/             |          |
|    actor_loss      | -291     |
|    critic_loss     | 15.7     |
|    ent_coef        | 0.136    |
|    ent_coef_loss   | -0.0378  |
|    learning_rate   | 0.0003   |
|    n_updates       | 384349   |
---------------------------------
---------------------------------
| rollout/           |          |
|    ep_len_mean     | 200      |
|    ep_rew_mean     | 772      |
|    success_rate    | 0        |
| time/              |          |
|    episodes        | 1976     |
|    fps             | 117      |
|    time_elapsed    | 3369     |
|    total_timesteps | 395150   |
| train/             |          |
|    actor_loss      | -293     |
|    critic_loss     | 32.5     |
|    ent_coef        | 0.139    |
|    ent_coef_loss   | -0.704   |
|    learning_rate   | 0.0003   |
|    n_updates       | 385149   |
---------------------------------
---------------------------------
| rollout/           |          |
|    ep_len_mean     | 200      |
|    ep_rew_mean     | 789      |
|    success_rate    | 0        |
| time/              |          |
|    episodes        | 1980     |
|    fps             | 117      |
|    time_elapsed    | 3376     |
|    total_timesteps | 395950   |
| train/             |          |
|    actor_loss      | -297     |
|    critic_loss     | 79.2     |
|    ent_coef        | 0.135    |
|    ent_coef_loss   | -0.013   |
|    learning_rate   | 0.0003   |
|    n_updates       | 385949   |
---------------------------------
---------------------------------
| rollout/           |          |
|    ep_len_mean     | 200      |
|    ep_rew_mean     | 804      |
|    success_rate    | 0        |
| time/              |          |
|    episodes        | 1984     |
|    fps             | 117      |
|    time_elapsed    | 3383     |
|    total_timesteps | 396750   |
| train/             |          |
|    actor_loss      | -299     |
|    critic_loss     | 25.5     |
|    ent_coef        | 0.137    |
|    ent_coef_loss   | -0.245   |
|    learning_rate   | 0.0003   |
|    n_updates       | 386749   |
---------------------------------
---------------------------------
| rollout/           |          |
|    ep_len_mean     | 200      |
|    ep_rew_mean     | 794      |
|    success_rate    | 0        |
| time/              |          |
|    episodes        | 1988     |
|    fps             | 117      |
|    time_elapsed    | 3390     |
|    total_timesteps | 397550   |
| train/             |          |
|    actor_loss      | -290     |
|    critic_loss     | 29.3     |
|    ent_coef        | 0.137    |
|    ent_coef_loss   | -0.434   |
|    learning_rate   | 0.0003   |
|    n_updates       | 387549   |
---------------------------------
---------------------------------
| rollout/           |          |
|    ep_len_mean     | 200      |
|    ep_rew_mean     | 795      |
|    success_rate    | 0        |
| time/              |          |
|    episodes        | 1992     |
|    fps             | 117      |
|    time_elapsed    | 3397     |
|    total_timesteps | 398350   |
| train/             |          |
|    actor_loss      | -279     |
|    critic_loss     | 25.3     |
|    ent_coef        | 0.135    |
|    ent_coef_loss   | -1.07    |
|    learning_rate   | 0.0003   |
|    n_updates       | 388349   |
---------------------------------
---------------------------------
| rollout/           |          |
|    ep_len_mean     | 200      |
|    ep_rew_mean     | 804      |
|    success_rate    | 0        |
| time/              |          |
|    episodes        | 1996     |
|    fps             | 117      |
|    time_elapsed    | 3404     |
|    total_timesteps | 399150   |
| train/             |          |
|    actor_loss      | -295     |
|    critic_loss     | 81.3     |
|    ent_coef        | 0.134    |
|    ent_coef_loss   | -0.227   |
|    learning_rate   | 0.0003   |
|    n_updates       | 389149   |
---------------------------------
---------------------------------
| rollout/           |          |
|    ep_len_mean     | 200      |
|    ep_rew_mean     | 804      |
|    success_rate    | 0        |
| time/              |          |
|    episodes        | 2000     |
|    fps             | 117      |
|    time_elapsed    | 3411     |
|    total_timesteps | 399950   |
| train/             |          |
|    actor_loss      | -301     |
|    critic_loss     | 30.4     |
|    ent_coef        | 0.138    |
|    ent_coef_loss   | 0.784    |
|    learning_rate   | 0.0003   |
|    n_updates       | 389949   |
---------------------------------
Eval num_timesteps=400000, episode_reward=909.33 +/- 39.56
Episode length: 200.00 +/- 0.00
Success rate: 0.00%
---------------------------------
| eval/              |          |
|    mean_ep_length  | 200      |
|    mean_reward     | 909      |
|    success_rate    | 0        |
| time/              |          |
|    total_timesteps | 400000   |
| train/             |          |
|    actor_loss      | -291     |
|    critic_loss     | 15.4     |
|    ent_coef        | 0.139    |
|    ent_coef_loss   | 0.193    |
|    learning_rate   | 0.0003   |
|    n_updates       | 389999   |
---------------------------------
---------------------------------
| rollout/           |          |
|    ep_len_mean     | 200      |
|    ep_rew_mean     | 806      |
|    success_rate    | 0        |
| time/              |          |
|    episodes        | 2004     |
|    fps             | 117      |
|    time_elapsed    | 3419     |
|    total_timesteps | 400750   |
| train/             |          |
|    actor_loss      | -296     |
|    critic_loss     | 27.8     |
|    ent_coef        | 0.146    |
|    ent_coef_loss   | -0.139   |
|    learning_rate   | 0.0003   |
|    n_updates       | 390749   |
---------------------------------
---------------------------------
| rollout/           |          |
|    ep_len_mean     | 200      |
|    ep_rew_mean     | 817      |
|    success_rate    | 0        |
| time/              |          |
|    episodes        | 2008     |
|    fps             | 117      |
|    time_elapsed    | 3426     |
|    total_timesteps | 401550   |
| train/             |          |
|    actor_loss      | -296     |
|    critic_loss     | 40.9     |
|    ent_coef        | 0.144    |
|    ent_coef_loss   | 1.16     |
|    learning_rate   | 0.0003   |
|    n_updates       | 391549   |
---------------------------------
---------------------------------
| rollout/           |          |
|    ep_len_mean     | 200      |
|    ep_rew_mean     | 816      |
|    success_rate    | 0        |
| time/              |          |
|    episodes        | 2012     |
|    fps             | 117      |
|    time_elapsed    | 3433     |
|    total_timesteps | 402350   |
| train/             |          |
|    actor_loss      | -298     |
|    critic_loss     | 24.8     |
|    ent_coef        | 0.152    |
|    ent_coef_loss   | -0.438   |
|    learning_rate   | 0.0003   |
|    n_updates       | 392349   |
---------------------------------
---------------------------------
| rollout/           |          |
|    ep_len_mean     | 200      |
|    ep_rew_mean     | 827      |
|    success_rate    | 0        |
| time/              |          |
|    episodes        | 2016     |
|    fps             | 117      |
|    time_elapsed    | 3440     |
|    total_timesteps | 403150   |
| train/             |          |
|    actor_loss      | -290     |
|    critic_loss     | 15.7     |
|    ent_coef        | 0.151    |
|    ent_coef_loss   | -0.512   |
|    learning_rate   | 0.0003   |
|    n_updates       | 393149   |
---------------------------------
---------------------------------
| rollout/           |          |
|    ep_len_mean     | 200      |
|    ep_rew_mean     | 825      |
|    success_rate    | 0        |
| time/              |          |
|    episodes        | 2020     |
|    fps             | 117      |
|    time_elapsed    | 3446     |
|    total_timesteps | 403950   |
| train/             |          |
|    actor_loss      | -309     |
|    critic_loss     | 39.5     |
|    ent_coef        | 0.152    |
|    ent_coef_loss   | 0.108    |
|    learning_rate   | 0.0003   |
|    n_updates       | 393949   |
---------------------------------
---------------------------------
| rollout/           |          |
|    ep_len_mean     | 200      |
|    ep_rew_mean     | 820      |
|    success_rate    | 0        |
| time/              |          |
|    episodes        | 2024     |
|    fps             | 117      |
|    time_elapsed    | 3453     |
|    total_timesteps | 404750   |
| train/             |          |
|    actor_loss      | -285     |
|    critic_loss     | 121      |
|    ent_coef        | 0.138    |
|    ent_coef_loss   | -0.206   |
|    learning_rate   | 0.0003   |
|    n_updates       | 394749   |
---------------------------------
---------------------------------
| rollout/           |          |
|    ep_len_mean     | 200      |
|    ep_rew_mean     | 834      |
|    success_rate    | 0        |
| time/              |          |
|    episodes        | 2028     |
|    fps             | 117      |
|    time_elapsed    | 3460     |
|    total_timesteps | 405550   |
| train/             |          |
|    actor_loss      | -294     |
|    critic_loss     | 53       |
|    ent_coef        | 0.137    |
|    ent_coef_loss   | 0.467    |
|    learning_rate   | 0.0003   |
|    n_updates       | 395549   |
---------------------------------
---------------------------------
| rollout/           |          |
|    ep_len_mean     | 200      |
|    ep_rew_mean     | 836      |
|    success_rate    | 0        |
| time/              |          |
|    episodes        | 2032     |
|    fps             | 117      |
|    time_elapsed    | 3467     |
|    total_timesteps | 406350   |
| train/             |          |
|    actor_loss      | -306     |
|    critic_loss     | 81.6     |
|    ent_coef        | 0.138    |
|    ent_coef_loss   | 0.181    |
|    learning_rate   | 0.0003   |
|    n_updates       | 396349   |
---------------------------------
---------------------------------
| rollout/           |          |
|    ep_len_mean     | 200      |
|    ep_rew_mean     | 837      |
|    success_rate    | 0        |
| time/              |          |
|    episodes        | 2036     |
|    fps             | 117      |
|    time_elapsed    | 3474     |
|    total_timesteps | 407150   |
| train/             |          |
|    actor_loss      | -293     |
|    critic_loss     | 40.3     |
|    ent_coef        | 0.15     |
|    ent_coef_loss   | 0.287    |
|    learning_rate   | 0.0003   |
|    n_updates       | 397149   |
---------------------------------
---------------------------------
| rollout/           |          |
|    ep_len_mean     | 200      |
|    ep_rew_mean     | 836      |
|    success_rate    | 0        |
| time/              |          |
|    episodes        | 2040     |
|    fps             | 117      |
|    time_elapsed    | 3481     |
|    total_timesteps | 407950   |
| train/             |          |
|    actor_loss      | -299     |
|    critic_loss     | 18.6     |
|    ent_coef        | 0.147    |
|    ent_coef_loss   | 0.275    |
|    learning_rate   | 0.0003   |
|    n_updates       | 397949   |
---------------------------------
---------------------------------
| rollout/           |          |
|    ep_len_mean     | 200      |
|    ep_rew_mean     | 836      |
|    success_rate    | 0        |
| time/              |          |
|    episodes        | 2044     |
|    fps             | 117      |
|    time_elapsed    | 3488     |
|    total_timesteps | 408750   |
| train/             |          |
|    actor_loss      | -298     |
|    critic_loss     | 37       |
|    ent_coef        | 0.138    |
|    ent_coef_loss   | -0.0551  |
|    learning_rate   | 0.0003   |
|    n_updates       | 398749   |
---------------------------------
---------------------------------
| rollout/           |          |
|    ep_len_mean     | 200      |
|    ep_rew_mean     | 835      |
|    success_rate    | 0        |
| time/              |          |
|    episodes        | 2048     |
|    fps             | 117      |
|    time_elapsed    | 3495     |
|    total_timesteps | 409550   |
| train/             |          |
|    actor_loss      | -298     |
|    critic_loss     | 15.3     |
|    ent_coef        | 0.143    |
|    ent_coef_loss   | -0.112   |
|    learning_rate   | 0.0003   |
|    n_updates       | 399549   |
---------------------------------
---------------------------------
| rollout/           |          |
|    ep_len_mean     | 200      |
|    ep_rew_mean     | 844      |
|    success_rate    | 0        |
| time/              |          |
|    episodes        | 2052     |
|    fps             | 117      |
|    time_elapsed    | 3502     |
|    total_timesteps | 410350   |
| train/             |          |
|    actor_loss      | -311     |
|    critic_loss     | 27.2     |
|    ent_coef        | 0.143    |
|    ent_coef_loss   | 0.339    |
|    learning_rate   | 0.0003   |
|    n_updates       | 400349   |
---------------------------------
---------------------------------
| rollout/           |          |
|    ep_len_mean     | 200      |
|    ep_rew_mean     | 844      |
|    success_rate    | 0        |
| time/              |          |
|    episodes        | 2056     |
|    fps             | 117      |
|    time_elapsed    | 3509     |
|    total_timesteps | 411150   |
| train/             |          |
|    actor_loss      | -290     |
|    critic_loss     | 29.8     |
|    ent_coef        | 0.138    |
|    ent_coef_loss   | -0.369   |
|    learning_rate   | 0.0003   |
|    n_updates       | 401149   |
---------------------------------
---------------------------------
| rollout/           |          |
|    ep_len_mean     | 200      |
|    ep_rew_mean     | 841      |
|    success_rate    | 0        |
| time/              |          |
|    episodes        | 2060     |
|    fps             | 117      |
|    time_elapsed    | 3516     |
|    total_timesteps | 411950   |
| train/             |          |
|    actor_loss      | -284     |
|    critic_loss     | 27.9     |
|    ent_coef        | 0.148    |
|    ent_coef_loss   | -0.722   |
|    learning_rate   | 0.0003   |
|    n_updates       | 401949   |
---------------------------------
---------------------------------
| rollout/           |          |
|    ep_len_mean     | 200      |
|    ep_rew_mean     | 840      |
|    success_rate    | 0        |
| time/              |          |
|    episodes        | 2064     |
|    fps             | 117      |
|    time_elapsed    | 3522     |
|    total_timesteps | 412750   |
| train/             |          |
|    actor_loss      | -285     |
|    critic_loss     | 19.5     |
|    ent_coef        | 0.151    |
|    ent_coef_loss   | -0.0789  |
|    learning_rate   | 0.0003   |
|    n_updates       | 402749   |
---------------------------------
---------------------------------
| rollout/           |          |
|    ep_len_mean     | 200      |
|    ep_rew_mean     | 843      |
|    success_rate    | 0        |
| time/              |          |
|    episodes        | 2068     |
|    fps             | 117      |
|    time_elapsed    | 3529     |
|    total_timesteps | 413550   |
| train/             |          |
|    actor_loss      | -302     |
|    critic_loss     | 22.2     |
|    ent_coef        | 0.151    |
|    ent_coef_loss   | -0.561   |
|    learning_rate   | 0.0003   |
|    n_updates       | 403549   |
---------------------------------
---------------------------------
| rollout/           |          |
|    ep_len_mean     | 200      |
|    ep_rew_mean     | 845      |
|    success_rate    | 0        |
| time/              |          |
|    episodes        | 2072     |
|    fps             | 117      |
|    time_elapsed    | 3536     |
|    total_timesteps | 414350   |
| train/             |          |
|    actor_loss      | -292     |
|    critic_loss     | 17.5     |
|    ent_coef        | 0.153    |
|    ent_coef_loss   | -0.864   |
|    learning_rate   | 0.0003   |
|    n_updates       | 404349   |
---------------------------------
---------------------------------
| rollout/           |          |
|    ep_len_mean     | 200      |
|    ep_rew_mean     | 849      |
|    success_rate    | 0        |
| time/              |          |
|    episodes        | 2076     |
|    fps             | 117      |
|    time_elapsed    | 3543     |
|    total_timesteps | 415150   |
| train/             |          |
|    actor_loss      | -307     |
|    critic_loss     | 65.1     |
|    ent_coef        | 0.153    |
|    ent_coef_loss   | -0.265   |
|    learning_rate   | 0.0003   |
|    n_updates       | 405149   |
---------------------------------
---------------------------------
| rollout/           |          |
|    ep_len_mean     | 200      |
|    ep_rew_mean     | 850      |
|    success_rate    | 0        |
| time/              |          |
|    episodes        | 2080     |
|    fps             | 117      |
|    time_elapsed    | 3550     |
|    total_timesteps | 415950   |
| train/             |          |
|    actor_loss      | -307     |
|    critic_loss     | 46.3     |
|    ent_coef        | 0.149    |
|    ent_coef_loss   | -0.329   |
|    learning_rate   | 0.0003   |
|    n_updates       | 405949   |
---------------------------------
---------------------------------
| rollout/           |          |
|    ep_len_mean     | 200      |
|    ep_rew_mean     | 849      |
|    success_rate    | 0        |
| time/              |          |
|    episodes        | 2084     |
|    fps             | 117      |
|    time_elapsed    | 3557     |
|    total_timesteps | 416750   |
| train/             |          |
|    actor_loss      | -302     |
|    critic_loss     | 23.2     |
|    ent_coef        | 0.152    |
|    ent_coef_loss   | 0.688    |
|    learning_rate   | 0.0003   |
|    n_updates       | 406749   |
---------------------------------
---------------------------------
| rollout/           |          |
|    ep_len_mean     | 200      |
|    ep_rew_mean     | 863      |
|    success_rate    | 0        |
| time/              |          |
|    episodes        | 2088     |
|    fps             | 117      |
|    time_elapsed    | 3563     |
|    total_timesteps | 417550   |
| train/             |          |
|    actor_loss      | -304     |
|    critic_loss     | 57.4     |
|    ent_coef        | 0.155    |
|    ent_coef_loss   | -0.131   |
|    learning_rate   | 0.0003   |
|    n_updates       | 407549   |
---------------------------------
---------------------------------
| rollout/           |          |
|    ep_len_mean     | 200      |
|    ep_rew_mean     | 851      |
|    success_rate    | 0        |
| time/              |          |
|    episodes        | 2092     |
|    fps             | 117      |
|    time_elapsed    | 3570     |
|    total_timesteps | 418350   |
| train/             |          |
|    actor_loss      | -311     |
|    critic_loss     | 31.7     |
|    ent_coef        | 0.148    |
|    ent_coef_loss   | -0.28    |
|    learning_rate   | 0.0003   |
|    n_updates       | 408349   |
---------------------------------
---------------------------------
| rollout/           |          |
|    ep_len_mean     | 200      |
|    ep_rew_mean     | 844      |
|    success_rate    | 0        |
| time/              |          |
|    episodes        | 2096     |
|    fps             | 117      |
|    time_elapsed    | 3577     |
|    total_timesteps | 419150   |
| train/             |          |
|    actor_loss      | -301     |
|    critic_loss     | 30.5     |
|    ent_coef        | 0.144    |
|    ent_coef_loss   | -0.344   |
|    learning_rate   | 0.0003   |
|    n_updates       | 409149   |
---------------------------------
---------------------------------
| rollout/           |          |
|    ep_len_mean     | 200      |
|    ep_rew_mean     | 837      |
|    success_rate    | 0        |
| time/              |          |
|    episodes        | 2100     |
|    fps             | 117      |
|    time_elapsed    | 3584     |
|    total_timesteps | 419950   |
| train/             |          |
|    actor_loss      | -304     |
|    critic_loss     | 36.7     |
|    ent_coef        | 0.144    |
|    ent_coef_loss   | 0.276    |
|    learning_rate   | 0.0003   |
|    n_updates       | 409949   |
---------------------------------
---------------------------------
| rollout/           |          |
|    ep_len_mean     | 200      |
|    ep_rew_mean     | 841      |
|    success_rate    | 0        |
| time/              |          |
|    episodes        | 2104     |
|    fps             | 117      |
|    time_elapsed    | 3591     |
|    total_timesteps | 420750   |
| train/             |          |
|    actor_loss      | -308     |
|    critic_loss     | 22.4     |
|    ent_coef        | 0.14     |
|    ent_coef_loss   | 0.692    |
|    learning_rate   | 0.0003   |
|    n_updates       | 410749   |
---------------------------------
---------------------------------
| rollout/           |          |
|    ep_len_mean     | 200      |
|    ep_rew_mean     | 840      |
|    success_rate    | 0        |
| time/              |          |
|    episodes        | 2108     |
|    fps             | 117      |
|    time_elapsed    | 3598     |
|    total_timesteps | 421550   |
| train/             |          |
|    actor_loss      | -296     |
|    critic_loss     | 192      |
|    ent_coef        | 0.136    |
|    ent_coef_loss   | 0.26     |
|    learning_rate   | 0.0003   |
|    n_updates       | 411549   |
---------------------------------
---------------------------------
| rollout/           |          |
|    ep_len_mean     | 200      |
|    ep_rew_mean     | 844      |
|    success_rate    | 0        |
| time/              |          |
|    episodes        | 2112     |
|    fps             | 117      |
|    time_elapsed    | 3604     |
|    total_timesteps | 422350   |
| train/             |          |
|    actor_loss      | -310     |
|    critic_loss     | 22.6     |
|    ent_coef        | 0.14     |
|    ent_coef_loss   | -0.419   |
|    learning_rate   | 0.0003   |
|    n_updates       | 412349   |
---------------------------------
---------------------------------
| rollout/           |          |
|    ep_len_mean     | 200      |
|    ep_rew_mean     | 844      |
|    success_rate    | 0        |
| time/              |          |
|    episodes        | 2116     |
|    fps             | 117      |
|    time_elapsed    | 3611     |
|    total_timesteps | 423150   |
| train/             |          |
|    actor_loss      | -302     |
|    critic_loss     | 33.2     |
|    ent_coef        | 0.138    |
|    ent_coef_loss   | 0.43     |
|    learning_rate   | 0.0003   |
|    n_updates       | 413149   |
---------------------------------
---------------------------------
| rollout/           |          |
|    ep_len_mean     | 200      |
|    ep_rew_mean     | 851      |
|    success_rate    | 0        |
| time/              |          |
|    episodes        | 2120     |
|    fps             | 117      |
|    time_elapsed    | 3618     |
|    total_timesteps | 423950   |
| train/             |          |
|    actor_loss      | -312     |
|    critic_loss     | 22.2     |
|    ent_coef        | 0.143    |
|    ent_coef_loss   | -0.242   |
|    learning_rate   | 0.0003   |
|    n_updates       | 413949   |
---------------------------------
---------------------------------
| rollout/           |          |
|    ep_len_mean     | 200      |
|    ep_rew_mean     | 856      |
|    success_rate    | 0        |
| time/              |          |
|    episodes        | 2124     |
|    fps             | 117      |
|    time_elapsed    | 3625     |
|    total_timesteps | 424750   |
| train/             |          |
|    actor_loss      | -309     |
|    critic_loss     | 17.9     |
|    ent_coef        | 0.136    |
|    ent_coef_loss   | -0.541   |
|    learning_rate   | 0.0003   |
|    n_updates       | 414749   |
---------------------------------
Eval num_timesteps=425000, episode_reward=931.40 +/- 10.40
Episode length: 200.00 +/- 0.00
Success rate: 0.00%
---------------------------------
| eval/              |          |
|    mean_ep_length  | 200      |
|    mean_reward     | 931      |
|    success_rate    | 0        |
| time/              |          |
|    total_timesteps | 425000   |
| train/             |          |
|    actor_loss      | -308     |
|    critic_loss     | 15.5     |
|    ent_coef        | 0.135    |
|    ent_coef_loss   | 0.13     |
|    learning_rate   | 0.0003   |
|    n_updates       | 414999   |
---------------------------------
New best mean reward!
---------------------------------
| rollout/           |          |
|    ep_len_mean     | 200      |
|    ep_rew_mean     | 844      |
|    success_rate    | 0        |
| time/              |          |
|    episodes        | 2128     |
|    fps             | 117      |
|    time_elapsed    | 3633     |
|    total_timesteps | 425550   |
| train/             |          |
|    actor_loss      | -304     |
|    critic_loss     | 43.6     |
|    ent_coef        | 0.141    |
|    ent_coef_loss   | -1.11    |
|    learning_rate   | 0.0003   |
|    n_updates       | 415549   |
---------------------------------
---------------------------------
| rollout/           |          |
|    ep_len_mean     | 200      |
|    ep_rew_mean     | 844      |
|    success_rate    | 0        |
| time/              |          |
|    episodes        | 2132     |
|    fps             | 117      |
|    time_elapsed    | 3639     |
|    total_timesteps | 426350   |
| train/             |          |
|    actor_loss      | -301     |
|    critic_loss     | 23.7     |
|    ent_coef        | 0.139    |
|    ent_coef_loss   | -0.061   |
|    learning_rate   | 0.0003   |
|    n_updates       | 416349   |
---------------------------------
---------------------------------
| rollout/           |          |
|    ep_len_mean     | 200      |
|    ep_rew_mean     | 843      |
|    success_rate    | 0        |
| time/              |          |
|    episodes        | 2136     |
|    fps             | 117      |
|    time_elapsed    | 3646     |
|    total_timesteps | 427150   |
| train/             |          |
|    actor_loss      | -295     |
|    critic_loss     | 13.2     |
|    ent_coef        | 0.138    |
|    ent_coef_loss   | -0.924   |
|    learning_rate   | 0.0003   |
|    n_updates       | 417149   |
---------------------------------
---------------------------------
| rollout/           |          |
|    ep_len_mean     | 200      |
|    ep_rew_mean     | 843      |
|    success_rate    | 0        |
| time/              |          |
|    episodes        | 2140     |
|    fps             | 117      |
|    time_elapsed    | 3653     |
|    total_timesteps | 427950   |
| train/             |          |
|    actor_loss      | -306     |
|    critic_loss     | 37.6     |
|    ent_coef        | 0.136    |
|    ent_coef_loss   | 0.318    |
|    learning_rate   | 0.0003   |
|    n_updates       | 417949   |
---------------------------------
---------------------------------
| rollout/           |          |
|    ep_len_mean     | 200      |
|    ep_rew_mean     | 844      |
|    success_rate    | 0        |
| time/              |          |
|    episodes        | 2144     |
|    fps             | 117      |
|    time_elapsed    | 3660     |
|    total_timesteps | 428750   |
| train/             |          |
|    actor_loss      | -315     |
|    critic_loss     | 10.2     |
|    ent_coef        | 0.135    |
|    ent_coef_loss   | 0.114    |
|    learning_rate   | 0.0003   |
|    n_updates       | 418749   |
---------------------------------
---------------------------------
| rollout/           |          |
|    ep_len_mean     | 200      |
|    ep_rew_mean     | 839      |
|    success_rate    | 0        |
| time/              |          |
|    episodes        | 2148     |
|    fps             | 117      |
|    time_elapsed    | 3667     |
|    total_timesteps | 429550   |
| train/             |          |
|    actor_loss      | -311     |
|    critic_loss     | 45.9     |
|    ent_coef        | 0.141    |
|    ent_coef_loss   | 0.331    |
|    learning_rate   | 0.0003   |
|    n_updates       | 419549   |
---------------------------------
---------------------------------
| rollout/           |          |
|    ep_len_mean     | 200      |
|    ep_rew_mean     | 837      |
|    success_rate    | 0        |
| time/              |          |
|    episodes        | 2152     |
|    fps             | 117      |
|    time_elapsed    | 3674     |
|    total_timesteps | 430350   |
| train/             |          |
|    actor_loss      | -311     |
|    critic_loss     | 30.5     |
|    ent_coef        | 0.139    |
|    ent_coef_loss   | 0.0229   |
|    learning_rate   | 0.0003   |
|    n_updates       | 420349   |
---------------------------------
---------------------------------
| rollout/           |          |
|    ep_len_mean     | 200      |
|    ep_rew_mean     | 838      |
|    success_rate    | 0        |
| time/              |          |
|    episodes        | 2156     |
|    fps             | 117      |
|    time_elapsed    | 3681     |
|    total_timesteps | 431150   |
| train/             |          |
|    actor_loss      | -314     |
|    critic_loss     | 12.8     |
|    ent_coef        | 0.138    |
|    ent_coef_loss   | -0.31    |
|    learning_rate   | 0.0003   |
|    n_updates       | 421149   |
---------------------------------
---------------------------------
| rollout/           |          |
|    ep_len_mean     | 200      |
|    ep_rew_mean     | 838      |
|    success_rate    | 0        |
| time/              |          |
|    episodes        | 2160     |
|    fps             | 117      |
|    time_elapsed    | 3687     |
|    total_timesteps | 431950   |
| train/             |          |
|    actor_loss      | -309     |
|    critic_loss     | 24.8     |
|    ent_coef        | 0.134    |
|    ent_coef_loss   | 0.35     |
|    learning_rate   | 0.0003   |
|    n_updates       | 421949   |
---------------------------------
---------------------------------
| rollout/           |          |
|    ep_len_mean     | 200      |
|    ep_rew_mean     | 847      |
|    success_rate    | 0        |
| time/              |          |
|    episodes        | 2164     |
|    fps             | 117      |
|    time_elapsed    | 3694     |
|    total_timesteps | 432750   |
| train/             |          |
|    actor_loss      | -304     |
|    critic_loss     | 27.5     |
|    ent_coef        | 0.14     |
|    ent_coef_loss   | -0.0926  |
|    learning_rate   | 0.0003   |
|    n_updates       | 422749   |
---------------------------------
---------------------------------
| rollout/           |          |
|    ep_len_mean     | 200      |
|    ep_rew_mean     | 847      |
|    success_rate    | 0        |
| time/              |          |
|    episodes        | 2168     |
|    fps             | 117      |
|    time_elapsed    | 3701     |
|    total_timesteps | 433550   |
| train/             |          |
|    actor_loss      | -314     |
|    critic_loss     | 23.3     |
|    ent_coef        | 0.132    |
|    ent_coef_loss   | -1.11    |
|    learning_rate   | 0.0003   |
|    n_updates       | 423549   |
---------------------------------
---------------------------------
| rollout/           |          |
|    ep_len_mean     | 200      |
|    ep_rew_mean     | 843      |
|    success_rate    | 0        |
| time/              |          |
|    episodes        | 2172     |
|    fps             | 117      |
|    time_elapsed    | 3708     |
|    total_timesteps | 434350   |
| train/             |          |
|    actor_loss      | -304     |
|    critic_loss     | 27.4     |
|    ent_coef        | 0.135    |
|    ent_coef_loss   | 0.805    |
|    learning_rate   | 0.0003   |
|    n_updates       | 424349   |
---------------------------------
---------------------------------
| rollout/           |          |
|    ep_len_mean     | 200      |
|    ep_rew_mean     | 841      |
|    success_rate    | 0        |
| time/              |          |
|    episodes        | 2176     |
|    fps             | 117      |
|    time_elapsed    | 3715     |
|    total_timesteps | 435150   |
| train/             |          |
|    actor_loss      | -316     |
|    critic_loss     | 23.4     |
|    ent_coef        | 0.132    |
|    ent_coef_loss   | -0.869   |
|    learning_rate   | 0.0003   |
|    n_updates       | 425149   |
---------------------------------
---------------------------------
| rollout/           |          |
|    ep_len_mean     | 200      |
|    ep_rew_mean     | 837      |
|    success_rate    | 0        |
| time/              |          |
|    episodes        | 2180     |
|    fps             | 117      |
|    time_elapsed    | 3722     |
|    total_timesteps | 435950   |
| train/             |          |
|    actor_loss      | -317     |
|    critic_loss     | 98.7     |
|    ent_coef        | 0.139    |
|    ent_coef_loss   | 5.46e-05 |
|    learning_rate   | 0.0003   |
|    n_updates       | 425949   |
---------------------------------
---------------------------------
| rollout/           |          |
|    ep_len_mean     | 200      |
|    ep_rew_mean     | 829      |
|    success_rate    | 0        |
| time/              |          |
|    episodes        | 2184     |
|    fps             | 117      |
|    time_elapsed    | 3729     |
|    total_timesteps | 436750   |
| train/             |          |
|    actor_loss      | -314     |
|    critic_loss     | 11.3     |
|    ent_coef        | 0.135    |
|    ent_coef_loss   | 0.465    |
|    learning_rate   | 0.0003   |
|    n_updates       | 426749   |
---------------------------------
---------------------------------
| rollout/           |          |
|    ep_len_mean     | 200      |
|    ep_rew_mean     | 832      |
|    success_rate    | 0        |
| time/              |          |
|    episodes        | 2188     |
|    fps             | 117      |
|    time_elapsed    | 3736     |
|    total_timesteps | 437550   |
| train/             |          |
|    actor_loss      | -318     |
|    critic_loss     | 11.5     |
|    ent_coef        | 0.13     |
|    ent_coef_loss   | 0.000617 |
|    learning_rate   | 0.0003   |
|    n_updates       | 427549   |
---------------------------------
---------------------------------
| rollout/           |          |
|    ep_len_mean     | 200      |
|    ep_rew_mean     | 845      |
|    success_rate    | 0        |
| time/              |          |
|    episodes        | 2192     |
|    fps             | 117      |
|    time_elapsed    | 3742     |
|    total_timesteps | 438350   |
| train/             |          |
|    actor_loss      | -310     |
|    critic_loss     | 22.8     |
|    ent_coef        | 0.131    |
|    ent_coef_loss   | -0.235   |
|    learning_rate   | 0.0003   |
|    n_updates       | 428349   |
---------------------------------
---------------------------------
| rollout/           |          |
|    ep_len_mean     | 200      |
|    ep_rew_mean     | 851      |
|    success_rate    | 0        |
| time/              |          |
|    episodes        | 2196     |
|    fps             | 117      |
|    time_elapsed    | 3749     |
|    total_timesteps | 439150   |
| train/             |          |
|    actor_loss      | -324     |
|    critic_loss     | 18.8     |
|    ent_coef        | 0.129    |
|    ent_coef_loss   | -0.66    |
|    learning_rate   | 0.0003   |
|    n_updates       | 429149   |
---------------------------------
---------------------------------
| rollout/           |          |
|    ep_len_mean     | 200      |
|    ep_rew_mean     | 857      |
|    success_rate    | 0        |
| time/              |          |
|    episodes        | 2200     |
|    fps             | 117      |
|    time_elapsed    | 3756     |
|    total_timesteps | 439950   |
| train/             |          |
|    actor_loss      | -318     |
|    critic_loss     | 56.9     |
|    ent_coef        | 0.134    |
|    ent_coef_loss   | 0.0195   |
|    learning_rate   | 0.0003   |
|    n_updates       | 429949   |
---------------------------------
---------------------------------
| rollout/           |          |
|    ep_len_mean     | 200      |
|    ep_rew_mean     | 848      |
|    success_rate    | 0        |
| time/              |          |
|    episodes        | 2204     |
|    fps             | 117      |
|    time_elapsed    | 3763     |
|    total_timesteps | 440750   |
| train/             |          |
|    actor_loss      | -316     |
|    critic_loss     | 55.6     |
|    ent_coef        | 0.138    |
|    ent_coef_loss   | -0.587   |
|    learning_rate   | 0.0003   |
|    n_updates       | 430749   |
---------------------------------
---------------------------------
| rollout/           |          |
|    ep_len_mean     | 200      |
|    ep_rew_mean     | 848      |
|    success_rate    | 0        |
| time/              |          |
|    episodes        | 2208     |
|    fps             | 117      |
|    time_elapsed    | 3770     |
|    total_timesteps | 441550   |
| train/             |          |
|    actor_loss      | -331     |
|    critic_loss     | 23.1     |
|    ent_coef        | 0.142    |
|    ent_coef_loss   | 0.594    |
|    learning_rate   | 0.0003   |
|    n_updates       | 431549   |
---------------------------------
---------------------------------
| rollout/           |          |
|    ep_len_mean     | 200      |
|    ep_rew_mean     | 850      |
|    success_rate    | 0        |
| time/              |          |
|    episodes        | 2212     |
|    fps             | 117      |
|    time_elapsed    | 3777     |
|    total_timesteps | 442350   |
| train/             |          |
|    actor_loss      | -319     |
|    critic_loss     | 29       |
|    ent_coef        | 0.137    |
|    ent_coef_loss   | 0.957    |
|    learning_rate   | 0.0003   |
|    n_updates       | 432349   |
---------------------------------
---------------------------------
| rollout/           |          |
|    ep_len_mean     | 200      |
|    ep_rew_mean     | 841      |
|    success_rate    | 0        |
| time/              |          |
|    episodes        | 2216     |
|    fps             | 117      |
|    time_elapsed    | 3784     |
|    total_timesteps | 443150   |
| train/             |          |
|    actor_loss      | -319     |
|    critic_loss     | 15.1     |
|    ent_coef        | 0.133    |
|    ent_coef_loss   | 0.0161   |
|    learning_rate   | 0.0003   |
|    n_updates       | 433149   |
---------------------------------
---------------------------------
| rollout/           |          |
|    ep_len_mean     | 200      |
|    ep_rew_mean     | 839      |
|    success_rate    | 0        |
| time/              |          |
|    episodes        | 2220     |
|    fps             | 117      |
|    time_elapsed    | 3791     |
|    total_timesteps | 443950   |
| train/             |          |
|    actor_loss      | -331     |
|    critic_loss     | 23.3     |
|    ent_coef        | 0.132    |
|    ent_coef_loss   | 0.178    |
|    learning_rate   | 0.0003   |
|    n_updates       | 433949   |
---------------------------------
---------------------------------
| rollout/           |          |
|    ep_len_mean     | 200      |
|    ep_rew_mean     | 842      |
|    success_rate    | 0        |
| time/              |          |
|    episodes        | 2224     |
|    fps             | 117      |
|    time_elapsed    | 3798     |
|    total_timesteps | 444750   |
| train/             |          |
|    actor_loss      | -320     |
|    critic_loss     | 23.7     |
|    ent_coef        | 0.135    |
|    ent_coef_loss   | -0.361   |
|    learning_rate   | 0.0003   |
|    n_updates       | 434749   |
---------------------------------
---------------------------------
| rollout/           |          |
|    ep_len_mean     | 200      |
|    ep_rew_mean     | 851      |
|    success_rate    | 0        |
| time/              |          |
|    episodes        | 2228     |
|    fps             | 117      |
|    time_elapsed    | 3805     |
|    total_timesteps | 445550   |
| train/             |          |
|    actor_loss      | -308     |
|    critic_loss     | 26.9     |
|    ent_coef        | 0.136    |
|    ent_coef_loss   | 0.433    |
|    learning_rate   | 0.0003   |
|    n_updates       | 435549   |
---------------------------------
---------------------------------
| rollout/           |          |
|    ep_len_mean     | 200      |
|    ep_rew_mean     | 847      |
|    success_rate    | 0        |
| time/              |          |
|    episodes        | 2232     |
|    fps             | 117      |
|    time_elapsed    | 3811     |
|    total_timesteps | 446350   |
| train/             |          |
|    actor_loss      | -336     |
|    critic_loss     | 28.2     |
|    ent_coef        | 0.137    |
|    ent_coef_loss   | -0.291   |
|    learning_rate   | 0.0003   |
|    n_updates       | 436349   |
---------------------------------
---------------------------------
| rollout/           |          |
|    ep_len_mean     | 200      |
|    ep_rew_mean     | 845      |
|    success_rate    | 0        |
| time/              |          |
|    episodes        | 2236     |
|    fps             | 117      |
|    time_elapsed    | 3818     |
|    total_timesteps | 447150   |
| train/             |          |
|    actor_loss      | -332     |
|    critic_loss     | 26.6     |
|    ent_coef        | 0.134    |
|    ent_coef_loss   | -0.0791  |
|    learning_rate   | 0.0003   |
|    n_updates       | 437149   |
---------------------------------
---------------------------------
| rollout/           |          |
|    ep_len_mean     | 200      |
|    ep_rew_mean     | 842      |
|    success_rate    | 0        |
| time/              |          |
|    episodes        | 2240     |
|    fps             | 117      |
|    time_elapsed    | 3825     |
|    total_timesteps | 447950   |
| train/             |          |
|    actor_loss      | -323     |
|    critic_loss     | 13.1     |
|    ent_coef        | 0.139    |
|    ent_coef_loss   | -1.24    |
|    learning_rate   | 0.0003   |
|    n_updates       | 437949   |
---------------------------------
---------------------------------
| rollout/           |          |
|    ep_len_mean     | 200      |
|    ep_rew_mean     | 835      |
|    success_rate    | 0        |
| time/              |          |
|    episodes        | 2244     |
|    fps             | 117      |
|    time_elapsed    | 3832     |
|    total_timesteps | 448750   |
| train/             |          |
|    actor_loss      | -326     |
|    critic_loss     | 38.5     |
|    ent_coef        | 0.136    |
|    ent_coef_loss   | 0.418    |
|    learning_rate   | 0.0003   |
|    n_updates       | 438749   |
---------------------------------
---------------------------------
| rollout/           |          |
|    ep_len_mean     | 200      |
|    ep_rew_mean     | 837      |
|    success_rate    | 0        |
| time/              |          |
|    episodes        | 2248     |
|    fps             | 117      |
|    time_elapsed    | 3839     |
|    total_timesteps | 449550   |
| train/             |          |
|    actor_loss      | -321     |
|    critic_loss     | 16.3     |
|    ent_coef        | 0.14     |
|    ent_coef_loss   | -0.0848  |
|    learning_rate   | 0.0003   |
|    n_updates       | 439549   |
---------------------------------
Eval num_timesteps=450000, episode_reward=803.87 +/- 128.22
Episode length: 200.00 +/- 0.00
Success rate: 0.00%
---------------------------------
| eval/              |          |
|    mean_ep_length  | 200      |
|    mean_reward     | 804      |
|    success_rate    | 0        |
| time/              |          |
|    total_timesteps | 450000   |
| train/             |          |
|    actor_loss      | -329     |
|    critic_loss     | 24       |
|    ent_coef        | 0.141    |
|    ent_coef_loss   | 0.129    |
|    learning_rate   | 0.0003   |
|    n_updates       | 439999   |
---------------------------------
---------------------------------
| rollout/           |          |
|    ep_len_mean     | 200      |
|    ep_rew_mean     | 834      |
|    success_rate    | 0        |
| time/              |          |
|    episodes        | 2252     |
|    fps             | 117      |
|    time_elapsed    | 3847     |
|    total_timesteps | 450350   |
| train/             |          |
|    actor_loss      | -316     |
|    critic_loss     | 54.1     |
|    ent_coef        | 0.143    |
|    ent_coef_loss   | 0.459    |
|    learning_rate   | 0.0003   |
|    n_updates       | 440349   |
---------------------------------
---------------------------------
| rollout/           |          |
|    ep_len_mean     | 200      |
|    ep_rew_mean     | 836      |
|    success_rate    | 0        |
| time/              |          |
|    episodes        | 2256     |
|    fps             | 117      |
|    time_elapsed    | 3854     |
|    total_timesteps | 451150   |
| train/             |          |
|    actor_loss      | -320     |
|    critic_loss     | 40.5     |
|    ent_coef        | 0.135    |
|    ent_coef_loss   | 1.04     |
|    learning_rate   | 0.0003   |
|    n_updates       | 441149   |
---------------------------------
---------------------------------
| rollout/           |          |
|    ep_len_mean     | 200      |
|    ep_rew_mean     | 834      |
|    success_rate    | 0        |
| time/              |          |
|    episodes        | 2260     |
|    fps             | 117      |
|    time_elapsed    | 3861     |
|    total_timesteps | 451950   |
| train/             |          |
|    actor_loss      | -313     |
|    critic_loss     | 30.6     |
|    ent_coef        | 0.142    |
|    ent_coef_loss   | 0.863    |
|    learning_rate   | 0.0003   |
|    n_updates       | 441949   |
---------------------------------
---------------------------------
| rollout/           |          |
|    ep_len_mean     | 200      |
|    ep_rew_mean     | 840      |
|    success_rate    | 0.01     |
| time/              |          |
|    episodes        | 2264     |
|    fps             | 117      |
|    time_elapsed    | 3868     |
|    total_timesteps | 452704   |
| train/             |          |
|    actor_loss      | -323     |
|    critic_loss     | 42       |
|    ent_coef        | 0.144    |
|    ent_coef_loss   | -0.235   |
|    learning_rate   | 0.0003   |
|    n_updates       | 442703   |
---------------------------------
---------------------------------
| rollout/           |          |
|    ep_len_mean     | 200      |
|    ep_rew_mean     | 838      |
|    success_rate    | 0.01     |
| time/              |          |
|    episodes        | 2268     |
|    fps             | 117      |
|    time_elapsed    | 3875     |
|    total_timesteps | 453504   |
| train/             |          |
|    actor_loss      | -323     |
|    critic_loss     | 90.9     |
|    ent_coef        | 0.147    |
|    ent_coef_loss   | 0.0144   |
|    learning_rate   | 0.0003   |
|    n_updates       | 443503   |
---------------------------------
---------------------------------
| rollout/           |          |
|    ep_len_mean     | 200      |
|    ep_rew_mean     | 839      |
|    success_rate    | 0.01     |
| time/              |          |
|    episodes        | 2272     |
|    fps             | 117      |
|    time_elapsed    | 3882     |
|    total_timesteps | 454304   |
| train/             |          |
|    actor_loss      | -324     |
|    critic_loss     | 20.9     |
|    ent_coef        | 0.138    |
|    ent_coef_loss   | 0.0727   |
|    learning_rate   | 0.0003   |
|    n_updates       | 444303   |
---------------------------------
---------------------------------
| rollout/           |          |
|    ep_len_mean     | 200      |
|    ep_rew_mean     | 817      |
|    success_rate    | 0.01     |
| time/              |          |
|    episodes        | 2276     |
|    fps             | 117      |
|    time_elapsed    | 3889     |
|    total_timesteps | 455104   |
| train/             |          |
|    actor_loss      | -317     |
|    critic_loss     | 35.9     |
|    ent_coef        | 0.137    |
|    ent_coef_loss   | 0.52     |
|    learning_rate   | 0.0003   |
|    n_updates       | 445103   |
---------------------------------
---------------------------------
| rollout/           |          |
|    ep_len_mean     | 200      |
|    ep_rew_mean     | 817      |
|    success_rate    | 0.01     |
| time/              |          |
|    episodes        | 2280     |
|    fps             | 117      |
|    time_elapsed    | 3896     |
|    total_timesteps | 455904   |
| train/             |          |
|    actor_loss      | -338     |
|    critic_loss     | 65       |
|    ent_coef        | 0.139    |
|    ent_coef_loss   | -0.426   |
|    learning_rate   | 0.0003   |
|    n_updates       | 445903   |
---------------------------------
---------------------------------
| rollout/           |          |
|    ep_len_mean     | 200      |
|    ep_rew_mean     | 823      |
|    success_rate    | 0.01     |
| time/              |          |
|    episodes        | 2284     |
|    fps             | 117      |
|    time_elapsed    | 3903     |
|    total_timesteps | 456704   |
| train/             |          |
|    actor_loss      | -322     |
|    critic_loss     | 53.1     |
|    ent_coef        | 0.131    |
|    ent_coef_loss   | -0.261   |
|    learning_rate   | 0.0003   |
|    n_updates       | 446703   |
---------------------------------
---------------------------------
| rollout/           |          |
|    ep_len_mean     | 200      |
|    ep_rew_mean     | 823      |
|    success_rate    | 0.01     |
| time/              |          |
|    episodes        | 2288     |
|    fps             | 117      |
|    time_elapsed    | 3909     |
|    total_timesteps | 457504   |
| train/             |          |
|    actor_loss      | -318     |
|    critic_loss     | 17.8     |
|    ent_coef        | 0.141    |
|    ent_coef_loss   | -0.391   |
|    learning_rate   | 0.0003   |
|    n_updates       | 447503   |
---------------------------------
---------------------------------
| rollout/           |          |
|    ep_len_mean     | 200      |
|    ep_rew_mean     | 818      |
|    success_rate    | 0.01     |
| time/              |          |
|    episodes        | 2292     |
|    fps             | 117      |
|    time_elapsed    | 3916     |
|    total_timesteps | 458304   |
| train/             |          |
|    actor_loss      | -326     |
|    critic_loss     | 52.2     |
|    ent_coef        | 0.135    |
|    ent_coef_loss   | -0.301   |
|    learning_rate   | 0.0003   |
|    n_updates       | 448303   |
---------------------------------
---------------------------------
| rollout/           |          |
|    ep_len_mean     | 200      |
|    ep_rew_mean     | 810      |
|    success_rate    | 0.01     |
| time/              |          |
|    episodes        | 2296     |
|    fps             | 117      |
|    time_elapsed    | 3923     |
|    total_timesteps | 459104   |
| train/             |          |
|    actor_loss      | -320     |
|    critic_loss     | 79.8     |
|    ent_coef        | 0.133    |
|    ent_coef_loss   | 0.235    |
|    learning_rate   | 0.0003   |
|    n_updates       | 449103   |
---------------------------------
---------------------------------
| rollout/           |          |
|    ep_len_mean     | 200      |
|    ep_rew_mean     | 803      |
|    success_rate    | 0.01     |
| time/              |          |
|    episodes        | 2300     |
|    fps             | 117      |
|    time_elapsed    | 3930     |
|    total_timesteps | 459904   |
| train/             |          |
|    actor_loss      | -333     |
|    critic_loss     | 34       |
|    ent_coef        | 0.143    |
|    ent_coef_loss   | 0.154    |
|    learning_rate   | 0.0003   |
|    n_updates       | 449903   |
---------------------------------
---------------------------------
| rollout/           |          |
|    ep_len_mean     | 200      |
|    ep_rew_mean     | 793      |
|    success_rate    | 0.01     |
| time/              |          |
|    episodes        | 2304     |
|    fps             | 117      |
|    time_elapsed    | 3937     |
|    total_timesteps | 460704   |
| train/             |          |
|    actor_loss      | -319     |
|    critic_loss     | 19.4     |
|    ent_coef        | 0.142    |
|    ent_coef_loss   | 0.792    |
|    learning_rate   | 0.0003   |
|    n_updates       | 450703   |
---------------------------------
---------------------------------
| rollout/           |          |
|    ep_len_mean     | 200      |
|    ep_rew_mean     | 791      |
|    success_rate    | 0.01     |
| time/              |          |
|    episodes        | 2308     |
|    fps             | 117      |
|    time_elapsed    | 3944     |
|    total_timesteps | 461504   |
| train/             |          |
|    actor_loss      | -334     |
|    critic_loss     | 16.9     |
|    ent_coef        | 0.148    |
|    ent_coef_loss   | -0.441   |
|    learning_rate   | 0.0003   |
|    n_updates       | 451503   |
---------------------------------
---------------------------------
| rollout/           |          |
|    ep_len_mean     | 200      |
|    ep_rew_mean     | 788      |
|    success_rate    | 0.01     |
| time/              |          |
|    episodes        | 2312     |
|    fps             | 117      |
|    time_elapsed    | 3950     |
|    total_timesteps | 462304   |
| train/             |          |
|    actor_loss      | -322     |
|    critic_loss     | 33.3     |
|    ent_coef        | 0.146    |
|    ent_coef_loss   | -0.039   |
|    learning_rate   | 0.0003   |
|    n_updates       | 452303   |
---------------------------------
---------------------------------
| rollout/           |          |
|    ep_len_mean     | 200      |
|    ep_rew_mean     | 787      |
|    success_rate    | 0.01     |
| time/              |          |
|    episodes        | 2316     |
|    fps             | 117      |
|    time_elapsed    | 3957     |
|    total_timesteps | 463104   |
| train/             |          |
|    actor_loss      | -320     |
|    critic_loss     | 52.6     |
|    ent_coef        | 0.149    |
|    ent_coef_loss   | -0.457   |
|    learning_rate   | 0.0003   |
|    n_updates       | 453103   |
---------------------------------
---------------------------------
| rollout/           |          |
|    ep_len_mean     | 200      |
|    ep_rew_mean     | 784      |
|    success_rate    | 0.01     |
| time/              |          |
|    episodes        | 2320     |
|    fps             | 117      |
|    time_elapsed    | 3964     |
|    total_timesteps | 463904   |
| train/             |          |
|    actor_loss      | -333     |
|    critic_loss     | 27.3     |
|    ent_coef        | 0.149    |
|    ent_coef_loss   | 0.422    |
|    learning_rate   | 0.0003   |
|    n_updates       | 453903   |
---------------------------------
---------------------------------
| rollout/           |          |
|    ep_len_mean     | 199      |
|    ep_rew_mean     | 788      |
|    success_rate    | 0.02     |
| time/              |          |
|    episodes        | 2324     |
|    fps             | 116      |
|    time_elapsed    | 3971     |
|    total_timesteps | 464692   |
| train/             |          |
|    actor_loss      | -332     |
|    critic_loss     | 76.9     |
|    ent_coef        | 0.154    |
|    ent_coef_loss   | 0.823    |
|    learning_rate   | 0.0003   |
|    n_updates       | 454691   |
---------------------------------
---------------------------------
| rollout/           |          |
|    ep_len_mean     | 199      |
|    ep_rew_mean     | 792      |
|    success_rate    | 0.02     |
| time/              |          |
|    episodes        | 2328     |
|    fps             | 116      |
|    time_elapsed    | 3978     |
|    total_timesteps | 465492   |
| train/             |          |
|    actor_loss      | -318     |
|    critic_loss     | 88.9     |
|    ent_coef        | 0.157    |
|    ent_coef_loss   | -0.377   |
|    learning_rate   | 0.0003   |
|    n_updates       | 455491   |
---------------------------------
---------------------------------
| rollout/           |          |
|    ep_len_mean     | 199      |
|    ep_rew_mean     | 795      |
|    success_rate    | 0.02     |
| time/              |          |
|    episodes        | 2332     |
|    fps             | 116      |
|    time_elapsed    | 3985     |
|    total_timesteps | 466292   |
| train/             |          |
|    actor_loss      | -341     |
|    critic_loss     | 72.2     |
|    ent_coef        | 0.157    |
|    ent_coef_loss   | -0.697   |
|    learning_rate   | 0.0003   |
|    n_updates       | 456291   |
---------------------------------
---------------------------------
| rollout/           |          |
|    ep_len_mean     | 199      |
|    ep_rew_mean     | 797      |
|    success_rate    | 0.02     |
| time/              |          |
|    episodes        | 2336     |
|    fps             | 116      |
|    time_elapsed    | 3992     |
|    total_timesteps | 467092   |
| train/             |          |
|    actor_loss      | -333     |
|    critic_loss     | 138      |
|    ent_coef        | 0.164    |
|    ent_coef_loss   | 0.275    |
|    learning_rate   | 0.0003   |
|    n_updates       | 457091   |
---------------------------------
---------------------------------
| rollout/           |          |
|    ep_len_mean     | 199      |
|    ep_rew_mean     | 810      |
|    success_rate    | 0.03     |
| time/              |          |
|    episodes        | 2340     |
|    fps             | 116      |
|    time_elapsed    | 3999     |
|    total_timesteps | 467886   |
| train/             |          |
|    actor_loss      | -340     |
|    critic_loss     | 16       |
|    ent_coef        | 0.159    |
|    ent_coef_loss   | -0.0375  |
|    learning_rate   | 0.0003   |
|    n_updates       | 457885   |
---------------------------------
---------------------------------
| rollout/           |          |
|    ep_len_mean     | 199      |
|    ep_rew_mean     | 813      |
|    success_rate    | 0.03     |
| time/              |          |
|    episodes        | 2344     |
|    fps             | 116      |
|    time_elapsed    | 4006     |
|    total_timesteps | 468686   |
| train/             |          |
|    actor_loss      | -322     |
|    critic_loss     | 50       |
|    ent_coef        | 0.162    |
|    ent_coef_loss   | -0.774   |
|    learning_rate   | 0.0003   |
|    n_updates       | 458685   |
---------------------------------
---------------------------------
| rollout/           |          |
|    ep_len_mean     | 199      |
|    ep_rew_mean     | 819      |
|    success_rate    | 0.03     |
| time/              |          |
|    episodes        | 2348     |
|    fps             | 116      |
|    time_elapsed    | 4013     |
|    total_timesteps | 469486   |
| train/             |          |
|    actor_loss      | -333     |
|    critic_loss     | 18.4     |
|    ent_coef        | 0.16     |
|    ent_coef_loss   | 0.417    |
|    learning_rate   | 0.0003   |
|    n_updates       | 459485   |
---------------------------------
---------------------------------
| rollout/           |          |
|    ep_len_mean     | 199      |
|    ep_rew_mean     | 823      |
|    success_rate    | 0.03     |
| time/              |          |
|    episodes        | 2352     |
|    fps             | 116      |
|    time_elapsed    | 4020     |
|    total_timesteps | 470286   |
| train/             |          |
|    actor_loss      | -320     |
|    critic_loss     | 20.8     |
|    ent_coef        | 0.151    |
|    ent_coef_loss   | 0.859    |
|    learning_rate   | 0.0003   |
|    n_updates       | 460285   |
---------------------------------
---------------------------------
| rollout/           |          |
|    ep_len_mean     | 199      |
|    ep_rew_mean     | 818      |
|    success_rate    | 0.03     |
| time/              |          |
|    episodes        | 2356     |
|    fps             | 116      |
|    time_elapsed    | 4027     |
|    total_timesteps | 471086   |
| train/             |          |
|    actor_loss      | -338     |
|    critic_loss     | 22.1     |
|    ent_coef        | 0.15     |
|    ent_coef_loss   | -0.54    |
|    learning_rate   | 0.0003   |
|    n_updates       | 461085   |
---------------------------------
---------------------------------
| rollout/           |          |
|    ep_len_mean     | 199      |
|    ep_rew_mean     | 822      |
|    success_rate    | 0.03     |
| time/              |          |
|    episodes        | 2360     |
|    fps             | 116      |
|    time_elapsed    | 4034     |
|    total_timesteps | 471886   |
| train/             |          |
|    actor_loss      | -326     |
|    critic_loss     | 39.4     |
|    ent_coef        | 0.151    |
|    ent_coef_loss   | -0.0909  |
|    learning_rate   | 0.0003   |
|    n_updates       | 461885   |
---------------------------------
---------------------------------
| rollout/           |          |
|    ep_len_mean     | 200      |
|    ep_rew_mean     | 800      |
|    success_rate    | 0.02     |
| time/              |          |
|    episodes        | 2364     |
|    fps             | 116      |
|    time_elapsed    | 4041     |
|    total_timesteps | 472686   |
| train/             |          |
|    actor_loss      | -316     |
|    critic_loss     | 21.9     |
|    ent_coef        | 0.147    |
|    ent_coef_loss   | 0.804    |
|    learning_rate   | 0.0003   |
|    n_updates       | 462685   |
---------------------------------
---------------------------------
| rollout/           |          |
|    ep_len_mean     | 200      |
|    ep_rew_mean     | 792      |
|    success_rate    | 0.02     |
| time/              |          |
|    episodes        | 2368     |
|    fps             | 116      |
|    time_elapsed    | 4048     |
|    total_timesteps | 473486   |
| train/             |          |
|    actor_loss      | -337     |
|    critic_loss     | 11.1     |
|    ent_coef        | 0.148    |
|    ent_coef_loss   | 0.189    |
|    learning_rate   | 0.0003   |
|    n_updates       | 463485   |
---------------------------------
---------------------------------
| rollout/           |          |
|    ep_len_mean     | 200      |
|    ep_rew_mean     | 796      |
|    success_rate    | 0.03     |
| time/              |          |
|    episodes        | 2372     |
|    fps             | 116      |
|    time_elapsed    | 4055     |
|    total_timesteps | 474283   |
| train/             |          |
|    actor_loss      | -313     |
|    critic_loss     | 17.9     |
|    ent_coef        | 0.148    |
|    ent_coef_loss   | -0.451   |
|    learning_rate   | 0.0003   |
|    n_updates       | 464282   |
---------------------------------
Eval num_timesteps=475000, episode_reward=959.70 +/- 21.72
Episode length: 200.00 +/- 0.00
Success rate: 0.00%
---------------------------------
| eval/              |          |
|    mean_ep_length  | 200      |
|    mean_reward     | 960      |
|    success_rate    | 0        |
| time/              |          |
|    total_timesteps | 475000   |
| train/             |          |
|    actor_loss      | -324     |
|    critic_loss     | 24.3     |
|    ent_coef        | 0.143    |
|    ent_coef_loss   | -0.387   |
|    learning_rate   | 0.0003   |
|    n_updates       | 464999   |
---------------------------------
New best mean reward!
---------------------------------
| rollout/           |          |
|    ep_len_mean     | 200      |
|    ep_rew_mean     | 810      |
|    success_rate    | 0.03     |
| time/              |          |
|    episodes        | 2376     |
|    fps             | 116      |
|    time_elapsed    | 4063     |
|    total_timesteps | 475083   |
| train/             |          |
|    actor_loss      | -322     |
|    critic_loss     | 49.2     |
|    ent_coef        | 0.143    |
|    ent_coef_loss   | -0.266   |
|    learning_rate   | 0.0003   |
|    n_updates       | 465082   |
---------------------------------
---------------------------------
| rollout/           |          |
|    ep_len_mean     | 200      |
|    ep_rew_mean     | 801      |
|    success_rate    | 0.03     |
| time/              |          |
|    episodes        | 2380     |
|    fps             | 116      |
|    time_elapsed    | 4070     |
|    total_timesteps | 475883   |
| train/             |          |
|    actor_loss      | -329     |
|    critic_loss     | 13.7     |
|    ent_coef        | 0.147    |
|    ent_coef_loss   | -0.55    |
|    learning_rate   | 0.0003   |
|    n_updates       | 465882   |
---------------------------------
---------------------------------
| rollout/           |          |
|    ep_len_mean     | 200      |
|    ep_rew_mean     | 797      |
|    success_rate    | 0.03     |
| time/              |          |
|    episodes        | 2384     |
|    fps             | 116      |
|    time_elapsed    | 4076     |
|    total_timesteps | 476683   |
| train/             |          |
|    actor_loss      | -328     |
|    critic_loss     | 21.6     |
|    ent_coef        | 0.151    |
|    ent_coef_loss   | -0.649   |
|    learning_rate   | 0.0003   |
|    n_updates       | 466682   |
---------------------------------
---------------------------------
| rollout/           |          |
|    ep_len_mean     | 200      |
|    ep_rew_mean     | 789      |
|    success_rate    | 0.03     |
| time/              |          |
|    episodes        | 2388     |
|    fps             | 116      |
|    time_elapsed    | 4083     |
|    total_timesteps | 477483   |
| train/             |          |
|    actor_loss      | -332     |
|    critic_loss     | 107      |
|    ent_coef        | 0.153    |
|    ent_coef_loss   | 0.428    |
|    learning_rate   | 0.0003   |
|    n_updates       | 467482   |
---------------------------------
---------------------------------
| rollout/           |          |
|    ep_len_mean     | 200      |
|    ep_rew_mean     | 792      |
|    success_rate    | 0.03     |
| time/              |          |
|    episodes        | 2392     |
|    fps             | 116      |
|    time_elapsed    | 4090     |
|    total_timesteps | 478283   |
| train/             |          |
|    actor_loss      | -319     |
|    critic_loss     | 29.5     |
|    ent_coef        | 0.148    |
|    ent_coef_loss   | 0.245    |
|    learning_rate   | 0.0003   |
|    n_updates       | 468282   |
---------------------------------
---------------------------------
| rollout/           |          |
|    ep_len_mean     | 200      |
|    ep_rew_mean     | 802      |
|    success_rate    | 0.03     |
| time/              |          |
|    episodes        | 2396     |
|    fps             | 116      |
|    time_elapsed    | 4097     |
|    total_timesteps | 479083   |
| train/             |          |
|    actor_loss      | -329     |
|    critic_loss     | 26.7     |
|    ent_coef        | 0.151    |
|    ent_coef_loss   | -0.497   |
|    learning_rate   | 0.0003   |
|    n_updates       | 469082   |
---------------------------------
---------------------------------
| rollout/           |          |
|    ep_len_mean     | 200      |
|    ep_rew_mean     | 807      |
|    success_rate    | 0.03     |
| time/              |          |
|    episodes        | 2400     |
|    fps             | 116      |
|    time_elapsed    | 4104     |
|    total_timesteps | 479883   |
| train/             |          |
|    actor_loss      | -335     |
|    critic_loss     | 36.4     |
|    ent_coef        | 0.152    |
|    ent_coef_loss   | -0.739   |
|    learning_rate   | 0.0003   |
|    n_updates       | 469882   |
---------------------------------
---------------------------------
| rollout/           |          |
|    ep_len_mean     | 200      |
|    ep_rew_mean     | 808      |
|    success_rate    | 0.03     |
| time/              |          |
|    episodes        | 2404     |
|    fps             | 116      |
|    time_elapsed    | 4111     |
|    total_timesteps | 480683   |
| train/             |          |
|    actor_loss      | -333     |
|    critic_loss     | 23.8     |
|    ent_coef        | 0.145    |
|    ent_coef_loss   | -0.201   |
|    learning_rate   | 0.0003   |
|    n_updates       | 470682   |
---------------------------------
---------------------------------
| rollout/           |          |
|    ep_len_mean     | 200      |
|    ep_rew_mean     | 799      |
|    success_rate    | 0.03     |
| time/              |          |
|    episodes        | 2408     |
|    fps             | 116      |
|    time_elapsed    | 4118     |
|    total_timesteps | 481483   |
| train/             |          |
|    actor_loss      | -339     |
|    critic_loss     | 23.5     |
|    ent_coef        | 0.149    |
|    ent_coef_loss   | -0.187   |
|    learning_rate   | 0.0003   |
|    n_updates       | 471482   |
---------------------------------
---------------------------------
| rollout/           |          |
|    ep_len_mean     | 200      |
|    ep_rew_mean     | 802      |
|    success_rate    | 0.03     |
| time/              |          |
|    episodes        | 2412     |
|    fps             | 116      |
|    time_elapsed    | 4125     |
|    total_timesteps | 482283   |
| train/             |          |
|    actor_loss      | -328     |
|    critic_loss     | 50.4     |
|    ent_coef        | 0.149    |
|    ent_coef_loss   | -0.299   |
|    learning_rate   | 0.0003   |
|    n_updates       | 472282   |
---------------------------------
---------------------------------
| rollout/           |          |
|    ep_len_mean     | 200      |
|    ep_rew_mean     | 811      |
|    success_rate    | 0.03     |
| time/              |          |
|    episodes        | 2416     |
|    fps             | 116      |
|    time_elapsed    | 4131     |
|    total_timesteps | 483083   |
| train/             |          |
|    actor_loss      | -329     |
|    critic_loss     | 23.4     |
|    ent_coef        | 0.145    |
|    ent_coef_loss   | 0.363    |
|    learning_rate   | 0.0003   |
|    n_updates       | 473082   |
---------------------------------
---------------------------------
| rollout/           |          |
|    ep_len_mean     | 200      |
|    ep_rew_mean     | 812      |
|    success_rate    | 0.03     |
| time/              |          |
|    episodes        | 2420     |
|    fps             | 116      |
|    time_elapsed    | 4138     |
|    total_timesteps | 483883   |
| train/             |          |
|    actor_loss      | -331     |
|    critic_loss     | 25.3     |
|    ent_coef        | 0.143    |
|    ent_coef_loss   | -0.179   |
|    learning_rate   | 0.0003   |
|    n_updates       | 473882   |
---------------------------------
---------------------------------
| rollout/           |          |
|    ep_len_mean     | 200      |
|    ep_rew_mean     | 807      |
|    success_rate    | 0.02     |
| time/              |          |
|    episodes        | 2424     |
|    fps             | 116      |
|    time_elapsed    | 4145     |
|    total_timesteps | 484683   |
| train/             |          |
|    actor_loss      | -331     |
|    critic_loss     | 26.7     |
|    ent_coef        | 0.141    |
|    ent_coef_loss   | 0.812    |
|    learning_rate   | 0.0003   |
|    n_updates       | 474682   |
---------------------------------
---------------------------------
| rollout/           |          |
|    ep_len_mean     | 200      |
|    ep_rew_mean     | 796      |
|    success_rate    | 0.02     |
| time/              |          |
|    episodes        | 2428     |
|    fps             | 116      |
|    time_elapsed    | 4152     |
|    total_timesteps | 485483   |
| train/             |          |
|    actor_loss      | -336     |
|    critic_loss     | 50.6     |
|    ent_coef        | 0.147    |
|    ent_coef_loss   | -0.309   |
|    learning_rate   | 0.0003   |
|    n_updates       | 475482   |
---------------------------------
---------------------------------
| rollout/           |          |
|    ep_len_mean     | 200      |
|    ep_rew_mean     | 795      |
|    success_rate    | 0.02     |
| time/              |          |
|    episodes        | 2432     |
|    fps             | 116      |
|    time_elapsed    | 4159     |
|    total_timesteps | 486283   |
| train/             |          |
|    actor_loss      | -321     |
|    critic_loss     | 27.2     |
|    ent_coef        | 0.147    |
|    ent_coef_loss   | 0.0523   |
|    learning_rate   | 0.0003   |
|    n_updates       | 476282   |
---------------------------------
---------------------------------
| rollout/           |          |
|    ep_len_mean     | 200      |
|    ep_rew_mean     | 795      |
|    success_rate    | 0.02     |
| time/              |          |
|    episodes        | 2436     |
|    fps             | 116      |
|    time_elapsed    | 4166     |
|    total_timesteps | 487083   |
| train/             |          |
|    actor_loss      | -331     |
|    critic_loss     | 94.7     |
|    ent_coef        | 0.144    |
|    ent_coef_loss   | 0.979    |
|    learning_rate   | 0.0003   |
|    n_updates       | 477082   |
---------------------------------
---------------------------------
| rollout/           |          |
|    ep_len_mean     | 200      |
|    ep_rew_mean     | 787      |
|    success_rate    | 0.01     |
| time/              |          |
|    episodes        | 2440     |
|    fps             | 116      |
|    time_elapsed    | 4172     |
|    total_timesteps | 487883   |
| train/             |          |
|    actor_loss      | -325     |
|    critic_loss     | 33.3     |
|    ent_coef        | 0.141    |
|    ent_coef_loss   | 0.744    |
|    learning_rate   | 0.0003   |
|    n_updates       | 477882   |
---------------------------------
---------------------------------
| rollout/           |          |
|    ep_len_mean     | 200      |
|    ep_rew_mean     | 791      |
|    success_rate    | 0.01     |
| time/              |          |
|    episodes        | 2444     |
|    fps             | 116      |
|    time_elapsed    | 4179     |
|    total_timesteps | 488683   |
| train/             |          |
|    actor_loss      | -330     |
|    critic_loss     | 31.3     |
|    ent_coef        | 0.143    |
|    ent_coef_loss   | 0.798    |
|    learning_rate   | 0.0003   |
|    n_updates       | 478682   |
---------------------------------
---------------------------------
| rollout/           |          |
|    ep_len_mean     | 200      |
|    ep_rew_mean     | 791      |
|    success_rate    | 0.01     |
| time/              |          |
|    episodes        | 2448     |
|    fps             | 116      |
|    time_elapsed    | 4186     |
|    total_timesteps | 489483   |
| train/             |          |
|    actor_loss      | -332     |
|    critic_loss     | 13.4     |
|    ent_coef        | 0.147    |
|    ent_coef_loss   | 0.508    |
|    learning_rate   | 0.0003   |
|    n_updates       | 479482   |
---------------------------------
---------------------------------
| rollout/           |          |
|    ep_len_mean     | 200      |
|    ep_rew_mean     | 790      |
|    success_rate    | 0.01     |
| time/              |          |
|    episodes        | 2452     |
|    fps             | 116      |
|    time_elapsed    | 4193     |
|    total_timesteps | 490283   |
| train/             |          |
|    actor_loss      | -334     |
|    critic_loss     | 26.2     |
|    ent_coef        | 0.152    |
|    ent_coef_loss   | -0.478   |
|    learning_rate   | 0.0003   |
|    n_updates       | 480282   |
---------------------------------
---------------------------------
| rollout/           |          |
|    ep_len_mean     | 200      |
|    ep_rew_mean     | 781      |
|    success_rate    | 0.01     |
| time/              |          |
|    episodes        | 2456     |
|    fps             | 116      |
|    time_elapsed    | 4200     |
|    total_timesteps | 491083   |
| train/             |          |
|    actor_loss      | -318     |
|    critic_loss     | 22.2     |
|    ent_coef        | 0.147    |
|    ent_coef_loss   | -0.187   |
|    learning_rate   | 0.0003   |
|    n_updates       | 481082   |
---------------------------------
---------------------------------
| rollout/           |          |
|    ep_len_mean     | 200      |
|    ep_rew_mean     | 786      |
|    success_rate    | 0.01     |
| time/              |          |
|    episodes        | 2460     |
|    fps             | 116      |
|    time_elapsed    | 4207     |
|    total_timesteps | 491883   |
| train/             |          |
|    actor_loss      | -330     |
|    critic_loss     | 36.3     |
|    ent_coef        | 0.145    |
|    ent_coef_loss   | 0.35     |
|    learning_rate   | 0.0003   |
|    n_updates       | 481882   |
---------------------------------
---------------------------------
| rollout/           |          |
|    ep_len_mean     | 200      |
|    ep_rew_mean     | 800      |
|    success_rate    | 0.01     |
| time/              |          |
|    episodes        | 2464     |
|    fps             | 116      |
|    time_elapsed    | 4214     |
|    total_timesteps | 492683   |
| train/             |          |
|    actor_loss      | -332     |
|    critic_loss     | 90.4     |
|    ent_coef        | 0.151    |
|    ent_coef_loss   | 0.0737   |
|    learning_rate   | 0.0003   |
|    n_updates       | 482682   |
---------------------------------
---------------------------------
| rollout/           |          |
|    ep_len_mean     | 200      |
|    ep_rew_mean     | 803      |
|    success_rate    | 0.01     |
| time/              |          |
|    episodes        | 2468     |
|    fps             | 116      |
|    time_elapsed    | 4221     |
|    total_timesteps | 493483   |
| train/             |          |
|    actor_loss      | -332     |
|    critic_loss     | 76.6     |
|    ent_coef        | 0.144    |
|    ent_coef_loss   | -0.0136  |
|    learning_rate   | 0.0003   |
|    n_updates       | 483482   |
---------------------------------
---------------------------------
| rollout/           |          |
|    ep_len_mean     | 200      |
|    ep_rew_mean     | 796      |
|    success_rate    | 0        |
| time/              |          |
|    episodes        | 2472     |
|    fps             | 116      |
|    time_elapsed    | 4227     |
|    total_timesteps | 494283   |
| train/             |          |
|    actor_loss      | -335     |
|    critic_loss     | 21       |
|    ent_coef        | 0.143    |
|    ent_coef_loss   | -0.702   |
|    learning_rate   | 0.0003   |
|    n_updates       | 484282   |
---------------------------------
---------------------------------
| rollout/           |          |
|    ep_len_mean     | 200      |
|    ep_rew_mean     | 802      |
|    success_rate    | 0        |
| time/              |          |
|    episodes        | 2476     |
|    fps             | 116      |
|    time_elapsed    | 4234     |
|    total_timesteps | 495083   |
| train/             |          |
|    actor_loss      | -329     |
|    critic_loss     | 44.3     |
|    ent_coef        | 0.144    |
|    ent_coef_loss   | -0.154   |
|    learning_rate   | 0.0003   |
|    n_updates       | 485082   |
---------------------------------
---------------------------------
| rollout/           |          |
|    ep_len_mean     | 200      |
|    ep_rew_mean     | 807      |
|    success_rate    | 0        |
| time/              |          |
|    episodes        | 2480     |
|    fps             | 116      |
|    time_elapsed    | 4241     |
|    total_timesteps | 495883   |
| train/             |          |
|    actor_loss      | -340     |
|    critic_loss     | 31.1     |
|    ent_coef        | 0.15     |
|    ent_coef_loss   | 0.588    |
|    learning_rate   | 0.0003   |
|    n_updates       | 485882   |
---------------------------------
---------------------------------
| rollout/           |          |
|    ep_len_mean     | 200      |
|    ep_rew_mean     | 815      |
|    success_rate    | 0        |
| time/              |          |
|    episodes        | 2484     |
|    fps             | 116      |
|    time_elapsed    | 4248     |
|    total_timesteps | 496683   |
| train/             |          |
|    actor_loss      | -334     |
|    critic_loss     | 37.3     |
|    ent_coef        | 0.146    |
|    ent_coef_loss   | 0.0463   |
|    learning_rate   | 0.0003   |
|    n_updates       | 486682   |
---------------------------------
---------------------------------
| rollout/           |          |
|    ep_len_mean     | 200      |
|    ep_rew_mean     | 822      |
|    success_rate    | 0        |
| time/              |          |
|    episodes        | 2488     |
|    fps             | 116      |
|    time_elapsed    | 4255     |
|    total_timesteps | 497483   |
| train/             |          |
|    actor_loss      | -342     |
|    critic_loss     | 32.3     |
|    ent_coef        | 0.144    |
|    ent_coef_loss   | 0.0225   |
|    learning_rate   | 0.0003   |
|    n_updates       | 487482   |
---------------------------------
---------------------------------
| rollout/           |          |
|    ep_len_mean     | 200      |
|    ep_rew_mean     | 817      |
|    success_rate    | 0        |
| time/              |          |
|    episodes        | 2492     |
|    fps             | 116      |
|    time_elapsed    | 4262     |
|    total_timesteps | 498283   |
| train/             |          |
|    actor_loss      | -331     |
|    critic_loss     | 22       |
|    ent_coef        | 0.144    |
|    ent_coef_loss   | -0.854   |
|    learning_rate   | 0.0003   |
|    n_updates       | 488282   |
---------------------------------
---------------------------------
| rollout/           |          |
|    ep_len_mean     | 200      |
|    ep_rew_mean     | 818      |
|    success_rate    | 0        |
| time/              |          |
|    episodes        | 2496     |
|    fps             | 116      |
|    time_elapsed    | 4269     |
|    total_timesteps | 499083   |
| train/             |          |
|    actor_loss      | -323     |
|    critic_loss     | 29.3     |
|    ent_coef        | 0.143    |
|    ent_coef_loss   | -0.372   |
|    learning_rate   | 0.0003   |
|    n_updates       | 489082   |
---------------------------------
---------------------------------
| rollout/           |          |
|    ep_len_mean     | 200      |
|    ep_rew_mean     | 818      |
|    success_rate    | 0        |
| time/              |          |
|    episodes        | 2500     |
|    fps             | 116      |
|    time_elapsed    | 4275     |
|    total_timesteps | 499883   |
| train/             |          |
|    actor_loss      | -336     |
|    critic_loss     | 30       |
|    ent_coef        | 0.141    |
|    ent_coef_loss   | -0.0632  |
|    learning_rate   | 0.0003   |
|    n_updates       | 489882   |
---------------------------------
Eval num_timesteps=500000, episode_reward=904.47 +/- 29.60
Episode length: 200.00 +/- 0.00
Success rate: 0.00%
---------------------------------
| eval/              |          |
|    mean_ep_length  | 200      |
|    mean_reward     | 904      |
|    success_rate    | 0        |
| time/              |          |
|    total_timesteps | 500000   |
| train/             |          |
|    actor_loss      | -343     |
|    critic_loss     | 20.7     |
|    ent_coef        | 0.141    |
|    ent_coef_loss   | -0.792   |
|    learning_rate   | 0.0003   |
|    n_updates       | 489999   |
---------------------------------
 100% ----------------------- 500,000/500,000  [ 1:11:18 < 0:00:00 , 110 it/s ]
Saved final model to C:\Users\Haikal\Desktop\Tech Learning\so101-rl-poc\runs\sac_cart_v4\final.zip
