Using cpu device
Logging to C:\Users\Haikal\Desktop\Tech Learning\so101-rl-poc\runs\sac_cart_v2\tb\SAC_1
---------------------------------
| rollout/           |          |
|    ep_len_mean     | 200      |
|    ep_rew_mean     | 12.6     |
|    success_rate    | 0        |
| time/              |          |
|    episodes        | 4        |
|    fps             | 1132     |
|    time_elapsed    | 0        |
|    total_timesteps | 800      |
---------------------------------
---------------------------------
| rollout/           |          |
|    ep_len_mean     | 200      |
|    ep_rew_mean     | 13.3     |
|    success_rate    | 0        |
| time/              |          |
|    episodes        | 8        |
|    fps             | 1145     |
|    time_elapsed    | 1        |
|    total_timesteps | 1600     |
---------------------------------
---------------------------------
| rollout/           |          |
|    ep_len_mean     | 200      |
|    ep_rew_mean     | 14       |
|    success_rate    | 0        |
| time/              |          |
|    episodes        | 12       |
|    fps             | 1149     |
|    time_elapsed    | 2        |
|    total_timesteps | 2400     |
---------------------------------
---------------------------------
| rollout/           |          |
|    ep_len_mean     | 200      |
|    ep_rew_mean     | 14.7     |
|    success_rate    | 0        |
| time/              |          |
|    episodes        | 16       |
|    fps             | 1148     |
|    time_elapsed    | 2        |
|    total_timesteps | 3200     |
---------------------------------
---------------------------------
| rollout/           |          |
|    ep_len_mean     | 200      |
|    ep_rew_mean     | 14.5     |
|    success_rate    | 0        |
| time/              |          |
|    episodes        | 20       |
|    fps             | 1153     |
|    time_elapsed    | 3        |
|    total_timesteps | 4000     |
---------------------------------
---------------------------------
| rollout/           |          |
|    ep_len_mean     | 200      |
|    ep_rew_mean     | 14.7     |
|    success_rate    | 0        |
| time/              |          |
|    episodes        | 24       |
|    fps             | 1153     |
|    time_elapsed    | 4        |
|    total_timesteps | 4800     |
---------------------------------
---------------------------------
| rollout/           |          |
|    ep_len_mean     | 200      |
|    ep_rew_mean     | 15.1     |
|    success_rate    | 0        |
| time/              |          |
|    episodes        | 28       |
|    fps             | 1145     |
|    time_elapsed    | 4        |
|    total_timesteps | 5600     |
---------------------------------
---------------------------------
| rollout/           |          |
|    ep_len_mean     | 200      |
|    ep_rew_mean     | 15.9     |
|    success_rate    | 0        |
| time/              |          |
|    episodes        | 32       |
|    fps             | 1145     |
|    time_elapsed    | 5        |
|    total_timesteps | 6400     |
---------------------------------
---------------------------------
| rollout/           |          |
|    ep_len_mean     | 200      |
|    ep_rew_mean     | 15.7     |
|    success_rate    | 0        |
| time/              |          |
|    episodes        | 36       |
|    fps             | 1151     |
|    time_elapsed    | 6        |
|    total_timesteps | 7200     |
---------------------------------
---------------------------------
| rollout/           |          |
|    ep_len_mean     | 200      |
|    ep_rew_mean     | 15.2     |
|    success_rate    | 0        |
| time/              |          |
|    episodes        | 40       |
|    fps             | 1149     |
|    time_elapsed    | 6        |
|    total_timesteps | 8000     |
---------------------------------
---------------------------------
| rollout/           |          |
|    ep_len_mean     | 200      |
|    ep_rew_mean     | 15       |
|    success_rate    | 0        |
| time/              |          |
|    episodes        | 44       |
|    fps             | 1148     |
|    time_elapsed    | 7        |
|    total_timesteps | 8800     |
---------------------------------
---------------------------------
| rollout/           |          |
|    ep_len_mean     | 200      |
|    ep_rew_mean     | 15.4     |
|    success_rate    | 0        |
| time/              |          |
|    episodes        | 48       |
|    fps             | 1143     |
|    time_elapsed    | 8        |
|    total_timesteps | 9600     |
---------------------------------
---------------------------------
| rollout/           |          |
|    ep_len_mean     | 200      |
|    ep_rew_mean     | 15.1     |
|    success_rate    | 0        |
| time/              |          |
|    episodes        | 52       |
|    fps             | 887      |
|    time_elapsed    | 11       |
|    total_timesteps | 10400    |
| train/             |          |
|    actor_loss      | -8.57    |
|    critic_loss     | 0.0403   |
|    ent_coef        | 0.887    |
|    ent_coef_loss   | -0.803   |
|    learning_rate   | 0.0003   |
|    n_updates       | 399      |
---------------------------------
---------------------------------
| rollout/           |          |
|    ep_len_mean     | 200      |
|    ep_rew_mean     | 15       |
|    success_rate    | 0        |
| time/              |          |
|    episodes        | 56       |
|    fps             | 621      |
|    time_elapsed    | 18       |
|    total_timesteps | 11200    |
| train/             |          |
|    actor_loss      | -15.1    |
|    critic_loss     | 0.0224   |
|    ent_coef        | 0.698    |
|    ent_coef_loss   | -2.42    |
|    learning_rate   | 0.0003   |
|    n_updates       | 1199     |
---------------------------------
---------------------------------
| rollout/           |          |
|    ep_len_mean     | 200      |
|    ep_rew_mean     | 14.7     |
|    success_rate    | 0        |
| time/              |          |
|    episodes        | 60       |
|    fps             | 487      |
|    time_elapsed    | 24       |
|    total_timesteps | 12000    |
| train/             |          |
|    actor_loss      | -20.3    |
|    critic_loss     | 0.0165   |
|    ent_coef        | 0.549    |
|    ent_coef_loss   | -4.03    |
|    learning_rate   | 0.0003   |
|    n_updates       | 1999     |
---------------------------------
---------------------------------
| rollout/           |          |
|    ep_len_mean     | 200      |
|    ep_rew_mean     | 14.9     |
|    success_rate    | 0        |
| time/              |          |
|    episodes        | 64       |
|    fps             | 408      |
|    time_elapsed    | 31       |
|    total_timesteps | 12800    |
| train/             |          |
|    actor_loss      | -24.4    |
|    critic_loss     | 0.013    |
|    ent_coef        | 0.432    |
|    ent_coef_loss   | -5.66    |
|    learning_rate   | 0.0003   |
|    n_updates       | 2799     |
---------------------------------
---------------------------------
| rollout/           |          |
|    ep_len_mean     | 200      |
|    ep_rew_mean     | 15.3     |
|    success_rate    | 0        |
| time/              |          |
|    episodes        | 68       |
|    fps             | 358      |
|    time_elapsed    | 37       |
|    total_timesteps | 13600    |
| train/             |          |
|    actor_loss      | -27.2    |
|    critic_loss     | 0.00926  |
|    ent_coef        | 0.34     |
|    ent_coef_loss   | -7.25    |
|    learning_rate   | 0.0003   |
|    n_updates       | 3599     |
---------------------------------
---------------------------------
| rollout/           |          |
|    ep_len_mean     | 200      |
|    ep_rew_mean     | 15.2     |
|    success_rate    | 0        |
| time/              |          |
|    episodes        | 72       |
|    fps             | 324      |
|    time_elapsed    | 44       |
|    total_timesteps | 14400    |
| train/             |          |
|    actor_loss      | -29.3    |
|    critic_loss     | 0.00698  |
|    ent_coef        | 0.267    |
|    ent_coef_loss   | -8.89    |
|    learning_rate   | 0.0003   |
|    n_updates       | 4399     |
---------------------------------
---------------------------------
| rollout/           |          |
|    ep_len_mean     | 200      |
|    ep_rew_mean     | 15.6     |
|    success_rate    | 0        |
| time/              |          |
|    episodes        | 76       |
|    fps             | 297      |
|    time_elapsed    | 51       |
|    total_timesteps | 15200    |
| train/             |          |
|    actor_loss      | -30.8    |
|    critic_loss     | 0.00538  |
|    ent_coef        | 0.21     |
|    ent_coef_loss   | -10.5    |
|    learning_rate   | 0.0003   |
|    n_updates       | 5199     |
---------------------------------
---------------------------------
| rollout/           |          |
|    ep_len_mean     | 200      |
|    ep_rew_mean     | 16.1     |
|    success_rate    | 0        |
| time/              |          |
|    episodes        | 80       |
|    fps             | 277      |
|    time_elapsed    | 57       |
|    total_timesteps | 16000    |
| train/             |          |
|    actor_loss      | -31.8    |
|    critic_loss     | 0.00695  |
|    ent_coef        | 0.165    |
|    ent_coef_loss   | -12.1    |
|    learning_rate   | 0.0003   |
|    n_updates       | 5999     |
---------------------------------
---------------------------------
| rollout/           |          |
|    ep_len_mean     | 200      |
|    ep_rew_mean     | 16.5     |
|    success_rate    | 0        |
| time/              |          |
|    episodes        | 84       |
|    fps             | 260      |
|    time_elapsed    | 64       |
|    total_timesteps | 16800    |
| train/             |          |
|    actor_loss      | -32.3    |
|    critic_loss     | 0.00565  |
|    ent_coef        | 0.13     |
|    ent_coef_loss   | -13.6    |
|    learning_rate   | 0.0003   |
|    n_updates       | 6799     |
---------------------------------
---------------------------------
| rollout/           |          |
|    ep_len_mean     | 200      |
|    ep_rew_mean     | 16.7     |
|    success_rate    | 0        |
| time/              |          |
|    episodes        | 88       |
|    fps             | 248      |
|    time_elapsed    | 70       |
|    total_timesteps | 17600    |
| train/             |          |
|    actor_loss      | -32.5    |
|    critic_loss     | 0.00696  |
|    ent_coef        | 0.102    |
|    ent_coef_loss   | -15.2    |
|    learning_rate   | 0.0003   |
|    n_updates       | 7599     |
---------------------------------
---------------------------------
| rollout/           |          |
|    ep_len_mean     | 200      |
|    ep_rew_mean     | 17.1     |
|    success_rate    | 0        |
| time/              |          |
|    episodes        | 92       |
|    fps             | 236      |
|    time_elapsed    | 77       |
|    total_timesteps | 18400    |
| train/             |          |
|    actor_loss      | -32.6    |
|    critic_loss     | 0.00976  |
|    ent_coef        | 0.0807   |
|    ent_coef_loss   | -16.8    |
|    learning_rate   | 0.0003   |
|    n_updates       | 8399     |
---------------------------------
---------------------------------
| rollout/           |          |
|    ep_len_mean     | 200      |
|    ep_rew_mean     | 17.3     |
|    success_rate    | 0        |
| time/              |          |
|    episodes        | 96       |
|    fps             | 227      |
|    time_elapsed    | 84       |
|    total_timesteps | 19200    |
| train/             |          |
|    actor_loss      | -32.4    |
|    critic_loss     | 0.00661  |
|    ent_coef        | 0.0637   |
|    ent_coef_loss   | -17.9    |
|    learning_rate   | 0.0003   |
|    n_updates       | 9199     |
---------------------------------
---------------------------------
| rollout/           |          |
|    ep_len_mean     | 200      |
|    ep_rew_mean     | 17.6     |
|    success_rate    | 0        |
| time/              |          |
|    episodes        | 100      |
|    fps             | 219      |
|    time_elapsed    | 91       |
|    total_timesteps | 20000    |
| train/             |          |
|    actor_loss      | -32.4    |
|    critic_loss     | 0.0145   |
|    ent_coef        | 0.0503   |
|    ent_coef_loss   | -18.9    |
|    learning_rate   | 0.0003   |
|    n_updates       | 9999     |
---------------------------------
---------------------------------
| rollout/           |          |
|    ep_len_mean     | 200      |
|    ep_rew_mean     | 17.9     |
|    success_rate    | 0        |
| time/              |          |
|    episodes        | 104      |
|    fps             | 212      |
|    time_elapsed    | 97       |
|    total_timesteps | 20800    |
| train/             |          |
|    actor_loss      | -32      |
|    critic_loss     | 0.0126   |
|    ent_coef        | 0.0398   |
|    ent_coef_loss   | -20      |
|    learning_rate   | 0.0003   |
|    n_updates       | 10799    |
---------------------------------
---------------------------------
| rollout/           |          |
|    ep_len_mean     | 200      |
|    ep_rew_mean     | 18.4     |
|    success_rate    | 0        |
| time/              |          |
|    episodes        | 108      |
|    fps             | 206      |
|    time_elapsed    | 104      |
|    total_timesteps | 21600    |
| train/             |          |
|    actor_loss      | -31.7    |
|    critic_loss     | 0.00862  |
|    ent_coef        | 0.0316   |
|    ent_coef_loss   | -21      |
|    learning_rate   | 0.0003   |
|    n_updates       | 11599    |
---------------------------------
---------------------------------
| rollout/           |          |
|    ep_len_mean     | 200      |
|    ep_rew_mean     | 18.7     |
|    success_rate    | 0        |
| time/              |          |
|    episodes        | 112      |
|    fps             | 201      |
|    time_elapsed    | 111      |
|    total_timesteps | 22400    |
| train/             |          |
|    actor_loss      | -31.4    |
|    critic_loss     | 0.00894  |
|    ent_coef        | 0.0252   |
|    ent_coef_loss   | -20.4    |
|    learning_rate   | 0.0003   |
|    n_updates       | 12399    |
---------------------------------
---------------------------------
| rollout/           |          |
|    ep_len_mean     | 200      |
|    ep_rew_mean     | 19       |
|    success_rate    | 0        |
| time/              |          |
|    episodes        | 116      |
|    fps             | 196      |
|    time_elapsed    | 118      |
|    total_timesteps | 23200    |
| train/             |          |
|    actor_loss      | -30.8    |
|    critic_loss     | 0.0151   |
|    ent_coef        | 0.0201   |
|    ent_coef_loss   | -19.8    |
|    learning_rate   | 0.0003   |
|    n_updates       | 13199    |
---------------------------------
---------------------------------
| rollout/           |          |
|    ep_len_mean     | 200      |
|    ep_rew_mean     | 19.6     |
|    success_rate    | 0        |
| time/              |          |
|    episodes        | 120      |
|    fps             | 192      |
|    time_elapsed    | 124      |
|    total_timesteps | 24000    |
| train/             |          |
|    actor_loss      | -30.8    |
|    critic_loss     | 0.0106   |
|    ent_coef        | 0.0163   |
|    ent_coef_loss   | -19.3    |
|    learning_rate   | 0.0003   |
|    n_updates       | 13999    |
---------------------------------
---------------------------------
| rollout/           |          |
|    ep_len_mean     | 200      |
|    ep_rew_mean     | 20.3     |
|    success_rate    | 0        |
| time/              |          |
|    episodes        | 124      |
|    fps             | 188      |
|    time_elapsed    | 131      |
|    total_timesteps | 24800    |
| train/             |          |
|    actor_loss      | -30.2    |
|    critic_loss     | 0.0105   |
|    ent_coef        | 0.0132   |
|    ent_coef_loss   | -17.1    |
|    learning_rate   | 0.0003   |
|    n_updates       | 14799    |
---------------------------------
Eval num_timesteps=25000, episode_reward=35.95 +/- 0.95
Episode length: 200.00 +/- 0.00
Success rate: 0.00%
---------------------------------
| eval/              |          |
|    mean_ep_length  | 200      |
|    mean_reward     | 36       |
|    success_rate    | 0        |
| time/              |          |
|    total_timesteps | 25000    |
| train/             |          |
|    actor_loss      | -29.9    |
|    critic_loss     | 0.0101   |
|    ent_coef        | 0.0126   |
|    ent_coef_loss   | -17.7    |
|    learning_rate   | 0.0003   |
|    n_updates       | 14999    |
---------------------------------
New best mean reward!
---------------------------------
| rollout/           |          |
|    ep_len_mean     | 200      |
|    ep_rew_mean     | 21       |
|    success_rate    | 0        |
| time/              |          |
|    episodes        | 128      |
|    fps             | 184      |
|    time_elapsed    | 138      |
|    total_timesteps | 25600    |
| train/             |          |
|    actor_loss      | -29.9    |
|    critic_loss     | 0.0175   |
|    ent_coef        | 0.0108   |
|    ent_coef_loss   | -13.5    |
|    learning_rate   | 0.0003   |
|    n_updates       | 15599    |
---------------------------------
---------------------------------
| rollout/           |          |
|    ep_len_mean     | 200      |
|    ep_rew_mean     | 21.7     |
|    success_rate    | 0        |
| time/              |          |
|    episodes        | 132      |
|    fps             | 181      |
|    time_elapsed    | 145      |
|    total_timesteps | 26400    |
| train/             |          |
|    actor_loss      | -29.4    |
|    critic_loss     | 0.0108   |
|    ent_coef        | 0.00909  |
|    ent_coef_loss   | -12.5    |
|    learning_rate   | 0.0003   |
|    n_updates       | 16399    |
---------------------------------
---------------------------------
| rollout/           |          |
|    ep_len_mean     | 200      |
|    ep_rew_mean     | 22.6     |
|    success_rate    | 0        |
| time/              |          |
|    episodes        | 136      |
|    fps             | 179      |
|    time_elapsed    | 151      |
|    total_timesteps | 27200    |
| train/             |          |
|    actor_loss      | -29.1    |
|    critic_loss     | 0.0142   |
|    ent_coef        | 0.00749  |
|    ent_coef_loss   | -12.2    |
|    learning_rate   | 0.0003   |
|    n_updates       | 17199    |
---------------------------------
---------------------------------
| rollout/           |          |
|    ep_len_mean     | 200      |
|    ep_rew_mean     | 23.7     |
|    success_rate    | 0        |
| time/              |          |
|    episodes        | 140      |
|    fps             | 177      |
|    time_elapsed    | 158      |
|    total_timesteps | 28000    |
| train/             |          |
|    actor_loss      | -28.7    |
|    critic_loss     | 0.00793  |
|    ent_coef        | 0.00613  |
|    ent_coef_loss   | -13.3    |
|    learning_rate   | 0.0003   |
|    n_updates       | 17999    |
---------------------------------
---------------------------------
| rollout/           |          |
|    ep_len_mean     | 200      |
|    ep_rew_mean     | 24.7     |
|    success_rate    | 0        |
| time/              |          |
|    episodes        | 144      |
|    fps             | 175      |
|    time_elapsed    | 164      |
|    total_timesteps | 28800    |
| train/             |          |
|    actor_loss      | -28.4    |
|    critic_loss     | 0.0141   |
|    ent_coef        | 0.00508  |
|    ent_coef_loss   | -11.5    |
|    learning_rate   | 0.0003   |
|    n_updates       | 18799    |
---------------------------------
---------------------------------
| rollout/           |          |
|    ep_len_mean     | 200      |
|    ep_rew_mean     | 25.4     |
|    success_rate    | 0        |
| time/              |          |
|    episodes        | 148      |
|    fps             | 173      |
|    time_elapsed    | 170      |
|    total_timesteps | 29600    |
| train/             |          |
|    actor_loss      | -28.1    |
|    critic_loss     | 0.00974  |
|    ent_coef        | 0.00425  |
|    ent_coef_loss   | -7.44    |
|    learning_rate   | 0.0003   |
|    n_updates       | 19599    |
---------------------------------
---------------------------------
| rollout/           |          |
|    ep_len_mean     | 200      |
|    ep_rew_mean     | 26.5     |
|    success_rate    | 0        |
| time/              |          |
|    episodes        | 152      |
|    fps             | 171      |
|    time_elapsed    | 176      |
|    total_timesteps | 30400    |
| train/             |          |
|    actor_loss      | -27.5    |
|    critic_loss     | 0.00764  |
|    ent_coef        | 0.00354  |
|    ent_coef_loss   | -6.34    |
|    learning_rate   | 0.0003   |
|    n_updates       | 20399    |
---------------------------------
---------------------------------
| rollout/           |          |
|    ep_len_mean     | 200      |
|    ep_rew_mean     | 27.5     |
|    success_rate    | 0        |
| time/              |          |
|    episodes        | 156      |
|    fps             | 170      |
|    time_elapsed    | 183      |
|    total_timesteps | 31200    |
| train/             |          |
|    actor_loss      | -27.1    |
|    critic_loss     | 0.0119   |
|    ent_coef        | 0.00303  |
|    ent_coef_loss   | -5.9     |
|    learning_rate   | 0.0003   |
|    n_updates       | 21199    |
---------------------------------
---------------------------------
| rollout/           |          |
|    ep_len_mean     | 200      |
|    ep_rew_mean     | 28.7     |
|    success_rate    | 0        |
| time/              |          |
|    episodes        | 160      |
|    fps             | 168      |
|    time_elapsed    | 189      |
|    total_timesteps | 32000    |
| train/             |          |
|    actor_loss      | -26.9    |
|    critic_loss     | 0.00739  |
|    ent_coef        | 0.00268  |
|    ent_coef_loss   | -1.44    |
|    learning_rate   | 0.0003   |
|    n_updates       | 21999    |
---------------------------------
---------------------------------
| rollout/           |          |
|    ep_len_mean     | 200      |
|    ep_rew_mean     | 29.6     |
|    success_rate    | 0        |
| time/              |          |
|    episodes        | 164      |
|    fps             | 167      |
|    time_elapsed    | 195      |
|    total_timesteps | 32800    |
| train/             |          |
|    actor_loss      | -26.6    |
|    critic_loss     | 0.00769  |
|    ent_coef        | 0.00252  |
|    ent_coef_loss   | -0.218   |
|    learning_rate   | 0.0003   |
|    n_updates       | 22799    |
---------------------------------
---------------------------------
| rollout/           |          |
|    ep_len_mean     | 200      |
|    ep_rew_mean     | 30.4     |
|    success_rate    | 0        |
| time/              |          |
|    episodes        | 168      |
|    fps             | 166      |
|    time_elapsed    | 202      |
|    total_timesteps | 33600    |
| train/             |          |
|    actor_loss      | -26.2    |
|    critic_loss     | 0.00888  |
|    ent_coef        | 0.00249  |
|    ent_coef_loss   | 3.16     |
|    learning_rate   | 0.0003   |
|    n_updates       | 23599    |
---------------------------------
---------------------------------
| rollout/           |          |
|    ep_len_mean     | 200      |
|    ep_rew_mean     | 31.5     |
|    success_rate    | 0        |
| time/              |          |
|    episodes        | 172      |
|    fps             | 164      |
|    time_elapsed    | 208      |
|    total_timesteps | 34400    |
| train/             |          |
|    actor_loss      | -26      |
|    critic_loss     | 0.0154   |
|    ent_coef        | 0.00249  |
|    ent_coef_loss   | -0.126   |
|    learning_rate   | 0.0003   |
|    n_updates       | 24399    |
---------------------------------
---------------------------------
| rollout/           |          |
|    ep_len_mean     | 200      |
|    ep_rew_mean     | 32.3     |
|    success_rate    | 0        |
| time/              |          |
|    episodes        | 176      |
|    fps             | 163      |
|    time_elapsed    | 215      |
|    total_timesteps | 35200    |
| train/             |          |
|    actor_loss      | -25.7    |
|    critic_loss     | 0.00696  |
|    ent_coef        | 0.00254  |
|    ent_coef_loss   | -1.22    |
|    learning_rate   | 0.0003   |
|    n_updates       | 25199    |
---------------------------------
---------------------------------
| rollout/           |          |
|    ep_len_mean     | 200      |
|    ep_rew_mean     | 33       |
|    success_rate    | 0        |
| time/              |          |
|    episodes        | 180      |
|    fps             | 162      |
|    time_elapsed    | 222      |
|    total_timesteps | 36000    |
| train/             |          |
|    actor_loss      | -25.4    |
|    critic_loss     | 0.0126   |
|    ent_coef        | 0.00261  |
|    ent_coef_loss   | 2.33     |
|    learning_rate   | 0.0003   |
|    n_updates       | 25999    |
---------------------------------
---------------------------------
| rollout/           |          |
|    ep_len_mean     | 200      |
|    ep_rew_mean     | 33.8     |
|    success_rate    | 0        |
| time/              |          |
|    episodes        | 184      |
|    fps             | 160      |
|    time_elapsed    | 228      |
|    total_timesteps | 36800    |
| train/             |          |
|    actor_loss      | -25.2    |
|    critic_loss     | 0.0101   |
|    ent_coef        | 0.00261  |
|    ent_coef_loss   | 1.82     |
|    learning_rate   | 0.0003   |
|    n_updates       | 26799    |
---------------------------------
---------------------------------
| rollout/           |          |
|    ep_len_mean     | 200      |
|    ep_rew_mean     | 34.6     |
|    success_rate    | 0        |
| time/              |          |
|    episodes        | 188      |
|    fps             | 159      |
|    time_elapsed    | 235      |
|    total_timesteps | 37600    |
| train/             |          |
|    actor_loss      | -24.8    |
|    critic_loss     | 0.00863  |
|    ent_coef        | 0.00256  |
|    ent_coef_loss   | 1.8      |
|    learning_rate   | 0.0003   |
|    n_updates       | 27599    |
---------------------------------
---------------------------------
| rollout/           |          |
|    ep_len_mean     | 200      |
|    ep_rew_mean     | 35.2     |
|    success_rate    | 0        |
| time/              |          |
|    episodes        | 192      |
|    fps             | 158      |
|    time_elapsed    | 242      |
|    total_timesteps | 38400    |
| train/             |          |
|    actor_loss      | -24.6    |
|    critic_loss     | 0.00954  |
|    ent_coef        | 0.00266  |
|    ent_coef_loss   | 1.75     |
|    learning_rate   | 0.0003   |
|    n_updates       | 28399    |
---------------------------------
---------------------------------
| rollout/           |          |
|    ep_len_mean     | 200      |
|    ep_rew_mean     | 36       |
|    success_rate    | 0        |
| time/              |          |
|    episodes        | 196      |
|    fps             | 157      |
|    time_elapsed    | 249      |
|    total_timesteps | 39200    |
| train/             |          |
|    actor_loss      | -24.3    |
|    critic_loss     | 0.0106   |
|    ent_coef        | 0.00264  |
|    ent_coef_loss   | -0.0151  |
|    learning_rate   | 0.0003   |
|    n_updates       | 29199    |
---------------------------------
---------------------------------
| rollout/           |          |
|    ep_len_mean     | 200      |
|    ep_rew_mean     | 36.8     |
|    success_rate    | 0        |
| time/              |          |
|    episodes        | 200      |
|    fps             | 156      |
|    time_elapsed    | 256      |
|    total_timesteps | 40000    |
| train/             |          |
|    actor_loss      | -24.4    |
|    critic_loss     | 0.0103   |
|    ent_coef        | 0.00262  |
|    ent_coef_loss   | -3.02    |
|    learning_rate   | 0.0003   |
|    n_updates       | 29999    |
---------------------------------
---------------------------------
| rollout/           |          |
|    ep_len_mean     | 200      |
|    ep_rew_mean     | 37.7     |
|    success_rate    | 0        |
| time/              |          |
|    episodes        | 204      |
|    fps             | 155      |
|    time_elapsed    | 262      |
|    total_timesteps | 40800    |
| train/             |          |
|    actor_loss      | -24.5    |
|    critic_loss     | 0.00726  |
|    ent_coef        | 0.00269  |
|    ent_coef_loss   | -2.88    |
|    learning_rate   | 0.0003   |
|    n_updates       | 30799    |
---------------------------------
---------------------------------
| rollout/           |          |
|    ep_len_mean     | 200      |
|    ep_rew_mean     | 38.4     |
|    success_rate    | 0        |
| time/              |          |
|    episodes        | 208      |
|    fps             | 154      |
|    time_elapsed    | 269      |
|    total_timesteps | 41600    |
| train/             |          |
|    actor_loss      | -24.1    |
|    critic_loss     | 0.00516  |
|    ent_coef        | 0.00265  |
|    ent_coef_loss   | -0.888   |
|    learning_rate   | 0.0003   |
|    n_updates       | 31599    |
---------------------------------
---------------------------------
| rollout/           |          |
|    ep_len_mean     | 200      |
|    ep_rew_mean     | 39.2     |
|    success_rate    | 0        |
| time/              |          |
|    episodes        | 212      |
|    fps             | 153      |
|    time_elapsed    | 275      |
|    total_timesteps | 42400    |
| train/             |          |
|    actor_loss      | -23.8    |
|    critic_loss     | 0.013    |
|    ent_coef        | 0.00272  |
|    ent_coef_loss   | 0.399    |
|    learning_rate   | 0.0003   |
|    n_updates       | 32399    |
---------------------------------
---------------------------------
| rollout/           |          |
|    ep_len_mean     | 200      |
|    ep_rew_mean     | 40       |
|    success_rate    | 0        |
| time/              |          |
|    episodes        | 216      |
|    fps             | 152      |
|    time_elapsed    | 282      |
|    total_timesteps | 43200    |
| train/             |          |
|    actor_loss      | -23.9    |
|    critic_loss     | 0.00674  |
|    ent_coef        | 0.00272  |
|    ent_coef_loss   | -1.45    |
|    learning_rate   | 0.0003   |
|    n_updates       | 33199    |
---------------------------------
---------------------------------
| rollout/           |          |
|    ep_len_mean     | 200      |
|    ep_rew_mean     | 40.5     |
|    success_rate    | 0        |
| time/              |          |
|    episodes        | 220      |
|    fps             | 152      |
|    time_elapsed    | 288      |
|    total_timesteps | 44000    |
| train/             |          |
|    actor_loss      | -23.5    |
|    critic_loss     | 0.0138   |
|    ent_coef        | 0.0027   |
|    ent_coef_loss   | -0.618   |
|    learning_rate   | 0.0003   |
|    n_updates       | 33999    |
---------------------------------
---------------------------------
| rollout/           |          |
|    ep_len_mean     | 200      |
|    ep_rew_mean     | 41       |
|    success_rate    | 0        |
| time/              |          |
|    episodes        | 224      |
|    fps             | 151      |
|    time_elapsed    | 295      |
|    total_timesteps | 44800    |
| train/             |          |
|    actor_loss      | -23.4    |
|    critic_loss     | 0.0112   |
|    ent_coef        | 0.00273  |
|    ent_coef_loss   | 4.76     |
|    learning_rate   | 0.0003   |
|    n_updates       | 34799    |
---------------------------------
---------------------------------
| rollout/           |          |
|    ep_len_mean     | 200      |
|    ep_rew_mean     | 41.3     |
|    success_rate    | 0        |
| time/              |          |
|    episodes        | 228      |
|    fps             | 150      |
|    time_elapsed    | 302      |
|    total_timesteps | 45600    |
| train/             |          |
|    actor_loss      | -23.5    |
|    critic_loss     | 0.00513  |
|    ent_coef        | 0.00273  |
|    ent_coef_loss   | -0.237   |
|    learning_rate   | 0.0003   |
|    n_updates       | 35599    |
---------------------------------
---------------------------------
| rollout/           |          |
|    ep_len_mean     | 200      |
|    ep_rew_mean     | 41.5     |
|    success_rate    | 0        |
| time/              |          |
|    episodes        | 232      |
|    fps             | 150      |
|    time_elapsed    | 308      |
|    total_timesteps | 46400    |
| train/             |          |
|    actor_loss      | -23.7    |
|    critic_loss     | 0.00487  |
|    ent_coef        | 0.00264  |
|    ent_coef_loss   | -4.89    |
|    learning_rate   | 0.0003   |
|    n_updates       | 36399    |
---------------------------------
---------------------------------
| rollout/           |          |
|    ep_len_mean     | 200      |
|    ep_rew_mean     | 41.7     |
|    success_rate    | 0        |
| time/              |          |
|    episodes        | 236      |
|    fps             | 149      |
|    time_elapsed    | 315      |
|    total_timesteps | 47200    |
| train/             |          |
|    actor_loss      | -23.2    |
|    critic_loss     | 0.00574  |
|    ent_coef        | 0.0026   |
|    ent_coef_loss   | 2.31     |
|    learning_rate   | 0.0003   |
|    n_updates       | 37199    |
---------------------------------
---------------------------------
| rollout/           |          |
|    ep_len_mean     | 200      |
|    ep_rew_mean     | 41.9     |
|    success_rate    | 0        |
| time/              |          |
|    episodes        | 240      |
|    fps             | 149      |
|    time_elapsed    | 321      |
|    total_timesteps | 48000    |
| train/             |          |
|    actor_loss      | -23.2    |
|    critic_loss     | 0.0066   |
|    ent_coef        | 0.00243  |
|    ent_coef_loss   | -2.64    |
|    learning_rate   | 0.0003   |
|    n_updates       | 37999    |
---------------------------------
---------------------------------
| rollout/           |          |
|    ep_len_mean     | 200      |
|    ep_rew_mean     | 42.1     |
|    success_rate    | 0        |
| time/              |          |
|    episodes        | 244      |
|    fps             | 148      |
|    time_elapsed    | 328      |
|    total_timesteps | 48800    |
| train/             |          |
|    actor_loss      | -23.1    |
|    critic_loss     | 0.0102   |
|    ent_coef        | 0.00251  |
|    ent_coef_loss   | -1.12    |
|    learning_rate   | 0.0003   |
|    n_updates       | 38799    |
---------------------------------
---------------------------------
| rollout/           |          |
|    ep_len_mean     | 200      |
|    ep_rew_mean     | 42.3     |
|    success_rate    | 0        |
| time/              |          |
|    episodes        | 248      |
|    fps             | 148      |
|    time_elapsed    | 335      |
|    total_timesteps | 49600    |
| train/             |          |
|    actor_loss      | -23      |
|    critic_loss     | 0.00765  |
|    ent_coef        | 0.00243  |
|    ent_coef_loss   | -0.0644  |
|    learning_rate   | 0.0003   |
|    n_updates       | 39599    |
---------------------------------
Eval num_timesteps=50000, episode_reward=45.09 +/- 0.35
Episode length: 200.00 +/- 0.00
Success rate: 0.00%
---------------------------------
| eval/              |          |
|    mean_ep_length  | 200      |
|    mean_reward     | 45.1     |
|    success_rate    | 0        |
| time/              |          |
|    total_timesteps | 50000    |
| train/             |          |
|    actor_loss      | -23.2    |
|    critic_loss     | 0.00867  |
|    ent_coef        | 0.00244  |
|    ent_coef_loss   | -4.27    |
|    learning_rate   | 0.0003   |
|    n_updates       | 39999    |
---------------------------------
New best mean reward!
---------------------------------
| rollout/           |          |
|    ep_len_mean     | 200      |
|    ep_rew_mean     | 42.5     |
|    success_rate    | 0        |
| time/              |          |
|    episodes        | 252      |
|    fps             | 147      |
|    time_elapsed    | 342      |
|    total_timesteps | 50400    |
| train/             |          |
|    actor_loss      | -22.9    |
|    critic_loss     | 0.00557  |
|    ent_coef        | 0.00238  |
|    ent_coef_loss   | 0.556    |
|    learning_rate   | 0.0003   |
|    n_updates       | 40399    |
---------------------------------
---------------------------------
| rollout/           |          |
|    ep_len_mean     | 200      |
|    ep_rew_mean     | 42.6     |
|    success_rate    | 0        |
| time/              |          |
|    episodes        | 256      |
|    fps             | 146      |
|    time_elapsed    | 349      |
|    total_timesteps | 51200    |
| train/             |          |
|    actor_loss      | -23      |
|    critic_loss     | 0.0114   |
|    ent_coef        | 0.00231  |
|    ent_coef_loss   | -0.398   |
|    learning_rate   | 0.0003   |
|    n_updates       | 41199    |
---------------------------------
---------------------------------
| rollout/           |          |
|    ep_len_mean     | 200      |
|    ep_rew_mean     | 42.7     |
|    success_rate    | 0        |
| time/              |          |
|    episodes        | 260      |
|    fps             | 146      |
|    time_elapsed    | 355      |
|    total_timesteps | 52000    |
| train/             |          |
|    actor_loss      | -23.2    |
|    critic_loss     | 0.00687  |
|    ent_coef        | 0.00222  |
|    ent_coef_loss   | 0.17     |
|    learning_rate   | 0.0003   |
|    n_updates       | 41999    |
---------------------------------
---------------------------------
| rollout/           |          |
|    ep_len_mean     | 200      |
|    ep_rew_mean     | 42.8     |
|    success_rate    | 0        |
| time/              |          |
|    episodes        | 264      |
|    fps             | 145      |
|    time_elapsed    | 362      |
|    total_timesteps | 52800    |
| train/             |          |
|    actor_loss      | -22.8    |
|    critic_loss     | 0.0046   |
|    ent_coef        | 0.0022   |
|    ent_coef_loss   | 0.213    |
|    learning_rate   | 0.0003   |
|    n_updates       | 42799    |
---------------------------------
---------------------------------
| rollout/           |          |
|    ep_len_mean     | 200      |
|    ep_rew_mean     | 42.9     |
|    success_rate    | 0        |
| time/              |          |
|    episodes        | 268      |
|    fps             | 145      |
|    time_elapsed    | 368      |
|    total_timesteps | 53600    |
| train/             |          |
|    actor_loss      | -22.9    |
|    critic_loss     | 0.00444  |
|    ent_coef        | 0.00218  |
|    ent_coef_loss   | 2.56     |
|    learning_rate   | 0.0003   |
|    n_updates       | 43599    |
---------------------------------
---------------------------------
| rollout/           |          |
|    ep_len_mean     | 200      |
|    ep_rew_mean     | 43       |
|    success_rate    | 0        |
| time/              |          |
|    episodes        | 272      |
|    fps             | 144      |
|    time_elapsed    | 375      |
|    total_timesteps | 54400    |
| train/             |          |
|    actor_loss      | -22.6    |
|    critic_loss     | 0.00702  |
|    ent_coef        | 0.00226  |
|    ent_coef_loss   | 4.25     |
|    learning_rate   | 0.0003   |
|    n_updates       | 44399    |
---------------------------------
---------------------------------
| rollout/           |          |
|    ep_len_mean     | 200      |
|    ep_rew_mean     | 43       |
|    success_rate    | 0        |
| time/              |          |
|    episodes        | 276      |
|    fps             | 144      |
|    time_elapsed    | 381      |
|    total_timesteps | 55200    |
| train/             |          |
|    actor_loss      | -22.8    |
|    critic_loss     | 0.0109   |
|    ent_coef        | 0.00216  |
|    ent_coef_loss   | -1.44    |
|    learning_rate   | 0.0003   |
|    n_updates       | 45199    |
---------------------------------
---------------------------------
| rollout/           |          |
|    ep_len_mean     | 200      |
|    ep_rew_mean     | 43       |
|    success_rate    | 0        |
| time/              |          |
|    episodes        | 280      |
|    fps             | 144      |
|    time_elapsed    | 388      |
|    total_timesteps | 56000    |
| train/             |          |
|    actor_loss      | -22.6    |
|    critic_loss     | 0.0101   |
|    ent_coef        | 0.00221  |
|    ent_coef_loss   | -1.11    |
|    learning_rate   | 0.0003   |
|    n_updates       | 45999    |
---------------------------------
---------------------------------
| rollout/           |          |
|    ep_len_mean     | 200      |
|    ep_rew_mean     | 42.9     |
|    success_rate    | 0        |
| time/              |          |
|    episodes        | 284      |
|    fps             | 143      |
|    time_elapsed    | 395      |
|    total_timesteps | 56800    |
| train/             |          |
|    actor_loss      | -22.6    |
|    critic_loss     | 0.0055   |
|    ent_coef        | 0.00216  |
|    ent_coef_loss   | -1.33    |
|    learning_rate   | 0.0003   |
|    n_updates       | 46799    |
---------------------------------
---------------------------------
| rollout/           |          |
|    ep_len_mean     | 200      |
|    ep_rew_mean     | 42.9     |
|    success_rate    | 0        |
| time/              |          |
|    episodes        | 288      |
|    fps             | 143      |
|    time_elapsed    | 401      |
|    total_timesteps | 57600    |
| train/             |          |
|    actor_loss      | -22.6    |
|    critic_loss     | 0.0125   |
|    ent_coef        | 0.00205  |
|    ent_coef_loss   | -0.931   |
|    learning_rate   | 0.0003   |
|    n_updates       | 47599    |
---------------------------------
---------------------------------
| rollout/           |          |
|    ep_len_mean     | 200      |
|    ep_rew_mean     | 43       |
|    success_rate    | 0        |
| time/              |          |
|    episodes        | 292      |
|    fps             | 143      |
|    time_elapsed    | 408      |
|    total_timesteps | 58400    |
| train/             |          |
|    actor_loss      | -22.5    |
|    critic_loss     | 0.00823  |
|    ent_coef        | 0.00206  |
|    ent_coef_loss   | 1.46     |
|    learning_rate   | 0.0003   |
|    n_updates       | 48399    |
---------------------------------
---------------------------------
| rollout/           |          |
|    ep_len_mean     | 200      |
|    ep_rew_mean     | 43       |
|    success_rate    | 0        |
| time/              |          |
|    episodes        | 296      |
|    fps             | 142      |
|    time_elapsed    | 414      |
|    total_timesteps | 59200    |
| train/             |          |
|    actor_loss      | -22.5    |
|    critic_loss     | 0.0078   |
|    ent_coef        | 0.00219  |
|    ent_coef_loss   | 0.661    |
|    learning_rate   | 0.0003   |
|    n_updates       | 49199    |
---------------------------------
---------------------------------
| rollout/           |          |
|    ep_len_mean     | 200      |
|    ep_rew_mean     | 43       |
|    success_rate    | 0        |
| time/              |          |
|    episodes        | 300      |
|    fps             | 142      |
|    time_elapsed    | 421      |
|    total_timesteps | 60000    |
| train/             |          |
|    actor_loss      | -22.4    |
|    critic_loss     | 0.0129   |
|    ent_coef        | 0.00212  |
|    ent_coef_loss   | 5.13     |
|    learning_rate   | 0.0003   |
|    n_updates       | 49999    |
---------------------------------
---------------------------------
| rollout/           |          |
|    ep_len_mean     | 200      |
|    ep_rew_mean     | 43.1     |
|    success_rate    | 0        |
| time/              |          |
|    episodes        | 304      |
|    fps             | 142      |
|    time_elapsed    | 427      |
|    total_timesteps | 60800    |
| train/             |          |
|    actor_loss      | -22.5    |
|    critic_loss     | 0.0111   |
|    ent_coef        | 0.00217  |
|    ent_coef_loss   | 0.305    |
|    learning_rate   | 0.0003   |
|    n_updates       | 50799    |
---------------------------------
---------------------------------
| rollout/           |          |
|    ep_len_mean     | 200      |
|    ep_rew_mean     | 43.1     |
|    success_rate    | 0        |
| time/              |          |
|    episodes        | 308      |
|    fps             | 141      |
|    time_elapsed    | 434      |
|    total_timesteps | 61600    |
| train/             |          |
|    actor_loss      | -22.1    |
|    critic_loss     | 0.00542  |
|    ent_coef        | 0.00249  |
|    ent_coef_loss   | 5.28     |
|    learning_rate   | 0.0003   |
|    n_updates       | 51599    |
---------------------------------
---------------------------------
| rollout/           |          |
|    ep_len_mean     | 200      |
|    ep_rew_mean     | 43.1     |
|    success_rate    | 0        |
| time/              |          |
|    episodes        | 312      |
|    fps             | 141      |
|    time_elapsed    | 441      |
|    total_timesteps | 62400    |
| train/             |          |
|    actor_loss      | -22.3    |
|    critic_loss     | 0.00972  |
|    ent_coef        | 0.00294  |
|    ent_coef_loss   | 2        |
|    learning_rate   | 0.0003   |
|    n_updates       | 52399    |
---------------------------------
---------------------------------
| rollout/           |          |
|    ep_len_mean     | 200      |
|    ep_rew_mean     | 43       |
|    success_rate    | 0        |
| time/              |          |
|    episodes        | 316      |
|    fps             | 140      |
|    time_elapsed    | 448      |
|    total_timesteps | 63200    |
| train/             |          |
|    actor_loss      | -22.2    |
|    critic_loss     | 0.00917  |
|    ent_coef        | 0.003    |
|    ent_coef_loss   | -0.378   |
|    learning_rate   | 0.0003   |
|    n_updates       | 53199    |
---------------------------------
---------------------------------
| rollout/           |          |
|    ep_len_mean     | 200      |
|    ep_rew_mean     | 42.9     |
|    success_rate    | 0        |
| time/              |          |
|    episodes        | 320      |
|    fps             | 140      |
|    time_elapsed    | 455      |
|    total_timesteps | 64000    |
| train/             |          |
|    actor_loss      | -22.2    |
|    critic_loss     | 0.0144   |
|    ent_coef        | 0.00301  |
|    ent_coef_loss   | -0.396   |
|    learning_rate   | 0.0003   |
|    n_updates       | 53999    |
---------------------------------
---------------------------------
| rollout/           |          |
|    ep_len_mean     | 200      |
|    ep_rew_mean     | 42.9     |
|    success_rate    | 0        |
| time/              |          |
|    episodes        | 324      |
|    fps             | 140      |
|    time_elapsed    | 462      |
|    total_timesteps | 64800    |
| train/             |          |
|    actor_loss      | -22      |
|    critic_loss     | 0.0159   |
|    ent_coef        | 0.00261  |
|    ent_coef_loss   | 0.224    |
|    learning_rate   | 0.0003   |
|    n_updates       | 54799    |
---------------------------------
---------------------------------
| rollout/           |          |
|    ep_len_mean     | 200      |
|    ep_rew_mean     | 42.9     |
|    success_rate    | 0        |
| time/              |          |
|    episodes        | 328      |
|    fps             | 139      |
|    time_elapsed    | 469      |
|    total_timesteps | 65600    |
| train/             |          |
|    actor_loss      | -22.2    |
|    critic_loss     | 0.00901  |
|    ent_coef        | 0.00243  |
|    ent_coef_loss   | -3.63    |
|    learning_rate   | 0.0003   |
|    n_updates       | 55599    |
---------------------------------
---------------------------------
| rollout/           |          |
|    ep_len_mean     | 200      |
|    ep_rew_mean     | 43       |
|    success_rate    | 0        |
| time/              |          |
|    episodes        | 332      |
|    fps             | 139      |
|    time_elapsed    | 475      |
|    total_timesteps | 66400    |
| train/             |          |
|    actor_loss      | -22.2    |
|    critic_loss     | 0.018    |
|    ent_coef        | 0.00223  |
|    ent_coef_loss   | 0.295    |
|    learning_rate   | 0.0003   |
|    n_updates       | 56399    |
---------------------------------
---------------------------------
| rollout/           |          |
|    ep_len_mean     | 200      |
|    ep_rew_mean     | 43.1     |
|    success_rate    | 0        |
| time/              |          |
|    episodes        | 336      |
|    fps             | 139      |
|    time_elapsed    | 482      |
|    total_timesteps | 67200    |
| train/             |          |
|    actor_loss      | -22.1    |
|    critic_loss     | 0.00767  |
|    ent_coef        | 0.00218  |
|    ent_coef_loss   | -5.42    |
|    learning_rate   | 0.0003   |
|    n_updates       | 57199    |
---------------------------------
---------------------------------
| rollout/           |          |
|    ep_len_mean     | 200      |
|    ep_rew_mean     | 43.1     |
|    success_rate    | 0        |
| time/              |          |
|    episodes        | 340      |
|    fps             | 138      |
|    time_elapsed    | 489      |
|    total_timesteps | 68000    |
| train/             |          |
|    actor_loss      | -22.1    |
|    critic_loss     | 0.00813  |
|    ent_coef        | 0.00219  |
|    ent_coef_loss   | -2.34    |
|    learning_rate   | 0.0003   |
|    n_updates       | 57999    |
---------------------------------
---------------------------------
| rollout/           |          |
|    ep_len_mean     | 200      |
|    ep_rew_mean     | 43.2     |
|    success_rate    | 0        |
| time/              |          |
|    episodes        | 344      |
|    fps             | 138      |
|    time_elapsed    | 496      |
|    total_timesteps | 68800    |
| train/             |          |
|    actor_loss      | -21.9    |
|    critic_loss     | 0.00907  |
|    ent_coef        | 0.00236  |
|    ent_coef_loss   | -2.11    |
|    learning_rate   | 0.0003   |
|    n_updates       | 58799    |
---------------------------------
---------------------------------
| rollout/           |          |
|    ep_len_mean     | 200      |
|    ep_rew_mean     | 43.2     |
|    success_rate    | 0        |
| time/              |          |
|    episodes        | 348      |
|    fps             | 138      |
|    time_elapsed    | 503      |
|    total_timesteps | 69600    |
| train/             |          |
|    actor_loss      | -22.2    |
|    critic_loss     | 0.00407  |
|    ent_coef        | 0.00239  |
|    ent_coef_loss   | -2.6     |
|    learning_rate   | 0.0003   |
|    n_updates       | 59599    |
---------------------------------
---------------------------------
| rollout/           |          |
|    ep_len_mean     | 200      |
|    ep_rew_mean     | 43.3     |
|    success_rate    | 0        |
| time/              |          |
|    episodes        | 352      |
|    fps             | 137      |
|    time_elapsed    | 510      |
|    total_timesteps | 70400    |
| train/             |          |
|    actor_loss      | -22      |
|    critic_loss     | 0.00524  |
|    ent_coef        | 0.00253  |
|    ent_coef_loss   | 1.03     |
|    learning_rate   | 0.0003   |
|    n_updates       | 60399    |
---------------------------------
---------------------------------
| rollout/           |          |
|    ep_len_mean     | 200      |
|    ep_rew_mean     | 43.3     |
|    success_rate    | 0        |
| time/              |          |
|    episodes        | 356      |
|    fps             | 137      |
|    time_elapsed    | 517      |
|    total_timesteps | 71200    |
| train/             |          |
|    actor_loss      | -21.9    |
|    critic_loss     | 0.0191   |
|    ent_coef        | 0.00268  |
|    ent_coef_loss   | -2.15    |
|    learning_rate   | 0.0003   |
|    n_updates       | 61199    |
---------------------------------
---------------------------------
| rollout/           |          |
|    ep_len_mean     | 200      |
|    ep_rew_mean     | 43.4     |
|    success_rate    | 0        |
| time/              |          |
|    episodes        | 360      |
|    fps             | 137      |
|    time_elapsed    | 524      |
|    total_timesteps | 72000    |
| train/             |          |
|    actor_loss      | -21.9    |
|    critic_loss     | 0.00505  |
|    ent_coef        | 0.00245  |
|    ent_coef_loss   | -2.97    |
|    learning_rate   | 0.0003   |
|    n_updates       | 61999    |
---------------------------------
---------------------------------
| rollout/           |          |
|    ep_len_mean     | 200      |
|    ep_rew_mean     | 43.4     |
|    success_rate    | 0        |
| time/              |          |
|    episodes        | 364      |
|    fps             | 137      |
|    time_elapsed    | 531      |
|    total_timesteps | 72800    |
| train/             |          |
|    actor_loss      | -21.6    |
|    critic_loss     | 0.00864  |
|    ent_coef        | 0.00264  |
|    ent_coef_loss   | 2.9      |
|    learning_rate   | 0.0003   |
|    n_updates       | 62799    |
---------------------------------
---------------------------------
| rollout/           |          |
|    ep_len_mean     | 200      |
|    ep_rew_mean     | 43.5     |
|    success_rate    | 0        |
| time/              |          |
|    episodes        | 368      |
|    fps             | 136      |
|    time_elapsed    | 538      |
|    total_timesteps | 73600    |
| train/             |          |
|    actor_loss      | -22      |
|    critic_loss     | 0.00521  |
|    ent_coef        | 0.00278  |
|    ent_coef_loss   | -6.57    |
|    learning_rate   | 0.0003   |
|    n_updates       | 63599    |
---------------------------------
---------------------------------
| rollout/           |          |
|    ep_len_mean     | 200      |
|    ep_rew_mean     | 43.5     |
|    success_rate    | 0        |
| time/              |          |
|    episodes        | 372      |
|    fps             | 136      |
|    time_elapsed    | 545      |
|    total_timesteps | 74400    |
| train/             |          |
|    actor_loss      | -22      |
|    critic_loss     | 0.0125   |
|    ent_coef        | 0.00247  |
|    ent_coef_loss   | -3.27    |
|    learning_rate   | 0.0003   |
|    n_updates       | 64399    |
---------------------------------
Eval num_timesteps=75000, episode_reward=45.88 +/- 0.70
Episode length: 200.00 +/- 0.00
Success rate: 0.00%
---------------------------------
| eval/              |          |
|    mean_ep_length  | 200      |
|    mean_reward     | 45.9     |
|    success_rate    | 0        |
| time/              |          |
|    total_timesteps | 75000    |
| train/             |          |
|    actor_loss      | -22      |
|    critic_loss     | 0.00323  |
|    ent_coef        | 0.00244  |
|    ent_coef_loss   | -3.64    |
|    learning_rate   | 0.0003   |
|    n_updates       | 64999    |
---------------------------------
New best mean reward!
---------------------------------
| rollout/           |          |
|    ep_len_mean     | 200      |
|    ep_rew_mean     | 43.6     |
|    success_rate    | 0        |
| time/              |          |
|    episodes        | 376      |
|    fps             | 135      |
|    time_elapsed    | 554      |
|    total_timesteps | 75200    |
| train/             |          |
|    actor_loss      | -21.9    |
|    critic_loss     | 0.00492  |
|    ent_coef        | 0.00247  |
|    ent_coef_loss   | 4.48     |
|    learning_rate   | 0.0003   |
|    n_updates       | 65199    |
---------------------------------
---------------------------------
| rollout/           |          |
|    ep_len_mean     | 200      |
|    ep_rew_mean     | 43.6     |
|    success_rate    | 0        |
| time/              |          |
|    episodes        | 380      |
|    fps             | 135      |
|    time_elapsed    | 561      |
|    total_timesteps | 76000    |
| train/             |          |
|    actor_loss      | -22      |
|    critic_loss     | 0.00987  |
|    ent_coef        | 0.00265  |
|    ent_coef_loss   | 1.32     |
|    learning_rate   | 0.0003   |
|    n_updates       | 65999    |
---------------------------------
---------------------------------
| rollout/           |          |
|    ep_len_mean     | 200      |
|    ep_rew_mean     | 43.7     |
|    success_rate    | 0        |
| time/              |          |
|    episodes        | 384      |
|    fps             | 134      |
|    time_elapsed    | 569      |
|    total_timesteps | 76800    |
| train/             |          |
|    actor_loss      | -22.2    |
|    critic_loss     | 0.00433  |
|    ent_coef        | 0.0026   |
|    ent_coef_loss   | -0.951   |
|    learning_rate   | 0.0003   |
|    n_updates       | 66799    |
---------------------------------
---------------------------------
| rollout/           |          |
|    ep_len_mean     | 200      |
|    ep_rew_mean     | 43.8     |
|    success_rate    | 0        |
| time/              |          |
|    episodes        | 388      |
|    fps             | 134      |
|    time_elapsed    | 576      |
|    total_timesteps | 77600    |
| train/             |          |
|    actor_loss      | -21.9    |
|    critic_loss     | 0.0171   |
|    ent_coef        | 0.00257  |
|    ent_coef_loss   | 0.443    |
|    learning_rate   | 0.0003   |
|    n_updates       | 67599    |
---------------------------------
---------------------------------
| rollout/           |          |
|    ep_len_mean     | 200      |
|    ep_rew_mean     | 43.8     |
|    success_rate    | 0        |
| time/              |          |
|    episodes        | 392      |
|    fps             | 134      |
|    time_elapsed    | 583      |
|    total_timesteps | 78400    |
| train/             |          |
|    actor_loss      | -22      |
|    critic_loss     | 0.00456  |
|    ent_coef        | 0.00264  |
|    ent_coef_loss   | 2.42     |
|    learning_rate   | 0.0003   |
|    n_updates       | 68399    |
---------------------------------
---------------------------------
| rollout/           |          |
|    ep_len_mean     | 200      |
|    ep_rew_mean     | 43.8     |
|    success_rate    | 0        |
| time/              |          |
|    episodes        | 396      |
|    fps             | 134      |
|    time_elapsed    | 590      |
|    total_timesteps | 79200    |
| train/             |          |
|    actor_loss      | -21.8    |
|    critic_loss     | 0.0158   |
|    ent_coef        | 0.00252  |
|    ent_coef_loss   | 2.7      |
|    learning_rate   | 0.0003   |
|    n_updates       | 69199    |
---------------------------------
---------------------------------
| rollout/           |          |
|    ep_len_mean     | 200      |
|    ep_rew_mean     | 43.9     |
|    success_rate    | 0        |
| time/              |          |
|    episodes        | 400      |
|    fps             | 133      |
|    time_elapsed    | 598      |
|    total_timesteps | 80000    |
| train/             |          |
|    actor_loss      | -22.1    |
|    critic_loss     | 0.00663  |
|    ent_coef        | 0.00259  |
|    ent_coef_loss   | -0.453   |
|    learning_rate   | 0.0003   |
|    n_updates       | 69999    |
---------------------------------
---------------------------------
| rollout/           |          |
|    ep_len_mean     | 200      |
|    ep_rew_mean     | 44       |
|    success_rate    | 0        |
| time/              |          |
|    episodes        | 404      |
|    fps             | 133      |
|    time_elapsed    | 605      |
|    total_timesteps | 80800    |
| train/             |          |
|    actor_loss      | -21.9    |
|    critic_loss     | 0.0205   |
|    ent_coef        | 0.00251  |
|    ent_coef_loss   | -1.09    |
|    learning_rate   | 0.0003   |
|    n_updates       | 70799    |
---------------------------------
---------------------------------
| rollout/           |          |
|    ep_len_mean     | 200      |
|    ep_rew_mean     | 44       |
|    success_rate    | 0        |
| time/              |          |
|    episodes        | 408      |
|    fps             | 133      |
|    time_elapsed    | 612      |
|    total_timesteps | 81600    |
| train/             |          |
|    actor_loss      | -22.1    |
|    critic_loss     | 0.0113   |
|    ent_coef        | 0.00246  |
|    ent_coef_loss   | -2.59    |
|    learning_rate   | 0.0003   |
|    n_updates       | 71599    |
---------------------------------
---------------------------------
| rollout/           |          |
|    ep_len_mean     | 200      |
|    ep_rew_mean     | 44       |
|    success_rate    | 0        |
| time/              |          |
|    episodes        | 412      |
|    fps             | 132      |
|    time_elapsed    | 619      |
|    total_timesteps | 82400    |
| train/             |          |
|    actor_loss      | -22.1    |
|    critic_loss     | 0.00453  |
|    ent_coef        | 0.00268  |
|    ent_coef_loss   | -1.55    |
|    learning_rate   | 0.0003   |
|    n_updates       | 72399    |
---------------------------------
---------------------------------
| rollout/           |          |
|    ep_len_mean     | 200      |
|    ep_rew_mean     | 44.1     |
|    success_rate    | 0        |
| time/              |          |
|    episodes        | 416      |
|    fps             | 132      |
|    time_elapsed    | 627      |
|    total_timesteps | 83200    |
| train/             |          |
|    actor_loss      | -21.9    |
|    critic_loss     | 0.00602  |
|    ent_coef        | 0.00283  |
|    ent_coef_loss   | 2.94     |
|    learning_rate   | 0.0003   |
|    n_updates       | 73199    |
---------------------------------
---------------------------------
| rollout/           |          |
|    ep_len_mean     | 200      |
|    ep_rew_mean     | 44.1     |
|    success_rate    | 0        |
| time/              |          |
|    episodes        | 420      |
|    fps             | 132      |
|    time_elapsed    | 634      |
|    total_timesteps | 84000    |
| train/             |          |
|    actor_loss      | -22.1    |
|    critic_loss     | 0.00714  |
|    ent_coef        | 0.0028   |
|    ent_coef_loss   | -5.66    |
|    learning_rate   | 0.0003   |
|    n_updates       | 73999    |
---------------------------------
---------------------------------
| rollout/           |          |
|    ep_len_mean     | 200      |
|    ep_rew_mean     | 44       |
|    success_rate    | 0        |
| time/              |          |
|    episodes        | 424      |
|    fps             | 132      |
|    time_elapsed    | 641      |
|    total_timesteps | 84800    |
| train/             |          |
|    actor_loss      | -22.1    |
|    critic_loss     | 0.0169   |
|    ent_coef        | 0.00249  |
|    ent_coef_loss   | -5.92    |
|    learning_rate   | 0.0003   |
|    n_updates       | 74799    |
---------------------------------
---------------------------------
| rollout/           |          |
|    ep_len_mean     | 200      |
|    ep_rew_mean     | 44       |
|    success_rate    | 0        |
| time/              |          |
|    episodes        | 428      |
|    fps             | 131      |
|    time_elapsed    | 648      |
|    total_timesteps | 85600    |
| train/             |          |
|    actor_loss      | -22      |
|    critic_loss     | 0.0101   |
|    ent_coef        | 0.00232  |
|    ent_coef_loss   | 0.185    |
|    learning_rate   | 0.0003   |
|    n_updates       | 75599    |
---------------------------------
---------------------------------
| rollout/           |          |
|    ep_len_mean     | 200      |
|    ep_rew_mean     | 43.9     |
|    success_rate    | 0        |
| time/              |          |
|    episodes        | 432      |
|    fps             | 131      |
|    time_elapsed    | 655      |
|    total_timesteps | 86400    |
| train/             |          |
|    actor_loss      | -22.2    |
|    critic_loss     | 0.0179   |
|    ent_coef        | 0.00258  |
|    ent_coef_loss   | -1.24    |
|    learning_rate   | 0.0003   |
|    n_updates       | 76399    |
---------------------------------
---------------------------------
| rollout/           |          |
|    ep_len_mean     | 200      |
|    ep_rew_mean     | 43.8     |
|    success_rate    | 0        |
| time/              |          |
|    episodes        | 436      |
|    fps             | 131      |
|    time_elapsed    | 663      |
|    total_timesteps | 87200    |
| train/             |          |
|    actor_loss      | -22      |
|    critic_loss     | 0.00996  |
|    ent_coef        | 0.00231  |
|    ent_coef_loss   | -0.114   |
|    learning_rate   | 0.0003   |
|    n_updates       | 77199    |
---------------------------------
---------------------------------
| rollout/           |          |
|    ep_len_mean     | 200      |
|    ep_rew_mean     | 43.9     |
|    success_rate    | 0        |
| time/              |          |
|    episodes        | 440      |
|    fps             | 131      |
|    time_elapsed    | 670      |
|    total_timesteps | 88000    |
| train/             |          |
|    actor_loss      | -22.1    |
|    critic_loss     | 0.00697  |
|    ent_coef        | 0.00237  |
|    ent_coef_loss   | 0.427    |
|    learning_rate   | 0.0003   |
|    n_updates       | 77999    |
---------------------------------
---------------------------------
| rollout/           |          |
|    ep_len_mean     | 200      |
|    ep_rew_mean     | 43.8     |
|    success_rate    | 0        |
| time/              |          |
|    episodes        | 444      |
|    fps             | 131      |
|    time_elapsed    | 677      |
|    total_timesteps | 88800    |
| train/             |          |
|    actor_loss      | -22      |
|    critic_loss     | 0.00839  |
|    ent_coef        | 0.00246  |
|    ent_coef_loss   | 2.07     |
|    learning_rate   | 0.0003   |
|    n_updates       | 78799    |
---------------------------------
---------------------------------
| rollout/           |          |
|    ep_len_mean     | 200      |
|    ep_rew_mean     | 43.7     |
|    success_rate    | 0        |
| time/              |          |
|    episodes        | 448      |
|    fps             | 130      |
|    time_elapsed    | 685      |
|    total_timesteps | 89600    |
| train/             |          |
|    actor_loss      | -21.9    |
|    critic_loss     | 0.00737  |
|    ent_coef        | 0.00223  |
|    ent_coef_loss   | 2.18     |
|    learning_rate   | 0.0003   |
|    n_updates       | 79599    |
---------------------------------
---------------------------------
| rollout/           |          |
|    ep_len_mean     | 200      |
|    ep_rew_mean     | 43.6     |
|    success_rate    | 0        |
| time/              |          |
|    episodes        | 452      |
|    fps             | 130      |
|    time_elapsed    | 692      |
|    total_timesteps | 90400    |
| train/             |          |
|    actor_loss      | -21.9    |
|    critic_loss     | 0.02     |
|    ent_coef        | 0.00218  |
|    ent_coef_loss   | 3.61     |
|    learning_rate   | 0.0003   |
|    n_updates       | 80399    |
---------------------------------
---------------------------------
| rollout/           |          |
|    ep_len_mean     | 200      |
|    ep_rew_mean     | 43.5     |
|    success_rate    | 0        |
| time/              |          |
|    episodes        | 456      |
|    fps             | 130      |
|    time_elapsed    | 699      |
|    total_timesteps | 91200    |
| train/             |          |
|    actor_loss      | -22      |
|    critic_loss     | 0.00715  |
|    ent_coef        | 0.00224  |
|    ent_coef_loss   | 1.64     |
|    learning_rate   | 0.0003   |
|    n_updates       | 81199    |
---------------------------------
---------------------------------
| rollout/           |          |
|    ep_len_mean     | 200      |
|    ep_rew_mean     | 43.5     |
|    success_rate    | 0        |
| time/              |          |
|    episodes        | 460      |
|    fps             | 130      |
|    time_elapsed    | 706      |
|    total_timesteps | 92000    |
| train/             |          |
|    actor_loss      | -21.9    |
|    critic_loss     | 0.00844  |
|    ent_coef        | 0.00214  |
|    ent_coef_loss   | 1.68     |
|    learning_rate   | 0.0003   |
|    n_updates       | 81999    |
---------------------------------
---------------------------------
| rollout/           |          |
|    ep_len_mean     | 200      |
|    ep_rew_mean     | 43.8     |
|    success_rate    | 0        |
| time/              |          |
|    episodes        | 464      |
|    fps             | 129      |
|    time_elapsed    | 714      |
|    total_timesteps | 92800    |
| train/             |          |
|    actor_loss      | -22.1    |
|    critic_loss     | 0.00511  |
|    ent_coef        | 0.00211  |
|    ent_coef_loss   | 3.61     |
|    learning_rate   | 0.0003   |
|    n_updates       | 82799    |
---------------------------------
---------------------------------
| rollout/           |          |
|    ep_len_mean     | 200      |
|    ep_rew_mean     | 43.9     |
|    success_rate    | 0        |
| time/              |          |
|    episodes        | 468      |
|    fps             | 129      |
|    time_elapsed    | 721      |
|    total_timesteps | 93600    |
| train/             |          |
|    actor_loss      | -22.1    |
|    critic_loss     | 0.00552  |
|    ent_coef        | 0.00239  |
|    ent_coef_loss   | 2.69     |
|    learning_rate   | 0.0003   |
|    n_updates       | 83599    |
---------------------------------
---------------------------------
| rollout/           |          |
|    ep_len_mean     | 200      |
|    ep_rew_mean     | 43.9     |
|    success_rate    | 0        |
| time/              |          |
|    episodes        | 472      |
|    fps             | 129      |
|    time_elapsed    | 728      |
|    total_timesteps | 94400    |
| train/             |          |
|    actor_loss      | -22      |
|    critic_loss     | 0.00416  |
|    ent_coef        | 0.00253  |
|    ent_coef_loss   | -4.37    |
|    learning_rate   | 0.0003   |
|    n_updates       | 84399    |
---------------------------------
---------------------------------
| rollout/           |          |
|    ep_len_mean     | 200      |
|    ep_rew_mean     | 43.9     |
|    success_rate    | 0        |
| time/              |          |
|    episodes        | 476      |
|    fps             | 129      |
|    time_elapsed    | 736      |
|    total_timesteps | 95200    |
| train/             |          |
|    actor_loss      | -22.2    |
|    critic_loss     | 0.00335  |
|    ent_coef        | 0.00278  |
|    ent_coef_loss   | -3.05    |
|    learning_rate   | 0.0003   |
|    n_updates       | 85199    |
---------------------------------
---------------------------------
| rollout/           |          |
|    ep_len_mean     | 200      |
|    ep_rew_mean     | 43.9     |
|    success_rate    | 0        |
| time/              |          |
|    episodes        | 480      |
|    fps             | 129      |
|    time_elapsed    | 743      |
|    total_timesteps | 96000    |
| train/             |          |
|    actor_loss      | -22.1    |
|    critic_loss     | 0.00637  |
|    ent_coef        | 0.00278  |
|    ent_coef_loss   | -7.94    |
|    learning_rate   | 0.0003   |
|    n_updates       | 85999    |
---------------------------------
---------------------------------
| rollout/           |          |
|    ep_len_mean     | 200      |
|    ep_rew_mean     | 43.9     |
|    success_rate    | 0        |
| time/              |          |
|    episodes        | 484      |
|    fps             | 128      |
|    time_elapsed    | 751      |
|    total_timesteps | 96800    |
| train/             |          |
|    actor_loss      | -22.2    |
|    critic_loss     | 0.00386  |
|    ent_coef        | 0.00268  |
|    ent_coef_loss   | -4.13    |
|    learning_rate   | 0.0003   |
|    n_updates       | 86799    |
---------------------------------
---------------------------------
| rollout/           |          |
|    ep_len_mean     | 200      |
|    ep_rew_mean     | 43.8     |
|    success_rate    | 0        |
| time/              |          |
|    episodes        | 488      |
|    fps             | 128      |
|    time_elapsed    | 758      |
|    total_timesteps | 97600    |
| train/             |          |
|    actor_loss      | -22      |
|    critic_loss     | 0.0173   |
|    ent_coef        | 0.00284  |
|    ent_coef_loss   | -6.41    |
|    learning_rate   | 0.0003   |
|    n_updates       | 87599    |
---------------------------------
---------------------------------
| rollout/           |          |
|    ep_len_mean     | 200      |
|    ep_rew_mean     | 43.8     |
|    success_rate    | 0        |
| time/              |          |
|    episodes        | 492      |
|    fps             | 128      |
|    time_elapsed    | 765      |
|    total_timesteps | 98400    |
| train/             |          |
|    actor_loss      | -22      |
|    critic_loss     | 0.0189   |
|    ent_coef        | 0.00304  |
|    ent_coef_loss   | 5.28     |
|    learning_rate   | 0.0003   |
|    n_updates       | 88399    |
---------------------------------
---------------------------------
| rollout/           |          |
|    ep_len_mean     | 200      |
|    ep_rew_mean     | 43.6     |
|    success_rate    | 0        |
| time/              |          |
|    episodes        | 496      |
|    fps             | 128      |
|    time_elapsed    | 773      |
|    total_timesteps | 99200    |
| train/             |          |
|    actor_loss      | -22.2    |
|    critic_loss     | 0.00497  |
|    ent_coef        | 0.00311  |
|    ent_coef_loss   | 0.613    |
|    learning_rate   | 0.0003   |
|    n_updates       | 89199    |
---------------------------------
Eval num_timesteps=100000, episode_reward=43.52 +/- 1.96
Episode length: 200.00 +/- 0.00
Success rate: 0.00%
---------------------------------
| eval/              |          |
|    mean_ep_length  | 200      |
|    mean_reward     | 43.5     |
|    success_rate    | 0        |
| time/              |          |
|    total_timesteps | 100000   |
| train/             |          |
|    actor_loss      | -22.2    |
|    critic_loss     | 0.00422  |
|    ent_coef        | 0.00327  |
|    ent_coef_loss   | -1.63    |
|    learning_rate   | 0.0003   |
|    n_updates       | 89999    |
---------------------------------
---------------------------------
| rollout/           |          |
|    ep_len_mean     | 200      |
|    ep_rew_mean     | 43.6     |
|    success_rate    | 0        |
| time/              |          |
|    episodes        | 500      |
|    fps             | 127      |
|    time_elapsed    | 781      |
|    total_timesteps | 100000   |
---------------------------------
---------------------------------
| rollout/           |          |
|    ep_len_mean     | 200      |
|    ep_rew_mean     | 43.5     |
|    success_rate    | 0        |
| time/              |          |
|    episodes        | 504      |
|    fps             | 127      |
|    time_elapsed    | 789      |
|    total_timesteps | 100800   |
| train/             |          |
|    actor_loss      | -22.2    |
|    critic_loss     | 0.0223   |
|    ent_coef        | 0.0037   |
|    ent_coef_loss   | 8.67     |
|    learning_rate   | 0.0003   |
|    n_updates       | 90799    |
---------------------------------
---------------------------------
| rollout/           |          |
|    ep_len_mean     | 200      |
|    ep_rew_mean     | 43.4     |
|    success_rate    | 0        |
| time/              |          |
|    episodes        | 508      |
|    fps             | 127      |
|    time_elapsed    | 796      |
|    total_timesteps | 101600   |
| train/             |          |
|    actor_loss      | -22.1    |
|    critic_loss     | 0.0486   |
|    ent_coef        | 0.00427  |
|    ent_coef_loss   | 2.18     |
|    learning_rate   | 0.0003   |
|    n_updates       | 91599    |
---------------------------------
---------------------------------
| rollout/           |          |
|    ep_len_mean     | 200      |
|    ep_rew_mean     | 43.3     |
|    success_rate    | 0        |
| time/              |          |
|    episodes        | 512      |
|    fps             | 127      |
|    time_elapsed    | 803      |
|    total_timesteps | 102400   |
| train/             |          |
|    actor_loss      | -22.3    |
|    critic_loss     | 0.00883  |
|    ent_coef        | 0.00384  |
|    ent_coef_loss   | 1.37     |
|    learning_rate   | 0.0003   |
|    n_updates       | 92399    |
---------------------------------
---------------------------------
| rollout/           |          |
|    ep_len_mean     | 200      |
|    ep_rew_mean     | 43.3     |
|    success_rate    | 0        |
| time/              |          |
|    episodes        | 516      |
|    fps             | 127      |
|    time_elapsed    | 811      |
|    total_timesteps | 103200   |
| train/             |          |
|    actor_loss      | -22.3    |
|    critic_loss     | 0.00551  |
|    ent_coef        | 0.00376  |
|    ent_coef_loss   | 2.74     |
|    learning_rate   | 0.0003   |
|    n_updates       | 93199    |
---------------------------------
---------------------------------
| rollout/           |          |
|    ep_len_mean     | 200      |
|    ep_rew_mean     | 43.4     |
|    success_rate    | 0        |
| time/              |          |
|    episodes        | 520      |
|    fps             | 127      |
|    time_elapsed    | 818      |
|    total_timesteps | 104000   |
| train/             |          |
|    actor_loss      | -22.2    |
|    critic_loss     | 0.00422  |
|    ent_coef        | 0.00416  |
|    ent_coef_loss   | 12.1     |
|    learning_rate   | 0.0003   |
|    n_updates       | 93999    |
---------------------------------
---------------------------------
| rollout/           |          |
|    ep_len_mean     | 200      |
|    ep_rew_mean     | 43.4     |
|    success_rate    | 0        |
| time/              |          |
|    episodes        | 524      |
|    fps             | 126      |
|    time_elapsed    | 826      |
|    total_timesteps | 104800   |
| train/             |          |
|    actor_loss      | -22.3    |
|    critic_loss     | 0.00969  |
|    ent_coef        | 0.00434  |
|    ent_coef_loss   | 4.05     |
|    learning_rate   | 0.0003   |
|    n_updates       | 94799    |
---------------------------------
---------------------------------
| rollout/           |          |
|    ep_len_mean     | 200      |
|    ep_rew_mean     | 43.3     |
|    success_rate    | 0        |
| time/              |          |
|    episodes        | 528      |
|    fps             | 126      |
|    time_elapsed    | 833      |
|    total_timesteps | 105600   |
| train/             |          |
|    actor_loss      | -22.4    |
|    critic_loss     | 0.0121   |
|    ent_coef        | 0.00406  |
|    ent_coef_loss   | -15.2    |
|    learning_rate   | 0.0003   |
|    n_updates       | 95599    |
---------------------------------
---------------------------------
| rollout/           |          |
|    ep_len_mean     | 200      |
|    ep_rew_mean     | 43.3     |
|    success_rate    | 0        |
| time/              |          |
|    episodes        | 532      |
|    fps             | 126      |
|    time_elapsed    | 840      |
|    total_timesteps | 106400   |
| train/             |          |
|    actor_loss      | -22.4    |
|    critic_loss     | 0.0492   |
|    ent_coef        | 0.00385  |
|    ent_coef_loss   | 7.53     |
|    learning_rate   | 0.0003   |
|    n_updates       | 96399    |
---------------------------------
---------------------------------
| rollout/           |          |
|    ep_len_mean     | 200      |
|    ep_rew_mean     | 43.5     |
|    success_rate    | 0        |
| time/              |          |
|    episodes        | 536      |
|    fps             | 126      |
|    time_elapsed    | 848      |
|    total_timesteps | 107200   |
| train/             |          |
|    actor_loss      | -22.2    |
|    critic_loss     | 0.0435   |
|    ent_coef        | 0.00405  |
|    ent_coef_loss   | -1.97    |
|    learning_rate   | 0.0003   |
|    n_updates       | 97199    |
---------------------------------
---------------------------------
| rollout/           |          |
|    ep_len_mean     | 200      |
|    ep_rew_mean     | 43.5     |
|    success_rate    | 0        |
| time/              |          |
|    episodes        | 540      |
|    fps             | 126      |
|    time_elapsed    | 855      |
|    total_timesteps | 108000   |
| train/             |          |
|    actor_loss      | -22.4    |
|    critic_loss     | 0.0189   |
|    ent_coef        | 0.00379  |
|    ent_coef_loss   | -0.76    |
|    learning_rate   | 0.0003   |
|    n_updates       | 97999    |
---------------------------------
---------------------------------
| rollout/           |          |
|    ep_len_mean     | 200      |
|    ep_rew_mean     | 43.7     |
|    success_rate    | 0        |
| time/              |          |
|    episodes        | 544      |
|    fps             | 126      |
|    time_elapsed    | 862      |
|    total_timesteps | 108800   |
| train/             |          |
|    actor_loss      | -22.5    |
|    critic_loss     | 0.00764  |
|    ent_coef        | 0.00401  |
|    ent_coef_loss   | -3.99    |
|    learning_rate   | 0.0003   |
|    n_updates       | 98799    |
---------------------------------
---------------------------------
| rollout/           |          |
|    ep_len_mean     | 200      |
|    ep_rew_mean     | 44       |
|    success_rate    | 0        |
| time/              |          |
|    episodes        | 548      |
|    fps             | 125      |
|    time_elapsed    | 870      |
|    total_timesteps | 109600   |
| train/             |          |
|    actor_loss      | -22.4    |
|    critic_loss     | 0.033    |
|    ent_coef        | 0.00444  |
|    ent_coef_loss   | -1.31    |
|    learning_rate   | 0.0003   |
|    n_updates       | 99599    |
---------------------------------
---------------------------------
| rollout/           |          |
|    ep_len_mean     | 200      |
|    ep_rew_mean     | 44.4     |
|    success_rate    | 0        |
| time/              |          |
|    episodes        | 552      |
|    fps             | 125      |
|    time_elapsed    | 877      |
|    total_timesteps | 110400   |
| train/             |          |
|    actor_loss      | -22.7    |
|    critic_loss     | 0.0177   |
|    ent_coef        | 0.00419  |
|    ent_coef_loss   | 1.43     |
|    learning_rate   | 0.0003   |
|    n_updates       | 100399   |
---------------------------------
---------------------------------
| rollout/           |          |
|    ep_len_mean     | 200      |
|    ep_rew_mean     | 44.6     |
|    success_rate    | 0        |
| time/              |          |
|    episodes        | 556      |
|    fps             | 125      |
|    time_elapsed    | 884      |
|    total_timesteps | 111200   |
| train/             |          |
|    actor_loss      | -22.7    |
|    critic_loss     | 0.0128   |
|    ent_coef        | 0.00384  |
|    ent_coef_loss   | -3.99    |
|    learning_rate   | 0.0003   |
|    n_updates       | 101199   |
---------------------------------
---------------------------------
| rollout/           |          |
|    ep_len_mean     | 200      |
|    ep_rew_mean     | 44.7     |
|    success_rate    | 0        |
| time/              |          |
|    episodes        | 560      |
|    fps             | 125      |
|    time_elapsed    | 892      |
|    total_timesteps | 112000   |
| train/             |          |
|    actor_loss      | -22.7    |
|    critic_loss     | 0.0213   |
|    ent_coef        | 0.00365  |
|    ent_coef_loss   | -0.806   |
|    learning_rate   | 0.0003   |
|    n_updates       | 101999   |
---------------------------------
---------------------------------
| rollout/           |          |
|    ep_len_mean     | 200      |
|    ep_rew_mean     | 44.8     |
|    success_rate    | 0        |
| time/              |          |
|    episodes        | 564      |
|    fps             | 125      |
|    time_elapsed    | 899      |
|    total_timesteps | 112800   |
| train/             |          |
|    actor_loss      | -22.9    |
|    critic_loss     | 0.022    |
|    ent_coef        | 0.00389  |
|    ent_coef_loss   | 0.2      |
|    learning_rate   | 0.0003   |
|    n_updates       | 102799   |
---------------------------------
---------------------------------
| rollout/           |          |
|    ep_len_mean     | 200      |
|    ep_rew_mean     | 45.1     |
|    success_rate    | 0        |
| time/              |          |
|    episodes        | 568      |
|    fps             | 125      |
|    time_elapsed    | 907      |
|    total_timesteps | 113600   |
| train/             |          |
|    actor_loss      | -22.8    |
|    critic_loss     | 0.00621  |
|    ent_coef        | 0.00365  |
|    ent_coef_loss   | 1.99     |
|    learning_rate   | 0.0003   |
|    n_updates       | 103599   |
---------------------------------
---------------------------------
| rollout/           |          |
|    ep_len_mean     | 200      |
|    ep_rew_mean     | 45.6     |
|    success_rate    | 0        |
| time/              |          |
|    episodes        | 572      |
|    fps             | 125      |
|    time_elapsed    | 914      |
|    total_timesteps | 114400   |
| train/             |          |
|    actor_loss      | -22.8    |
|    critic_loss     | 0.0123   |
|    ent_coef        | 0.00404  |
|    ent_coef_loss   | 0.391    |
|    learning_rate   | 0.0003   |
|    n_updates       | 104399   |
---------------------------------
---------------------------------
| rollout/           |          |
|    ep_len_mean     | 200      |
|    ep_rew_mean     | 46.1     |
|    success_rate    | 0        |
| time/              |          |
|    episodes        | 576      |
|    fps             | 124      |
|    time_elapsed    | 922      |
|    total_timesteps | 115200   |
| train/             |          |
|    actor_loss      | -22.9    |
|    critic_loss     | 0.00864  |
|    ent_coef        | 0.00428  |
|    ent_coef_loss   | -3.27    |
|    learning_rate   | 0.0003   |
|    n_updates       | 105199   |
---------------------------------
---------------------------------
| rollout/           |          |
|    ep_len_mean     | 200      |
|    ep_rew_mean     | 46.2     |
|    success_rate    | 0        |
| time/              |          |
|    episodes        | 580      |
|    fps             | 124      |
|    time_elapsed    | 929      |
|    total_timesteps | 116000   |
| train/             |          |
|    actor_loss      | -22.9    |
|    critic_loss     | 0.0491   |
|    ent_coef        | 0.00423  |
|    ent_coef_loss   | 2.79     |
|    learning_rate   | 0.0003   |
|    n_updates       | 105999   |
---------------------------------
---------------------------------
| rollout/           |          |
|    ep_len_mean     | 200      |
|    ep_rew_mean     | 46       |
|    success_rate    | 0        |
| time/              |          |
|    episodes        | 584      |
|    fps             | 124      |
|    time_elapsed    | 936      |
|    total_timesteps | 116800   |
| train/             |          |
|    actor_loss      | -22.8    |
|    critic_loss     | 0.0166   |
|    ent_coef        | 0.00419  |
|    ent_coef_loss   | -6.34    |
|    learning_rate   | 0.0003   |
|    n_updates       | 106799   |
---------------------------------
---------------------------------
| rollout/           |          |
|    ep_len_mean     | 200      |
|    ep_rew_mean     | 46.2     |
|    success_rate    | 0        |
| time/              |          |
|    episodes        | 588      |
|    fps             | 124      |
|    time_elapsed    | 944      |
|    total_timesteps | 117600   |
| train/             |          |
|    actor_loss      | -22.9    |
|    critic_loss     | 0.0194   |
|    ent_coef        | 0.00467  |
|    ent_coef_loss   | 2.96     |
|    learning_rate   | 0.0003   |
|    n_updates       | 107599   |
---------------------------------
---------------------------------
| rollout/           |          |
|    ep_len_mean     | 200      |
|    ep_rew_mean     | 46.5     |
|    success_rate    | 0        |
| time/              |          |
|    episodes        | 592      |
|    fps             | 124      |
|    time_elapsed    | 951      |
|    total_timesteps | 118400   |
| train/             |          |
|    actor_loss      | -22.7    |
|    critic_loss     | 0.0175   |
|    ent_coef        | 0.00439  |
|    ent_coef_loss   | 7.43     |
|    learning_rate   | 0.0003   |
|    n_updates       | 108399   |
---------------------------------
---------------------------------
| rollout/           |          |
|    ep_len_mean     | 200      |
|    ep_rew_mean     | 47.2     |
|    success_rate    | 0        |
| time/              |          |
|    episodes        | 596      |
|    fps             | 124      |
|    time_elapsed    | 959      |
|    total_timesteps | 119200   |
| train/             |          |
|    actor_loss      | -23      |
|    critic_loss     | 0.00753  |
|    ent_coef        | 0.00433  |
|    ent_coef_loss   | 2.76     |
|    learning_rate   | 0.0003   |
|    n_updates       | 109199   |
---------------------------------
---------------------------------
| rollout/           |          |
|    ep_len_mean     | 200      |
|    ep_rew_mean     | 47.3     |
|    success_rate    | 0        |
| time/              |          |
|    episodes        | 600      |
|    fps             | 124      |
|    time_elapsed    | 966      |
|    total_timesteps | 120000   |
| train/             |          |
|    actor_loss      | -23      |
|    critic_loss     | 0.0139   |
|    ent_coef        | 0.00474  |
|    ent_coef_loss   | -0.592   |
|    learning_rate   | 0.0003   |
|    n_updates       | 109999   |
---------------------------------
---------------------------------
| rollout/           |          |
|    ep_len_mean     | 200      |
|    ep_rew_mean     | 47.7     |
|    success_rate    | 0        |
| time/              |          |
|    episodes        | 604      |
|    fps             | 124      |
|    time_elapsed    | 973      |
|    total_timesteps | 120800   |
| train/             |          |
|    actor_loss      | -23.4    |
|    critic_loss     | 0.0166   |
|    ent_coef        | 0.00428  |
|    ent_coef_loss   | -4.39    |
|    learning_rate   | 0.0003   |
|    n_updates       | 110799   |
---------------------------------
---------------------------------
| rollout/           |          |
|    ep_len_mean     | 200      |
|    ep_rew_mean     | 49.9     |
|    success_rate    | 0        |
| time/              |          |
|    episodes        | 608      |
|    fps             | 123      |
|    time_elapsed    | 981      |
|    total_timesteps | 121600   |
| train/             |          |
|    actor_loss      | -23.3    |
|    critic_loss     | 0.0125   |
|    ent_coef        | 0.00423  |
|    ent_coef_loss   | -1.54    |
|    learning_rate   | 0.0003   |
|    n_updates       | 111599   |
---------------------------------
---------------------------------
| rollout/           |          |
|    ep_len_mean     | 200      |
|    ep_rew_mean     | 51.3     |
|    success_rate    | 0        |
| time/              |          |
|    episodes        | 612      |
|    fps             | 123      |
|    time_elapsed    | 988      |
|    total_timesteps | 122400   |
| train/             |          |
|    actor_loss      | -23.4    |
|    critic_loss     | 0.114    |
|    ent_coef        | 0.00446  |
|    ent_coef_loss   | -4.68    |
|    learning_rate   | 0.0003   |
|    n_updates       | 112399   |
---------------------------------
---------------------------------
| rollout/           |          |
|    ep_len_mean     | 200      |
|    ep_rew_mean     | 52.8     |
|    success_rate    | 0        |
| time/              |          |
|    episodes        | 616      |
|    fps             | 123      |
|    time_elapsed    | 996      |
|    total_timesteps | 123200   |
| train/             |          |
|    actor_loss      | -23.3    |
|    critic_loss     | 0.0183   |
|    ent_coef        | 0.00479  |
|    ent_coef_loss   | 5.06     |
|    learning_rate   | 0.0003   |
|    n_updates       | 113199   |
---------------------------------
---------------------------------
| rollout/           |          |
|    ep_len_mean     | 200      |
|    ep_rew_mean     | 57.2     |
|    success_rate    | 0        |
| time/              |          |
|    episodes        | 620      |
|    fps             | 123      |
|    time_elapsed    | 1003     |
|    total_timesteps | 124000   |
| train/             |          |
|    actor_loss      | -23.9    |
|    critic_loss     | 0.135    |
|    ent_coef        | 0.00639  |
|    ent_coef_loss   | 5.23     |
|    learning_rate   | 0.0003   |
|    n_updates       | 113999   |
---------------------------------
---------------------------------
| rollout/           |          |
|    ep_len_mean     | 200      |
|    ep_rew_mean     | 59.7     |
|    success_rate    | 0        |
| time/              |          |
|    episodes        | 624      |
|    fps             | 123      |
|    time_elapsed    | 1010     |
|    total_timesteps | 124800   |
| train/             |          |
|    actor_loss      | -23.8    |
|    critic_loss     | 0.0246   |
|    ent_coef        | 0.00767  |
|    ent_coef_loss   | 3.65     |
|    learning_rate   | 0.0003   |
|    n_updates       | 114799   |
---------------------------------
Eval num_timesteps=125000, episode_reward=41.79 +/- 1.73
Episode length: 200.00 +/- 0.00
Success rate: 0.00%
---------------------------------
| eval/              |          |
|    mean_ep_length  | 200      |
|    mean_reward     | 41.8     |
|    success_rate    | 0        |
| time/              |          |
|    total_timesteps | 125000   |
| train/             |          |
|    actor_loss      | -23.8    |
|    critic_loss     | 0.0395   |
|    ent_coef        | 0.00802  |
|    ent_coef_loss   | 3.1      |
|    learning_rate   | 0.0003   |
|    n_updates       | 114999   |
---------------------------------
---------------------------------
| rollout/           |          |
|    ep_len_mean     | 200      |
|    ep_rew_mean     | 60       |
|    success_rate    | 0        |
| time/              |          |
|    episodes        | 628      |
|    fps             | 123      |
|    time_elapsed    | 1019     |
|    total_timesteps | 125600   |
| train/             |          |
|    actor_loss      | -24.2    |
|    critic_loss     | 0.108    |
|    ent_coef        | 0.00913  |
|    ent_coef_loss   | 4.29     |
|    learning_rate   | 0.0003   |
|    n_updates       | 115599   |
---------------------------------
---------------------------------
| rollout/           |          |
|    ep_len_mean     | 200      |
|    ep_rew_mean     | 59.9     |
|    success_rate    | 0        |
| time/              |          |
|    episodes        | 632      |
|    fps             | 123      |
|    time_elapsed    | 1026     |
|    total_timesteps | 126400   |
| train/             |          |
|    actor_loss      | -24.3    |
|    critic_loss     | 0.23     |
|    ent_coef        | 0.0101   |
|    ent_coef_loss   | -1.16    |
|    learning_rate   | 0.0003   |
|    n_updates       | 116399   |
---------------------------------
---------------------------------
| rollout/           |          |
|    ep_len_mean     | 200      |
|    ep_rew_mean     | 59.9     |
|    success_rate    | 0        |
| time/              |          |
|    episodes        | 636      |
|    fps             | 123      |
|    time_elapsed    | 1033     |
|    total_timesteps | 127200   |
| train/             |          |
|    actor_loss      | -24.6    |
|    critic_loss     | 0.105    |
|    ent_coef        | 0.00973  |
|    ent_coef_loss   | 3.11     |
|    learning_rate   | 0.0003   |
|    n_updates       | 117199   |
---------------------------------
---------------------------------
| rollout/           |          |
|    ep_len_mean     | 200      |
|    ep_rew_mean     | 62.6     |
|    success_rate    | 0        |
| time/              |          |
|    episodes        | 640      |
|    fps             | 122      |
|    time_elapsed    | 1040     |
|    total_timesteps | 128000   |
| train/             |          |
|    actor_loss      | -25      |
|    critic_loss     | 0.054    |
|    ent_coef        | 0.00886  |
|    ent_coef_loss   | 0.0415   |
|    learning_rate   | 0.0003   |
|    n_updates       | 117999   |
---------------------------------
---------------------------------
| rollout/           |          |
|    ep_len_mean     | 200      |
|    ep_rew_mean     | 68.2     |
|    success_rate    | 0        |
| time/              |          |
|    episodes        | 644      |
|    fps             | 122      |
|    time_elapsed    | 1048     |
|    total_timesteps | 128800   |
| train/             |          |
|    actor_loss      | -24.8    |
|    critic_loss     | 0.175    |
|    ent_coef        | 0.00841  |
|    ent_coef_loss   | 11.5     |
|    learning_rate   | 0.0003   |
|    n_updates       | 118799   |
---------------------------------
---------------------------------
| rollout/           |          |
|    ep_len_mean     | 200      |
|    ep_rew_mean     | 73.8     |
|    success_rate    | 0        |
| time/              |          |
|    episodes        | 648      |
|    fps             | 122      |
|    time_elapsed    | 1055     |
|    total_timesteps | 129600   |
| train/             |          |
|    actor_loss      | -25.4    |
|    critic_loss     | 0.0336   |
|    ent_coef        | 0.0106   |
|    ent_coef_loss   | 0.87     |
|    learning_rate   | 0.0003   |
|    n_updates       | 119599   |
---------------------------------
---------------------------------
| rollout/           |          |
|    ep_len_mean     | 200      |
|    ep_rew_mean     | 75       |
|    success_rate    | 0        |
| time/              |          |
|    episodes        | 652      |
|    fps             | 122      |
|    time_elapsed    | 1063     |
|    total_timesteps | 130400   |
| train/             |          |
|    actor_loss      | -26.1    |
|    critic_loss     | 0.0581   |
|    ent_coef        | 0.0117   |
|    ent_coef_loss   | 2.5      |
|    learning_rate   | 0.0003   |
|    n_updates       | 120399   |
---------------------------------
---------------------------------
| rollout/           |          |
|    ep_len_mean     | 200      |
|    ep_rew_mean     | 77.8     |
|    success_rate    | 0        |
| time/              |          |
|    episodes        | 656      |
|    fps             | 122      |
|    time_elapsed    | 1070     |
|    total_timesteps | 131200   |
| train/             |          |
|    actor_loss      | -26.4    |
|    critic_loss     | 0.0565   |
|    ent_coef        | 0.0118   |
|    ent_coef_loss   | -5.57    |
|    learning_rate   | 0.0003   |
|    n_updates       | 121199   |
---------------------------------
---------------------------------
| rollout/           |          |
|    ep_len_mean     | 200      |
|    ep_rew_mean     | 82.2     |
|    success_rate    | 0        |
| time/              |          |
|    episodes        | 660      |
|    fps             | 122      |
|    time_elapsed    | 1077     |
|    total_timesteps | 132000   |
| train/             |          |
|    actor_loss      | -27      |
|    critic_loss     | 0.541    |
|    ent_coef        | 0.0137   |
|    ent_coef_loss   | 7.9      |
|    learning_rate   | 0.0003   |
|    n_updates       | 121999   |
---------------------------------
---------------------------------
| rollout/           |          |
|    ep_len_mean     | 200      |
|    ep_rew_mean     | 89       |
|    success_rate    | 0        |
| time/              |          |
|    episodes        | 664      |
|    fps             | 122      |
|    time_elapsed    | 1085     |
|    total_timesteps | 132800   |
| train/             |          |
|    actor_loss      | -27.8    |
|    critic_loss     | 0.0527   |
|    ent_coef        | 0.0166   |
|    ent_coef_loss   | 4.03     |
|    learning_rate   | 0.0003   |
|    n_updates       | 122799   |
---------------------------------
---------------------------------
| rollout/           |          |
|    ep_len_mean     | 200      |
|    ep_rew_mean     | 94.2     |
|    success_rate    | 0        |
| time/              |          |
|    episodes        | 668      |
|    fps             | 122      |
|    time_elapsed    | 1092     |
|    total_timesteps | 133600   |
| train/             |          |
|    actor_loss      | -28.4    |
|    critic_loss     | 0.175    |
|    ent_coef        | 0.0192   |
|    ent_coef_loss   | 1.89     |
|    learning_rate   | 0.0003   |
|    n_updates       | 123599   |
---------------------------------
---------------------------------
| rollout/           |          |
|    ep_len_mean     | 200      |
|    ep_rew_mean     | 101      |
|    success_rate    | 0        |
| time/              |          |
|    episodes        | 672      |
|    fps             | 122      |
|    time_elapsed    | 1100     |
|    total_timesteps | 134400   |
| train/             |          |
|    actor_loss      | -28.7    |
|    critic_loss     | 0.228    |
|    ent_coef        | 0.021    |
|    ent_coef_loss   | 0.551    |
|    learning_rate   | 0.0003   |
|    n_updates       | 124399   |
---------------------------------
---------------------------------
| rollout/           |          |
|    ep_len_mean     | 200      |
|    ep_rew_mean     | 108      |
|    success_rate    | 0        |
| time/              |          |
|    episodes        | 676      |
|    fps             | 122      |
|    time_elapsed    | 1107     |
|    total_timesteps | 135200   |
| train/             |          |
|    actor_loss      | -29.6    |
|    critic_loss     | 0.899    |
|    ent_coef        | 0.0227   |
|    ent_coef_loss   | 1.22     |
|    learning_rate   | 0.0003   |
|    n_updates       | 125199   |
---------------------------------
---------------------------------
| rollout/           |          |
|    ep_len_mean     | 200      |
|    ep_rew_mean     | 115      |
|    success_rate    | 0        |
| time/              |          |
|    episodes        | 680      |
|    fps             | 122      |
|    time_elapsed    | 1114     |
|    total_timesteps | 136000   |
| train/             |          |
|    actor_loss      | -31.2    |
|    critic_loss     | 0.0666   |
|    ent_coef        | 0.0264   |
|    ent_coef_loss   | 1.79     |
|    learning_rate   | 0.0003   |
|    n_updates       | 125999   |
---------------------------------
---------------------------------
| rollout/           |          |
|    ep_len_mean     | 200      |
|    ep_rew_mean     | 123      |
|    success_rate    | 0        |
| time/              |          |
|    episodes        | 684      |
|    fps             | 121      |
|    time_elapsed    | 1122     |
|    total_timesteps | 136800   |
| train/             |          |
|    actor_loss      | -31.9    |
|    critic_loss     | 0.12     |
|    ent_coef        | 0.0285   |
|    ent_coef_loss   | 0.465    |
|    learning_rate   | 0.0003   |
|    n_updates       | 126799   |
---------------------------------
---------------------------------
| rollout/           |          |
|    ep_len_mean     | 200      |
|    ep_rew_mean     | 128      |
|    success_rate    | 0        |
| time/              |          |
|    episodes        | 688      |
|    fps             | 121      |
|    time_elapsed    | 1129     |
|    total_timesteps | 137600   |
| train/             |          |
|    actor_loss      | -32.8    |
|    critic_loss     | 0.0638   |
|    ent_coef        | 0.0286   |
|    ent_coef_loss   | -0.218   |
|    learning_rate   | 0.0003   |
|    n_updates       | 127599   |
---------------------------------
---------------------------------
| rollout/           |          |
|    ep_len_mean     | 200      |
|    ep_rew_mean     | 137      |
|    success_rate    | 0        |
| time/              |          |
|    episodes        | 692      |
|    fps             | 121      |
|    time_elapsed    | 1137     |
|    total_timesteps | 138400   |
| train/             |          |
|    actor_loss      | -34.3    |
|    critic_loss     | 0.0651   |
|    ent_coef        | 0.0325   |
|    ent_coef_loss   | 0.689    |
|    learning_rate   | 0.0003   |
|    n_updates       | 128399   |
---------------------------------
---------------------------------
| rollout/           |          |
|    ep_len_mean     | 200      |
|    ep_rew_mean     | 143      |
|    success_rate    | 0        |
| time/              |          |
|    episodes        | 696      |
|    fps             | 121      |
|    time_elapsed    | 1144     |
|    total_timesteps | 139200   |
| train/             |          |
|    actor_loss      | -35.6    |
|    critic_loss     | 0.742    |
|    ent_coef        | 0.0294   |
|    ent_coef_loss   | 2.1      |
|    learning_rate   | 0.0003   |
|    n_updates       | 129199   |
---------------------------------
---------------------------------
| rollout/           |          |
|    ep_len_mean     | 200      |
|    ep_rew_mean     | 150      |
|    success_rate    | 0        |
| time/              |          |
|    episodes        | 700      |
|    fps             | 121      |
|    time_elapsed    | 1151     |
|    total_timesteps | 140000   |
| train/             |          |
|    actor_loss      | -35.9    |
|    critic_loss     | 0.304    |
|    ent_coef        | 0.0332   |
|    ent_coef_loss   | 1.22     |
|    learning_rate   | 0.0003   |
|    n_updates       | 129999   |
---------------------------------
---------------------------------
| rollout/           |          |
|    ep_len_mean     | 200      |
|    ep_rew_mean     | 156      |
|    success_rate    | 0        |
| time/              |          |
|    episodes        | 704      |
|    fps             | 121      |
|    time_elapsed    | 1159     |
|    total_timesteps | 140800   |
| train/             |          |
|    actor_loss      | -36.7    |
|    critic_loss     | 0.105    |
|    ent_coef        | 0.0311   |
|    ent_coef_loss   | -3.3     |
|    learning_rate   | 0.0003   |
|    n_updates       | 130799   |
---------------------------------
---------------------------------
| rollout/           |          |
|    ep_len_mean     | 200      |
|    ep_rew_mean     | 159      |
|    success_rate    | 0        |
| time/              |          |
|    episodes        | 708      |
|    fps             | 121      |
|    time_elapsed    | 1166     |
|    total_timesteps | 141600   |
| train/             |          |
|    actor_loss      | -38.5    |
|    critic_loss     | 0.324    |
|    ent_coef        | 0.0296   |
|    ent_coef_loss   | -1.53    |
|    learning_rate   | 0.0003   |
|    n_updates       | 131599   |
---------------------------------
---------------------------------
| rollout/           |          |
|    ep_len_mean     | 200      |
|    ep_rew_mean     | 164      |
|    success_rate    | 0        |
| time/              |          |
|    episodes        | 712      |
|    fps             | 121      |
|    time_elapsed    | 1173     |
|    total_timesteps | 142400   |
| train/             |          |
|    actor_loss      | -38.2    |
|    critic_loss     | 0.181    |
|    ent_coef        | 0.0295   |
|    ent_coef_loss   | 5.29e-05 |
|    learning_rate   | 0.0003   |
|    n_updates       | 132399   |
---------------------------------
---------------------------------
| rollout/           |          |
|    ep_len_mean     | 200      |
|    ep_rew_mean     | 167      |
|    success_rate    | 0        |
| time/              |          |
|    episodes        | 716      |
|    fps             | 121      |
|    time_elapsed    | 1181     |
|    total_timesteps | 143200   |
| train/             |          |
|    actor_loss      | -40.8    |
|    critic_loss     | 0.697    |
|    ent_coef        | 0.0296   |
|    ent_coef_loss   | 0.779    |
|    learning_rate   | 0.0003   |
|    n_updates       | 133199   |
---------------------------------
---------------------------------
| rollout/           |          |
|    ep_len_mean     | 200      |
|    ep_rew_mean     | 169      |
|    success_rate    | 0        |
| time/              |          |
|    episodes        | 720      |
|    fps             | 121      |
|    time_elapsed    | 1188     |
|    total_timesteps | 144000   |
| train/             |          |
|    actor_loss      | -40.5    |
|    critic_loss     | 0.0817   |
|    ent_coef        | 0.0275   |
|    ent_coef_loss   | 2.65     |
|    learning_rate   | 0.0003   |
|    n_updates       | 133999   |
---------------------------------
---------------------------------
| rollout/           |          |
|    ep_len_mean     | 200      |
|    ep_rew_mean     | 170      |
|    success_rate    | 0        |
| time/              |          |
|    episodes        | 724      |
|    fps             | 121      |
|    time_elapsed    | 1196     |
|    total_timesteps | 144800   |
| train/             |          |
|    actor_loss      | -42      |
|    critic_loss     | 0.23     |
|    ent_coef        | 0.0274   |
|    ent_coef_loss   | -3.16    |
|    learning_rate   | 0.0003   |
|    n_updates       | 134799   |
---------------------------------
---------------------------------
| rollout/           |          |
|    ep_len_mean     | 200      |
|    ep_rew_mean     | 178      |
|    success_rate    | 0        |
| time/              |          |
|    episodes        | 728      |
|    fps             | 120      |
|    time_elapsed    | 1203     |
|    total_timesteps | 145600   |
| train/             |          |
|    actor_loss      | -44.7    |
|    critic_loss     | 0.176    |
|    ent_coef        | 0.0247   |
|    ent_coef_loss   | 2.8      |
|    learning_rate   | 0.0003   |
|    n_updates       | 135599   |
---------------------------------
---------------------------------
| rollout/           |          |
|    ep_len_mean     | 200      |
|    ep_rew_mean     | 184      |
|    success_rate    | 0        |
| time/              |          |
|    episodes        | 732      |
|    fps             | 120      |
|    time_elapsed    | 1210     |
|    total_timesteps | 146400   |
| train/             |          |
|    actor_loss      | -43.4    |
|    critic_loss     | 0.252    |
|    ent_coef        | 0.0265   |
|    ent_coef_loss   | -0.0717  |
|    learning_rate   | 0.0003   |
|    n_updates       | 136399   |
---------------------------------
---------------------------------
| rollout/           |          |
|    ep_len_mean     | 200      |
|    ep_rew_mean     | 190      |
|    success_rate    | 0        |
| time/              |          |
|    episodes        | 736      |
|    fps             | 120      |
|    time_elapsed    | 1218     |
|    total_timesteps | 147200   |
| train/             |          |
|    actor_loss      | -46.8    |
|    critic_loss     | 0.359    |
|    ent_coef        | 0.0252   |
|    ent_coef_loss   | -0.412   |
|    learning_rate   | 0.0003   |
|    n_updates       | 137199   |
---------------------------------
---------------------------------
| rollout/           |          |
|    ep_len_mean     | 200      |
|    ep_rew_mean     | 196      |
|    success_rate    | 0        |
| time/              |          |
|    episodes        | 740      |
|    fps             | 120      |
|    time_elapsed    | 1225     |
|    total_timesteps | 148000   |
| train/             |          |
|    actor_loss      | -46.2    |
|    critic_loss     | 0.647    |
|    ent_coef        | 0.0258   |
|    ent_coef_loss   | -1.15    |
|    learning_rate   | 0.0003   |
|    n_updates       | 137999   |
---------------------------------
---------------------------------
| rollout/           |          |
|    ep_len_mean     | 200      |
|    ep_rew_mean     | 195      |
|    success_rate    | 0        |
| time/              |          |
|    episodes        | 744      |
|    fps             | 120      |
|    time_elapsed    | 1232     |
|    total_timesteps | 148800   |
| train/             |          |
|    actor_loss      | -48      |
|    critic_loss     | 0.343    |
|    ent_coef        | 0.0266   |
|    ent_coef_loss   | 1.09     |
|    learning_rate   | 0.0003   |
|    n_updates       | 138799   |
---------------------------------
---------------------------------
| rollout/           |          |
|    ep_len_mean     | 200      |
|    ep_rew_mean     | 196      |
|    success_rate    | 0        |
| time/              |          |
|    episodes        | 748      |
|    fps             | 120      |
|    time_elapsed    | 1239     |
|    total_timesteps | 149600   |
| train/             |          |
|    actor_loss      | -50.1    |
|    critic_loss     | 0.556    |
|    ent_coef        | 0.0296   |
|    ent_coef_loss   | -0.0644  |
|    learning_rate   | 0.0003   |
|    n_updates       | 139599   |
---------------------------------
Eval num_timesteps=150000, episode_reward=287.98 +/- 39.11
Episode length: 200.00 +/- 0.00
Success rate: 0.00%
---------------------------------
| eval/              |          |
|    mean_ep_length  | 200      |
|    mean_reward     | 288      |
|    success_rate    | 0        |
| time/              |          |
|    total_timesteps | 150000   |
| train/             |          |
|    actor_loss      | -51.1    |
|    critic_loss     | 0.418    |
|    ent_coef        | 0.0287   |
|    ent_coef_loss   | -1.23    |
|    learning_rate   | 0.0003   |
|    n_updates       | 139999   |
---------------------------------
New best mean reward!
---------------------------------
| rollout/           |          |
|    ep_len_mean     | 200      |
|    ep_rew_mean     | 202      |
|    success_rate    | 0        |
| time/              |          |
|    episodes        | 752      |
|    fps             | 120      |
|    time_elapsed    | 1247     |
|    total_timesteps | 150400   |
| train/             |          |
|    actor_loss      | -51.3    |
|    critic_loss     | 0.205    |
|    ent_coef        | 0.0261   |
|    ent_coef_loss   | -0.565   |
|    learning_rate   | 0.0003   |
|    n_updates       | 140399   |
---------------------------------
---------------------------------
| rollout/           |          |
|    ep_len_mean     | 200      |
|    ep_rew_mean     | 207      |
|    success_rate    | 0        |
| time/              |          |
|    episodes        | 756      |
|    fps             | 120      |
|    time_elapsed    | 1255     |
|    total_timesteps | 151200   |
| train/             |          |
|    actor_loss      | -50.2    |
|    critic_loss     | 0.573    |
|    ent_coef        | 0.0251   |
|    ent_coef_loss   | 0.358    |
|    learning_rate   | 0.0003   |
|    n_updates       | 141199   |
---------------------------------
---------------------------------
| rollout/           |          |
|    ep_len_mean     | 200      |
|    ep_rew_mean     | 209      |
|    success_rate    | 0        |
| time/              |          |
|    episodes        | 760      |
|    fps             | 120      |
|    time_elapsed    | 1262     |
|    total_timesteps | 152000   |
| train/             |          |
|    actor_loss      | -51.8    |
|    critic_loss     | 0.424    |
|    ent_coef        | 0.0242   |
|    ent_coef_loss   | -0.953   |
|    learning_rate   | 0.0003   |
|    n_updates       | 141999   |
---------------------------------
---------------------------------
| rollout/           |          |
|    ep_len_mean     | 200      |
|    ep_rew_mean     | 211      |
|    success_rate    | 0        |
| time/              |          |
|    episodes        | 764      |
|    fps             | 120      |
|    time_elapsed    | 1270     |
|    total_timesteps | 152800   |
| train/             |          |
|    actor_loss      | -52      |
|    critic_loss     | 0.234    |
|    ent_coef        | 0.0255   |
|    ent_coef_loss   | -1.02    |
|    learning_rate   | 0.0003   |
|    n_updates       | 142799   |
---------------------------------
---------------------------------
| rollout/           |          |
|    ep_len_mean     | 200      |
|    ep_rew_mean     | 208      |
|    success_rate    | 0        |
| time/              |          |
|    episodes        | 768      |
|    fps             | 120      |
|    time_elapsed    | 1277     |
|    total_timesteps | 153600   |
| train/             |          |
|    actor_loss      | -54.3    |
|    critic_loss     | 0.873    |
|    ent_coef        | 0.0264   |
|    ent_coef_loss   | 0.104    |
|    learning_rate   | 0.0003   |
|    n_updates       | 143599   |
---------------------------------
---------------------------------
| rollout/           |          |
|    ep_len_mean     | 200      |
|    ep_rew_mean     | 206      |
|    success_rate    | 0        |
| time/              |          |
|    episodes        | 772      |
|    fps             | 120      |
|    time_elapsed    | 1285     |
|    total_timesteps | 154400   |
| train/             |          |
|    actor_loss      | -54.1    |
|    critic_loss     | 1.17     |
|    ent_coef        | 0.0261   |
|    ent_coef_loss   | -0.499   |
|    learning_rate   | 0.0003   |
|    n_updates       | 144399   |
---------------------------------
---------------------------------
| rollout/           |          |
|    ep_len_mean     | 200      |
|    ep_rew_mean     | 203      |
|    success_rate    | 0        |
| time/              |          |
|    episodes        | 776      |
|    fps             | 120      |
|    time_elapsed    | 1292     |
|    total_timesteps | 155200   |
| train/             |          |
|    actor_loss      | -56      |
|    critic_loss     | 0.698    |
|    ent_coef        | 0.0277   |
|    ent_coef_loss   | 0.65     |
|    learning_rate   | 0.0003   |
|    n_updates       | 145199   |
---------------------------------
---------------------------------
| rollout/           |          |
|    ep_len_mean     | 200      |
|    ep_rew_mean     | 203      |
|    success_rate    | 0        |
| time/              |          |
|    episodes        | 780      |
|    fps             | 120      |
|    time_elapsed    | 1299     |
|    total_timesteps | 156000   |
| train/             |          |
|    actor_loss      | -56.8    |
|    critic_loss     | 0.299    |
|    ent_coef        | 0.031    |
|    ent_coef_loss   | 0.506    |
|    learning_rate   | 0.0003   |
|    n_updates       | 145999   |
---------------------------------
---------------------------------
| rollout/           |          |
|    ep_len_mean     | 200      |
|    ep_rew_mean     | 210      |
|    success_rate    | 0        |
| time/              |          |
|    episodes        | 784      |
|    fps             | 119      |
|    time_elapsed    | 1307     |
|    total_timesteps | 156800   |
| train/             |          |
|    actor_loss      | -58.2    |
|    critic_loss     | 0.522    |
|    ent_coef        | 0.0367   |
|    ent_coef_loss   | 2.75     |
|    learning_rate   | 0.0003   |
|    n_updates       | 146799   |
---------------------------------
---------------------------------
| rollout/           |          |
|    ep_len_mean     | 200      |
|    ep_rew_mean     | 219      |
|    success_rate    | 0        |
| time/              |          |
|    episodes        | 788      |
|    fps             | 119      |
|    time_elapsed    | 1313     |
|    total_timesteps | 157600   |
| train/             |          |
|    actor_loss      | -59.6    |
|    critic_loss     | 0.922    |
|    ent_coef        | 0.0434   |
|    ent_coef_loss   | 0.191    |
|    learning_rate   | 0.0003   |
|    n_updates       | 147599   |
---------------------------------
---------------------------------
| rollout/           |          |
|    ep_len_mean     | 200      |
|    ep_rew_mean     | 218      |
|    success_rate    | 0        |
| time/              |          |
|    episodes        | 792      |
|    fps             | 119      |
|    time_elapsed    | 1320     |
|    total_timesteps | 158400   |
| train/             |          |
|    actor_loss      | -59.2    |
|    critic_loss     | 1.65     |
|    ent_coef        | 0.0388   |
|    ent_coef_loss   | 1.12     |
|    learning_rate   | 0.0003   |
|    n_updates       | 148399   |
---------------------------------
---------------------------------
| rollout/           |          |
|    ep_len_mean     | 200      |
|    ep_rew_mean     | 219      |
|    success_rate    | 0        |
| time/              |          |
|    episodes        | 796      |
|    fps             | 119      |
|    time_elapsed    | 1327     |
|    total_timesteps | 159200   |
| train/             |          |
|    actor_loss      | -59.2    |
|    critic_loss     | 1.63     |
|    ent_coef        | 0.0381   |
|    ent_coef_loss   | 0.25     |
|    learning_rate   | 0.0003   |
|    n_updates       | 149199   |
---------------------------------
---------------------------------
| rollout/           |          |
|    ep_len_mean     | 200      |
|    ep_rew_mean     | 212      |
|    success_rate    | 0        |
| time/              |          |
|    episodes        | 800      |
|    fps             | 119      |
|    time_elapsed    | 1334     |
|    total_timesteps | 160000   |
| train/             |          |
|    actor_loss      | -62.4    |
|    critic_loss     | 1.34     |
|    ent_coef        | 0.0322   |
|    ent_coef_loss   | -2.03    |
|    learning_rate   | 0.0003   |
|    n_updates       | 149999   |
---------------------------------
---------------------------------
| rollout/           |          |
|    ep_len_mean     | 200      |
|    ep_rew_mean     | 215      |
|    success_rate    | 0        |
| time/              |          |
|    episodes        | 804      |
|    fps             | 119      |
|    time_elapsed    | 1341     |
|    total_timesteps | 160800   |
| train/             |          |
|    actor_loss      | -64.1    |
|    critic_loss     | 1.94     |
|    ent_coef        | 0.0338   |
|    ent_coef_loss   | 1.82     |
|    learning_rate   | 0.0003   |
|    n_updates       | 150799   |
---------------------------------
---------------------------------
| rollout/           |          |
|    ep_len_mean     | 200      |
|    ep_rew_mean     | 227      |
|    success_rate    | 0        |
| time/              |          |
|    episodes        | 808      |
|    fps             | 119      |
|    time_elapsed    | 1348     |
|    total_timesteps | 161600   |
| train/             |          |
|    actor_loss      | -66.5    |
|    critic_loss     | 1.21     |
|    ent_coef        | 0.0366   |
|    ent_coef_loss   | 0.182    |
|    learning_rate   | 0.0003   |
|    n_updates       | 151599   |
---------------------------------
---------------------------------
| rollout/           |          |
|    ep_len_mean     | 200      |
|    ep_rew_mean     | 221      |
|    success_rate    | 0        |
| time/              |          |
|    episodes        | 812      |
|    fps             | 119      |
|    time_elapsed    | 1355     |
|    total_timesteps | 162400   |
| train/             |          |
|    actor_loss      | -67.1    |
|    critic_loss     | 1.69     |
|    ent_coef        | 0.0403   |
|    ent_coef_loss   | 1.18     |
|    learning_rate   | 0.0003   |
|    n_updates       | 152399   |
---------------------------------
---------------------------------
| rollout/           |          |
|    ep_len_mean     | 200      |
|    ep_rew_mean     | 224      |
|    success_rate    | 0        |
| time/              |          |
|    episodes        | 816      |
|    fps             | 119      |
|    time_elapsed    | 1362     |
|    total_timesteps | 163200   |
| train/             |          |
|    actor_loss      | -69.1    |
|    critic_loss     | 0.706    |
|    ent_coef        | 0.0466   |
|    ent_coef_loss   | 0.884    |
|    learning_rate   | 0.0003   |
|    n_updates       | 153199   |
---------------------------------
---------------------------------
| rollout/           |          |
|    ep_len_mean     | 200      |
|    ep_rew_mean     | 218      |
|    success_rate    | 0        |
| time/              |          |
|    episodes        | 820      |
|    fps             | 119      |
|    time_elapsed    | 1370     |
|    total_timesteps | 164000   |
| train/             |          |
|    actor_loss      | -71.8    |
|    critic_loss     | 3.22     |
|    ent_coef        | 0.049    |
|    ent_coef_loss   | 0.639    |
|    learning_rate   | 0.0003   |
|    n_updates       | 153999   |
---------------------------------
---------------------------------
| rollout/           |          |
|    ep_len_mean     | 200      |
|    ep_rew_mean     | 223      |
|    success_rate    | 0        |
| time/              |          |
|    episodes        | 824      |
|    fps             | 119      |
|    time_elapsed    | 1377     |
|    total_timesteps | 164800   |
| train/             |          |
|    actor_loss      | -75.9    |
|    critic_loss     | 1.29     |
|    ent_coef        | 0.0467   |
|    ent_coef_loss   | -1.62    |
|    learning_rate   | 0.0003   |
|    n_updates       | 154799   |
---------------------------------
---------------------------------
| rollout/           |          |
|    ep_len_mean     | 200      |
|    ep_rew_mean     | 214      |
|    success_rate    | 0        |
| time/              |          |
|    episodes        | 828      |
|    fps             | 119      |
|    time_elapsed    | 1384     |
|    total_timesteps | 165600   |
| train/             |          |
|    actor_loss      | -72.1    |
|    critic_loss     | 3.55     |
|    ent_coef        | 0.0488   |
|    ent_coef_loss   | -0.27    |
|    learning_rate   | 0.0003   |
|    n_updates       | 155599   |
---------------------------------
---------------------------------
| rollout/           |          |
|    ep_len_mean     | 200      |
|    ep_rew_mean     | 217      |
|    success_rate    | 0        |
| time/              |          |
|    episodes        | 832      |
|    fps             | 119      |
|    time_elapsed    | 1391     |
|    total_timesteps | 166400   |
| train/             |          |
|    actor_loss      | -77.2    |
|    critic_loss     | 4.84     |
|    ent_coef        | 0.0498   |
|    ent_coef_loss   | 0.119    |
|    learning_rate   | 0.0003   |
|    n_updates       | 156399   |
---------------------------------
---------------------------------
| rollout/           |          |
|    ep_len_mean     | 200      |
|    ep_rew_mean     | 228      |
|    success_rate    | 0        |
| time/              |          |
|    episodes        | 836      |
|    fps             | 119      |
|    time_elapsed    | 1399     |
|    total_timesteps | 167200   |
| train/             |          |
|    actor_loss      | -76.4    |
|    critic_loss     | 1.65     |
|    ent_coef        | 0.051    |
|    ent_coef_loss   | 0.214    |
|    learning_rate   | 0.0003   |
|    n_updates       | 157199   |
---------------------------------
---------------------------------
| rollout/           |          |
|    ep_len_mean     | 200      |
|    ep_rew_mean     | 227      |
|    success_rate    | 0        |
| time/              |          |
|    episodes        | 840      |
|    fps             | 119      |
|    time_elapsed    | 1406     |
|    total_timesteps | 168000   |
| train/             |          |
|    actor_loss      | -79.8    |
|    critic_loss     | 2        |
|    ent_coef        | 0.0503   |
|    ent_coef_loss   | 3.78     |
|    learning_rate   | 0.0003   |
|    n_updates       | 157999   |
---------------------------------
---------------------------------
| rollout/           |          |
|    ep_len_mean     | 200      |
|    ep_rew_mean     | 242      |
|    success_rate    | 0        |
| time/              |          |
|    episodes        | 844      |
|    fps             | 119      |
|    time_elapsed    | 1413     |
|    total_timesteps | 168800   |
| train/             |          |
|    actor_loss      | -81.7    |
|    critic_loss     | 1.07     |
|    ent_coef        | 0.0561   |
|    ent_coef_loss   | 1.84     |
|    learning_rate   | 0.0003   |
|    n_updates       | 158799   |
---------------------------------
---------------------------------
| rollout/           |          |
|    ep_len_mean     | 200      |
|    ep_rew_mean     | 253      |
|    success_rate    | 0        |
| time/              |          |
|    episodes        | 848      |
|    fps             | 119      |
|    time_elapsed    | 1420     |
|    total_timesteps | 169600   |
| train/             |          |
|    actor_loss      | -82.8    |
|    critic_loss     | 2.03     |
|    ent_coef        | 0.0666   |
|    ent_coef_loss   | 1.7      |
|    learning_rate   | 0.0003   |
|    n_updates       | 159599   |
---------------------------------
---------------------------------
| rollout/           |          |
|    ep_len_mean     | 200      |
|    ep_rew_mean     | 258      |
|    success_rate    | 0        |
| time/              |          |
|    episodes        | 852      |
|    fps             | 119      |
|    time_elapsed    | 1427     |
|    total_timesteps | 170400   |
| train/             |          |
|    actor_loss      | -83.5    |
|    critic_loss     | 5.97     |
|    ent_coef        | 0.0741   |
|    ent_coef_loss   | 1.9      |
|    learning_rate   | 0.0003   |
|    n_updates       | 160399   |
---------------------------------
---------------------------------
| rollout/           |          |
|    ep_len_mean     | 200      |
|    ep_rew_mean     | 268      |
|    success_rate    | 0        |
| time/              |          |
|    episodes        | 856      |
|    fps             | 119      |
|    time_elapsed    | 1434     |
|    total_timesteps | 171200   |
| train/             |          |
|    actor_loss      | -86.4    |
|    critic_loss     | 9.77     |
|    ent_coef        | 0.0741   |
|    ent_coef_loss   | 1.28     |
|    learning_rate   | 0.0003   |
|    n_updates       | 161199   |
---------------------------------
---------------------------------
| rollout/           |          |
|    ep_len_mean     | 200      |
|    ep_rew_mean     | 272      |
|    success_rate    | 0        |
| time/              |          |
|    episodes        | 860      |
|    fps             | 119      |
|    time_elapsed    | 1441     |
|    total_timesteps | 172000   |
| train/             |          |
|    actor_loss      | -89.2    |
|    critic_loss     | 6.81     |
|    ent_coef        | 0.0837   |
|    ent_coef_loss   | 0.00502  |
|    learning_rate   | 0.0003   |
|    n_updates       | 161999   |
---------------------------------
---------------------------------
| rollout/           |          |
|    ep_len_mean     | 200      |
|    ep_rew_mean     | 281      |
|    success_rate    | 0        |
| time/              |          |
|    episodes        | 864      |
|    fps             | 119      |
|    time_elapsed    | 1447     |
|    total_timesteps | 172800   |
| train/             |          |
|    actor_loss      | -90.3    |
|    critic_loss     | 11.2     |
|    ent_coef        | 0.0851   |
|    ent_coef_loss   | 1.53     |
|    learning_rate   | 0.0003   |
|    n_updates       | 162799   |
---------------------------------
---------------------------------
| rollout/           |          |
|    ep_len_mean     | 200      |
|    ep_rew_mean     | 305      |
|    success_rate    | 0        |
| time/              |          |
|    episodes        | 868      |
|    fps             | 119      |
|    time_elapsed    | 1454     |
|    total_timesteps | 173600   |
| train/             |          |
|    actor_loss      | -94.3    |
|    critic_loss     | 53.9     |
|    ent_coef        | 0.0923   |
|    ent_coef_loss   | 1.1      |
|    learning_rate   | 0.0003   |
|    n_updates       | 163599   |
---------------------------------
---------------------------------
| rollout/           |          |
|    ep_len_mean     | 200      |
|    ep_rew_mean     | 311      |
|    success_rate    | 0        |
| time/              |          |
|    episodes        | 872      |
|    fps             | 119      |
|    time_elapsed    | 1461     |
|    total_timesteps | 174400   |
| train/             |          |
|    actor_loss      | -96.7    |
|    critic_loss     | 3.2      |
|    ent_coef        | 0.0996   |
|    ent_coef_loss   | 0.675    |
|    learning_rate   | 0.0003   |
|    n_updates       | 164399   |
---------------------------------
Eval num_timesteps=175000, episode_reward=905.43 +/- 4.97
Episode length: 200.00 +/- 0.00
Success rate: 0.00%
---------------------------------
| eval/              |          |
|    mean_ep_length  | 200      |
|    mean_reward     | 905      |
|    success_rate    | 0        |
| time/              |          |
|    total_timesteps | 175000   |
| train/             |          |
|    actor_loss      | -99.9    |
|    critic_loss     | 5.11     |
|    ent_coef        | 0.097    |
|    ent_coef_loss   | 0.528    |
|    learning_rate   | 0.0003   |
|    n_updates       | 164999   |
---------------------------------
New best mean reward!
---------------------------------
| rollout/           |          |
|    ep_len_mean     | 200      |
|    ep_rew_mean     | 317      |
|    success_rate    | 0        |
| time/              |          |
|    episodes        | 876      |
|    fps             | 119      |
|    time_elapsed    | 1469     |
|    total_timesteps | 175200   |
| train/             |          |
|    actor_loss      | -97.7    |
|    critic_loss     | 2.66     |
|    ent_coef        | 0.0977   |
|    ent_coef_loss   | -0.552   |
|    learning_rate   | 0.0003   |
|    n_updates       | 165199   |
---------------------------------
---------------------------------
| rollout/           |          |
|    ep_len_mean     | 200      |
|    ep_rew_mean     | 321      |
|    success_rate    | 0        |
| time/              |          |
|    episodes        | 880      |
|    fps             | 119      |
|    time_elapsed    | 1475     |
|    total_timesteps | 176000   |
| train/             |          |
|    actor_loss      | -107     |
|    critic_loss     | 2.47     |
|    ent_coef        | 0.098    |
|    ent_coef_loss   | 1.11     |
|    learning_rate   | 0.0003   |
|    n_updates       | 165999   |
---------------------------------
---------------------------------
| rollout/           |          |
|    ep_len_mean     | 200      |
|    ep_rew_mean     | 316      |
|    success_rate    | 0        |
| time/              |          |
|    episodes        | 884      |
|    fps             | 119      |
|    time_elapsed    | 1483     |
|    total_timesteps | 176800   |
| train/             |          |
|    actor_loss      | -106     |
|    critic_loss     | 1.25     |
|    ent_coef        | 0.0981   |
|    ent_coef_loss   | -0.392   |
|    learning_rate   | 0.0003   |
|    n_updates       | 166799   |
---------------------------------
---------------------------------
| rollout/           |          |
|    ep_len_mean     | 200      |
|    ep_rew_mean     | 302      |
|    success_rate    | 0        |
| time/              |          |
|    episodes        | 888      |
|    fps             | 119      |
|    time_elapsed    | 1490     |
|    total_timesteps | 177600   |
| train/             |          |
|    actor_loss      | -111     |
|    critic_loss     | 6.99     |
|    ent_coef        | 0.0997   |
|    ent_coef_loss   | 1.03     |
|    learning_rate   | 0.0003   |
|    n_updates       | 167599   |
---------------------------------
---------------------------------
| rollout/           |          |
|    ep_len_mean     | 200      |
|    ep_rew_mean     | 313      |
|    success_rate    | 0        |
| time/              |          |
|    episodes        | 892      |
|    fps             | 119      |
|    time_elapsed    | 1497     |
|    total_timesteps | 178400   |
| train/             |          |
|    actor_loss      | -108     |
|    critic_loss     | 5.63     |
|    ent_coef        | 0.102    |
|    ent_coef_loss   | 0.136    |
|    learning_rate   | 0.0003   |
|    n_updates       | 168399   |
---------------------------------
---------------------------------
| rollout/           |          |
|    ep_len_mean     | 200      |
|    ep_rew_mean     | 311      |
|    success_rate    | 0        |
| time/              |          |
|    episodes        | 896      |
|    fps             | 119      |
|    time_elapsed    | 1504     |
|    total_timesteps | 179200   |
| train/             |          |
|    actor_loss      | -111     |
|    critic_loss     | 3.96     |
|    ent_coef        | 0.0998   |
|    ent_coef_loss   | -0.114   |
|    learning_rate   | 0.0003   |
|    n_updates       | 169199   |
---------------------------------
---------------------------------
| rollout/           |          |
|    ep_len_mean     | 200      |
|    ep_rew_mean     | 316      |
|    success_rate    | 0        |
| time/              |          |
|    episodes        | 900      |
|    fps             | 119      |
|    time_elapsed    | 1511     |
|    total_timesteps | 180000   |
| train/             |          |
|    actor_loss      | -111     |
|    critic_loss     | 3.34     |
|    ent_coef        | 0.104    |
|    ent_coef_loss   | -1.02    |
|    learning_rate   | 0.0003   |
|    n_updates       | 169999   |
---------------------------------
---------------------------------
| rollout/           |          |
|    ep_len_mean     | 200      |
|    ep_rew_mean     | 306      |
|    success_rate    | 0        |
| time/              |          |
|    episodes        | 904      |
|    fps             | 119      |
|    time_elapsed    | 1519     |
|    total_timesteps | 180800   |
| train/             |          |
|    actor_loss      | -114     |
|    critic_loss     | 6.7      |
|    ent_coef        | 0.105    |
|    ent_coef_loss   | -0.134   |
|    learning_rate   | 0.0003   |
|    n_updates       | 170799   |
---------------------------------
---------------------------------
| rollout/           |          |
|    ep_len_mean     | 200      |
|    ep_rew_mean     | 288      |
|    success_rate    | 0        |
| time/              |          |
|    episodes        | 908      |
|    fps             | 118      |
|    time_elapsed    | 1526     |
|    total_timesteps | 181600   |
| train/             |          |
|    actor_loss      | -112     |
|    critic_loss     | 7.8      |
|    ent_coef        | 0.109    |
|    ent_coef_loss   | -1.25    |
|    learning_rate   | 0.0003   |
|    n_updates       | 171599   |
---------------------------------
---------------------------------
| rollout/           |          |
|    ep_len_mean     | 200      |
|    ep_rew_mean     | 298      |
|    success_rate    | 0        |
| time/              |          |
|    episodes        | 912      |
|    fps             | 118      |
|    time_elapsed    | 1533     |
|    total_timesteps | 182400   |
| train/             |          |
|    actor_loss      | -115     |
|    critic_loss     | 190      |
|    ent_coef        | 0.107    |
|    ent_coef_loss   | 0.327    |
|    learning_rate   | 0.0003   |
|    n_updates       | 172399   |
---------------------------------
---------------------------------
| rollout/           |          |
|    ep_len_mean     | 200      |
|    ep_rew_mean     | 291      |
|    success_rate    | 0        |
| time/              |          |
|    episodes        | 916      |
|    fps             | 118      |
|    time_elapsed    | 1541     |
|    total_timesteps | 183200   |
| train/             |          |
|    actor_loss      | -118     |
|    critic_loss     | 3.54     |
|    ent_coef        | 0.112    |
|    ent_coef_loss   | 0.432    |
|    learning_rate   | 0.0003   |
|    n_updates       | 173199   |
---------------------------------
---------------------------------
| rollout/           |          |
|    ep_len_mean     | 200      |
|    ep_rew_mean     | 291      |
|    success_rate    | 0        |
| time/              |          |
|    episodes        | 920      |
|    fps             | 118      |
|    time_elapsed    | 1548     |
|    total_timesteps | 184000   |
| train/             |          |
|    actor_loss      | -122     |
|    critic_loss     | 2.97     |
|    ent_coef        | 0.114    |
|    ent_coef_loss   | 0.6      |
|    learning_rate   | 0.0003   |
|    n_updates       | 173999   |
---------------------------------
---------------------------------
| rollout/           |          |
|    ep_len_mean     | 200      |
|    ep_rew_mean     | 300      |
|    success_rate    | 0        |
| time/              |          |
|    episodes        | 924      |
|    fps             | 118      |
|    time_elapsed    | 1554     |
|    total_timesteps | 184800   |
| train/             |          |
|    actor_loss      | -118     |
|    critic_loss     | 3.4      |
|    ent_coef        | 0.124    |
|    ent_coef_loss   | 0.554    |
|    learning_rate   | 0.0003   |
|    n_updates       | 174799   |
---------------------------------
---------------------------------
| rollout/           |          |
|    ep_len_mean     | 200      |
|    ep_rew_mean     | 326      |
|    success_rate    | 0        |
| time/              |          |
|    episodes        | 928      |
|    fps             | 118      |
|    time_elapsed    | 1561     |
|    total_timesteps | 185600   |
| train/             |          |
|    actor_loss      | -121     |
|    critic_loss     | 8.41     |
|    ent_coef        | 0.132    |
|    ent_coef_loss   | -0.112   |
|    learning_rate   | 0.0003   |
|    n_updates       | 175599   |
---------------------------------
---------------------------------
| rollout/           |          |
|    ep_len_mean     | 200      |
|    ep_rew_mean     | 343      |
|    success_rate    | 0        |
| time/              |          |
|    episodes        | 932      |
|    fps             | 118      |
|    time_elapsed    | 1568     |
|    total_timesteps | 186400   |
| train/             |          |
|    actor_loss      | -121     |
|    critic_loss     | 3.13     |
|    ent_coef        | 0.135    |
|    ent_coef_loss   | 1.22     |
|    learning_rate   | 0.0003   |
|    n_updates       | 176399   |
---------------------------------
---------------------------------
| rollout/           |          |
|    ep_len_mean     | 200      |
|    ep_rew_mean     | 352      |
|    success_rate    | 0        |
| time/              |          |
|    episodes        | 936      |
|    fps             | 118      |
|    time_elapsed    | 1575     |
|    total_timesteps | 187200   |
| train/             |          |
|    actor_loss      | -121     |
|    critic_loss     | 24.4     |
|    ent_coef        | 0.134    |
|    ent_coef_loss   | 0.934    |
|    learning_rate   | 0.0003   |
|    n_updates       | 177199   |
---------------------------------
---------------------------------
| rollout/           |          |
|    ep_len_mean     | 200      |
|    ep_rew_mean     | 361      |
|    success_rate    | 0        |
| time/              |          |
|    episodes        | 940      |
|    fps             | 118      |
|    time_elapsed    | 1582     |
|    total_timesteps | 188000   |
| train/             |          |
|    actor_loss      | -131     |
|    critic_loss     | 136      |
|    ent_coef        | 0.142    |
|    ent_coef_loss   | 0.169    |
|    learning_rate   | 0.0003   |
|    n_updates       | 177999   |
---------------------------------
---------------------------------
| rollout/           |          |
|    ep_len_mean     | 200      |
|    ep_rew_mean     | 360      |
|    success_rate    | 0        |
| time/              |          |
|    episodes        | 944      |
|    fps             | 118      |
|    time_elapsed    | 1589     |
|    total_timesteps | 188800   |
| train/             |          |
|    actor_loss      | -132     |
|    critic_loss     | 6.25     |
|    ent_coef        | 0.148    |
|    ent_coef_loss   | -0.248   |
|    learning_rate   | 0.0003   |
|    n_updates       | 178799   |
---------------------------------
---------------------------------
| rollout/           |          |
|    ep_len_mean     | 200      |
|    ep_rew_mean     | 352      |
|    success_rate    | 0        |
| time/              |          |
|    episodes        | 948      |
|    fps             | 118      |
|    time_elapsed    | 1596     |
|    total_timesteps | 189600   |
| train/             |          |
|    actor_loss      | -131     |
|    critic_loss     | 9.02     |
|    ent_coef        | 0.138    |
|    ent_coef_loss   | -0.151   |
|    learning_rate   | 0.0003   |
|    n_updates       | 179599   |
---------------------------------
---------------------------------
| rollout/           |          |
|    ep_len_mean     | 200      |
|    ep_rew_mean     | 374      |
|    success_rate    | 0        |
| time/              |          |
|    episodes        | 952      |
|    fps             | 118      |
|    time_elapsed    | 1603     |
|    total_timesteps | 190400   |
| train/             |          |
|    actor_loss      | -124     |
|    critic_loss     | 22.9     |
|    ent_coef        | 0.14     |
|    ent_coef_loss   | -0.418   |
|    learning_rate   | 0.0003   |
|    n_updates       | 180399   |
---------------------------------
---------------------------------
| rollout/           |          |
|    ep_len_mean     | 200      |
|    ep_rew_mean     | 375      |
|    success_rate    | 0        |
| time/              |          |
|    episodes        | 956      |
|    fps             | 118      |
|    time_elapsed    | 1610     |
|    total_timesteps | 191200   |
| train/             |          |
|    actor_loss      | -130     |
|    critic_loss     | 4.67     |
|    ent_coef        | 0.126    |
|    ent_coef_loss   | -1.42    |
|    learning_rate   | 0.0003   |
|    n_updates       | 181199   |
---------------------------------
---------------------------------
| rollout/           |          |
|    ep_len_mean     | 200      |
|    ep_rew_mean     | 391      |
|    success_rate    | 0        |
| time/              |          |
|    episodes        | 960      |
|    fps             | 118      |
|    time_elapsed    | 1617     |
|    total_timesteps | 192000   |
| train/             |          |
|    actor_loss      | -133     |
|    critic_loss     | 7.13     |
|    ent_coef        | 0.127    |
|    ent_coef_loss   | 0.779    |
|    learning_rate   | 0.0003   |
|    n_updates       | 181999   |
---------------------------------
---------------------------------
| rollout/           |          |
|    ep_len_mean     | 200      |
|    ep_rew_mean     | 384      |
|    success_rate    | 0        |
| time/              |          |
|    episodes        | 964      |
|    fps             | 118      |
|    time_elapsed    | 1624     |
|    total_timesteps | 192800   |
| train/             |          |
|    actor_loss      | -140     |
|    critic_loss     | 9.77     |
|    ent_coef        | 0.14     |
|    ent_coef_loss   | 0.749    |
|    learning_rate   | 0.0003   |
|    n_updates       | 182799   |
---------------------------------
---------------------------------
| rollout/           |          |
|    ep_len_mean     | 200      |
|    ep_rew_mean     | 368      |
|    success_rate    | 0        |
| time/              |          |
|    episodes        | 968      |
|    fps             | 118      |
|    time_elapsed    | 1631     |
|    total_timesteps | 193600   |
| train/             |          |
|    actor_loss      | -125     |
|    critic_loss     | 5.94     |
|    ent_coef        | 0.15     |
|    ent_coef_loss   | -0.599   |
|    learning_rate   | 0.0003   |
|    n_updates       | 183599   |
---------------------------------
---------------------------------
| rollout/           |          |
|    ep_len_mean     | 200      |
|    ep_rew_mean     | 373      |
|    success_rate    | 0        |
| time/              |          |
|    episodes        | 972      |
|    fps             | 118      |
|    time_elapsed    | 1638     |
|    total_timesteps | 194400   |
| train/             |          |
|    actor_loss      | -137     |
|    critic_loss     | 26.8     |
|    ent_coef        | 0.143    |
|    ent_coef_loss   | -0.558   |
|    learning_rate   | 0.0003   |
|    n_updates       | 184399   |
---------------------------------
---------------------------------
| rollout/           |          |
|    ep_len_mean     | 200      |
|    ep_rew_mean     | 381      |
|    success_rate    | 0        |
| time/              |          |
|    episodes        | 976      |
|    fps             | 118      |
|    time_elapsed    | 1646     |
|    total_timesteps | 195200   |
| train/             |          |
|    actor_loss      | -139     |
|    critic_loss     | 20.5     |
|    ent_coef        | 0.156    |
|    ent_coef_loss   | 1.18     |
|    learning_rate   | 0.0003   |
|    n_updates       | 185199   |
---------------------------------
---------------------------------
| rollout/           |          |
|    ep_len_mean     | 200      |
|    ep_rew_mean     | 395      |
|    success_rate    | 0        |
| time/              |          |
|    episodes        | 980      |
|    fps             | 118      |
|    time_elapsed    | 1652     |
|    total_timesteps | 196000   |
| train/             |          |
|    actor_loss      | -144     |
|    critic_loss     | 88.9     |
|    ent_coef        | 0.152    |
|    ent_coef_loss   | -0.141   |
|    learning_rate   | 0.0003   |
|    n_updates       | 185999   |
---------------------------------
---------------------------------
| rollout/           |          |
|    ep_len_mean     | 200      |
|    ep_rew_mean     | 411      |
|    success_rate    | 0        |
| time/              |          |
|    episodes        | 984      |
|    fps             | 118      |
|    time_elapsed    | 1659     |
|    total_timesteps | 196800   |
| train/             |          |
|    actor_loss      | -130     |
|    critic_loss     | 20.5     |
|    ent_coef        | 0.159    |
|    ent_coef_loss   | -0.112   |
|    learning_rate   | 0.0003   |
|    n_updates       | 186799   |
---------------------------------
---------------------------------
| rollout/           |          |
|    ep_len_mean     | 200      |
|    ep_rew_mean     | 435      |
|    success_rate    | 0        |
| time/              |          |
|    episodes        | 988      |
|    fps             | 118      |
|    time_elapsed    | 1666     |
|    total_timesteps | 197600   |
| train/             |          |
|    actor_loss      | -156     |
|    critic_loss     | 126      |
|    ent_coef        | 0.164    |
|    ent_coef_loss   | -0.535   |
|    learning_rate   | 0.0003   |
|    n_updates       | 187599   |
---------------------------------
---------------------------------
| rollout/           |          |
|    ep_len_mean     | 200      |
|    ep_rew_mean     | 445      |
|    success_rate    | 0        |
| time/              |          |
|    episodes        | 992      |
|    fps             | 118      |
|    time_elapsed    | 1673     |
|    total_timesteps | 198400   |
| train/             |          |
|    actor_loss      | -151     |
|    critic_loss     | 5.3      |
|    ent_coef        | 0.167    |
|    ent_coef_loss   | -0.82    |
|    learning_rate   | 0.0003   |
|    n_updates       | 188399   |
---------------------------------
---------------------------------
| rollout/           |          |
|    ep_len_mean     | 200      |
|    ep_rew_mean     | 445      |
|    success_rate    | 0        |
| time/              |          |
|    episodes        | 996      |
|    fps             | 118      |
|    time_elapsed    | 1680     |
|    total_timesteps | 199200   |
| train/             |          |
|    actor_loss      | -159     |
|    critic_loss     | 52.1     |
|    ent_coef        | 0.198    |
|    ent_coef_loss   | 0.212    |
|    learning_rate   | 0.0003   |
|    n_updates       | 189199   |
---------------------------------
Eval num_timesteps=200000, episode_reward=214.50 +/- 345.56
Episode length: 200.00 +/- 0.00
Success rate: 0.00%
---------------------------------
| eval/              |          |
|    mean_ep_length  | 200      |
|    mean_reward     | 214      |
|    success_rate    | 0        |
| time/              |          |
|    total_timesteps | 200000   |
| train/             |          |
|    actor_loss      | -158     |
|    critic_loss     | 138      |
|    ent_coef        | 0.217    |
|    ent_coef_loss   | -0.354   |
|    learning_rate   | 0.0003   |
|    n_updates       | 189999   |
---------------------------------
---------------------------------
| rollout/           |          |
|    ep_len_mean     | 200      |
|    ep_rew_mean     | 457      |
|    success_rate    | 0        |
| time/              |          |
|    episodes        | 1000     |
|    fps             | 118      |
|    time_elapsed    | 1688     |
|    total_timesteps | 200000   |
---------------------------------
---------------------------------
| rollout/           |          |
|    ep_len_mean     | 200      |
|    ep_rew_mean     | 483      |
|    success_rate    | 0        |
| time/              |          |
|    episodes        | 1004     |
|    fps             | 118      |
|    time_elapsed    | 1695     |
|    total_timesteps | 200800   |
| train/             |          |
|    actor_loss      | -163     |
|    critic_loss     | 15.8     |
|    ent_coef        | 0.213    |
|    ent_coef_loss   | 0.224    |
|    learning_rate   | 0.0003   |
|    n_updates       | 190799   |
---------------------------------
---------------------------------
| rollout/           |          |
|    ep_len_mean     | 200      |
|    ep_rew_mean     | 500      |
|    success_rate    | 0        |
| time/              |          |
|    episodes        | 1008     |
|    fps             | 118      |
|    time_elapsed    | 1702     |
|    total_timesteps | 201600   |
| train/             |          |
|    actor_loss      | -173     |
|    critic_loss     | 28       |
|    ent_coef        | 0.2      |
|    ent_coef_loss   | 0.151    |
|    learning_rate   | 0.0003   |
|    n_updates       | 191599   |
---------------------------------
---------------------------------
| rollout/           |          |
|    ep_len_mean     | 200      |
|    ep_rew_mean     | 499      |
|    success_rate    | 0        |
| time/              |          |
|    episodes        | 1012     |
|    fps             | 118      |
|    time_elapsed    | 1709     |
|    total_timesteps | 202400   |
| train/             |          |
|    actor_loss      | -166     |
|    critic_loss     | 5.84     |
|    ent_coef        | 0.185    |
|    ent_coef_loss   | -0.883   |
|    learning_rate   | 0.0003   |
|    n_updates       | 192399   |
---------------------------------
---------------------------------
| rollout/           |          |
|    ep_len_mean     | 200      |
|    ep_rew_mean     | 504      |
|    success_rate    | 0        |
| time/              |          |
|    episodes        | 1016     |
|    fps             | 118      |
|    time_elapsed    | 1716     |
|    total_timesteps | 203200   |
| train/             |          |
|    actor_loss      | -171     |
|    critic_loss     | 7.67     |
|    ent_coef        | 0.188    |
|    ent_coef_loss   | -0.371   |
|    learning_rate   | 0.0003   |
|    n_updates       | 193199   |
---------------------------------
---------------------------------
| rollout/           |          |
|    ep_len_mean     | 200      |
|    ep_rew_mean     | 521      |
|    success_rate    | 0        |
| time/              |          |
|    episodes        | 1020     |
|    fps             | 118      |
|    time_elapsed    | 1723     |
|    total_timesteps | 204000   |
| train/             |          |
|    actor_loss      | -174     |
|    critic_loss     | 9.04     |
|    ent_coef        | 0.19     |
|    ent_coef_loss   | 0.521    |
|    learning_rate   | 0.0003   |
|    n_updates       | 193999   |
---------------------------------
---------------------------------
| rollout/           |          |
|    ep_len_mean     | 200      |
|    ep_rew_mean     | 520      |
|    success_rate    | 0        |
| time/              |          |
|    episodes        | 1024     |
|    fps             | 118      |
|    time_elapsed    | 1730     |
|    total_timesteps | 204800   |
| train/             |          |
|    actor_loss      | -171     |
|    critic_loss     | 33.2     |
|    ent_coef        | 0.188    |
|    ent_coef_loss   | 0.0517   |
|    learning_rate   | 0.0003   |
|    n_updates       | 194799   |
---------------------------------
---------------------------------
| rollout/           |          |
|    ep_len_mean     | 200      |
|    ep_rew_mean     | 503      |
|    success_rate    | 0        |
| time/              |          |
|    episodes        | 1028     |
|    fps             | 118      |
|    time_elapsed    | 1737     |
|    total_timesteps | 205600   |
| train/             |          |
|    actor_loss      | -171     |
|    critic_loss     | 23.3     |
|    ent_coef        | 0.19     |
|    ent_coef_loss   | 0.108    |
|    learning_rate   | 0.0003   |
|    n_updates       | 195599   |
---------------------------------
---------------------------------
| rollout/           |          |
|    ep_len_mean     | 200      |
|    ep_rew_mean     | 493      |
|    success_rate    | 0        |
| time/              |          |
|    episodes        | 1032     |
|    fps             | 118      |
|    time_elapsed    | 1744     |
|    total_timesteps | 206400   |
| train/             |          |
|    actor_loss      | -179     |
|    critic_loss     | 60       |
|    ent_coef        | 0.185    |
|    ent_coef_loss   | -0.727   |
|    learning_rate   | 0.0003   |
|    n_updates       | 196399   |
---------------------------------
---------------------------------
| rollout/           |          |
|    ep_len_mean     | 200      |
|    ep_rew_mean     | 492      |
|    success_rate    | 0        |
| time/              |          |
|    episodes        | 1036     |
|    fps             | 118      |
|    time_elapsed    | 1751     |
|    total_timesteps | 207200   |
| train/             |          |
|    actor_loss      | -173     |
|    critic_loss     | 78.6     |
|    ent_coef        | 0.177    |
|    ent_coef_loss   | 0.565    |
|    learning_rate   | 0.0003   |
|    n_updates       | 197199   |
---------------------------------
---------------------------------
| rollout/           |          |
|    ep_len_mean     | 200      |
|    ep_rew_mean     | 488      |
|    success_rate    | 0        |
| time/              |          |
|    episodes        | 1040     |
|    fps             | 118      |
|    time_elapsed    | 1758     |
|    total_timesteps | 208000   |
| train/             |          |
|    actor_loss      | -186     |
|    critic_loss     | 9.93     |
|    ent_coef        | 0.172    |
|    ent_coef_loss   | -0.94    |
|    learning_rate   | 0.0003   |
|    n_updates       | 197999   |
---------------------------------
---------------------------------
| rollout/           |          |
|    ep_len_mean     | 200      |
|    ep_rew_mean     | 478      |
|    success_rate    | 0        |
| time/              |          |
|    episodes        | 1044     |
|    fps             | 118      |
|    time_elapsed    | 1765     |
|    total_timesteps | 208800   |
| train/             |          |
|    actor_loss      | -187     |
|    critic_loss     | 9.07     |
|    ent_coef        | 0.175    |
|    ent_coef_loss   | 0.338    |
|    learning_rate   | 0.0003   |
|    n_updates       | 198799   |
---------------------------------
---------------------------------
| rollout/           |          |
|    ep_len_mean     | 200      |
|    ep_rew_mean     | 468      |
|    success_rate    | 0        |
| time/              |          |
|    episodes        | 1048     |
|    fps             | 118      |
|    time_elapsed    | 1772     |
|    total_timesteps | 209600   |
| train/             |          |
|    actor_loss      | -197     |
|    critic_loss     | 56.1     |
|    ent_coef        | 0.162    |
|    ent_coef_loss   | -0.411   |
|    learning_rate   | 0.0003   |
|    n_updates       | 199599   |
---------------------------------
---------------------------------
| rollout/           |          |
|    ep_len_mean     | 200      |
|    ep_rew_mean     | 446      |
|    success_rate    | 0        |
| time/              |          |
|    episodes        | 1052     |
|    fps             | 118      |
|    time_elapsed    | 1779     |
|    total_timesteps | 210400   |
| train/             |          |
|    actor_loss      | -191     |
|    critic_loss     | 22.4     |
|    ent_coef        | 0.161    |
|    ent_coef_loss   | 0.194    |
|    learning_rate   | 0.0003   |
|    n_updates       | 200399   |
---------------------------------
---------------------------------
| rollout/           |          |
|    ep_len_mean     | 200      |
|    ep_rew_mean     | 437      |
|    success_rate    | 0        |
| time/              |          |
|    episodes        | 1056     |
|    fps             | 118      |
|    time_elapsed    | 1786     |
|    total_timesteps | 211200   |
| train/             |          |
|    actor_loss      | -180     |
|    critic_loss     | 66.5     |
|    ent_coef        | 0.157    |
|    ent_coef_loss   | -0.229   |
|    learning_rate   | 0.0003   |
|    n_updates       | 201199   |
---------------------------------
---------------------------------
| rollout/           |          |
|    ep_len_mean     | 200      |
|    ep_rew_mean     | 410      |
|    success_rate    | 0        |
| time/              |          |
|    episodes        | 1060     |
|    fps             | 118      |
|    time_elapsed    | 1793     |
|    total_timesteps | 212000   |
| train/             |          |
|    actor_loss      | -188     |
|    critic_loss     | 8.24     |
|    ent_coef        | 0.157    |
|    ent_coef_loss   | -0.736   |
|    learning_rate   | 0.0003   |
|    n_updates       | 201999   |
---------------------------------
---------------------------------
| rollout/           |          |
|    ep_len_mean     | 200      |
|    ep_rew_mean     | 398      |
|    success_rate    | 0        |
| time/              |          |
|    episodes        | 1064     |
|    fps             | 118      |
|    time_elapsed    | 1800     |
|    total_timesteps | 212800   |
| train/             |          |
|    actor_loss      | -195     |
|    critic_loss     | 17.1     |
|    ent_coef        | 0.16     |
|    ent_coef_loss   | 0.188    |
|    learning_rate   | 0.0003   |
|    n_updates       | 202799   |
---------------------------------
---------------------------------
| rollout/           |          |
|    ep_len_mean     | 200      |
|    ep_rew_mean     | 388      |
|    success_rate    | 0        |
| time/              |          |
|    episodes        | 1068     |
|    fps             | 118      |
|    time_elapsed    | 1807     |
|    total_timesteps | 213600   |
| train/             |          |
|    actor_loss      | -189     |
|    critic_loss     | 110      |
|    ent_coef        | 0.144    |
|    ent_coef_loss   | -0.221   |
|    learning_rate   | 0.0003   |
|    n_updates       | 203599   |
---------------------------------
---------------------------------
| rollout/           |          |
|    ep_len_mean     | 200      |
|    ep_rew_mean     | 370      |
|    success_rate    | 0        |
| time/              |          |
|    episodes        | 1072     |
|    fps             | 118      |
|    time_elapsed    | 1814     |
|    total_timesteps | 214400   |
| train/             |          |
|    actor_loss      | -189     |
|    critic_loss     | 47.5     |
|    ent_coef        | 0.148    |
|    ent_coef_loss   | -0.317   |
|    learning_rate   | 0.0003   |
|    n_updates       | 204399   |
---------------------------------
---------------------------------
| rollout/           |          |
|    ep_len_mean     | 200      |
|    ep_rew_mean     | 352      |
|    success_rate    | 0        |
| time/              |          |
|    episodes        | 1076     |
|    fps             | 118      |
|    time_elapsed    | 1821     |
|    total_timesteps | 215200   |
| train/             |          |
|    actor_loss      | -183     |
|    critic_loss     | 7.04     |
|    ent_coef        | 0.155    |
|    ent_coef_loss   | 1.46     |
|    learning_rate   | 0.0003   |
|    n_updates       | 205199   |
---------------------------------
---------------------------------
| rollout/           |          |
|    ep_len_mean     | 200      |
|    ep_rew_mean     | 326      |
|    success_rate    | 0        |
| time/              |          |
|    episodes        | 1080     |
|    fps             | 118      |
|    time_elapsed    | 1828     |
|    total_timesteps | 216000   |
| train/             |          |
|    actor_loss      | -195     |
|    critic_loss     | 42.7     |
|    ent_coef        | 0.146    |
|    ent_coef_loss   | -0.905   |
|    learning_rate   | 0.0003   |
|    n_updates       | 205999   |
---------------------------------
---------------------------------
| rollout/           |          |
|    ep_len_mean     | 200      |
|    ep_rew_mean     | 305      |
|    success_rate    | 0        |
| time/              |          |
|    episodes        | 1084     |
|    fps             | 118      |
|    time_elapsed    | 1835     |
|    total_timesteps | 216800   |
| train/             |          |
|    actor_loss      | -199     |
|    critic_loss     | 30.8     |
|    ent_coef        | 0.145    |
|    ent_coef_loss   | 1.38     |
|    learning_rate   | 0.0003   |
|    n_updates       | 206799   |
---------------------------------
---------------------------------
| rollout/           |          |
|    ep_len_mean     | 200      |
|    ep_rew_mean     | 279      |
|    success_rate    | 0        |
| time/              |          |
|    episodes        | 1088     |
|    fps             | 118      |
|    time_elapsed    | 1842     |
|    total_timesteps | 217600   |
| train/             |          |
|    actor_loss      | -192     |
|    critic_loss     | 50.3     |
|    ent_coef        | 0.129    |
|    ent_coef_loss   | 1.48     |
|    learning_rate   | 0.0003   |
|    n_updates       | 207599   |
---------------------------------
---------------------------------
| rollout/           |          |
|    ep_len_mean     | 200      |
|    ep_rew_mean     | 252      |
|    success_rate    | 0        |
| time/              |          |
|    episodes        | 1092     |
|    fps             | 118      |
|    time_elapsed    | 1849     |
|    total_timesteps | 218400   |
| train/             |          |
|    actor_loss      | -202     |
|    critic_loss     | 38.3     |
|    ent_coef        | 0.127    |
|    ent_coef_loss   | -1.18    |
|    learning_rate   | 0.0003   |
|    n_updates       | 208399   |
---------------------------------
---------------------------------
| rollout/           |          |
|    ep_len_mean     | 200      |
|    ep_rew_mean     | 244      |
|    success_rate    | 0        |
| time/              |          |
|    episodes        | 1096     |
|    fps             | 118      |
|    time_elapsed    | 1856     |
|    total_timesteps | 219200   |
| train/             |          |
|    actor_loss      | -188     |
|    critic_loss     | 69.7     |
|    ent_coef        | 0.128    |
|    ent_coef_loss   | 0.57     |
|    learning_rate   | 0.0003   |
|    n_updates       | 209199   |
---------------------------------
---------------------------------
| rollout/           |          |
|    ep_len_mean     | 200      |
|    ep_rew_mean     | 226      |
|    success_rate    | 0        |
| time/              |          |
|    episodes        | 1100     |
|    fps             | 118      |
|    time_elapsed    | 1863     |
|    total_timesteps | 220000   |
| train/             |          |
|    actor_loss      | -205     |
|    critic_loss     | 42.2     |
|    ent_coef        | 0.141    |
|    ent_coef_loss   | -0.368   |
|    learning_rate   | 0.0003   |
|    n_updates       | 209999   |
---------------------------------
---------------------------------
| rollout/           |          |
|    ep_len_mean     | 200      |
|    ep_rew_mean     | 199      |
|    success_rate    | 0        |
| time/              |          |
|    episodes        | 1104     |
|    fps             | 118      |
|    time_elapsed    | 1870     |
|    total_timesteps | 220800   |
| train/             |          |
|    actor_loss      | -200     |
|    critic_loss     | 54.7     |
|    ent_coef        | 0.14     |
|    ent_coef_loss   | -0.174   |
|    learning_rate   | 0.0003   |
|    n_updates       | 210799   |
---------------------------------
---------------------------------
| rollout/           |          |
|    ep_len_mean     | 200      |
|    ep_rew_mean     | 182      |
|    success_rate    | 0        |
| time/              |          |
|    episodes        | 1108     |
|    fps             | 118      |
|    time_elapsed    | 1877     |
|    total_timesteps | 221600   |
| train/             |          |
|    actor_loss      | -199     |
|    critic_loss     | 11.2     |
|    ent_coef        | 0.138    |
|    ent_coef_loss   | 0.0677   |
|    learning_rate   | 0.0003   |
|    n_updates       | 211599   |
---------------------------------
---------------------------------
| rollout/           |          |
|    ep_len_mean     | 200      |
|    ep_rew_mean     | 172      |
|    success_rate    | 0        |
| time/              |          |
|    episodes        | 1112     |
|    fps             | 118      |
|    time_elapsed    | 1884     |
|    total_timesteps | 222400   |
| train/             |          |
|    actor_loss      | -200     |
|    critic_loss     | 8.04     |
|    ent_coef        | 0.139    |
|    ent_coef_loss   | -0.344   |
|    learning_rate   | 0.0003   |
|    n_updates       | 212399   |
---------------------------------
---------------------------------
| rollout/           |          |
|    ep_len_mean     | 200      |
|    ep_rew_mean     | 164      |
|    success_rate    | 0        |
| time/              |          |
|    episodes        | 1116     |
|    fps             | 118      |
|    time_elapsed    | 1891     |
|    total_timesteps | 223200   |
| train/             |          |
|    actor_loss      | -192     |
|    critic_loss     | 40.6     |
|    ent_coef        | 0.145    |
|    ent_coef_loss   | 0.44     |
|    learning_rate   | 0.0003   |
|    n_updates       | 213199   |
---------------------------------
---------------------------------
| rollout/           |          |
|    ep_len_mean     | 200      |
|    ep_rew_mean     | 148      |
|    success_rate    | 0        |
| time/              |          |
|    episodes        | 1120     |
|    fps             | 117      |
|    time_elapsed    | 1898     |
|    total_timesteps | 224000   |
| train/             |          |
|    actor_loss      | -199     |
|    critic_loss     | 28.8     |
|    ent_coef        | 0.156    |
|    ent_coef_loss   | 1.33     |
|    learning_rate   | 0.0003   |
|    n_updates       | 213999   |
---------------------------------
---------------------------------
| rollout/           |          |
|    ep_len_mean     | 200      |
|    ep_rew_mean     | 132      |
|    success_rate    | 0        |
| time/              |          |
|    episodes        | 1124     |
|    fps             | 117      |
|    time_elapsed    | 1905     |
|    total_timesteps | 224800   |
| train/             |          |
|    actor_loss      | -197     |
|    critic_loss     | 49.7     |
|    ent_coef        | 0.159    |
|    ent_coef_loss   | -0.503   |
|    learning_rate   | 0.0003   |
|    n_updates       | 214799   |
---------------------------------
Eval num_timesteps=225000, episode_reward=38.37 +/- 0.87
Episode length: 200.00 +/- 0.00
Success rate: 0.00%
---------------------------------
| eval/              |          |
|    mean_ep_length  | 200      |
|    mean_reward     | 38.4     |
|    success_rate    | 0        |
| time/              |          |
|    total_timesteps | 225000   |
| train/             |          |
|    actor_loss      | -192     |
|    critic_loss     | 41.7     |
|    ent_coef        | 0.158    |
|    ent_coef_loss   | -1.14    |
|    learning_rate   | 0.0003   |
|    n_updates       | 214999   |
---------------------------------
---------------------------------
| rollout/           |          |
|    ep_len_mean     | 200      |
|    ep_rew_mean     | 125      |
|    success_rate    | 0        |
| time/              |          |
|    episodes        | 1128     |
|    fps             | 117      |
|    time_elapsed    | 1914     |
|    total_timesteps | 225600   |
| train/             |          |
|    actor_loss      | -202     |
|    critic_loss     | 46.5     |
|    ent_coef        | 0.162    |
|    ent_coef_loss   | -0.701   |
|    learning_rate   | 0.0003   |
|    n_updates       | 215599   |
---------------------------------
---------------------------------
| rollout/           |          |
|    ep_len_mean     | 200      |
|    ep_rew_mean     | 109      |
|    success_rate    | 0        |
| time/              |          |
|    episodes        | 1132     |
|    fps             | 117      |
|    time_elapsed    | 1921     |
|    total_timesteps | 226400   |
| train/             |          |
|    actor_loss      | -191     |
|    critic_loss     | 52.4     |
|    ent_coef        | 0.157    |
|    ent_coef_loss   | 0.315    |
|    learning_rate   | 0.0003   |
|    n_updates       | 216399   |
---------------------------------
---------------------------------
| rollout/           |          |
|    ep_len_mean     | 200      |
|    ep_rew_mean     | 85.2     |
|    success_rate    | 0        |
| time/              |          |
|    episodes        | 1136     |
|    fps             | 117      |
|    time_elapsed    | 1928     |
|    total_timesteps | 227200   |
| train/             |          |
|    actor_loss      | -199     |
|    critic_loss     | 30.3     |
|    ent_coef        | 0.163    |
|    ent_coef_loss   | 0.254    |
|    learning_rate   | 0.0003   |
|    n_updates       | 217199   |
---------------------------------
---------------------------------
| rollout/           |          |
|    ep_len_mean     | 200      |
|    ep_rew_mean     | 96.4     |
|    success_rate    | 0        |
| time/              |          |
|    episodes        | 1140     |
|    fps             | 117      |
|    time_elapsed    | 1935     |
|    total_timesteps | 228000   |
| train/             |          |
|    actor_loss      | -203     |
|    critic_loss     | 44       |
|    ent_coef        | 0.166    |
|    ent_coef_loss   | -0.933   |
|    learning_rate   | 0.0003   |
|    n_updates       | 217999   |
---------------------------------
---------------------------------
| rollout/           |          |
|    ep_len_mean     | 200      |
|    ep_rew_mean     | 90.1     |
|    success_rate    | 0        |
| time/              |          |
|    episodes        | 1144     |
|    fps             | 117      |
|    time_elapsed    | 1942     |
|    total_timesteps | 228800   |
| train/             |          |
|    actor_loss      | -202     |
|    critic_loss     | 71.1     |
|    ent_coef        | 0.168    |
|    ent_coef_loss   | 0.364    |
|    learning_rate   | 0.0003   |
|    n_updates       | 218799   |
---------------------------------
---------------------------------
| rollout/           |          |
|    ep_len_mean     | 200      |
|    ep_rew_mean     | 90.1     |
|    success_rate    | 0        |
| time/              |          |
|    episodes        | 1148     |
|    fps             | 117      |
|    time_elapsed    | 1949     |
|    total_timesteps | 229600   |
| train/             |          |
|    actor_loss      | -192     |
|    critic_loss     | 9.82     |
|    ent_coef        | 0.163    |
|    ent_coef_loss   | -1.02    |
|    learning_rate   | 0.0003   |
|    n_updates       | 219599   |
---------------------------------
---------------------------------
| rollout/           |          |
|    ep_len_mean     | 200      |
|    ep_rew_mean     | 84.7     |
|    success_rate    | 0        |
| time/              |          |
|    episodes        | 1152     |
|    fps             | 117      |
|    time_elapsed    | 1956     |
|    total_timesteps | 230400   |
| train/             |          |
|    actor_loss      | -198     |
|    critic_loss     | 107      |
|    ent_coef        | 0.147    |
|    ent_coef_loss   | -0.784   |
|    learning_rate   | 0.0003   |
|    n_updates       | 220399   |
---------------------------------
---------------------------------
| rollout/           |          |
|    ep_len_mean     | 200      |
|    ep_rew_mean     | 101      |
|    success_rate    | 0        |
| time/              |          |
|    episodes        | 1156     |
|    fps             | 117      |
|    time_elapsed    | 1963     |
|    total_timesteps | 231200   |
| train/             |          |
|    actor_loss      | -195     |
|    critic_loss     | 39.6     |
|    ent_coef        | 0.136    |
|    ent_coef_loss   | -1.51    |
|    learning_rate   | 0.0003   |
|    n_updates       | 221199   |
---------------------------------
---------------------------------
| rollout/           |          |
|    ep_len_mean     | 200      |
|    ep_rew_mean     | 125      |
|    success_rate    | 0        |
| time/              |          |
|    episodes        | 1160     |
|    fps             | 117      |
|    time_elapsed    | 1970     |
|    total_timesteps | 232000   |
| train/             |          |
|    actor_loss      | -194     |
|    critic_loss     | 7.39     |
|    ent_coef        | 0.139    |
|    ent_coef_loss   | -0.0305  |
|    learning_rate   | 0.0003   |
|    n_updates       | 221999   |
---------------------------------
---------------------------------
| rollout/           |          |
|    ep_len_mean     | 200      |
|    ep_rew_mean     | 149      |
|    success_rate    | 0        |
| time/              |          |
|    episodes        | 1164     |
|    fps             | 117      |
|    time_elapsed    | 1977     |
|    total_timesteps | 232800   |
| train/             |          |
|    actor_loss      | -191     |
|    critic_loss     | 40.9     |
|    ent_coef        | 0.141    |
|    ent_coef_loss   | 0.362    |
|    learning_rate   | 0.0003   |
|    n_updates       | 222799   |
---------------------------------
---------------------------------
| rollout/           |          |
|    ep_len_mean     | 200      |
|    ep_rew_mean     | 183      |
|    success_rate    | 0        |
| time/              |          |
|    episodes        | 1168     |
|    fps             | 117      |
|    time_elapsed    | 1984     |
|    total_timesteps | 233600   |
| train/             |          |
|    actor_loss      | -197     |
|    critic_loss     | 7.53     |
|    ent_coef        | 0.146    |
|    ent_coef_loss   | -1.01    |
|    learning_rate   | 0.0003   |
|    n_updates       | 223599   |
---------------------------------
---------------------------------
| rollout/           |          |
|    ep_len_mean     | 200      |
|    ep_rew_mean     | 209      |
|    success_rate    | 0        |
| time/              |          |
|    episodes        | 1172     |
|    fps             | 117      |
|    time_elapsed    | 1991     |
|    total_timesteps | 234400   |
| train/             |          |
|    actor_loss      | -190     |
|    critic_loss     | 32.9     |
|    ent_coef        | 0.14     |
|    ent_coef_loss   | 0.595    |
|    learning_rate   | 0.0003   |
|    n_updates       | 224399   |
---------------------------------
---------------------------------
| rollout/           |          |
|    ep_len_mean     | 200      |
|    ep_rew_mean     | 226      |
|    success_rate    | 0        |
| time/              |          |
|    episodes        | 1176     |
|    fps             | 117      |
|    time_elapsed    | 1998     |
|    total_timesteps | 235200   |
| train/             |          |
|    actor_loss      | -194     |
|    critic_loss     | 170      |
|    ent_coef        | 0.138    |
|    ent_coef_loss   | -0.782   |
|    learning_rate   | 0.0003   |
|    n_updates       | 225199   |
---------------------------------
---------------------------------
| rollout/           |          |
|    ep_len_mean     | 200      |
|    ep_rew_mean     | 249      |
|    success_rate    | 0        |
| time/              |          |
|    episodes        | 1180     |
|    fps             | 117      |
|    time_elapsed    | 2006     |
|    total_timesteps | 236000   |
| train/             |          |
|    actor_loss      | -206     |
|    critic_loss     | 93.8     |
|    ent_coef        | 0.13     |
|    ent_coef_loss   | 0.0307   |
|    learning_rate   | 0.0003   |
|    n_updates       | 225999   |
---------------------------------
---------------------------------
| rollout/           |          |
|    ep_len_mean     | 200      |
|    ep_rew_mean     | 267      |
|    success_rate    | 0        |
| time/              |          |
|    episodes        | 1184     |
|    fps             | 117      |
|    time_elapsed    | 2012     |
|    total_timesteps | 236800   |
| train/             |          |
|    actor_loss      | -194     |
|    critic_loss     | 28.8     |
|    ent_coef        | 0.139    |
|    ent_coef_loss   | -0.58    |
|    learning_rate   | 0.0003   |
|    n_updates       | 226799   |
---------------------------------
---------------------------------
| rollout/           |          |
|    ep_len_mean     | 200      |
|    ep_rew_mean     | 292      |
|    success_rate    | 0        |
| time/              |          |
|    episodes        | 1188     |
|    fps             | 117      |
|    time_elapsed    | 2020     |
|    total_timesteps | 237600   |
| train/             |          |
|    actor_loss      | -196     |
|    critic_loss     | 69.7     |
|    ent_coef        | 0.147    |
|    ent_coef_loss   | 0.919    |
|    learning_rate   | 0.0003   |
|    n_updates       | 227599   |
---------------------------------
---------------------------------
| rollout/           |          |
|    ep_len_mean     | 200      |
|    ep_rew_mean     | 309      |
|    success_rate    | 0        |
| time/              |          |
|    episodes        | 1192     |
|    fps             | 117      |
|    time_elapsed    | 2027     |
|    total_timesteps | 238400   |
| train/             |          |
|    actor_loss      | -199     |
|    critic_loss     | 12.4     |
|    ent_coef        | 0.158    |
|    ent_coef_loss   | -0.603   |
|    learning_rate   | 0.0003   |
|    n_updates       | 228399   |
---------------------------------
---------------------------------
| rollout/           |          |
|    ep_len_mean     | 200      |
|    ep_rew_mean     | 325      |
|    success_rate    | 0        |
| time/              |          |
|    episodes        | 1196     |
|    fps             | 117      |
|    time_elapsed    | 2034     |
|    total_timesteps | 239200   |
| train/             |          |
|    actor_loss      | -201     |
|    critic_loss     | 31.1     |
|    ent_coef        | 0.159    |
|    ent_coef_loss   | 1.23     |
|    learning_rate   | 0.0003   |
|    n_updates       | 229199   |
---------------------------------
---------------------------------
| rollout/           |          |
|    ep_len_mean     | 200      |
|    ep_rew_mean     | 343      |
|    success_rate    | 0        |
| time/              |          |
|    episodes        | 1200     |
|    fps             | 117      |
|    time_elapsed    | 2041     |
|    total_timesteps | 240000   |
| train/             |          |
|    actor_loss      | -200     |
|    critic_loss     | 12.3     |
|    ent_coef        | 0.168    |
|    ent_coef_loss   | -0.0155  |
|    learning_rate   | 0.0003   |
|    n_updates       | 229999   |
---------------------------------
---------------------------------
| rollout/           |          |
|    ep_len_mean     | 200      |
|    ep_rew_mean     | 359      |
|    success_rate    | 0        |
| time/              |          |
|    episodes        | 1204     |
|    fps             | 117      |
|    time_elapsed    | 2048     |
|    total_timesteps | 240800   |
| train/             |          |
|    actor_loss      | -209     |
|    critic_loss     | 68.4     |
|    ent_coef        | 0.169    |
|    ent_coef_loss   | 0.72     |
|    learning_rate   | 0.0003   |
|    n_updates       | 230799   |
---------------------------------
---------------------------------
| rollout/           |          |
|    ep_len_mean     | 200      |
|    ep_rew_mean     | 384      |
|    success_rate    | 0        |
| time/              |          |
|    episodes        | 1208     |
|    fps             | 117      |
|    time_elapsed    | 2055     |
|    total_timesteps | 241600   |
| train/             |          |
|    actor_loss      | -193     |
|    critic_loss     | 76.5     |
|    ent_coef        | 0.178    |
|    ent_coef_loss   | 0.199    |
|    learning_rate   | 0.0003   |
|    n_updates       | 231599   |
---------------------------------
---------------------------------
| rollout/           |          |
|    ep_len_mean     | 200      |
|    ep_rew_mean     | 389      |
|    success_rate    | 0        |
| time/              |          |
|    episodes        | 1212     |
|    fps             | 117      |
|    time_elapsed    | 2062     |
|    total_timesteps | 242400   |
| train/             |          |
|    actor_loss      | -203     |
|    critic_loss     | 61       |
|    ent_coef        | 0.179    |
|    ent_coef_loss   | -0.392   |
|    learning_rate   | 0.0003   |
|    n_updates       | 232399   |
---------------------------------
---------------------------------
| rollout/           |          |
|    ep_len_mean     | 200      |
|    ep_rew_mean     | 403      |
|    success_rate    | 0        |
| time/              |          |
|    episodes        | 1216     |
|    fps             | 117      |
|    time_elapsed    | 2069     |
|    total_timesteps | 243200   |
| train/             |          |
|    actor_loss      | -198     |
|    critic_loss     | 48.1     |
|    ent_coef        | 0.191    |
|    ent_coef_loss   | -0.699   |
|    learning_rate   | 0.0003   |
|    n_updates       | 233199   |
---------------------------------
---------------------------------
| rollout/           |          |
|    ep_len_mean     | 200      |
|    ep_rew_mean     | 408      |
|    success_rate    | 0        |
| time/              |          |
|    episodes        | 1220     |
|    fps             | 117      |
|    time_elapsed    | 2076     |
|    total_timesteps | 244000   |
| train/             |          |
|    actor_loss      | -213     |
|    critic_loss     | 48.8     |
|    ent_coef        | 0.191    |
|    ent_coef_loss   | 0.285    |
|    learning_rate   | 0.0003   |
|    n_updates       | 233999   |
---------------------------------
---------------------------------
| rollout/           |          |
|    ep_len_mean     | 200      |
|    ep_rew_mean     | 422      |
|    success_rate    | 0        |
| time/              |          |
|    episodes        | 1224     |
|    fps             | 117      |
|    time_elapsed    | 2083     |
|    total_timesteps | 244800   |
| train/             |          |
|    actor_loss      | -206     |
|    critic_loss     | 45.2     |
|    ent_coef        | 0.184    |
|    ent_coef_loss   | 0.00637  |
|    learning_rate   | 0.0003   |
|    n_updates       | 234799   |
---------------------------------
---------------------------------
| rollout/           |          |
|    ep_len_mean     | 200      |
|    ep_rew_mean     | 434      |
|    success_rate    | 0        |
| time/              |          |
|    episodes        | 1228     |
|    fps             | 117      |
|    time_elapsed    | 2091     |
|    total_timesteps | 245600   |
| train/             |          |
|    actor_loss      | -199     |
|    critic_loss     | 13.5     |
|    ent_coef        | 0.183    |
|    ent_coef_loss   | -0.918   |
|    learning_rate   | 0.0003   |
|    n_updates       | 235599   |
---------------------------------
---------------------------------
| rollout/           |          |
|    ep_len_mean     | 200      |
|    ep_rew_mean     | 444      |
|    success_rate    | 0        |
| time/              |          |
|    episodes        | 1232     |
|    fps             | 117      |
|    time_elapsed    | 2098     |
|    total_timesteps | 246400   |
| train/             |          |
|    actor_loss      | -210     |
|    critic_loss     | 36.3     |
|    ent_coef        | 0.168    |
|    ent_coef_loss   | 0.424    |
|    learning_rate   | 0.0003   |
|    n_updates       | 236399   |
---------------------------------
---------------------------------
| rollout/           |          |
|    ep_len_mean     | 200      |
|    ep_rew_mean     | 451      |
|    success_rate    | 0        |
| time/              |          |
|    episodes        | 1236     |
|    fps             | 117      |
|    time_elapsed    | 2105     |
|    total_timesteps | 247200   |
| train/             |          |
|    actor_loss      | -205     |
|    critic_loss     | 91.6     |
|    ent_coef        | 0.174    |
|    ent_coef_loss   | -1.21    |
|    learning_rate   | 0.0003   |
|    n_updates       | 237199   |
---------------------------------
---------------------------------
| rollout/           |          |
|    ep_len_mean     | 200      |
|    ep_rew_mean     | 451      |
|    success_rate    | 0        |
| time/              |          |
|    episodes        | 1240     |
|    fps             | 117      |
|    time_elapsed    | 2112     |
|    total_timesteps | 248000   |
| train/             |          |
|    actor_loss      | -201     |
|    critic_loss     | 23.6     |
|    ent_coef        | 0.17     |
|    ent_coef_loss   | 0.143    |
|    learning_rate   | 0.0003   |
|    n_updates       | 237999   |
---------------------------------
---------------------------------
| rollout/           |          |
|    ep_len_mean     | 200      |
|    ep_rew_mean     | 456      |
|    success_rate    | 0        |
| time/              |          |
|    episodes        | 1244     |
|    fps             | 117      |
|    time_elapsed    | 2120     |
|    total_timesteps | 248800   |
| train/             |          |
|    actor_loss      | -209     |
|    critic_loss     | 28.1     |
|    ent_coef        | 0.17     |
|    ent_coef_loss   | 0.313    |
|    learning_rate   | 0.0003   |
|    n_updates       | 238799   |
---------------------------------
---------------------------------
| rollout/           |          |
|    ep_len_mean     | 200      |
|    ep_rew_mean     | 465      |
|    success_rate    | 0        |
| time/              |          |
|    episodes        | 1248     |
|    fps             | 117      |
|    time_elapsed    | 2127     |
|    total_timesteps | 249600   |
| train/             |          |
|    actor_loss      | -201     |
|    critic_loss     | 12.9     |
|    ent_coef        | 0.172    |
|    ent_coef_loss   | -0.00595 |
|    learning_rate   | 0.0003   |
|    n_updates       | 239599   |
---------------------------------
Eval num_timesteps=250000, episode_reward=411.92 +/- 376.08
Episode length: 200.00 +/- 0.00
Success rate: 0.00%
---------------------------------
| eval/              |          |
|    mean_ep_length  | 200      |
|    mean_reward     | 412      |
|    success_rate    | 0        |
| time/              |          |
|    total_timesteps | 250000   |
| train/             |          |
|    actor_loss      | -197     |
|    critic_loss     | 10.1     |
|    ent_coef        | 0.171    |
|    ent_coef_loss   | 0.0495   |
|    learning_rate   | 0.0003   |
|    n_updates       | 239999   |
---------------------------------
---------------------------------
| rollout/           |          |
|    ep_len_mean     | 200      |
|    ep_rew_mean     | 477      |
|    success_rate    | 0.01     |
| time/              |          |
|    episodes        | 1252     |
|    fps             | 117      |
|    time_elapsed    | 2135     |
|    total_timesteps | 250363   |
| train/             |          |
|    actor_loss      | -197     |
|    critic_loss     | 2.87e+03 |
|    ent_coef        | 0.171    |
|    ent_coef_loss   | 0.308    |
|    learning_rate   | 0.0003   |
|    n_updates       | 240362   |
---------------------------------
---------------------------------
| rollout/           |          |
|    ep_len_mean     | 200      |
|    ep_rew_mean     | 461      |
|    success_rate    | 0.01     |
| time/              |          |
|    episodes        | 1256     |
|    fps             | 117      |
|    time_elapsed    | 2142     |
|    total_timesteps | 251163   |
| train/             |          |
|    actor_loss      | -196     |
|    critic_loss     | 50.8     |
|    ent_coef        | 0.166    |
|    ent_coef_loss   | -0.56    |
|    learning_rate   | 0.0003   |
|    n_updates       | 241162   |
---------------------------------
---------------------------------
| rollout/           |          |
|    ep_len_mean     | 200      |
|    ep_rew_mean     | 456      |
|    success_rate    | 0.01     |
| time/              |          |
|    episodes        | 1260     |
|    fps             | 117      |
|    time_elapsed    | 2149     |
|    total_timesteps | 251963   |
| train/             |          |
|    actor_loss      | -198     |
|    critic_loss     | 21.7     |
|    ent_coef        | 0.166    |
|    ent_coef_loss   | -0.0396  |
|    learning_rate   | 0.0003   |
|    n_updates       | 241962   |
---------------------------------
---------------------------------
| rollout/           |          |
|    ep_len_mean     | 200      |
|    ep_rew_mean     | 449      |
|    success_rate    | 0.01     |
| time/              |          |
|    episodes        | 1264     |
|    fps             | 117      |
|    time_elapsed    | 2156     |
|    total_timesteps | 252763   |
| train/             |          |
|    actor_loss      | -201     |
|    critic_loss     | 33.1     |
|    ent_coef        | 0.166    |
|    ent_coef_loss   | -0.102   |
|    learning_rate   | 0.0003   |
|    n_updates       | 242762   |
---------------------------------
---------------------------------
| rollout/           |          |
|    ep_len_mean     | 200      |
|    ep_rew_mean     | 432      |
|    success_rate    | 0.01     |
| time/              |          |
|    episodes        | 1268     |
|    fps             | 117      |
|    time_elapsed    | 2163     |
|    total_timesteps | 253563   |
| train/             |          |
|    actor_loss      | -203     |
|    critic_loss     | 17.9     |
|    ent_coef        | 0.166    |
|    ent_coef_loss   | -0.689   |
|    learning_rate   | 0.0003   |
|    n_updates       | 243562   |
---------------------------------
---------------------------------
| rollout/           |          |
|    ep_len_mean     | 200      |
|    ep_rew_mean     | 436      |
|    success_rate    | 0.01     |
| time/              |          |
|    episodes        | 1272     |
|    fps             | 117      |
|    time_elapsed    | 2170     |
|    total_timesteps | 254363   |
| train/             |          |
|    actor_loss      | -203     |
|    critic_loss     | 22       |
|    ent_coef        | 0.16     |
|    ent_coef_loss   | 0.0705   |
|    learning_rate   | 0.0003   |
|    n_updates       | 244362   |
---------------------------------
---------------------------------
| rollout/           |          |
|    ep_len_mean     | 200      |
|    ep_rew_mean     | 433      |
|    success_rate    | 0.01     |
| time/              |          |
|    episodes        | 1276     |
|    fps             | 117      |
|    time_elapsed    | 2178     |
|    total_timesteps | 255163   |
| train/             |          |
|    actor_loss      | -192     |
|    critic_loss     | 10       |
|    ent_coef        | 0.16     |
|    ent_coef_loss   | 0.387    |
|    learning_rate   | 0.0003   |
|    n_updates       | 245162   |
---------------------------------
---------------------------------
| rollout/           |          |
|    ep_len_mean     | 200      |
|    ep_rew_mean     | 440      |
|    success_rate    | 0.01     |
| time/              |          |
|    episodes        | 1280     |
|    fps             | 117      |
|    time_elapsed    | 2185     |
|    total_timesteps | 255963   |
| train/             |          |
|    actor_loss      | -191     |
|    critic_loss     | 11.3     |
|    ent_coef        | 0.159    |
|    ent_coef_loss   | 0.0782   |
|    learning_rate   | 0.0003   |
|    n_updates       | 245962   |
---------------------------------
---------------------------------
| rollout/           |          |
|    ep_len_mean     | 200      |
|    ep_rew_mean     | 423      |
|    success_rate    | 0.01     |
| time/              |          |
|    episodes        | 1284     |
|    fps             | 117      |
|    time_elapsed    | 2192     |
|    total_timesteps | 256763   |
| train/             |          |
|    actor_loss      | -204     |
|    critic_loss     | 11.1     |
|    ent_coef        | 0.161    |
|    ent_coef_loss   | -0.242   |
|    learning_rate   | 0.0003   |
|    n_updates       | 246762   |
---------------------------------
---------------------------------
| rollout/           |          |
|    ep_len_mean     | 200      |
|    ep_rew_mean     | 415      |
|    success_rate    | 0.01     |
| time/              |          |
|    episodes        | 1288     |
|    fps             | 117      |
|    time_elapsed    | 2199     |
|    total_timesteps | 257563   |
| train/             |          |
|    actor_loss      | -203     |
|    critic_loss     | 14.6     |
|    ent_coef        | 0.161    |
|    ent_coef_loss   | -0.00326 |
|    learning_rate   | 0.0003   |
|    n_updates       | 247562   |
---------------------------------
---------------------------------
| rollout/           |          |
|    ep_len_mean     | 200      |
|    ep_rew_mean     | 399      |
|    success_rate    | 0.01     |
| time/              |          |
|    episodes        | 1292     |
|    fps             | 117      |
|    time_elapsed    | 2206     |
|    total_timesteps | 258363   |
| train/             |          |
|    actor_loss      | -203     |
|    critic_loss     | 61.2     |
|    ent_coef        | 0.164    |
|    ent_coef_loss   | 0.515    |
|    learning_rate   | 0.0003   |
|    n_updates       | 248362   |
---------------------------------
---------------------------------
| rollout/           |          |
|    ep_len_mean     | 200      |
|    ep_rew_mean     | 402      |
|    success_rate    | 0.01     |
| time/              |          |
|    episodes        | 1296     |
|    fps             | 117      |
|    time_elapsed    | 2213     |
|    total_timesteps | 259163   |
| train/             |          |
|    actor_loss      | -211     |
|    critic_loss     | 25.6     |
|    ent_coef        | 0.163    |
|    ent_coef_loss   | -0.225   |
|    learning_rate   | 0.0003   |
|    n_updates       | 249162   |
---------------------------------
---------------------------------
| rollout/           |          |
|    ep_len_mean     | 200      |
|    ep_rew_mean     | 407      |
|    success_rate    | 0.01     |
| time/              |          |
|    episodes        | 1300     |
|    fps             | 117      |
|    time_elapsed    | 2220     |
|    total_timesteps | 259963   |
| train/             |          |
|    actor_loss      | -200     |
|    critic_loss     | 17       |
|    ent_coef        | 0.156    |
|    ent_coef_loss   | -0.00293 |
|    learning_rate   | 0.0003   |
|    n_updates       | 249962   |
---------------------------------
---------------------------------
| rollout/           |          |
|    ep_len_mean     | 200      |
|    ep_rew_mean     | 407      |
|    success_rate    | 0.01     |
| time/              |          |
|    episodes        | 1304     |
|    fps             | 117      |
|    time_elapsed    | 2227     |
|    total_timesteps | 260763   |
| train/             |          |
|    actor_loss      | -199     |
|    critic_loss     | 10.3     |
|    ent_coef        | 0.151    |
|    ent_coef_loss   | 0.264    |
|    learning_rate   | 0.0003   |
|    n_updates       | 250762   |
---------------------------------
---------------------------------
| rollout/           |          |
|    ep_len_mean     | 200      |
|    ep_rew_mean     | 410      |
|    success_rate    | 0.01     |
| time/              |          |
|    episodes        | 1308     |
|    fps             | 117      |
|    time_elapsed    | 2234     |
|    total_timesteps | 261563   |
| train/             |          |
|    actor_loss      | -199     |
|    critic_loss     | 22       |
|    ent_coef        | 0.153    |
|    ent_coef_loss   | -0.527   |
|    learning_rate   | 0.0003   |
|    n_updates       | 251562   |
---------------------------------
---------------------------------
| rollout/           |          |
|    ep_len_mean     | 200      |
|    ep_rew_mean     | 424      |
|    success_rate    | 0.01     |
| time/              |          |
|    episodes        | 1312     |
|    fps             | 117      |
|    time_elapsed    | 2241     |
|    total_timesteps | 262363   |
| train/             |          |
|    actor_loss      | -200     |
|    critic_loss     | 26       |
|    ent_coef        | 0.149    |
|    ent_coef_loss   | 0.826    |
|    learning_rate   | 0.0003   |
|    n_updates       | 252362   |
---------------------------------
---------------------------------
| rollout/           |          |
|    ep_len_mean     | 200      |
|    ep_rew_mean     | 426      |
|    success_rate    | 0.01     |
| time/              |          |
|    episodes        | 1316     |
|    fps             | 117      |
|    time_elapsed    | 2248     |
|    total_timesteps | 263163   |
| train/             |          |
|    actor_loss      | -200     |
|    critic_loss     | 23.7     |
|    ent_coef        | 0.155    |
|    ent_coef_loss   | 0.407    |
|    learning_rate   | 0.0003   |
|    n_updates       | 253162   |
---------------------------------
---------------------------------
| rollout/           |          |
|    ep_len_mean     | 200      |
|    ep_rew_mean     | 441      |
|    success_rate    | 0.01     |
| time/              |          |
|    episodes        | 1320     |
|    fps             | 117      |
|    time_elapsed    | 2255     |
|    total_timesteps | 263963   |
| train/             |          |
|    actor_loss      | -194     |
|    critic_loss     | 34.6     |
|    ent_coef        | 0.154    |
|    ent_coef_loss   | 0.595    |
|    learning_rate   | 0.0003   |
|    n_updates       | 253962   |
---------------------------------
---------------------------------
| rollout/           |          |
|    ep_len_mean     | 200      |
|    ep_rew_mean     | 450      |
|    success_rate    | 0.01     |
| time/              |          |
|    episodes        | 1324     |
|    fps             | 117      |
|    time_elapsed    | 2262     |
|    total_timesteps | 264763   |
| train/             |          |
|    actor_loss      | -195     |
|    critic_loss     | 24.9     |
|    ent_coef        | 0.146    |
|    ent_coef_loss   | -0.228   |
|    learning_rate   | 0.0003   |
|    n_updates       | 254762   |
---------------------------------
---------------------------------
| rollout/           |          |
|    ep_len_mean     | 200      |
|    ep_rew_mean     | 442      |
|    success_rate    | 0.01     |
| time/              |          |
|    episodes        | 1328     |
|    fps             | 117      |
|    time_elapsed    | 2269     |
|    total_timesteps | 265563   |
| train/             |          |
|    actor_loss      | -205     |
|    critic_loss     | 50.6     |
|    ent_coef        | 0.151    |
|    ent_coef_loss   | 0.0691   |
|    learning_rate   | 0.0003   |
|    n_updates       | 255562   |
---------------------------------
---------------------------------
| rollout/           |          |
|    ep_len_mean     | 200      |
|    ep_rew_mean     | 451      |
|    success_rate    | 0.01     |
| time/              |          |
|    episodes        | 1332     |
|    fps             | 117      |
|    time_elapsed    | 2276     |
|    total_timesteps | 266363   |
| train/             |          |
|    actor_loss      | -201     |
|    critic_loss     | 33.4     |
|    ent_coef        | 0.137    |
|    ent_coef_loss   | -0.527   |
|    learning_rate   | 0.0003   |
|    n_updates       | 256362   |
---------------------------------
---------------------------------
| rollout/           |          |
|    ep_len_mean     | 200      |
|    ep_rew_mean     | 453      |
|    success_rate    | 0.01     |
| time/              |          |
|    episodes        | 1336     |
|    fps             | 116      |
|    time_elapsed    | 2283     |
|    total_timesteps | 267163   |
| train/             |          |
|    actor_loss      | -205     |
|    critic_loss     | 9.44     |
|    ent_coef        | 0.127    |
|    ent_coef_loss   | -0.148   |
|    learning_rate   | 0.0003   |
|    n_updates       | 257162   |
---------------------------------
---------------------------------
| rollout/           |          |
|    ep_len_mean     | 200      |
|    ep_rew_mean     | 453      |
|    success_rate    | 0.01     |
| time/              |          |
|    episodes        | 1340     |
|    fps             | 116      |
|    time_elapsed    | 2290     |
|    total_timesteps | 267963   |
| train/             |          |
|    actor_loss      | -200     |
|    critic_loss     | 13.9     |
|    ent_coef        | 0.127    |
|    ent_coef_loss   | -1.05    |
|    learning_rate   | 0.0003   |
|    n_updates       | 257962   |
---------------------------------
---------------------------------
| rollout/           |          |
|    ep_len_mean     | 200      |
|    ep_rew_mean     | 458      |
|    success_rate    | 0.01     |
| time/              |          |
|    episodes        | 1344     |
|    fps             | 116      |
|    time_elapsed    | 2297     |
|    total_timesteps | 268763   |
| train/             |          |
|    actor_loss      | -204     |
|    critic_loss     | 51       |
|    ent_coef        | 0.124    |
|    ent_coef_loss   | -0.633   |
|    learning_rate   | 0.0003   |
|    n_updates       | 258762   |
---------------------------------
---------------------------------
| rollout/           |          |
|    ep_len_mean     | 200      |
|    ep_rew_mean     | 463      |
|    success_rate    | 0.01     |
| time/              |          |
|    episodes        | 1348     |
|    fps             | 116      |
|    time_elapsed    | 2304     |
|    total_timesteps | 269563   |
| train/             |          |
|    actor_loss      | -198     |
|    critic_loss     | 63.9     |
|    ent_coef        | 0.123    |
|    ent_coef_loss   | 0.36     |
|    learning_rate   | 0.0003   |
|    n_updates       | 259562   |
---------------------------------
---------------------------------
| rollout/           |          |
|    ep_len_mean     | 200      |
|    ep_rew_mean     | 459      |
|    success_rate    | 0        |
| time/              |          |
|    episodes        | 1352     |
|    fps             | 116      |
|    time_elapsed    | 2311     |
|    total_timesteps | 270363   |
| train/             |          |
|    actor_loss      | -206     |
|    critic_loss     | 40       |
|    ent_coef        | 0.125    |
|    ent_coef_loss   | -0.13    |
|    learning_rate   | 0.0003   |
|    n_updates       | 260362   |
---------------------------------
---------------------------------
| rollout/           |          |
|    ep_len_mean     | 200      |
|    ep_rew_mean     | 463      |
|    success_rate    | 0        |
| time/              |          |
|    episodes        | 1356     |
|    fps             | 116      |
|    time_elapsed    | 2318     |
|    total_timesteps | 271163   |
| train/             |          |
|    actor_loss      | -207     |
|    critic_loss     | 177      |
|    ent_coef        | 0.126    |
|    ent_coef_loss   | -0.495   |
|    learning_rate   | 0.0003   |
|    n_updates       | 261162   |
---------------------------------
---------------------------------
| rollout/           |          |
|    ep_len_mean     | 200      |
|    ep_rew_mean     | 465      |
|    success_rate    | 0        |
| time/              |          |
|    episodes        | 1360     |
|    fps             | 116      |
|    time_elapsed    | 2325     |
|    total_timesteps | 271963   |
| train/             |          |
|    actor_loss      | -197     |
|    critic_loss     | 34       |
|    ent_coef        | 0.129    |
|    ent_coef_loss   | 0.928    |
|    learning_rate   | 0.0003   |
|    n_updates       | 261962   |
---------------------------------
---------------------------------
| rollout/           |          |
|    ep_len_mean     | 200      |
|    ep_rew_mean     | 473      |
|    success_rate    | 0        |
| time/              |          |
|    episodes        | 1364     |
|    fps             | 116      |
|    time_elapsed    | 2332     |
|    total_timesteps | 272763   |
| train/             |          |
|    actor_loss      | -211     |
|    critic_loss     | 33.3     |
|    ent_coef        | 0.125    |
|    ent_coef_loss   | 0.27     |
|    learning_rate   | 0.0003   |
|    n_updates       | 262762   |
---------------------------------
---------------------------------
| rollout/           |          |
|    ep_len_mean     | 200      |
|    ep_rew_mean     | 488      |
|    success_rate    | 0        |
| time/              |          |
|    episodes        | 1368     |
|    fps             | 116      |
|    time_elapsed    | 2339     |
|    total_timesteps | 273563   |
| train/             |          |
|    actor_loss      | -205     |
|    critic_loss     | 48.2     |
|    ent_coef        | 0.125    |
|    ent_coef_loss   | -0.92    |
|    learning_rate   | 0.0003   |
|    n_updates       | 263562   |
---------------------------------
---------------------------------
| rollout/           |          |
|    ep_len_mean     | 200      |
|    ep_rew_mean     | 485      |
|    success_rate    | 0        |
| time/              |          |
|    episodes        | 1372     |
|    fps             | 116      |
|    time_elapsed    | 2346     |
|    total_timesteps | 274363   |
| train/             |          |
|    actor_loss      | -213     |
|    critic_loss     | 60       |
|    ent_coef        | 0.121    |
|    ent_coef_loss   | 0.841    |
|    learning_rate   | 0.0003   |
|    n_updates       | 264362   |
---------------------------------
Eval num_timesteps=275000, episode_reward=406.98 +/- 302.45
Episode length: 200.00 +/- 0.00
Success rate: 0.00%
---------------------------------
| eval/              |          |
|    mean_ep_length  | 200      |
|    mean_reward     | 407      |
|    success_rate    | 0        |
| time/              |          |
|    total_timesteps | 275000   |
| train/             |          |
|    actor_loss      | -201     |
|    critic_loss     | 59.5     |
|    ent_coef        | 0.121    |
|    ent_coef_loss   | -0.32    |
|    learning_rate   | 0.0003   |
|    n_updates       | 264999   |
---------------------------------
---------------------------------
| rollout/           |          |
|    ep_len_mean     | 200      |
|    ep_rew_mean     | 494      |
|    success_rate    | 0        |
| time/              |          |
|    episodes        | 1376     |
|    fps             | 116      |
|    time_elapsed    | 2354     |
|    total_timesteps | 275163   |
| train/             |          |
|    actor_loss      | -208     |
|    critic_loss     | 40.7     |
|    ent_coef        | 0.119    |
|    ent_coef_loss   | 0.416    |
|    learning_rate   | 0.0003   |
|    n_updates       | 265162   |
---------------------------------
---------------------------------
| rollout/           |          |
|    ep_len_mean     | 200      |
|    ep_rew_mean     | 489      |
|    success_rate    | 0        |
| time/              |          |
|    episodes        | 1380     |
|    fps             | 116      |
|    time_elapsed    | 2361     |
|    total_timesteps | 275963   |
| train/             |          |
|    actor_loss      | -207     |
|    critic_loss     | 27       |
|    ent_coef        | 0.124    |
|    ent_coef_loss   | 1.62     |
|    learning_rate   | 0.0003   |
|    n_updates       | 265962   |
---------------------------------
---------------------------------
| rollout/           |          |
|    ep_len_mean     | 200      |
|    ep_rew_mean     | 500      |
|    success_rate    | 0        |
| time/              |          |
|    episodes        | 1384     |
|    fps             | 116      |
|    time_elapsed    | 2368     |
|    total_timesteps | 276763   |
| train/             |          |
|    actor_loss      | -203     |
|    critic_loss     | 54.5     |
|    ent_coef        | 0.123    |
|    ent_coef_loss   | 0.532    |
|    learning_rate   | 0.0003   |
|    n_updates       | 266762   |
---------------------------------
---------------------------------
| rollout/           |          |
|    ep_len_mean     | 200      |
|    ep_rew_mean     | 494      |
|    success_rate    | 0        |
| time/              |          |
|    episodes        | 1388     |
|    fps             | 116      |
|    time_elapsed    | 2375     |
|    total_timesteps | 277563   |
| train/             |          |
|    actor_loss      | -210     |
|    critic_loss     | 41.8     |
|    ent_coef        | 0.126    |
|    ent_coef_loss   | 0.105    |
|    learning_rate   | 0.0003   |
|    n_updates       | 267562   |
---------------------------------
---------------------------------
| rollout/           |          |
|    ep_len_mean     | 200      |
|    ep_rew_mean     | 523      |
|    success_rate    | 0        |
| time/              |          |
|    episodes        | 1392     |
|    fps             | 116      |
|    time_elapsed    | 2382     |
|    total_timesteps | 278363   |
| train/             |          |
|    actor_loss      | -217     |
|    critic_loss     | 18.3     |
|    ent_coef        | 0.126    |
|    ent_coef_loss   | -0.168   |
|    learning_rate   | 0.0003   |
|    n_updates       | 268362   |
---------------------------------
---------------------------------
| rollout/           |          |
|    ep_len_mean     | 200      |
|    ep_rew_mean     | 530      |
|    success_rate    | 0        |
| time/              |          |
|    episodes        | 1396     |
|    fps             | 116      |
|    time_elapsed    | 2389     |
|    total_timesteps | 279163   |
| train/             |          |
|    actor_loss      | -209     |
|    critic_loss     | 26.1     |
|    ent_coef        | 0.127    |
|    ent_coef_loss   | -0.446   |
|    learning_rate   | 0.0003   |
|    n_updates       | 269162   |
---------------------------------
---------------------------------
| rollout/           |          |
|    ep_len_mean     | 200      |
|    ep_rew_mean     | 521      |
|    success_rate    | 0        |
| time/              |          |
|    episodes        | 1400     |
|    fps             | 116      |
|    time_elapsed    | 2397     |
|    total_timesteps | 279963   |
| train/             |          |
|    actor_loss      | -219     |
|    critic_loss     | 19.1     |
|    ent_coef        | 0.122    |
|    ent_coef_loss   | -1.03    |
|    learning_rate   | 0.0003   |
|    n_updates       | 269962   |
---------------------------------
---------------------------------
| rollout/           |          |
|    ep_len_mean     | 200      |
|    ep_rew_mean     | 531      |
|    success_rate    | 0        |
| time/              |          |
|    episodes        | 1404     |
|    fps             | 116      |
|    time_elapsed    | 2403     |
|    total_timesteps | 280763   |
| train/             |          |
|    actor_loss      | -215     |
|    critic_loss     | 41.2     |
|    ent_coef        | 0.125    |
|    ent_coef_loss   | 1.19     |
|    learning_rate   | 0.0003   |
|    n_updates       | 270762   |
---------------------------------
---------------------------------
| rollout/           |          |
|    ep_len_mean     | 200      |
|    ep_rew_mean     | 530      |
|    success_rate    | 0        |
| time/              |          |
|    episodes        | 1408     |
|    fps             | 116      |
|    time_elapsed    | 2410     |
|    total_timesteps | 281563   |
| train/             |          |
|    actor_loss      | -205     |
|    critic_loss     | 17.2     |
|    ent_coef        | 0.126    |
|    ent_coef_loss   | -0.752   |
|    learning_rate   | 0.0003   |
|    n_updates       | 271562   |
---------------------------------
---------------------------------
| rollout/           |          |
|    ep_len_mean     | 200      |
|    ep_rew_mean     | 541      |
|    success_rate    | 0        |
| time/              |          |
|    episodes        | 1412     |
|    fps             | 116      |
|    time_elapsed    | 2417     |
|    total_timesteps | 282363   |
| train/             |          |
|    actor_loss      | -205     |
|    critic_loss     | 33.2     |
|    ent_coef        | 0.126    |
|    ent_coef_loss   | 0.204    |
|    learning_rate   | 0.0003   |
|    n_updates       | 272362   |
---------------------------------
---------------------------------
| rollout/           |          |
|    ep_len_mean     | 200      |
|    ep_rew_mean     | 551      |
|    success_rate    | 0        |
| time/              |          |
|    episodes        | 1416     |
|    fps             | 116      |
|    time_elapsed    | 2424     |
|    total_timesteps | 283163   |
| train/             |          |
|    actor_loss      | -206     |
|    critic_loss     | 116      |
|    ent_coef        | 0.135    |
|    ent_coef_loss   | -1.3     |
|    learning_rate   | 0.0003   |
|    n_updates       | 273162   |
---------------------------------
---------------------------------
| rollout/           |          |
|    ep_len_mean     | 200      |
|    ep_rew_mean     | 559      |
|    success_rate    | 0        |
| time/              |          |
|    episodes        | 1420     |
|    fps             | 116      |
|    time_elapsed    | 2431     |
|    total_timesteps | 283963   |
| train/             |          |
|    actor_loss      | -208     |
|    critic_loss     | 41.3     |
|    ent_coef        | 0.134    |
|    ent_coef_loss   | -1.63    |
|    learning_rate   | 0.0003   |
|    n_updates       | 273962   |
---------------------------------
---------------------------------
| rollout/           |          |
|    ep_len_mean     | 200      |
|    ep_rew_mean     | 554      |
|    success_rate    | 0        |
| time/              |          |
|    episodes        | 1424     |
|    fps             | 116      |
|    time_elapsed    | 2437     |
|    total_timesteps | 284763   |
| train/             |          |
|    actor_loss      | -201     |
|    critic_loss     | 51.5     |
|    ent_coef        | 0.124    |
|    ent_coef_loss   | 0.884    |
|    learning_rate   | 0.0003   |
|    n_updates       | 274762   |
---------------------------------
---------------------------------
| rollout/           |          |
|    ep_len_mean     | 200      |
|    ep_rew_mean     | 559      |
|    success_rate    | 0        |
| time/              |          |
|    episodes        | 1428     |
|    fps             | 116      |
|    time_elapsed    | 2444     |
|    total_timesteps | 285563   |
| train/             |          |
|    actor_loss      | -214     |
|    critic_loss     | 9.28     |
|    ent_coef        | 0.102    |
|    ent_coef_loss   | -0.929   |
|    learning_rate   | 0.0003   |
|    n_updates       | 275562   |
---------------------------------
---------------------------------
| rollout/           |          |
|    ep_len_mean     | 200      |
|    ep_rew_mean     | 559      |
|    success_rate    | 0        |
| time/              |          |
|    episodes        | 1432     |
|    fps             | 116      |
|    time_elapsed    | 2451     |
|    total_timesteps | 286363   |
| train/             |          |
|    actor_loss      | -208     |
|    critic_loss     | 14.1     |
|    ent_coef        | 0.105    |
|    ent_coef_loss   | 0.996    |
|    learning_rate   | 0.0003   |
|    n_updates       | 276362   |
---------------------------------
---------------------------------
| rollout/           |          |
|    ep_len_mean     | 200      |
|    ep_rew_mean     | 568      |
|    success_rate    | 0        |
| time/              |          |
|    episodes        | 1436     |
|    fps             | 116      |
|    time_elapsed    | 2458     |
|    total_timesteps | 287163   |
| train/             |          |
|    actor_loss      | -217     |
|    critic_loss     | 101      |
|    ent_coef        | 0.106    |
|    ent_coef_loss   | -0.398   |
|    learning_rate   | 0.0003   |
|    n_updates       | 277162   |
---------------------------------
---------------------------------
| rollout/           |          |
|    ep_len_mean     | 200      |
|    ep_rew_mean     | 578      |
|    success_rate    | 0        |
| time/              |          |
|    episodes        | 1440     |
|    fps             | 116      |
|    time_elapsed    | 2465     |
|    total_timesteps | 287963   |
| train/             |          |
|    actor_loss      | -200     |
|    critic_loss     | 20.6     |
|    ent_coef        | 0.11     |
|    ent_coef_loss   | 0.344    |
|    learning_rate   | 0.0003   |
|    n_updates       | 277962   |
---------------------------------
---------------------------------
| rollout/           |          |
|    ep_len_mean     | 200      |
|    ep_rew_mean     | 583      |
|    success_rate    | 0        |
| time/              |          |
|    episodes        | 1444     |
|    fps             | 116      |
|    time_elapsed    | 2472     |
|    total_timesteps | 288763   |
| train/             |          |
|    actor_loss      | -212     |
|    critic_loss     | 18.7     |
|    ent_coef        | 0.111    |
|    ent_coef_loss   | 0.0977   |
|    learning_rate   | 0.0003   |
|    n_updates       | 278762   |
---------------------------------
---------------------------------
| rollout/           |          |
|    ep_len_mean     | 200      |
|    ep_rew_mean     | 592      |
|    success_rate    | 0        |
| time/              |          |
|    episodes        | 1448     |
|    fps             | 116      |
|    time_elapsed    | 2479     |
|    total_timesteps | 289563   |
| train/             |          |
|    actor_loss      | -216     |
|    critic_loss     | 8.63     |
|    ent_coef        | 0.101    |
|    ent_coef_loss   | -1.28    |
|    learning_rate   | 0.0003   |
|    n_updates       | 279562   |
---------------------------------
---------------------------------
| rollout/           |          |
|    ep_len_mean     | 200      |
|    ep_rew_mean     | 602      |
|    success_rate    | 0        |
| time/              |          |
|    episodes        | 1452     |
|    fps             | 116      |
|    time_elapsed    | 2485     |
|    total_timesteps | 290363   |
| train/             |          |
|    actor_loss      | -213     |
|    critic_loss     | 41.5     |
|    ent_coef        | 0.102    |
|    ent_coef_loss   | 0.043    |
|    learning_rate   | 0.0003   |
|    n_updates       | 280362   |
---------------------------------
---------------------------------
| rollout/           |          |
|    ep_len_mean     | 200      |
|    ep_rew_mean     | 611      |
|    success_rate    | 0        |
| time/              |          |
|    episodes        | 1456     |
|    fps             | 116      |
|    time_elapsed    | 2492     |
|    total_timesteps | 291163   |
| train/             |          |
|    actor_loss      | -212     |
|    critic_loss     | 40.6     |
|    ent_coef        | 0.104    |
|    ent_coef_loss   | 0.083    |
|    learning_rate   | 0.0003   |
|    n_updates       | 281162   |
---------------------------------
---------------------------------
| rollout/           |          |
|    ep_len_mean     | 200      |
|    ep_rew_mean     | 619      |
|    success_rate    | 0        |
| time/              |          |
|    episodes        | 1460     |
|    fps             | 116      |
|    time_elapsed    | 2499     |
|    total_timesteps | 291963   |
| train/             |          |
|    actor_loss      | -214     |
|    critic_loss     | 57.9     |
|    ent_coef        | 0.104    |
|    ent_coef_loss   | 0.501    |
|    learning_rate   | 0.0003   |
|    n_updates       | 281962   |
---------------------------------
---------------------------------
| rollout/           |          |
|    ep_len_mean     | 200      |
|    ep_rew_mean     | 602      |
|    success_rate    | 0        |
| time/              |          |
|    episodes        | 1464     |
|    fps             | 116      |
|    time_elapsed    | 2506     |
|    total_timesteps | 292763   |
| train/             |          |
|    actor_loss      | -213     |
|    critic_loss     | 19.6     |
|    ent_coef        | 0.105    |
|    ent_coef_loss   | 0.337    |
|    learning_rate   | 0.0003   |
|    n_updates       | 282762   |
---------------------------------
---------------------------------
| rollout/           |          |
|    ep_len_mean     | 200      |
|    ep_rew_mean     | 597      |
|    success_rate    | 0        |
| time/              |          |
|    episodes        | 1468     |
|    fps             | 116      |
|    time_elapsed    | 2512     |
|    total_timesteps | 293563   |
| train/             |          |
|    actor_loss      | -222     |
|    critic_loss     | 69.8     |
|    ent_coef        | 0.105    |
|    ent_coef_loss   | -0.225   |
|    learning_rate   | 0.0003   |
|    n_updates       | 283562   |
---------------------------------
---------------------------------
| rollout/           |          |
|    ep_len_mean     | 200      |
|    ep_rew_mean     | 591      |
|    success_rate    | 0        |
| time/              |          |
|    episodes        | 1472     |
|    fps             | 116      |
|    time_elapsed    | 2520     |
|    total_timesteps | 294363   |
| train/             |          |
|    actor_loss      | -206     |
|    critic_loss     | 31.2     |
|    ent_coef        | 0.109    |
|    ent_coef_loss   | 0.462    |
|    learning_rate   | 0.0003   |
|    n_updates       | 284362   |
---------------------------------
---------------------------------
| rollout/           |          |
|    ep_len_mean     | 199      |
|    ep_rew_mean     | 599      |
|    success_rate    | 0.01     |
| time/              |          |
|    episodes        | 1476     |
|    fps             | 116      |
|    time_elapsed    | 2527     |
|    total_timesteps | 295069   |
| train/             |          |
|    actor_loss      | -222     |
|    critic_loss     | 53.4     |
|    ent_coef        | 0.11     |
|    ent_coef_loss   | 0.0809   |
|    learning_rate   | 0.0003   |
|    n_updates       | 285068   |
---------------------------------
---------------------------------
| rollout/           |          |
|    ep_len_mean     | 199      |
|    ep_rew_mean     | 600      |
|    success_rate    | 0.01     |
| time/              |          |
|    episodes        | 1480     |
|    fps             | 116      |
|    time_elapsed    | 2534     |
|    total_timesteps | 295869   |
| train/             |          |
|    actor_loss      | -222     |
|    critic_loss     | 58.7     |
|    ent_coef        | 0.108    |
|    ent_coef_loss   | 0.763    |
|    learning_rate   | 0.0003   |
|    n_updates       | 285868   |
---------------------------------
---------------------------------
| rollout/           |          |
|    ep_len_mean     | 199      |
|    ep_rew_mean     | 606      |
|    success_rate    | 0.01     |
| time/              |          |
|    episodes        | 1484     |
|    fps             | 116      |
|    time_elapsed    | 2542     |
|    total_timesteps | 296669   |
| train/             |          |
|    actor_loss      | -214     |
|    critic_loss     | 25.8     |
|    ent_coef        | 0.12     |
|    ent_coef_loss   | 0.255    |
|    learning_rate   | 0.0003   |
|    n_updates       | 286668   |
---------------------------------
---------------------------------
| rollout/           |          |
|    ep_len_mean     | 199      |
|    ep_rew_mean     | 626      |
|    success_rate    | 0.01     |
| time/              |          |
|    episodes        | 1488     |
|    fps             | 116      |
|    time_elapsed    | 2550     |
|    total_timesteps | 297469   |
| train/             |          |
|    actor_loss      | -228     |
|    critic_loss     | 52.4     |
|    ent_coef        | 0.116    |
|    ent_coef_loss   | 0.558    |
|    learning_rate   | 0.0003   |
|    n_updates       | 287468   |
---------------------------------
---------------------------------
| rollout/           |          |
|    ep_len_mean     | 199      |
|    ep_rew_mean     | 623      |
|    success_rate    | 0.01     |
| time/              |          |
|    episodes        | 1492     |
|    fps             | 116      |
|    time_elapsed    | 2557     |
|    total_timesteps | 298269   |
| train/             |          |
|    actor_loss      | -214     |
|    critic_loss     | 73       |
|    ent_coef        | 0.119    |
|    ent_coef_loss   | -0.0266  |
|    learning_rate   | 0.0003   |
|    n_updates       | 288268   |
---------------------------------
---------------------------------
| rollout/           |          |
|    ep_len_mean     | 199      |
|    ep_rew_mean     | 620      |
|    success_rate    | 0.01     |
| time/              |          |
|    episodes        | 1496     |
|    fps             | 116      |
|    time_elapsed    | 2565     |
|    total_timesteps | 299069   |
| train/             |          |
|    actor_loss      | -217     |
|    critic_loss     | 13.2     |
|    ent_coef        | 0.119    |
|    ent_coef_loss   | 0.887    |
|    learning_rate   | 0.0003   |
|    n_updates       | 289068   |
---------------------------------
---------------------------------
| rollout/           |          |
|    ep_len_mean     | 199      |
|    ep_rew_mean     | 627      |
|    success_rate    | 0.01     |
| time/              |          |
|    episodes        | 1500     |
|    fps             | 116      |
|    time_elapsed    | 2572     |
|    total_timesteps | 299869   |
| train/             |          |
|    actor_loss      | -224     |
|    critic_loss     | 18.9     |
|    ent_coef        | 0.126    |
|    ent_coef_loss   | 0.0119   |
|    learning_rate   | 0.0003   |
|    n_updates       | 289868   |
---------------------------------
Eval num_timesteps=300000, episode_reward=238.43 +/- 240.00
Episode length: 200.00 +/- 0.00
Success rate: 0.00%
---------------------------------
| eval/              |          |
|    mean_ep_length  | 200      |
|    mean_reward     | 238      |
|    success_rate    | 0        |
| time/              |          |
|    total_timesteps | 300000   |
| train/             |          |
|    actor_loss      | -225     |
|    critic_loss     | 20.4     |
|    ent_coef        | 0.127    |
|    ent_coef_loss   | 0.95     |
|    learning_rate   | 0.0003   |
|    n_updates       | 289999   |
---------------------------------
---------------------------------
| rollout/           |          |
|    ep_len_mean     | 199      |
|    ep_rew_mean     | 624      |
|    success_rate    | 0.01     |
| time/              |          |
|    episodes        | 1504     |
|    fps             | 116      |
|    time_elapsed    | 2581     |
|    total_timesteps | 300669   |
| train/             |          |
|    actor_loss      | -219     |
|    critic_loss     | 37.8     |
|    ent_coef        | 0.134    |
|    ent_coef_loss   | -0.434   |
|    learning_rate   | 0.0003   |
|    n_updates       | 290668   |
---------------------------------
---------------------------------
| rollout/           |          |
|    ep_len_mean     | 199      |
|    ep_rew_mean     | 621      |
|    success_rate    | 0.01     |
| time/              |          |
|    episodes        | 1508     |
|    fps             | 116      |
|    time_elapsed    | 2588     |
|    total_timesteps | 301469   |
| train/             |          |
|    actor_loss      | -229     |
|    critic_loss     | 24.3     |
|    ent_coef        | 0.129    |
|    ent_coef_loss   | -0.649   |
|    learning_rate   | 0.0003   |
|    n_updates       | 291468   |
---------------------------------
---------------------------------
| rollout/           |          |
|    ep_len_mean     | 199      |
|    ep_rew_mean     | 610      |
|    success_rate    | 0.01     |
| time/              |          |
|    episodes        | 1512     |
|    fps             | 116      |
|    time_elapsed    | 2595     |
|    total_timesteps | 302269   |
| train/             |          |
|    actor_loss      | -222     |
|    critic_loss     | 28.3     |
|    ent_coef        | 0.126    |
|    ent_coef_loss   | -0.843   |
|    learning_rate   | 0.0003   |
|    n_updates       | 292268   |
---------------------------------
---------------------------------
| rollout/           |          |
|    ep_len_mean     | 198      |
|    ep_rew_mean     | 615      |
|    success_rate    | 0.02     |
| time/              |          |
|    episodes        | 1516     |
|    fps             | 116      |
|    time_elapsed    | 2602     |
|    total_timesteps | 303006   |
| train/             |          |
|    actor_loss      | -226     |
|    critic_loss     | 29.9     |
|    ent_coef        | 0.124    |
|    ent_coef_loss   | -0.15    |
|    learning_rate   | 0.0003   |
|    n_updates       | 293005   |
---------------------------------
---------------------------------
| rollout/           |          |
|    ep_len_mean     | 198      |
|    ep_rew_mean     | 601      |
|    success_rate    | 0.02     |
| time/              |          |
|    episodes        | 1520     |
|    fps             | 116      |
|    time_elapsed    | 2609     |
|    total_timesteps | 303806   |
| train/             |          |
|    actor_loss      | -224     |
|    critic_loss     | 30.5     |
|    ent_coef        | 0.116    |
|    ent_coef_loss   | -0.198   |
|    learning_rate   | 0.0003   |
|    n_updates       | 293805   |
---------------------------------
---------------------------------
| rollout/           |          |
|    ep_len_mean     | 198      |
|    ep_rew_mean     | 608      |
|    success_rate    | 0.02     |
| time/              |          |
|    episodes        | 1524     |
|    fps             | 116      |
|    time_elapsed    | 2620     |
|    total_timesteps | 304606   |
| train/             |          |
|    actor_loss      | -230     |
|    critic_loss     | 33.2     |
|    ent_coef        | 0.124    |
|    ent_coef_loss   | 0.253    |
|    learning_rate   | 0.0003   |
|    n_updates       | 294605   |
---------------------------------
---------------------------------
| rollout/           |          |
|    ep_len_mean     | 198      |
|    ep_rew_mean     | 615      |
|    success_rate    | 0.02     |
| time/              |          |
|    episodes        | 1528     |
|    fps             | 116      |
|    time_elapsed    | 2628     |
|    total_timesteps | 305406   |
| train/             |          |
|    actor_loss      | -236     |
|    critic_loss     | 80.8     |
|    ent_coef        | 0.119    |
|    ent_coef_loss   | 0.357    |
|    learning_rate   | 0.0003   |
|    n_updates       | 295405   |
---------------------------------
---------------------------------
| rollout/           |          |
|    ep_len_mean     | 198      |
|    ep_rew_mean     | 616      |
|    success_rate    | 0.02     |
| time/              |          |
|    episodes        | 1532     |
|    fps             | 116      |
|    time_elapsed    | 2635     |
|    total_timesteps | 306206   |
| train/             |          |
|    actor_loss      | -231     |
|    critic_loss     | 50.3     |
|    ent_coef        | 0.129    |
|    ent_coef_loss   | 0.679    |
|    learning_rate   | 0.0003   |
|    n_updates       | 296205   |
---------------------------------
---------------------------------
| rollout/           |          |
|    ep_len_mean     | 198      |
|    ep_rew_mean     | 627      |
|    success_rate    | 0.02     |
| time/              |          |
|    episodes        | 1536     |
|    fps             | 116      |
|    time_elapsed    | 2643     |
|    total_timesteps | 307006   |
| train/             |          |
|    actor_loss      | -222     |
|    critic_loss     | 28.5     |
|    ent_coef        | 0.12     |
|    ent_coef_loss   | 0.166    |
|    learning_rate   | 0.0003   |
|    n_updates       | 297005   |
---------------------------------
---------------------------------
| rollout/           |          |
|    ep_len_mean     | 198      |
|    ep_rew_mean     | 618      |
|    success_rate    | 0.02     |
| time/              |          |
|    episodes        | 1540     |
|    fps             | 116      |
|    time_elapsed    | 2650     |
|    total_timesteps | 307806   |
| train/             |          |
|    actor_loss      | -241     |
|    critic_loss     | 30.8     |
|    ent_coef        | 0.125    |
|    ent_coef_loss   | 0.505    |
|    learning_rate   | 0.0003   |
|    n_updates       | 297805   |
---------------------------------
---------------------------------
| rollout/           |          |
|    ep_len_mean     | 198      |
|    ep_rew_mean     | 626      |
|    success_rate    | 0.02     |
| time/              |          |
|    episodes        | 1544     |
|    fps             | 116      |
|    time_elapsed    | 2657     |
|    total_timesteps | 308606   |
| train/             |          |
|    actor_loss      | -232     |
|    critic_loss     | 12.5     |
|    ent_coef        | 0.13     |
|    ent_coef_loss   | -0.146   |
|    learning_rate   | 0.0003   |
|    n_updates       | 298605   |
---------------------------------
---------------------------------
| rollout/           |          |
|    ep_len_mean     | 198      |
|    ep_rew_mean     | 627      |
|    success_rate    | 0.02     |
| time/              |          |
|    episodes        | 1548     |
|    fps             | 116      |
|    time_elapsed    | 2665     |
|    total_timesteps | 309406   |
| train/             |          |
|    actor_loss      | -224     |
|    critic_loss     | 36.7     |
|    ent_coef        | 0.124    |
|    ent_coef_loss   | 0.58     |
|    learning_rate   | 0.0003   |
|    n_updates       | 299405   |
---------------------------------
---------------------------------
| rollout/           |          |
|    ep_len_mean     | 198      |
|    ep_rew_mean     | 623      |
|    success_rate    | 0.02     |
| time/              |          |
|    episodes        | 1552     |
|    fps             | 116      |
|    time_elapsed    | 2672     |
|    total_timesteps | 310206   |
| train/             |          |
|    actor_loss      | -229     |
|    critic_loss     | 41.2     |
|    ent_coef        | 0.126    |
|    ent_coef_loss   | -0.098   |
|    learning_rate   | 0.0003   |
|    n_updates       | 300205   |
---------------------------------
---------------------------------
| rollout/           |          |
|    ep_len_mean     | 198      |
|    ep_rew_mean     | 632      |
|    success_rate    | 0.02     |
| time/              |          |
|    episodes        | 1556     |
|    fps             | 115      |
|    time_elapsed    | 2681     |
|    total_timesteps | 311006   |
| train/             |          |
|    actor_loss      | -233     |
|    critic_loss     | 112      |
|    ent_coef        | 0.117    |
|    ent_coef_loss   | 0.41     |
|    learning_rate   | 0.0003   |
|    n_updates       | 301005   |
---------------------------------
---------------------------------
| rollout/           |          |
|    ep_len_mean     | 198      |
|    ep_rew_mean     | 636      |
|    success_rate    | 0.02     |
| time/              |          |
|    episodes        | 1560     |
|    fps             | 115      |
|    time_elapsed    | 2688     |
|    total_timesteps | 311806   |
| train/             |          |
|    actor_loss      | -225     |
|    critic_loss     | 38.7     |
|    ent_coef        | 0.114    |
|    ent_coef_loss   | -0.838   |
|    learning_rate   | 0.0003   |
|    n_updates       | 301805   |
---------------------------------
---------------------------------
| rollout/           |          |
|    ep_len_mean     | 198      |
|    ep_rew_mean     | 658      |
|    success_rate    | 0.02     |
| time/              |          |
|    episodes        | 1564     |
|    fps             | 115      |
|    time_elapsed    | 2696     |
|    total_timesteps | 312606   |
| train/             |          |
|    actor_loss      | -224     |
|    critic_loss     | 18.6     |
|    ent_coef        | 0.114    |
|    ent_coef_loss   | 0.278    |
|    learning_rate   | 0.0003   |
|    n_updates       | 302605   |
---------------------------------
---------------------------------
| rollout/           |          |
|    ep_len_mean     | 198      |
|    ep_rew_mean     | 666      |
|    success_rate    | 0.02     |
| time/              |          |
|    episodes        | 1568     |
|    fps             | 115      |
|    time_elapsed    | 2703     |
|    total_timesteps | 313406   |
| train/             |          |
|    actor_loss      | -236     |
|    critic_loss     | 90.9     |
|    ent_coef        | 0.115    |
|    ent_coef_loss   | -0.21    |
|    learning_rate   | 0.0003   |
|    n_updates       | 303405   |
---------------------------------
---------------------------------
| rollout/           |          |
|    ep_len_mean     | 198      |
|    ep_rew_mean     | 677      |
|    success_rate    | 0.02     |
| time/              |          |
|    episodes        | 1572     |
|    fps             | 115      |
|    time_elapsed    | 2711     |
|    total_timesteps | 314206   |
| train/             |          |
|    actor_loss      | -237     |
|    critic_loss     | 56       |
|    ent_coef        | 0.112    |
|    ent_coef_loss   | 0.655    |
|    learning_rate   | 0.0003   |
|    n_updates       | 304205   |
---------------------------------
---------------------------------
| rollout/           |          |
|    ep_len_mean     | 199      |
|    ep_rew_mean     | 669      |
|    success_rate    | 0.01     |
| time/              |          |
|    episodes        | 1576     |
|    fps             | 115      |
|    time_elapsed    | 2718     |
|    total_timesteps | 315006   |
| train/             |          |
|    actor_loss      | -238     |
|    critic_loss     | 35.3     |
|    ent_coef        | 0.112    |
|    ent_coef_loss   | 0.577    |
|    learning_rate   | 0.0003   |
|    n_updates       | 305005   |
---------------------------------
---------------------------------
| rollout/           |          |
|    ep_len_mean     | 199      |
|    ep_rew_mean     | 670      |
|    success_rate    | 0.01     |
| time/              |          |
|    episodes        | 1580     |
|    fps             | 115      |
|    time_elapsed    | 2726     |
|    total_timesteps | 315806   |
| train/             |          |
|    actor_loss      | -236     |
|    critic_loss     | 23.9     |
|    ent_coef        | 0.113    |
|    ent_coef_loss   | -0.279   |
|    learning_rate   | 0.0003   |
|    n_updates       | 305805   |
---------------------------------
---------------------------------
| rollout/           |          |
|    ep_len_mean     | 199      |
|    ep_rew_mean     | 681      |
|    success_rate    | 0.01     |
| time/              |          |
|    episodes        | 1584     |
|    fps             | 115      |
|    time_elapsed    | 2734     |
|    total_timesteps | 316606   |
| train/             |          |
|    actor_loss      | -237     |
|    critic_loss     | 44.7     |
|    ent_coef        | 0.116    |
|    ent_coef_loss   | 0.215    |
|    learning_rate   | 0.0003   |
|    n_updates       | 306605   |
---------------------------------
---------------------------------
| rollout/           |          |
|    ep_len_mean     | 199      |
|    ep_rew_mean     | 680      |
|    success_rate    | 0.01     |
| time/              |          |
|    episodes        | 1588     |
|    fps             | 115      |
|    time_elapsed    | 2741     |
|    total_timesteps | 317406   |
| train/             |          |
|    actor_loss      | -231     |
|    critic_loss     | 23.3     |
|    ent_coef        | 0.116    |
|    ent_coef_loss   | 0.178    |
|    learning_rate   | 0.0003   |
|    n_updates       | 307405   |
---------------------------------
---------------------------------
| rollout/           |          |
|    ep_len_mean     | 199      |
|    ep_rew_mean     | 671      |
|    success_rate    | 0.01     |
| time/              |          |
|    episodes        | 1592     |
|    fps             | 115      |
|    time_elapsed    | 2749     |
|    total_timesteps | 318206   |
| train/             |          |
|    actor_loss      | -247     |
|    critic_loss     | 51.5     |
|    ent_coef        | 0.12     |
|    ent_coef_loss   | 0.932    |
|    learning_rate   | 0.0003   |
|    n_updates       | 308205   |
---------------------------------
---------------------------------
| rollout/           |          |
|    ep_len_mean     | 199      |
|    ep_rew_mean     | 678      |
|    success_rate    | 0.01     |
| time/              |          |
|    episodes        | 1596     |
|    fps             | 115      |
|    time_elapsed    | 2757     |
|    total_timesteps | 319006   |
| train/             |          |
|    actor_loss      | -235     |
|    critic_loss     | 37.2     |
|    ent_coef        | 0.122    |
|    ent_coef_loss   | 0.0632   |
|    learning_rate   | 0.0003   |
|    n_updates       | 309005   |
---------------------------------
---------------------------------
| rollout/           |          |
|    ep_len_mean     | 199      |
|    ep_rew_mean     | 689      |
|    success_rate    | 0.01     |
| time/              |          |
|    episodes        | 1600     |
|    fps             | 115      |
|    time_elapsed    | 2764     |
|    total_timesteps | 319806   |
| train/             |          |
|    actor_loss      | -252     |
|    critic_loss     | 47.1     |
|    ent_coef        | 0.123    |
|    ent_coef_loss   | 0.284    |
|    learning_rate   | 0.0003   |
|    n_updates       | 309805   |
---------------------------------
---------------------------------
| rollout/           |          |
|    ep_len_mean     | 199      |
|    ep_rew_mean     | 686      |
|    success_rate    | 0.01     |
| time/              |          |
|    episodes        | 1604     |
|    fps             | 115      |
|    time_elapsed    | 2772     |
|    total_timesteps | 320606   |
| train/             |          |
|    actor_loss      | -242     |
|    critic_loss     | 39.3     |
|    ent_coef        | 0.123    |
|    ent_coef_loss   | -0.141   |
|    learning_rate   | 0.0003   |
|    n_updates       | 310605   |
---------------------------------
---------------------------------
| rollout/           |          |
|    ep_len_mean     | 199      |
|    ep_rew_mean     | 695      |
|    success_rate    | 0.01     |
| time/              |          |
|    episodes        | 1608     |
|    fps             | 115      |
|    time_elapsed    | 2780     |
|    total_timesteps | 321406   |
| train/             |          |
|    actor_loss      | -250     |
|    critic_loss     | 50.3     |
|    ent_coef        | 0.128    |
|    ent_coef_loss   | -0.177   |
|    learning_rate   | 0.0003   |
|    n_updates       | 311405   |
---------------------------------
---------------------------------
| rollout/           |          |
|    ep_len_mean     | 199      |
|    ep_rew_mean     | 704      |
|    success_rate    | 0.01     |
| time/              |          |
|    episodes        | 1612     |
|    fps             | 115      |
|    time_elapsed    | 2787     |
|    total_timesteps | 322206   |
| train/             |          |
|    actor_loss      | -238     |
|    critic_loss     | 13.4     |
|    ent_coef        | 0.127    |
|    ent_coef_loss   | -0.453   |
|    learning_rate   | 0.0003   |
|    n_updates       | 312205   |
---------------------------------
---------------------------------
| rollout/           |          |
|    ep_len_mean     | 200      |
|    ep_rew_mean     | 698      |
|    success_rate    | 0        |
| time/              |          |
|    episodes        | 1616     |
|    fps             | 115      |
|    time_elapsed    | 2795     |
|    total_timesteps | 323006   |
| train/             |          |
|    actor_loss      | -265     |
|    critic_loss     | 27.9     |
|    ent_coef        | 0.128    |
|    ent_coef_loss   | -0.0496  |
|    learning_rate   | 0.0003   |
|    n_updates       | 313005   |
---------------------------------
---------------------------------
| rollout/           |          |
|    ep_len_mean     | 200      |
|    ep_rew_mean     | 707      |
|    success_rate    | 0        |
| time/              |          |
|    episodes        | 1620     |
|    fps             | 115      |
|    time_elapsed    | 2803     |
|    total_timesteps | 323806   |
| train/             |          |
|    actor_loss      | -243     |
|    critic_loss     | 38.7     |
|    ent_coef        | 0.134    |
|    ent_coef_loss   | -0.121   |
|    learning_rate   | 0.0003   |
|    n_updates       | 313805   |
---------------------------------
---------------------------------
| rollout/           |          |
|    ep_len_mean     | 200      |
|    ep_rew_mean     | 713      |
|    success_rate    | 0        |
| time/              |          |
|    episodes        | 1624     |
|    fps             | 115      |
|    time_elapsed    | 2810     |
|    total_timesteps | 324606   |
| train/             |          |
|    actor_loss      | -246     |
|    critic_loss     | 31.2     |
|    ent_coef        | 0.137    |
|    ent_coef_loss   | 0.18     |
|    learning_rate   | 0.0003   |
|    n_updates       | 314605   |
---------------------------------
Eval num_timesteps=325000, episode_reward=895.69 +/- 21.44
Episode length: 200.00 +/- 0.00
Success rate: 0.00%
---------------------------------
| eval/              |          |
|    mean_ep_length  | 200      |
|    mean_reward     | 896      |
|    success_rate    | 0        |
| time/              |          |
|    total_timesteps | 325000   |
| train/             |          |
|    actor_loss      | -243     |
|    critic_loss     | 112      |
|    ent_coef        | 0.134    |
|    ent_coef_loss   | -0.0485  |
|    learning_rate   | 0.0003   |
|    n_updates       | 314999   |
---------------------------------
---------------------------------
| rollout/           |          |
|    ep_len_mean     | 200      |
|    ep_rew_mean     | 725      |
|    success_rate    | 0        |
| time/              |          |
|    episodes        | 1628     |
|    fps             | 115      |
|    time_elapsed    | 2819     |
|    total_timesteps | 325406   |
| train/             |          |
|    actor_loss      | -242     |
|    critic_loss     | 53.7     |
|    ent_coef        | 0.141    |
|    ent_coef_loss   | 0.148    |
|    learning_rate   | 0.0003   |
|    n_updates       | 315405   |
---------------------------------
---------------------------------
| rollout/           |          |
|    ep_len_mean     | 200      |
|    ep_rew_mean     | 726      |
|    success_rate    | 0        |
| time/              |          |
|    episodes        | 1632     |
|    fps             | 115      |
|    time_elapsed    | 2827     |
|    total_timesteps | 326206   |
| train/             |          |
|    actor_loss      | -245     |
|    critic_loss     | 31.6     |
|    ent_coef        | 0.131    |
|    ent_coef_loss   | -0.631   |
|    learning_rate   | 0.0003   |
|    n_updates       | 316205   |
---------------------------------
---------------------------------
| rollout/           |          |
|    ep_len_mean     | 200      |
|    ep_rew_mean     | 729      |
|    success_rate    | 0        |
| time/              |          |
|    episodes        | 1636     |
|    fps             | 115      |
|    time_elapsed    | 2834     |
|    total_timesteps | 327006   |
| train/             |          |
|    actor_loss      | -253     |
|    critic_loss     | 66.4     |
|    ent_coef        | 0.132    |
|    ent_coef_loss   | -0.314   |
|    learning_rate   | 0.0003   |
|    n_updates       | 317005   |
---------------------------------
---------------------------------
| rollout/           |          |
|    ep_len_mean     | 200      |
|    ep_rew_mean     | 733      |
|    success_rate    | 0        |
| time/              |          |
|    episodes        | 1640     |
|    fps             | 115      |
|    time_elapsed    | 2842     |
|    total_timesteps | 327806   |
| train/             |          |
|    actor_loss      | -233     |
|    critic_loss     | 68.8     |
|    ent_coef        | 0.125    |
|    ent_coef_loss   | 0.299    |
|    learning_rate   | 0.0003   |
|    n_updates       | 317805   |
---------------------------------
---------------------------------
| rollout/           |          |
|    ep_len_mean     | 200      |
|    ep_rew_mean     | 742      |
|    success_rate    | 0        |
| time/              |          |
|    episodes        | 1644     |
|    fps             | 115      |
|    time_elapsed    | 2850     |
|    total_timesteps | 328606   |
| train/             |          |
|    actor_loss      | -247     |
|    critic_loss     | 26.8     |
|    ent_coef        | 0.134    |
|    ent_coef_loss   | 0.77     |
|    learning_rate   | 0.0003   |
|    n_updates       | 318605   |
---------------------------------
---------------------------------
| rollout/           |          |
|    ep_len_mean     | 200      |
|    ep_rew_mean     | 741      |
|    success_rate    | 0        |
| time/              |          |
|    episodes        | 1648     |
|    fps             | 115      |
|    time_elapsed    | 2858     |
|    total_timesteps | 329406   |
| train/             |          |
|    actor_loss      | -254     |
|    critic_loss     | 28.2     |
|    ent_coef        | 0.133    |
|    ent_coef_loss   | -0.0644  |
|    learning_rate   | 0.0003   |
|    n_updates       | 319405   |
---------------------------------
---------------------------------
| rollout/           |          |
|    ep_len_mean     | 200      |
|    ep_rew_mean     | 747      |
|    success_rate    | 0        |
| time/              |          |
|    episodes        | 1652     |
|    fps             | 115      |
|    time_elapsed    | 2865     |
|    total_timesteps | 330206   |
| train/             |          |
|    actor_loss      | -246     |
|    critic_loss     | 82.1     |
|    ent_coef        | 0.132    |
|    ent_coef_loss   | -0.0975  |
|    learning_rate   | 0.0003   |
|    n_updates       | 320205   |
---------------------------------
---------------------------------
| rollout/           |          |
|    ep_len_mean     | 200      |
|    ep_rew_mean     | 743      |
|    success_rate    | 0        |
| time/              |          |
|    episodes        | 1656     |
|    fps             | 115      |
|    time_elapsed    | 2873     |
|    total_timesteps | 331006   |
| train/             |          |
|    actor_loss      | -240     |
|    critic_loss     | 104      |
|    ent_coef        | 0.133    |
|    ent_coef_loss   | -0.179   |
|    learning_rate   | 0.0003   |
|    n_updates       | 321005   |
---------------------------------
---------------------------------
| rollout/           |          |
|    ep_len_mean     | 200      |
|    ep_rew_mean     | 747      |
|    success_rate    | 0        |
| time/              |          |
|    episodes        | 1660     |
|    fps             | 115      |
|    time_elapsed    | 2880     |
|    total_timesteps | 331806   |
| train/             |          |
|    actor_loss      | -243     |
|    critic_loss     | 34.5     |
|    ent_coef        | 0.135    |
|    ent_coef_loss   | 0.0879   |
|    learning_rate   | 0.0003   |
|    n_updates       | 321805   |
---------------------------------
---------------------------------
| rollout/           |          |
|    ep_len_mean     | 200      |
|    ep_rew_mean     | 742      |
|    success_rate    | 0        |
| time/              |          |
|    episodes        | 1664     |
|    fps             | 115      |
|    time_elapsed    | 2888     |
|    total_timesteps | 332606   |
| train/             |          |
|    actor_loss      | -250     |
|    critic_loss     | 147      |
|    ent_coef        | 0.129    |
|    ent_coef_loss   | 0.342    |
|    learning_rate   | 0.0003   |
|    n_updates       | 322605   |
---------------------------------
---------------------------------
| rollout/           |          |
|    ep_len_mean     | 200      |
|    ep_rew_mean     | 744      |
|    success_rate    | 0        |
| time/              |          |
|    episodes        | 1668     |
|    fps             | 115      |
|    time_elapsed    | 2896     |
|    total_timesteps | 333406   |
| train/             |          |
|    actor_loss      | -242     |
|    critic_loss     | 45.1     |
|    ent_coef        | 0.131    |
|    ent_coef_loss   | -0.454   |
|    learning_rate   | 0.0003   |
|    n_updates       | 323405   |
---------------------------------
---------------------------------
| rollout/           |          |
|    ep_len_mean     | 200      |
|    ep_rew_mean     | 737      |
|    success_rate    | 0        |
| time/              |          |
|    episodes        | 1672     |
|    fps             | 115      |
|    time_elapsed    | 2903     |
|    total_timesteps | 334206   |
| train/             |          |
|    actor_loss      | -230     |
|    critic_loss     | 29.9     |
|    ent_coef        | 0.13     |
|    ent_coef_loss   | 0.101    |
|    learning_rate   | 0.0003   |
|    n_updates       | 324205   |
---------------------------------
---------------------------------
| rollout/           |          |
|    ep_len_mean     | 200      |
|    ep_rew_mean     | 742      |
|    success_rate    | 0        |
| time/              |          |
|    episodes        | 1676     |
|    fps             | 115      |
|    time_elapsed    | 2911     |
|    total_timesteps | 335006   |
| train/             |          |
|    actor_loss      | -243     |
|    critic_loss     | 46       |
|    ent_coef        | 0.129    |
|    ent_coef_loss   | -0.447   |
|    learning_rate   | 0.0003   |
|    n_updates       | 325005   |
---------------------------------
---------------------------------
| rollout/           |          |
|    ep_len_mean     | 200      |
|    ep_rew_mean     | 740      |
|    success_rate    | 0        |
| time/              |          |
|    episodes        | 1680     |
|    fps             | 115      |
|    time_elapsed    | 2918     |
|    total_timesteps | 335806   |
| train/             |          |
|    actor_loss      | -255     |
|    critic_loss     | 15.9     |
|    ent_coef        | 0.133    |
|    ent_coef_loss   | -0.72    |
|    learning_rate   | 0.0003   |
|    n_updates       | 325805   |
---------------------------------
---------------------------------
| rollout/           |          |
|    ep_len_mean     | 200      |
|    ep_rew_mean     | 736      |
|    success_rate    | 0        |
| time/              |          |
|    episodes        | 1684     |
|    fps             | 115      |
|    time_elapsed    | 2926     |
|    total_timesteps | 336606   |
| train/             |          |
|    actor_loss      | -244     |
|    critic_loss     | 30.6     |
|    ent_coef        | 0.13     |
|    ent_coef_loss   | -0.0246  |
|    learning_rate   | 0.0003   |
|    n_updates       | 326605   |
---------------------------------
---------------------------------
| rollout/           |          |
|    ep_len_mean     | 200      |
|    ep_rew_mean     | 737      |
|    success_rate    | 0        |
| time/              |          |
|    episodes        | 1688     |
|    fps             | 114      |
|    time_elapsed    | 2934     |
|    total_timesteps | 337406   |
| train/             |          |
|    actor_loss      | -258     |
|    critic_loss     | 34.6     |
|    ent_coef        | 0.131    |
|    ent_coef_loss   | -0.194   |
|    learning_rate   | 0.0003   |
|    n_updates       | 327405   |
---------------------------------
---------------------------------
| rollout/           |          |
|    ep_len_mean     | 200      |
|    ep_rew_mean     | 742      |
|    success_rate    | 0        |
| time/              |          |
|    episodes        | 1692     |
|    fps             | 114      |
|    time_elapsed    | 2942     |
|    total_timesteps | 338206   |
| train/             |          |
|    actor_loss      | -255     |
|    critic_loss     | 25       |
|    ent_coef        | 0.136    |
|    ent_coef_loss   | -0.331   |
|    learning_rate   | 0.0003   |
|    n_updates       | 328205   |
---------------------------------
---------------------------------
| rollout/           |          |
|    ep_len_mean     | 200      |
|    ep_rew_mean     | 733      |
|    success_rate    | 0        |
| time/              |          |
|    episodes        | 1696     |
|    fps             | 114      |
|    time_elapsed    | 2949     |
|    total_timesteps | 339006   |
| train/             |          |
|    actor_loss      | -259     |
|    critic_loss     | 15.6     |
|    ent_coef        | 0.136    |
|    ent_coef_loss   | -1.06    |
|    learning_rate   | 0.0003   |
|    n_updates       | 329005   |
---------------------------------
---------------------------------
| rollout/           |          |
|    ep_len_mean     | 200      |
|    ep_rew_mean     | 734      |
|    success_rate    | 0        |
| time/              |          |
|    episodes        | 1700     |
|    fps             | 114      |
|    time_elapsed    | 2957     |
|    total_timesteps | 339806   |
| train/             |          |
|    actor_loss      | -248     |
|    critic_loss     | 31.3     |
|    ent_coef        | 0.13     |
|    ent_coef_loss   | 0.158    |
|    learning_rate   | 0.0003   |
|    n_updates       | 329805   |
---------------------------------
---------------------------------
| rollout/           |          |
|    ep_len_mean     | 200      |
|    ep_rew_mean     | 740      |
|    success_rate    | 0        |
| time/              |          |
|    episodes        | 1704     |
|    fps             | 114      |
|    time_elapsed    | 2964     |
|    total_timesteps | 340606   |
| train/             |          |
|    actor_loss      | -255     |
|    critic_loss     | 93.6     |
|    ent_coef        | 0.132    |
|    ent_coef_loss   | -0.897   |
|    learning_rate   | 0.0003   |
|    n_updates       | 330605   |
---------------------------------
---------------------------------
| rollout/           |          |
|    ep_len_mean     | 200      |
|    ep_rew_mean     | 739      |
|    success_rate    | 0        |
| time/              |          |
|    episodes        | 1708     |
|    fps             | 114      |
|    time_elapsed    | 2972     |
|    total_timesteps | 341406   |
| train/             |          |
|    actor_loss      | -253     |
|    critic_loss     | 60       |
|    ent_coef        | 0.124    |
|    ent_coef_loss   | -0.139   |
|    learning_rate   | 0.0003   |
|    n_updates       | 331405   |
---------------------------------
---------------------------------
| rollout/           |          |
|    ep_len_mean     | 200      |
|    ep_rew_mean     | 736      |
|    success_rate    | 0        |
| time/              |          |
|    episodes        | 1712     |
|    fps             | 114      |
|    time_elapsed    | 2979     |
|    total_timesteps | 342206   |
| train/             |          |
|    actor_loss      | -267     |
|    critic_loss     | 35.5     |
|    ent_coef        | 0.135    |
|    ent_coef_loss   | -0.0493  |
|    learning_rate   | 0.0003   |
|    n_updates       | 332205   |
---------------------------------
---------------------------------
| rollout/           |          |
|    ep_len_mean     | 200      |
|    ep_rew_mean     | 735      |
|    success_rate    | 0        |
| time/              |          |
|    episodes        | 1716     |
|    fps             | 114      |
|    time_elapsed    | 2987     |
|    total_timesteps | 343006   |
| train/             |          |
|    actor_loss      | -263     |
|    critic_loss     | 23.5     |
|    ent_coef        | 0.13     |
|    ent_coef_loss   | -0.107   |
|    learning_rate   | 0.0003   |
|    n_updates       | 333005   |
---------------------------------
---------------------------------
| rollout/           |          |
|    ep_len_mean     | 200      |
|    ep_rew_mean     | 740      |
|    success_rate    | 0        |
| time/              |          |
|    episodes        | 1720     |
|    fps             | 114      |
|    time_elapsed    | 2995     |
|    total_timesteps | 343806   |
| train/             |          |
|    actor_loss      | -268     |
|    critic_loss     | 31.6     |
|    ent_coef        | 0.132    |
|    ent_coef_loss   | 0.264    |
|    learning_rate   | 0.0003   |
|    n_updates       | 333805   |
---------------------------------
---------------------------------
| rollout/           |          |
|    ep_len_mean     | 200      |
|    ep_rew_mean     | 734      |
|    success_rate    | 0        |
| time/              |          |
|    episodes        | 1724     |
|    fps             | 114      |
|    time_elapsed    | 3002     |
|    total_timesteps | 344606   |
| train/             |          |
|    actor_loss      | -261     |
|    critic_loss     | 34.7     |
|    ent_coef        | 0.127    |
|    ent_coef_loss   | 0.845    |
|    learning_rate   | 0.0003   |
|    n_updates       | 334605   |
---------------------------------
---------------------------------
| rollout/           |          |
|    ep_len_mean     | 200      |
|    ep_rew_mean     | 719      |
|    success_rate    | 0        |
| time/              |          |
|    episodes        | 1728     |
|    fps             | 114      |
|    time_elapsed    | 3010     |
|    total_timesteps | 345406   |
| train/             |          |
|    actor_loss      | -261     |
|    critic_loss     | 35.9     |
|    ent_coef        | 0.13     |
|    ent_coef_loss   | -0.589   |
|    learning_rate   | 0.0003   |
|    n_updates       | 335405   |
---------------------------------
---------------------------------
| rollout/           |          |
|    ep_len_mean     | 200      |
|    ep_rew_mean     | 720      |
|    success_rate    | 0        |
| time/              |          |
|    episodes        | 1732     |
|    fps             | 114      |
|    time_elapsed    | 3017     |
|    total_timesteps | 346206   |
| train/             |          |
|    actor_loss      | -258     |
|    critic_loss     | 79.8     |
|    ent_coef        | 0.132    |
|    ent_coef_loss   | 0.215    |
|    learning_rate   | 0.0003   |
|    n_updates       | 336205   |
---------------------------------
---------------------------------
| rollout/           |          |
|    ep_len_mean     | 200      |
|    ep_rew_mean     | 710      |
|    success_rate    | 0        |
| time/              |          |
|    episodes        | 1736     |
|    fps             | 114      |
|    time_elapsed    | 3025     |
|    total_timesteps | 347006   |
| train/             |          |
|    actor_loss      | -268     |
|    critic_loss     | 24       |
|    ent_coef        | 0.13     |
|    ent_coef_loss   | 0.149    |
|    learning_rate   | 0.0003   |
|    n_updates       | 337005   |
---------------------------------
---------------------------------
| rollout/           |          |
|    ep_len_mean     | 200      |
|    ep_rew_mean     | 696      |
|    success_rate    | 0        |
| time/              |          |
|    episodes        | 1740     |
|    fps             | 114      |
|    time_elapsed    | 3032     |
|    total_timesteps | 347806   |
| train/             |          |
|    actor_loss      | -261     |
|    critic_loss     | 31.9     |
|    ent_coef        | 0.132    |
|    ent_coef_loss   | -0.0399  |
|    learning_rate   | 0.0003   |
|    n_updates       | 337805   |
---------------------------------
---------------------------------
| rollout/           |          |
|    ep_len_mean     | 200      |
|    ep_rew_mean     | 677      |
|    success_rate    | 0        |
| time/              |          |
|    episodes        | 1744     |
|    fps             | 114      |
|    time_elapsed    | 3040     |
|    total_timesteps | 348606   |
| train/             |          |
|    actor_loss      | -279     |
|    critic_loss     | 99.3     |
|    ent_coef        | 0.132    |
|    ent_coef_loss   | 0.17     |
|    learning_rate   | 0.0003   |
|    n_updates       | 338605   |
---------------------------------
---------------------------------
| rollout/           |          |
|    ep_len_mean     | 200      |
|    ep_rew_mean     | 680      |
|    success_rate    | 0        |
| time/              |          |
|    episodes        | 1748     |
|    fps             | 114      |
|    time_elapsed    | 3048     |
|    total_timesteps | 349406   |
| train/             |          |
|    actor_loss      | -278     |
|    critic_loss     | 18.7     |
|    ent_coef        | 0.136    |
|    ent_coef_loss   | 0.614    |
|    learning_rate   | 0.0003   |
|    n_updates       | 339405   |
---------------------------------
Eval num_timesteps=350000, episode_reward=362.44 +/- 305.95
Episode length: 200.00 +/- 0.00
Success rate: 0.00%
---------------------------------
| eval/              |          |
|    mean_ep_length  | 200      |
|    mean_reward     | 362      |
|    success_rate    | 0        |
| time/              |          |
|    total_timesteps | 350000   |
| train/             |          |
|    actor_loss      | -266     |
|    critic_loss     | 25.7     |
|    ent_coef        | 0.139    |
|    ent_coef_loss   | 0.165    |
|    learning_rate   | 0.0003   |
|    n_updates       | 339999   |
---------------------------------
---------------------------------
| rollout/           |          |
|    ep_len_mean     | 200      |
|    ep_rew_mean     | 675      |
|    success_rate    | 0        |
| time/              |          |
|    episodes        | 1752     |
|    fps             | 114      |
|    time_elapsed    | 3057     |
|    total_timesteps | 350206   |
| train/             |          |
|    actor_loss      | -261     |
|    critic_loss     | 96       |
|    ent_coef        | 0.137    |
|    ent_coef_loss   | 0.714    |
|    learning_rate   | 0.0003   |
|    n_updates       | 340205   |
---------------------------------
---------------------------------
| rollout/           |          |
|    ep_len_mean     | 200      |
|    ep_rew_mean     | 665      |
|    success_rate    | 0        |
| time/              |          |
|    episodes        | 1756     |
|    fps             | 114      |
|    time_elapsed    | 3065     |
|    total_timesteps | 351006   |
| train/             |          |
|    actor_loss      | -269     |
|    critic_loss     | 42.8     |
|    ent_coef        | 0.144    |
|    ent_coef_loss   | 0.986    |
|    learning_rate   | 0.0003   |
|    n_updates       | 341005   |
---------------------------------
---------------------------------
| rollout/           |          |
|    ep_len_mean     | 200      |
|    ep_rew_mean     | 651      |
|    success_rate    | 0        |
| time/              |          |
|    episodes        | 1760     |
|    fps             | 114      |
|    time_elapsed    | 3073     |
|    total_timesteps | 351806   |
| train/             |          |
|    actor_loss      | -265     |
|    critic_loss     | 34.5     |
|    ent_coef        | 0.134    |
|    ent_coef_loss   | -0.231   |
|    learning_rate   | 0.0003   |
|    n_updates       | 341805   |
---------------------------------
---------------------------------
| rollout/           |          |
|    ep_len_mean     | 200      |
|    ep_rew_mean     | 651      |
|    success_rate    | 0        |
| time/              |          |
|    episodes        | 1764     |
|    fps             | 114      |
|    time_elapsed    | 3080     |
|    total_timesteps | 352606   |
| train/             |          |
|    actor_loss      | -279     |
|    critic_loss     | 51.9     |
|    ent_coef        | 0.129    |
|    ent_coef_loss   | -0.211   |
|    learning_rate   | 0.0003   |
|    n_updates       | 342605   |
---------------------------------
---------------------------------
| rollout/           |          |
|    ep_len_mean     | 200      |
|    ep_rew_mean     | 639      |
|    success_rate    | 0        |
| time/              |          |
|    episodes        | 1768     |
|    fps             | 114      |
|    time_elapsed    | 3088     |
|    total_timesteps | 353406   |
| train/             |          |
|    actor_loss      | -255     |
|    critic_loss     | 46       |
|    ent_coef        | 0.125    |
|    ent_coef_loss   | 0.174    |
|    learning_rate   | 0.0003   |
|    n_updates       | 343405   |
---------------------------------
---------------------------------
| rollout/           |          |
|    ep_len_mean     | 200      |
|    ep_rew_mean     | 634      |
|    success_rate    | 0        |
| time/              |          |
|    episodes        | 1772     |
|    fps             | 114      |
|    time_elapsed    | 3096     |
|    total_timesteps | 354206   |
| train/             |          |
|    actor_loss      | -265     |
|    critic_loss     | 39.8     |
|    ent_coef        | 0.118    |
|    ent_coef_loss   | 0.512    |
|    learning_rate   | 0.0003   |
|    n_updates       | 344205   |
---------------------------------
---------------------------------
| rollout/           |          |
|    ep_len_mean     | 200      |
|    ep_rew_mean     | 633      |
|    success_rate    | 0        |
| time/              |          |
|    episodes        | 1776     |
|    fps             | 114      |
|    time_elapsed    | 3103     |
|    total_timesteps | 355006   |
| train/             |          |
|    actor_loss      | -262     |
|    critic_loss     | 96.6     |
|    ent_coef        | 0.118    |
|    ent_coef_loss   | -0.233   |
|    learning_rate   | 0.0003   |
|    n_updates       | 345005   |
---------------------------------
---------------------------------
| rollout/           |          |
|    ep_len_mean     | 200      |
|    ep_rew_mean     | 633      |
|    success_rate    | 0        |
| time/              |          |
|    episodes        | 1780     |
|    fps             | 114      |
|    time_elapsed    | 3111     |
|    total_timesteps | 355806   |
| train/             |          |
|    actor_loss      | -277     |
|    critic_loss     | 25.5     |
|    ent_coef        | 0.123    |
|    ent_coef_loss   | 1.29     |
|    learning_rate   | 0.0003   |
|    n_updates       | 345805   |
---------------------------------
---------------------------------
| rollout/           |          |
|    ep_len_mean     | 200      |
|    ep_rew_mean     | 621      |
|    success_rate    | 0        |
| time/              |          |
|    episodes        | 1784     |
|    fps             | 114      |
|    time_elapsed    | 3118     |
|    total_timesteps | 356606   |
| train/             |          |
|    actor_loss      | -275     |
|    critic_loss     | 70.8     |
|    ent_coef        | 0.118    |
|    ent_coef_loss   | -0.574   |
|    learning_rate   | 0.0003   |
|    n_updates       | 346605   |
---------------------------------
---------------------------------
| rollout/           |          |
|    ep_len_mean     | 200      |
|    ep_rew_mean     | 613      |
|    success_rate    | 0        |
| time/              |          |
|    episodes        | 1788     |
|    fps             | 114      |
|    time_elapsed    | 3126     |
|    total_timesteps | 357406   |
| train/             |          |
|    actor_loss      | -266     |
|    critic_loss     | 63.4     |
|    ent_coef        | 0.116    |
|    ent_coef_loss   | 0.077    |
|    learning_rate   | 0.0003   |
|    n_updates       | 347405   |
---------------------------------
---------------------------------
| rollout/           |          |
|    ep_len_mean     | 200      |
|    ep_rew_mean     | 617      |
|    success_rate    | 0        |
| time/              |          |
|    episodes        | 1792     |
|    fps             | 114      |
|    time_elapsed    | 3134     |
|    total_timesteps | 358206   |
| train/             |          |
|    actor_loss      | -286     |
|    critic_loss     | 61.3     |
|    ent_coef        | 0.126    |
|    ent_coef_loss   | 0.00272  |
|    learning_rate   | 0.0003   |
|    n_updates       | 348205   |
---------------------------------
---------------------------------
| rollout/           |          |
|    ep_len_mean     | 200      |
|    ep_rew_mean     | 620      |
|    success_rate    | 0        |
| time/              |          |
|    episodes        | 1796     |
|    fps             | 114      |
|    time_elapsed    | 3142     |
|    total_timesteps | 359006   |
| train/             |          |
|    actor_loss      | -274     |
|    critic_loss     | 35.1     |
|    ent_coef        | 0.124    |
|    ent_coef_loss   | 0.105    |
|    learning_rate   | 0.0003   |
|    n_updates       | 349005   |
---------------------------------
---------------------------------
| rollout/           |          |
|    ep_len_mean     | 200      |
|    ep_rew_mean     | 610      |
|    success_rate    | 0        |
| time/              |          |
|    episodes        | 1800     |
|    fps             | 114      |
|    time_elapsed    | 3150     |
|    total_timesteps | 359806   |
| train/             |          |
|    actor_loss      | -270     |
|    critic_loss     | 36.6     |
|    ent_coef        | 0.123    |
|    ent_coef_loss   | -0.81    |
|    learning_rate   | 0.0003   |
|    n_updates       | 349805   |
---------------------------------
---------------------------------
| rollout/           |          |
|    ep_len_mean     | 200      |
|    ep_rew_mean     | 615      |
|    success_rate    | 0        |
| time/              |          |
|    episodes        | 1804     |
|    fps             | 114      |
|    time_elapsed    | 3158     |
|    total_timesteps | 360606   |
| train/             |          |
|    actor_loss      | -282     |
|    critic_loss     | 27.2     |
|    ent_coef        | 0.126    |
|    ent_coef_loss   | 0.489    |
|    learning_rate   | 0.0003   |
|    n_updates       | 350605   |
---------------------------------
---------------------------------
| rollout/           |          |
|    ep_len_mean     | 200      |
|    ep_rew_mean     | 606      |
|    success_rate    | 0        |
| time/              |          |
|    episodes        | 1808     |
|    fps             | 114      |
|    time_elapsed    | 3166     |
|    total_timesteps | 361406   |
| train/             |          |
|    actor_loss      | -271     |
|    critic_loss     | 51.2     |
|    ent_coef        | 0.122    |
|    ent_coef_loss   | 0.542    |
|    learning_rate   | 0.0003   |
|    n_updates       | 351405   |
---------------------------------
---------------------------------
| rollout/           |          |
|    ep_len_mean     | 200      |
|    ep_rew_mean     | 599      |
|    success_rate    | 0        |
| time/              |          |
|    episodes        | 1812     |
|    fps             | 114      |
|    time_elapsed    | 3174     |
|    total_timesteps | 362206   |
| train/             |          |
|    actor_loss      | -275     |
|    critic_loss     | 17       |
|    ent_coef        | 0.124    |
|    ent_coef_loss   | -0.221   |
|    learning_rate   | 0.0003   |
|    n_updates       | 352205   |
---------------------------------
---------------------------------
| rollout/           |          |
|    ep_len_mean     | 200      |
|    ep_rew_mean     | 609      |
|    success_rate    | 0        |
| time/              |          |
|    episodes        | 1816     |
|    fps             | 114      |
|    time_elapsed    | 3181     |
|    total_timesteps | 363006   |
| train/             |          |
|    actor_loss      | -277     |
|    critic_loss     | 14.9     |
|    ent_coef        | 0.128    |
|    ent_coef_loss   | -0.0854  |
|    learning_rate   | 0.0003   |
|    n_updates       | 353005   |
---------------------------------
---------------------------------
| rollout/           |          |
|    ep_len_mean     | 200      |
|    ep_rew_mean     | 607      |
|    success_rate    | 0        |
| time/              |          |
|    episodes        | 1820     |
|    fps             | 114      |
|    time_elapsed    | 3189     |
|    total_timesteps | 363806   |
| train/             |          |
|    actor_loss      | -272     |
|    critic_loss     | 58.7     |
|    ent_coef        | 0.122    |
|    ent_coef_loss   | 0.0895   |
|    learning_rate   | 0.0003   |
|    n_updates       | 353805   |
---------------------------------
---------------------------------
| rollout/           |          |
|    ep_len_mean     | 200      |
|    ep_rew_mean     | 605      |
|    success_rate    | 0        |
| time/              |          |
|    episodes        | 1824     |
|    fps             | 114      |
|    time_elapsed    | 3197     |
|    total_timesteps | 364606   |
| train/             |          |
|    actor_loss      | -280     |
|    critic_loss     | 82.4     |
|    ent_coef        | 0.119    |
|    ent_coef_loss   | -0.332   |
|    learning_rate   | 0.0003   |
|    n_updates       | 354605   |
---------------------------------
---------------------------------
| rollout/           |          |
|    ep_len_mean     | 200      |
|    ep_rew_mean     | 611      |
|    success_rate    | 0        |
| time/              |          |
|    episodes        | 1828     |
|    fps             | 114      |
|    time_elapsed    | 3205     |
|    total_timesteps | 365406   |
| train/             |          |
|    actor_loss      | -268     |
|    critic_loss     | 26.7     |
|    ent_coef        | 0.121    |
|    ent_coef_loss   | 0.0846   |
|    learning_rate   | 0.0003   |
|    n_updates       | 355405   |
---------------------------------
---------------------------------
| rollout/           |          |
|    ep_len_mean     | 200      |
|    ep_rew_mean     | 623      |
|    success_rate    | 0        |
| time/              |          |
|    episodes        | 1832     |
|    fps             | 113      |
|    time_elapsed    | 3212     |
|    total_timesteps | 366206   |
| train/             |          |
|    actor_loss      | -266     |
|    critic_loss     | 37.2     |
|    ent_coef        | 0.123    |
|    ent_coef_loss   | -0.447   |
|    learning_rate   | 0.0003   |
|    n_updates       | 356205   |
---------------------------------
---------------------------------
| rollout/           |          |
|    ep_len_mean     | 200      |
|    ep_rew_mean     | 632      |
|    success_rate    | 0.01     |
| time/              |          |
|    episodes        | 1836     |
|    fps             | 113      |
|    time_elapsed    | 3220     |
|    total_timesteps | 366967   |
| train/             |          |
|    actor_loss      | -282     |
|    critic_loss     | 18       |
|    ent_coef        | 0.123    |
|    ent_coef_loss   | 0.298    |
|    learning_rate   | 0.0003   |
|    n_updates       | 356966   |
---------------------------------
---------------------------------
| rollout/           |          |
|    ep_len_mean     | 200      |
|    ep_rew_mean     | 650      |
|    success_rate    | 0.01     |
| time/              |          |
|    episodes        | 1840     |
|    fps             | 113      |
|    time_elapsed    | 3228     |
|    total_timesteps | 367767   |
| train/             |          |
|    actor_loss      | -268     |
|    critic_loss     | 80       |
|    ent_coef        | 0.123    |
|    ent_coef_loss   | 0.0841   |
|    learning_rate   | 0.0003   |
|    n_updates       | 357766   |
---------------------------------
---------------------------------
| rollout/           |          |
|    ep_len_mean     | 200      |
|    ep_rew_mean     | 670      |
|    success_rate    | 0.01     |
| time/              |          |
|    episodes        | 1844     |
|    fps             | 113      |
|    time_elapsed    | 3235     |
|    total_timesteps | 368567   |
| train/             |          |
|    actor_loss      | -272     |
|    critic_loss     | 24.3     |
|    ent_coef        | 0.122    |
|    ent_coef_loss   | -0.291   |
|    learning_rate   | 0.0003   |
|    n_updates       | 358566   |
---------------------------------
---------------------------------
| rollout/           |          |
|    ep_len_mean     | 200      |
|    ep_rew_mean     | 677      |
|    success_rate    | 0.01     |
| time/              |          |
|    episodes        | 1848     |
|    fps             | 113      |
|    time_elapsed    | 3243     |
|    total_timesteps | 369367   |
| train/             |          |
|    actor_loss      | -273     |
|    critic_loss     | 25.1     |
|    ent_coef        | 0.12     |
|    ent_coef_loss   | 0.00259  |
|    learning_rate   | 0.0003   |
|    n_updates       | 359366   |
---------------------------------
---------------------------------
| rollout/           |          |
|    ep_len_mean     | 200      |
|    ep_rew_mean     | 687      |
|    success_rate    | 0.01     |
| time/              |          |
|    episodes        | 1852     |
|    fps             | 113      |
|    time_elapsed    | 3251     |
|    total_timesteps | 370167   |
| train/             |          |
|    actor_loss      | -277     |
|    critic_loss     | 39.5     |
|    ent_coef        | 0.12     |
|    ent_coef_loss   | 0.0519   |
|    learning_rate   | 0.0003   |
|    n_updates       | 360166   |
---------------------------------
---------------------------------
| rollout/           |          |
|    ep_len_mean     | 200      |
|    ep_rew_mean     | 689      |
|    success_rate    | 0.01     |
| time/              |          |
|    episodes        | 1856     |
|    fps             | 113      |
|    time_elapsed    | 3259     |
|    total_timesteps | 370967   |
| train/             |          |
|    actor_loss      | -264     |
|    critic_loss     | 110      |
|    ent_coef        | 0.121    |
|    ent_coef_loss   | -0.879   |
|    learning_rate   | 0.0003   |
|    n_updates       | 360966   |
---------------------------------
---------------------------------
| rollout/           |          |
|    ep_len_mean     | 200      |
|    ep_rew_mean     | 700      |
|    success_rate    | 0.01     |
| time/              |          |
|    episodes        | 1860     |
|    fps             | 113      |
|    time_elapsed    | 3266     |
|    total_timesteps | 371767   |
| train/             |          |
|    actor_loss      | -276     |
|    critic_loss     | 19.4     |
|    ent_coef        | 0.125    |
|    ent_coef_loss   | 0.173    |
|    learning_rate   | 0.0003   |
|    n_updates       | 361766   |
---------------------------------
---------------------------------
| rollout/           |          |
|    ep_len_mean     | 200      |
|    ep_rew_mean     | 705      |
|    success_rate    | 0.01     |
| time/              |          |
|    episodes        | 1864     |
|    fps             | 113      |
|    time_elapsed    | 3274     |
|    total_timesteps | 372567   |
| train/             |          |
|    actor_loss      | -272     |
|    critic_loss     | 22.9     |
|    ent_coef        | 0.12     |
|    ent_coef_loss   | -0.356   |
|    learning_rate   | 0.0003   |
|    n_updates       | 362566   |
---------------------------------
---------------------------------
| rollout/           |          |
|    ep_len_mean     | 200      |
|    ep_rew_mean     | 715      |
|    success_rate    | 0.01     |
| time/              |          |
|    episodes        | 1868     |
|    fps             | 113      |
|    time_elapsed    | 3282     |
|    total_timesteps | 373367   |
| train/             |          |
|    actor_loss      | -283     |
|    critic_loss     | 28.5     |
|    ent_coef        | 0.122    |
|    ent_coef_loss   | 0.0943   |
|    learning_rate   | 0.0003   |
|    n_updates       | 363366   |
---------------------------------
---------------------------------
| rollout/           |          |
|    ep_len_mean     | 200      |
|    ep_rew_mean     | 721      |
|    success_rate    | 0.01     |
| time/              |          |
|    episodes        | 1872     |
|    fps             | 113      |
|    time_elapsed    | 3289     |
|    total_timesteps | 374167   |
| train/             |          |
|    actor_loss      | -289     |
|    critic_loss     | 18.6     |
|    ent_coef        | 0.126    |
|    ent_coef_loss   | -0.769   |
|    learning_rate   | 0.0003   |
|    n_updates       | 364166   |
---------------------------------
---------------------------------
| rollout/           |          |
|    ep_len_mean     | 200      |
|    ep_rew_mean     | 729      |
|    success_rate    | 0.01     |
| time/              |          |
|    episodes        | 1876     |
|    fps             | 113      |
|    time_elapsed    | 3297     |
|    total_timesteps | 374967   |
| train/             |          |
|    actor_loss      | -283     |
|    critic_loss     | 123      |
|    ent_coef        | 0.13     |
|    ent_coef_loss   | -0.54    |
|    learning_rate   | 0.0003   |
|    n_updates       | 364966   |
---------------------------------
Eval num_timesteps=375000, episode_reward=790.92 +/- 357.77
Episode length: 200.00 +/- 0.00
Success rate: 0.00%
---------------------------------
| eval/              |          |
|    mean_ep_length  | 200      |
|    mean_reward     | 791      |
|    success_rate    | 0        |
| time/              |          |
|    total_timesteps | 375000   |
| train/             |          |
|    actor_loss      | -284     |
|    critic_loss     | 37.9     |
|    ent_coef        | 0.131    |
|    ent_coef_loss   | 0.5      |
|    learning_rate   | 0.0003   |
|    n_updates       | 364999   |
---------------------------------
---------------------------------
| rollout/           |          |
|    ep_len_mean     | 200      |
|    ep_rew_mean     | 732      |
|    success_rate    | 0.01     |
| time/              |          |
|    episodes        | 1880     |
|    fps             | 113      |
|    time_elapsed    | 3306     |
|    total_timesteps | 375767   |
| train/             |          |
|    actor_loss      | -275     |
|    critic_loss     | 39.9     |
|    ent_coef        | 0.129    |
|    ent_coef_loss   | 0.878    |
|    learning_rate   | 0.0003   |
|    n_updates       | 365766   |
---------------------------------
---------------------------------
| rollout/           |          |
|    ep_len_mean     | 200      |
|    ep_rew_mean     | 736      |
|    success_rate    | 0.01     |
| time/              |          |
|    episodes        | 1884     |
|    fps             | 113      |
|    time_elapsed    | 3314     |
|    total_timesteps | 376567   |
| train/             |          |
|    actor_loss      | -271     |
|    critic_loss     | 32.7     |
|    ent_coef        | 0.126    |
|    ent_coef_loss   | -1.29    |
|    learning_rate   | 0.0003   |
|    n_updates       | 366566   |
---------------------------------
---------------------------------
| rollout/           |          |
|    ep_len_mean     | 200      |
|    ep_rew_mean     | 738      |
|    success_rate    | 0.01     |
| time/              |          |
|    episodes        | 1888     |
|    fps             | 113      |
|    time_elapsed    | 3321     |
|    total_timesteps | 377367   |
| train/             |          |
|    actor_loss      | -278     |
|    critic_loss     | 21.6     |
|    ent_coef        | 0.128    |
|    ent_coef_loss   | -0.599   |
|    learning_rate   | 0.0003   |
|    n_updates       | 367366   |
---------------------------------
---------------------------------
| rollout/           |          |
|    ep_len_mean     | 200      |
|    ep_rew_mean     | 746      |
|    success_rate    | 0.01     |
| time/              |          |
|    episodes        | 1892     |
|    fps             | 113      |
|    time_elapsed    | 3329     |
|    total_timesteps | 378167   |
| train/             |          |
|    actor_loss      | -272     |
|    critic_loss     | 17.3     |
|    ent_coef        | 0.136    |
|    ent_coef_loss   | -0.121   |
|    learning_rate   | 0.0003   |
|    n_updates       | 368166   |
---------------------------------
---------------------------------
| rollout/           |          |
|    ep_len_mean     | 200      |
|    ep_rew_mean     | 758      |
|    success_rate    | 0.01     |
| time/              |          |
|    episodes        | 1896     |
|    fps             | 113      |
|    time_elapsed    | 3337     |
|    total_timesteps | 378967   |
| train/             |          |
|    actor_loss      | -276     |
|    critic_loss     | 10.6     |
|    ent_coef        | 0.124    |
|    ent_coef_loss   | -0.72    |
|    learning_rate   | 0.0003   |
|    n_updates       | 368966   |
---------------------------------
---------------------------------
| rollout/           |          |
|    ep_len_mean     | 200      |
|    ep_rew_mean     | 768      |
|    success_rate    | 0.01     |
| time/              |          |
|    episodes        | 1900     |
|    fps             | 113      |
|    time_elapsed    | 3345     |
|    total_timesteps | 379767   |
| train/             |          |
|    actor_loss      | -274     |
|    critic_loss     | 19.8     |
|    ent_coef        | 0.127    |
|    ent_coef_loss   | 0.466    |
|    learning_rate   | 0.0003   |
|    n_updates       | 369766   |
---------------------------------
---------------------------------
| rollout/           |          |
|    ep_len_mean     | 200      |
|    ep_rew_mean     | 765      |
|    success_rate    | 0.01     |
| time/              |          |
|    episodes        | 1904     |
|    fps             | 113      |
|    time_elapsed    | 3353     |
|    total_timesteps | 380567   |
| train/             |          |
|    actor_loss      | -272     |
|    critic_loss     | 62.8     |
|    ent_coef        | 0.137    |
|    ent_coef_loss   | 0.152    |
|    learning_rate   | 0.0003   |
|    n_updates       | 370566   |
---------------------------------
---------------------------------
| rollout/           |          |
|    ep_len_mean     | 200      |
|    ep_rew_mean     | 773      |
|    success_rate    | 0.01     |
| time/              |          |
|    episodes        | 1908     |
|    fps             | 113      |
|    time_elapsed    | 3360     |
|    total_timesteps | 381367   |
| train/             |          |
|    actor_loss      | -277     |
|    critic_loss     | 78.5     |
|    ent_coef        | 0.136    |
|    ent_coef_loss   | 0.179    |
|    learning_rate   | 0.0003   |
|    n_updates       | 371366   |
---------------------------------
---------------------------------
| rollout/           |          |
|    ep_len_mean     | 200      |
|    ep_rew_mean     | 793      |
|    success_rate    | 0.01     |
| time/              |          |
|    episodes        | 1912     |
|    fps             | 113      |
|    time_elapsed    | 3368     |
|    total_timesteps | 382167   |
| train/             |          |
|    actor_loss      | -287     |
|    critic_loss     | 26.2     |
|    ent_coef        | 0.137    |
|    ent_coef_loss   | 0.0829   |
|    learning_rate   | 0.0003   |
|    n_updates       | 372166   |
---------------------------------
---------------------------------
| rollout/           |          |
|    ep_len_mean     | 200      |
|    ep_rew_mean     | 793      |
|    success_rate    | 0.01     |
| time/              |          |
|    episodes        | 1916     |
|    fps             | 113      |
|    time_elapsed    | 3376     |
|    total_timesteps | 382967   |
| train/             |          |
|    actor_loss      | -292     |
|    critic_loss     | 29.2     |
|    ent_coef        | 0.137    |
|    ent_coef_loss   | 1.2      |
|    learning_rate   | 0.0003   |
|    n_updates       | 372966   |
---------------------------------
---------------------------------
| rollout/           |          |
|    ep_len_mean     | 200      |
|    ep_rew_mean     | 801      |
|    success_rate    | 0.01     |
| time/              |          |
|    episodes        | 1920     |
|    fps             | 113      |
|    time_elapsed    | 3383     |
|    total_timesteps | 383767   |
| train/             |          |
|    actor_loss      | -282     |
|    critic_loss     | 13.2     |
|    ent_coef        | 0.132    |
|    ent_coef_loss   | 0.556    |
|    learning_rate   | 0.0003   |
|    n_updates       | 373766   |
---------------------------------
---------------------------------
| rollout/           |          |
|    ep_len_mean     | 200      |
|    ep_rew_mean     | 805      |
|    success_rate    | 0.01     |
| time/              |          |
|    episodes        | 1924     |
|    fps             | 113      |
|    time_elapsed    | 3391     |
|    total_timesteps | 384567   |
| train/             |          |
|    actor_loss      | -286     |
|    critic_loss     | 17.7     |
|    ent_coef        | 0.124    |
|    ent_coef_loss   | 0.412    |
|    learning_rate   | 0.0003   |
|    n_updates       | 374566   |
---------------------------------
---------------------------------
| rollout/           |          |
|    ep_len_mean     | 200      |
|    ep_rew_mean     | 810      |
|    success_rate    | 0.01     |
| time/              |          |
|    episodes        | 1928     |
|    fps             | 113      |
|    time_elapsed    | 3399     |
|    total_timesteps | 385367   |
| train/             |          |
|    actor_loss      | -293     |
|    critic_loss     | 30       |
|    ent_coef        | 0.131    |
|    ent_coef_loss   | -0.567   |
|    learning_rate   | 0.0003   |
|    n_updates       | 375366   |
---------------------------------
---------------------------------
| rollout/           |          |
|    ep_len_mean     | 199      |
|    ep_rew_mean     | 810      |
|    success_rate    | 0.02     |
| time/              |          |
|    episodes        | 1932     |
|    fps             | 113      |
|    time_elapsed    | 3406     |
|    total_timesteps | 386106   |
| train/             |          |
|    actor_loss      | -284     |
|    critic_loss     | 19       |
|    ent_coef        | 0.129    |
|    ent_coef_loss   | 0.0333   |
|    learning_rate   | 0.0003   |
|    n_updates       | 376105   |
---------------------------------
---------------------------------
| rollout/           |          |
|    ep_len_mean     | 199      |
|    ep_rew_mean     | 812      |
|    success_rate    | 0.01     |
| time/              |          |
|    episodes        | 1936     |
|    fps             | 113      |
|    time_elapsed    | 3414     |
|    total_timesteps | 386906   |
| train/             |          |
|    actor_loss      | -297     |
|    critic_loss     | 22.1     |
|    ent_coef        | 0.129    |
|    ent_coef_loss   | 0.734    |
|    learning_rate   | 0.0003   |
|    n_updates       | 376905   |
---------------------------------
---------------------------------
| rollout/           |          |
|    ep_len_mean     | 199      |
|    ep_rew_mean     | 803      |
|    success_rate    | 0.01     |
| time/              |          |
|    episodes        | 1940     |
|    fps             | 113      |
|    time_elapsed    | 3422     |
|    total_timesteps | 387706   |
| train/             |          |
|    actor_loss      | -279     |
|    critic_loss     | 46.3     |
|    ent_coef        | 0.132    |
|    ent_coef_loss   | -0.917   |
|    learning_rate   | 0.0003   |
|    n_updates       | 377705   |
---------------------------------
---------------------------------
| rollout/           |          |
|    ep_len_mean     | 199      |
|    ep_rew_mean     | 797      |
|    success_rate    | 0.01     |
| time/              |          |
|    episodes        | 1944     |
|    fps             | 113      |
|    time_elapsed    | 3430     |
|    total_timesteps | 388506   |
| train/             |          |
|    actor_loss      | -281     |
|    critic_loss     | 15.7     |
|    ent_coef        | 0.131    |
|    ent_coef_loss   | 0.744    |
|    learning_rate   | 0.0003   |
|    n_updates       | 378505   |
---------------------------------
---------------------------------
| rollout/           |          |
|    ep_len_mean     | 199      |
|    ep_rew_mean     | 800      |
|    success_rate    | 0.01     |
| time/              |          |
|    episodes        | 1948     |
|    fps             | 113      |
|    time_elapsed    | 3437     |
|    total_timesteps | 389306   |
| train/             |          |
|    actor_loss      | -306     |
|    critic_loss     | 45.8     |
|    ent_coef        | 0.136    |
|    ent_coef_loss   | 0.146    |
|    learning_rate   | 0.0003   |
|    n_updates       | 379305   |
---------------------------------
---------------------------------
| rollout/           |          |
|    ep_len_mean     | 199      |
|    ep_rew_mean     | 802      |
|    success_rate    | 0.01     |
| time/              |          |
|    episodes        | 1952     |
|    fps             | 113      |
|    time_elapsed    | 3445     |
|    total_timesteps | 390106   |
| train/             |          |
|    actor_loss      | -293     |
|    critic_loss     | 14       |
|    ent_coef        | 0.134    |
|    ent_coef_loss   | 0.29     |
|    learning_rate   | 0.0003   |
|    n_updates       | 380105   |
---------------------------------
---------------------------------
| rollout/           |          |
|    ep_len_mean     | 199      |
|    ep_rew_mean     | 807      |
|    success_rate    | 0.01     |
| time/              |          |
|    episodes        | 1956     |
|    fps             | 113      |
|    time_elapsed    | 3453     |
|    total_timesteps | 390906   |
| train/             |          |
|    actor_loss      | -283     |
|    critic_loss     | 18.8     |
|    ent_coef        | 0.139    |
|    ent_coef_loss   | 0.352    |
|    learning_rate   | 0.0003   |
|    n_updates       | 380905   |
---------------------------------
---------------------------------
| rollout/           |          |
|    ep_len_mean     | 199      |
|    ep_rew_mean     | 805      |
|    success_rate    | 0.01     |
| time/              |          |
|    episodes        | 1960     |
|    fps             | 113      |
|    time_elapsed    | 3460     |
|    total_timesteps | 391706   |
| train/             |          |
|    actor_loss      | -287     |
|    critic_loss     | 56.1     |
|    ent_coef        | 0.141    |
|    ent_coef_loss   | -0.211   |
|    learning_rate   | 0.0003   |
|    n_updates       | 381705   |
---------------------------------
---------------------------------
| rollout/           |          |
|    ep_len_mean     | 198      |
|    ep_rew_mean     | 814      |
|    success_rate    | 0.02     |
| time/              |          |
|    episodes        | 1964     |
|    fps             | 113      |
|    time_elapsed    | 3467     |
|    total_timesteps | 392417   |
| train/             |          |
|    actor_loss      | -299     |
|    critic_loss     | 116      |
|    ent_coef        | 0.142    |
|    ent_coef_loss   | 1.47     |
|    learning_rate   | 0.0003   |
|    n_updates       | 382416   |
---------------------------------
---------------------------------
| rollout/           |          |
|    ep_len_mean     | 198      |
|    ep_rew_mean     | 806      |
|    success_rate    | 0.02     |
| time/              |          |
|    episodes        | 1968     |
|    fps             | 113      |
|    time_elapsed    | 3475     |
|    total_timesteps | 393217   |
| train/             |          |
|    actor_loss      | -286     |
|    critic_loss     | 55.3     |
|    ent_coef        | 0.144    |
|    ent_coef_loss   | 0.466    |
|    learning_rate   | 0.0003   |
|    n_updates       | 383216   |
---------------------------------
---------------------------------
| rollout/           |          |
|    ep_len_mean     | 198      |
|    ep_rew_mean     | 811      |
|    success_rate    | 0.03     |
| time/              |          |
|    episodes        | 1972     |
|    fps             | 113      |
|    time_elapsed    | 3482     |
|    total_timesteps | 393987   |
| train/             |          |
|    actor_loss      | -284     |
|    critic_loss     | 15.1     |
|    ent_coef        | 0.143    |
|    ent_coef_loss   | -0.0568  |
|    learning_rate   | 0.0003   |
|    n_updates       | 383986   |
---------------------------------
---------------------------------
| rollout/           |          |
|    ep_len_mean     | 198      |
|    ep_rew_mean     | 812      |
|    success_rate    | 0.03     |
| time/              |          |
|    episodes        | 1976     |
|    fps             | 113      |
|    time_elapsed    | 3490     |
|    total_timesteps | 394787   |
| train/             |          |
|    actor_loss      | -301     |
|    critic_loss     | 18.4     |
|    ent_coef        | 0.143    |
|    ent_coef_loss   | 0.718    |
|    learning_rate   | 0.0003   |
|    n_updates       | 384786   |
---------------------------------
---------------------------------
| rollout/           |          |
|    ep_len_mean     | 198      |
|    ep_rew_mean     | 811      |
|    success_rate    | 0.03     |
| time/              |          |
|    episodes        | 1980     |
|    fps             | 113      |
|    time_elapsed    | 3498     |
|    total_timesteps | 395587   |
| train/             |          |
|    actor_loss      | -291     |
|    critic_loss     | 15.5     |
|    ent_coef        | 0.142    |
|    ent_coef_loss   | 0.49     |
|    learning_rate   | 0.0003   |
|    n_updates       | 385586   |
---------------------------------
---------------------------------
| rollout/           |          |
|    ep_len_mean     | 198      |
|    ep_rew_mean     | 818      |
|    success_rate    | 0.03     |
| time/              |          |
|    episodes        | 1984     |
|    fps             | 113      |
|    time_elapsed    | 3506     |
|    total_timesteps | 396387   |
| train/             |          |
|    actor_loss      | -299     |
|    critic_loss     | 37.8     |
|    ent_coef        | 0.147    |
|    ent_coef_loss   | -0.251   |
|    learning_rate   | 0.0003   |
|    n_updates       | 386386   |
---------------------------------
---------------------------------
| rollout/           |          |
|    ep_len_mean     | 198      |
|    ep_rew_mean     | 812      |
|    success_rate    | 0.03     |
| time/              |          |
|    episodes        | 1988     |
|    fps             | 113      |
|    time_elapsed    | 3514     |
|    total_timesteps | 397187   |
| train/             |          |
|    actor_loss      | -281     |
|    critic_loss     | 27.7     |
|    ent_coef        | 0.146    |
|    ent_coef_loss   | 0.15     |
|    learning_rate   | 0.0003   |
|    n_updates       | 387186   |
---------------------------------
---------------------------------
| rollout/           |          |
|    ep_len_mean     | 198      |
|    ep_rew_mean     | 810      |
|    success_rate    | 0.03     |
| time/              |          |
|    episodes        | 1992     |
|    fps             | 113      |
|    time_elapsed    | 3521     |
|    total_timesteps | 397987   |
| train/             |          |
|    actor_loss      | -302     |
|    critic_loss     | 17.5     |
|    ent_coef        | 0.145    |
|    ent_coef_loss   | 0.0181   |
|    learning_rate   | 0.0003   |
|    n_updates       | 387986   |
---------------------------------
---------------------------------
| rollout/           |          |
|    ep_len_mean     | 197      |
|    ep_rew_mean     | 815      |
|    success_rate    | 0.04     |
| time/              |          |
|    episodes        | 1996     |
|    fps             | 112      |
|    time_elapsed    | 3528     |
|    total_timesteps | 398689   |
| train/             |          |
|    actor_loss      | -297     |
|    critic_loss     | 24.8     |
|    ent_coef        | 0.146    |
|    ent_coef_loss   | 0.332    |
|    learning_rate   | 0.0003   |
|    n_updates       | 388688   |
---------------------------------
---------------------------------
| rollout/           |          |
|    ep_len_mean     | 196      |
|    ep_rew_mean     | 813      |
|    success_rate    | 0.05     |
| time/              |          |
|    episodes        | 2000     |
|    fps             | 112      |
|    time_elapsed    | 3535     |
|    total_timesteps | 399410   |
| train/             |          |
|    actor_loss      | -291     |
|    critic_loss     | 48.7     |
|    ent_coef        | 0.145    |
|    ent_coef_loss   | 0.0822   |
|    learning_rate   | 0.0003   |
|    n_updates       | 389409   |
---------------------------------
Eval num_timesteps=400000, episode_reward=723.97 +/- 250.94
Episode length: 200.00 +/- 0.00
Success rate: 0.00%
---------------------------------
| eval/              |          |
|    mean_ep_length  | 200      |
|    mean_reward     | 724      |
|    success_rate    | 0        |
| time/              |          |
|    total_timesteps | 400000   |
| train/             |          |
|    actor_loss      | -304     |
|    critic_loss     | 30.4     |
|    ent_coef        | 0.146    |
|    ent_coef_loss   | 0.188    |
|    learning_rate   | 0.0003   |
|    n_updates       | 389999   |
---------------------------------
---------------------------------
| rollout/           |          |
|    ep_len_mean     | 196      |
|    ep_rew_mean     | 815      |
|    success_rate    | 0.05     |
| time/              |          |
|    episodes        | 2004     |
|    fps             | 112      |
|    time_elapsed    | 3544     |
|    total_timesteps | 400210   |
| train/             |          |
|    actor_loss      | -301     |
|    critic_loss     | 42       |
|    ent_coef        | 0.15     |
|    ent_coef_loss   | 1.41     |
|    learning_rate   | 0.0003   |
|    n_updates       | 390209   |
---------------------------------
---------------------------------
| rollout/           |          |
|    ep_len_mean     | 196      |
|    ep_rew_mean     | 820      |
|    success_rate    | 0.05     |
| time/              |          |
|    episodes        | 2008     |
|    fps             | 112      |
|    time_elapsed    | 3552     |
|    total_timesteps | 401010   |
| train/             |          |
|    actor_loss      | -297     |
|    critic_loss     | 16.2     |
|    ent_coef        | 0.151    |
|    ent_coef_loss   | -0.606   |
|    learning_rate   | 0.0003   |
|    n_updates       | 391009   |
---------------------------------
---------------------------------
| rollout/           |          |
|    ep_len_mean     | 196      |
|    ep_rew_mean     | 811      |
|    success_rate    | 0.05     |
| time/              |          |
|    episodes        | 2012     |
|    fps             | 112      |
|    time_elapsed    | 3560     |
|    total_timesteps | 401810   |
| train/             |          |
|    actor_loss      | -297     |
|    critic_loss     | 14.6     |
|    ent_coef        | 0.149    |
|    ent_coef_loss   | 0.685    |
|    learning_rate   | 0.0003   |
|    n_updates       | 391809   |
---------------------------------
---------------------------------
| rollout/           |          |
|    ep_len_mean     | 196      |
|    ep_rew_mean     | 813      |
|    success_rate    | 0.05     |
| time/              |          |
|    episodes        | 2016     |
|    fps             | 112      |
|    time_elapsed    | 3568     |
|    total_timesteps | 402610   |
| train/             |          |
|    actor_loss      | -303     |
|    critic_loss     | 24.6     |
|    ent_coef        | 0.152    |
|    ent_coef_loss   | -0.248   |
|    learning_rate   | 0.0003   |
|    n_updates       | 392609   |
---------------------------------
---------------------------------
| rollout/           |          |
|    ep_len_mean     | 196      |
|    ep_rew_mean     | 804      |
|    success_rate    | 0.05     |
| time/              |          |
|    episodes        | 2020     |
|    fps             | 112      |
|    time_elapsed    | 3575     |
|    total_timesteps | 403410   |
| train/             |          |
|    actor_loss      | -297     |
|    critic_loss     | 31.8     |
|    ent_coef        | 0.144    |
|    ent_coef_loss   | 0.767    |
|    learning_rate   | 0.0003   |
|    n_updates       | 393409   |
---------------------------------
---------------------------------
| rollout/           |          |
|    ep_len_mean     | 195      |
|    ep_rew_mean     | 816      |
|    success_rate    | 0.06     |
| time/              |          |
|    episodes        | 2024     |
|    fps             | 112      |
|    time_elapsed    | 3582     |
|    total_timesteps | 404085   |
| train/             |          |
|    actor_loss      | -303     |
|    critic_loss     | 258      |
|    ent_coef        | 0.15     |
|    ent_coef_loss   | 1.34     |
|    learning_rate   | 0.0003   |
|    n_updates       | 394084   |
---------------------------------
---------------------------------
| rollout/           |          |
|    ep_len_mean     | 194      |
|    ep_rew_mean     | 832      |
|    success_rate    | 0.07     |
| time/              |          |
|    episodes        | 2028     |
|    fps             | 112      |
|    time_elapsed    | 3589     |
|    total_timesteps | 404808   |
| train/             |          |
|    actor_loss      | -311     |
|    critic_loss     | 54.9     |
|    ent_coef        | 0.148    |
|    ent_coef_loss   | -0.225   |
|    learning_rate   | 0.0003   |
|    n_updates       | 394807   |
---------------------------------
---------------------------------
| rollout/           |          |
|    ep_len_mean     | 195      |
|    ep_rew_mean     | 825      |
|    success_rate    | 0.06     |
| time/              |          |
|    episodes        | 2032     |
|    fps             | 112      |
|    time_elapsed    | 3597     |
|    total_timesteps | 405608   |
| train/             |          |
|    actor_loss      | -305     |
|    critic_loss     | 17       |
|    ent_coef        | 0.15     |
|    ent_coef_loss   | 1.19     |
|    learning_rate   | 0.0003   |
|    n_updates       | 395607   |
---------------------------------
---------------------------------
| rollout/           |          |
|    ep_len_mean     | 195      |
|    ep_rew_mean     | 819      |
|    success_rate    | 0.07     |
| time/              |          |
|    episodes        | 2036     |
|    fps             | 112      |
|    time_elapsed    | 3604     |
|    total_timesteps | 406379   |
| train/             |          |
|    actor_loss      | -312     |
|    critic_loss     | 17.3     |
|    ent_coef        | 0.15     |
|    ent_coef_loss   | -0.808   |
|    learning_rate   | 0.0003   |
|    n_updates       | 396378   |
---------------------------------
---------------------------------
| rollout/           |          |
|    ep_len_mean     | 195      |
|    ep_rew_mean     | 805      |
|    success_rate    | 0.07     |
| time/              |          |
|    episodes        | 2040     |
|    fps             | 112      |
|    time_elapsed    | 3612     |
|    total_timesteps | 407179   |
| train/             |          |
|    actor_loss      | -310     |
|    critic_loss     | 78.8     |
|    ent_coef        | 0.151    |
|    ent_coef_loss   | 0.188    |
|    learning_rate   | 0.0003   |
|    n_updates       | 397178   |
---------------------------------
---------------------------------
| rollout/           |          |
|    ep_len_mean     | 195      |
|    ep_rew_mean     | 810      |
|    success_rate    | 0.07     |
| time/              |          |
|    episodes        | 2044     |
|    fps             | 112      |
|    time_elapsed    | 3620     |
|    total_timesteps | 407979   |
| train/             |          |
|    actor_loss      | -321     |
|    critic_loss     | 16.2     |
|    ent_coef        | 0.153    |
|    ent_coef_loss   | 0.157    |
|    learning_rate   | 0.0003   |
|    n_updates       | 397978   |
---------------------------------
---------------------------------
| rollout/           |          |
|    ep_len_mean     | 195      |
|    ep_rew_mean     | 794      |
|    success_rate    | 0.07     |
| time/              |          |
|    episodes        | 2048     |
|    fps             | 112      |
|    time_elapsed    | 3628     |
|    total_timesteps | 408779   |
| train/             |          |
|    actor_loss      | -323     |
|    critic_loss     | 11.6     |
|    ent_coef        | 0.157    |
|    ent_coef_loss   | 1.37     |
|    learning_rate   | 0.0003   |
|    n_updates       | 398778   |
---------------------------------
---------------------------------
| rollout/           |          |
|    ep_len_mean     | 195      |
|    ep_rew_mean     | 788      |
|    success_rate    | 0.07     |
| time/              |          |
|    episodes        | 2052     |
|    fps             | 112      |
|    time_elapsed    | 3636     |
|    total_timesteps | 409579   |
| train/             |          |
|    actor_loss      | -308     |
|    critic_loss     | 34.5     |
|    ent_coef        | 0.154    |
|    ent_coef_loss   | -0.828   |
|    learning_rate   | 0.0003   |
|    n_updates       | 399578   |
---------------------------------
---------------------------------
| rollout/           |          |
|    ep_len_mean     | 193      |
|    ep_rew_mean     | 786      |
|    success_rate    | 0.08     |
| time/              |          |
|    episodes        | 2056     |
|    fps             | 112      |
|    time_elapsed    | 3642     |
|    total_timesteps | 410251   |
| train/             |          |
|    actor_loss      | -311     |
|    critic_loss     | 23.6     |
|    ent_coef        | 0.139    |
|    ent_coef_loss   | 0.412    |
|    learning_rate   | 0.0003   |
|    n_updates       | 400250   |
---------------------------------
---------------------------------
| rollout/           |          |
|    ep_len_mean     | 193      |
|    ep_rew_mean     | 779      |
|    success_rate    | 0.08     |
| time/              |          |
|    episodes        | 2060     |
|    fps             | 112      |
|    time_elapsed    | 3650     |
|    total_timesteps | 411051   |
| train/             |          |
|    actor_loss      | -305     |
|    critic_loss     | 78.4     |
|    ent_coef        | 0.149    |
|    ent_coef_loss   | -0.511   |
|    learning_rate   | 0.0003   |
|    n_updates       | 401050   |
---------------------------------
---------------------------------
| rollout/           |          |
|    ep_len_mean     | 194      |
|    ep_rew_mean     | 759      |
|    success_rate    | 0.07     |
| time/              |          |
|    episodes        | 2064     |
|    fps             | 112      |
|    time_elapsed    | 3658     |
|    total_timesteps | 411851   |
| train/             |          |
|    actor_loss      | -311     |
|    critic_loss     | 59.2     |
|    ent_coef        | 0.149    |
|    ent_coef_loss   | -0.118   |
|    learning_rate   | 0.0003   |
|    n_updates       | 401850   |
---------------------------------
---------------------------------
| rollout/           |          |
|    ep_len_mean     | 194      |
|    ep_rew_mean     | 770      |
|    success_rate    | 0.07     |
| time/              |          |
|    episodes        | 2068     |
|    fps             | 112      |
|    time_elapsed    | 3666     |
|    total_timesteps | 412651   |
| train/             |          |
|    actor_loss      | -310     |
|    critic_loss     | 1.35e+03 |
|    ent_coef        | 0.156    |
|    ent_coef_loss   | 0.137    |
|    learning_rate   | 0.0003   |
|    n_updates       | 402650   |
---------------------------------
---------------------------------
| rollout/           |          |
|    ep_len_mean     | 195      |
|    ep_rew_mean     | 767      |
|    success_rate    | 0.06     |
| time/              |          |
|    episodes        | 2072     |
|    fps             | 112      |
|    time_elapsed    | 3675     |
|    total_timesteps | 413451   |
| train/             |          |
|    actor_loss      | -313     |
|    critic_loss     | 31.9     |
|    ent_coef        | 0.151    |
|    ent_coef_loss   | 0.393    |
|    learning_rate   | 0.0003   |
|    n_updates       | 403450   |
---------------------------------
---------------------------------
| rollout/           |          |
|    ep_len_mean     | 195      |
|    ep_rew_mean     | 754      |
|    success_rate    | 0.06     |
| time/              |          |
|    episodes        | 2076     |
|    fps             | 112      |
|    time_elapsed    | 3683     |
|    total_timesteps | 414251   |
| train/             |          |
|    actor_loss      | -311     |
|    critic_loss     | 20.6     |
|    ent_coef        | 0.146    |
|    ent_coef_loss   | 0.381    |
|    learning_rate   | 0.0003   |
|    n_updates       | 404250   |
---------------------------------
---------------------------------
| rollout/           |          |
|    ep_len_mean     | 195      |
|    ep_rew_mean     | 746      |
|    success_rate    | 0.06     |
| time/              |          |
|    episodes        | 2080     |
|    fps             | 112      |
|    time_elapsed    | 3691     |
|    total_timesteps | 415051   |
| train/             |          |
|    actor_loss      | -316     |
|    critic_loss     | 51.5     |
|    ent_coef        | 0.143    |
|    ent_coef_loss   | -0.286   |
|    learning_rate   | 0.0003   |
|    n_updates       | 405050   |
---------------------------------
---------------------------------
| rollout/           |          |
|    ep_len_mean     | 195      |
|    ep_rew_mean     | 753      |
|    success_rate    | 0.06     |
| time/              |          |
|    episodes        | 2084     |
|    fps             | 112      |
|    time_elapsed    | 3699     |
|    total_timesteps | 415851   |
| train/             |          |
|    actor_loss      | -316     |
|    critic_loss     | 28.2     |
|    ent_coef        | 0.151    |
|    ent_coef_loss   | 0.709    |
|    learning_rate   | 0.0003   |
|    n_updates       | 405850   |
---------------------------------
---------------------------------
| rollout/           |          |
|    ep_len_mean     | 195      |
|    ep_rew_mean     | 756      |
|    success_rate    | 0.06     |
| time/              |          |
|    episodes        | 2088     |
|    fps             | 112      |
|    time_elapsed    | 3707     |
|    total_timesteps | 416651   |
| train/             |          |
|    actor_loss      | -322     |
|    critic_loss     | 19.6     |
|    ent_coef        | 0.145    |
|    ent_coef_loss   | -0.54    |
|    learning_rate   | 0.0003   |
|    n_updates       | 406650   |
---------------------------------
---------------------------------
| rollout/           |          |
|    ep_len_mean     | 195      |
|    ep_rew_mean     | 759      |
|    success_rate    | 0.06     |
| time/              |          |
|    episodes        | 2092     |
|    fps             | 112      |
|    time_elapsed    | 3715     |
|    total_timesteps | 417451   |
| train/             |          |
|    actor_loss      | -313     |
|    critic_loss     | 32.3     |
|    ent_coef        | 0.146    |
|    ent_coef_loss   | 0.758    |
|    learning_rate   | 0.0003   |
|    n_updates       | 407450   |
---------------------------------
---------------------------------
| rollout/           |          |
|    ep_len_mean     | 196      |
|    ep_rew_mean     | 745      |
|    success_rate    | 0.05     |
| time/              |          |
|    episodes        | 2096     |
|    fps             | 112      |
|    time_elapsed    | 3723     |
|    total_timesteps | 418251   |
| train/             |          |
|    actor_loss      | -325     |
|    critic_loss     | 35       |
|    ent_coef        | 0.145    |
|    ent_coef_loss   | -0.205   |
|    learning_rate   | 0.0003   |
|    n_updates       | 408250   |
---------------------------------
---------------------------------
| rollout/           |          |
|    ep_len_mean     | 196      |
|    ep_rew_mean     | 743      |
|    success_rate    | 0.04     |
| time/              |          |
|    episodes        | 2100     |
|    fps             | 112      |
|    time_elapsed    | 3731     |
|    total_timesteps | 419051   |
| train/             |          |
|    actor_loss      | -328     |
|    critic_loss     | 33.1     |
|    ent_coef        | 0.141    |
|    ent_coef_loss   | -0.399   |
|    learning_rate   | 0.0003   |
|    n_updates       | 409050   |
---------------------------------
---------------------------------
| rollout/           |          |
|    ep_len_mean     | 196      |
|    ep_rew_mean     | 735      |
|    success_rate    | 0.04     |
| time/              |          |
|    episodes        | 2104     |
|    fps             | 112      |
|    time_elapsed    | 3739     |
|    total_timesteps | 419851   |
| train/             |          |
|    actor_loss      | -316     |
|    critic_loss     | 48       |
|    ent_coef        | 0.139    |
|    ent_coef_loss   | 0.0538   |
|    learning_rate   | 0.0003   |
|    n_updates       | 409850   |
---------------------------------
---------------------------------
| rollout/           |          |
|    ep_len_mean     | 196      |
|    ep_rew_mean     | 726      |
|    success_rate    | 0.04     |
| time/              |          |
|    episodes        | 2108     |
|    fps             | 112      |
|    time_elapsed    | 3748     |
|    total_timesteps | 420651   |
| train/             |          |
|    actor_loss      | -321     |
|    critic_loss     | 16.2     |
|    ent_coef        | 0.146    |
|    ent_coef_loss   | -0.0148  |
|    learning_rate   | 0.0003   |
|    n_updates       | 410650   |
---------------------------------
---------------------------------
| rollout/           |          |
|    ep_len_mean     | 196      |
|    ep_rew_mean     | 718      |
|    success_rate    | 0.04     |
| time/              |          |
|    episodes        | 2112     |
|    fps             | 112      |
|    time_elapsed    | 3756     |
|    total_timesteps | 421451   |
| train/             |          |
|    actor_loss      | -307     |
|    critic_loss     | 83.7     |
|    ent_coef        | 0.141    |
|    ent_coef_loss   | 0.218    |
|    learning_rate   | 0.0003   |
|    n_updates       | 411450   |
---------------------------------
---------------------------------
| rollout/           |          |
|    ep_len_mean     | 196      |
|    ep_rew_mean     | 699      |
|    success_rate    | 0.04     |
| time/              |          |
|    episodes        | 2116     |
|    fps             | 112      |
|    time_elapsed    | 3764     |
|    total_timesteps | 422251   |
| train/             |          |
|    actor_loss      | -317     |
|    critic_loss     | 2.07e+03 |
|    ent_coef        | 0.14     |
|    ent_coef_loss   | 0.638    |
|    learning_rate   | 0.0003   |
|    n_updates       | 412250   |
---------------------------------
---------------------------------
| rollout/           |          |
|    ep_len_mean     | 196      |
|    ep_rew_mean     | 703      |
|    success_rate    | 0.04     |
| time/              |          |
|    episodes        | 2120     |
|    fps             | 112      |
|    time_elapsed    | 3771     |
|    total_timesteps | 423051   |
| train/             |          |
|    actor_loss      | -335     |
|    critic_loss     | 110      |
|    ent_coef        | 0.148    |
|    ent_coef_loss   | 0.074    |
|    learning_rate   | 0.0003   |
|    n_updates       | 413050   |
---------------------------------
---------------------------------
| rollout/           |          |
|    ep_len_mean     | 198      |
|    ep_rew_mean     | 683      |
|    success_rate    | 0.03     |
| time/              |          |
|    episodes        | 2124     |
|    fps             | 112      |
|    time_elapsed    | 3779     |
|    total_timesteps | 423851   |
| train/             |          |
|    actor_loss      | -309     |
|    critic_loss     | 95.1     |
|    ent_coef        | 0.15     |
|    ent_coef_loss   | -0.423   |
|    learning_rate   | 0.0003   |
|    n_updates       | 413850   |
---------------------------------
---------------------------------
| rollout/           |          |
|    ep_len_mean     | 198      |
|    ep_rew_mean     | 672      |
|    success_rate    | 0.02     |
| time/              |          |
|    episodes        | 2128     |
|    fps             | 112      |
|    time_elapsed    | 3787     |
|    total_timesteps | 424651   |
| train/             |          |
|    actor_loss      | -329     |
|    critic_loss     | 61.1     |
|    ent_coef        | 0.147    |
|    ent_coef_loss   | -0.56    |
|    learning_rate   | 0.0003   |
|    n_updates       | 414650   |
---------------------------------
Eval num_timesteps=425000, episode_reward=737.87 +/- 250.01
Episode length: 200.00 +/- 0.00
Success rate: 0.00%
---------------------------------
| eval/              |          |
|    mean_ep_length  | 200      |
|    mean_reward     | 738      |
|    success_rate    | 0        |
| time/              |          |
|    total_timesteps | 425000   |
| train/             |          |
|    actor_loss      | -327     |
|    critic_loss     | 34.7     |
|    ent_coef        | 0.15     |
|    ent_coef_loss   | 0.0145   |
|    learning_rate   | 0.0003   |
|    n_updates       | 414999   |
---------------------------------
---------------------------------
| rollout/           |          |
|    ep_len_mean     | 198      |
|    ep_rew_mean     | 681      |
|    success_rate    | 0.02     |
| time/              |          |
|    episodes        | 2132     |
|    fps             | 112      |
|    time_elapsed    | 3796     |
|    total_timesteps | 425451   |
| train/             |          |
|    actor_loss      | -311     |
|    critic_loss     | 19.6     |
|    ent_coef        | 0.148    |
|    ent_coef_loss   | -0.129   |
|    learning_rate   | 0.0003   |
|    n_updates       | 415450   |
---------------------------------
---------------------------------
| rollout/           |          |
|    ep_len_mean     | 199      |
|    ep_rew_mean     | 688      |
|    success_rate    | 0.01     |
| time/              |          |
|    episodes        | 2136     |
|    fps             | 112      |
|    time_elapsed    | 3804     |
|    total_timesteps | 426251   |
| train/             |          |
|    actor_loss      | -331     |
|    critic_loss     | 33.5     |
|    ent_coef        | 0.157    |
|    ent_coef_loss   | -0.152   |
|    learning_rate   | 0.0003   |
|    n_updates       | 416250   |
---------------------------------
---------------------------------
| rollout/           |          |
|    ep_len_mean     | 199      |
|    ep_rew_mean     | 706      |
|    success_rate    | 0.01     |
| time/              |          |
|    episodes        | 2140     |
|    fps             | 112      |
|    time_elapsed    | 3811     |
|    total_timesteps | 427051   |
| train/             |          |
|    actor_loss      | -317     |
|    critic_loss     | 38.2     |
|    ent_coef        | 0.16     |
|    ent_coef_loss   | 0.423    |
|    learning_rate   | 0.0003   |
|    n_updates       | 417050   |
---------------------------------
---------------------------------
| rollout/           |          |
|    ep_len_mean     | 199      |
|    ep_rew_mean     | 699      |
|    success_rate    | 0.01     |
| time/              |          |
|    episodes        | 2144     |
|    fps             | 112      |
|    time_elapsed    | 3819     |
|    total_timesteps | 427851   |
| train/             |          |
|    actor_loss      | -324     |
|    critic_loss     | 20.4     |
|    ent_coef        | 0.161    |
|    ent_coef_loss   | -0.297   |
|    learning_rate   | 0.0003   |
|    n_updates       | 417850   |
---------------------------------
---------------------------------
| rollout/           |          |
|    ep_len_mean     | 199      |
|    ep_rew_mean     | 716      |
|    success_rate    | 0.01     |
| time/              |          |
|    episodes        | 2148     |
|    fps             | 112      |
|    time_elapsed    | 3827     |
|    total_timesteps | 428651   |
| train/             |          |
|    actor_loss      | -322     |
|    critic_loss     | 62.2     |
|    ent_coef        | 0.161    |
|    ent_coef_loss   | -0.636   |
|    learning_rate   | 0.0003   |
|    n_updates       | 418650   |
---------------------------------
---------------------------------
| rollout/           |          |
|    ep_len_mean     | 199      |
|    ep_rew_mean     | 705      |
|    success_rate    | 0.01     |
| time/              |          |
|    episodes        | 2152     |
|    fps             | 111      |
|    time_elapsed    | 3835     |
|    total_timesteps | 429451   |
| train/             |          |
|    actor_loss      | -317     |
|    critic_loss     | 15.5     |
|    ent_coef        | 0.157    |
|    ent_coef_loss   | 0.00683  |
|    learning_rate   | 0.0003   |
|    n_updates       | 419450   |
---------------------------------
---------------------------------
| rollout/           |          |
|    ep_len_mean     | 200      |
|    ep_rew_mean     | 711      |
|    success_rate    | 0        |
| time/              |          |
|    episodes        | 2156     |
|    fps             | 111      |
|    time_elapsed    | 3842     |
|    total_timesteps | 430251   |
| train/             |          |
|    actor_loss      | -326     |
|    critic_loss     | 84.1     |
|    ent_coef        | 0.167    |
|    ent_coef_loss   | -0.217   |
|    learning_rate   | 0.0003   |
|    n_updates       | 420250   |
---------------------------------
---------------------------------
| rollout/           |          |
|    ep_len_mean     | 200      |
|    ep_rew_mean     | 721      |
|    success_rate    | 0        |
| time/              |          |
|    episodes        | 2160     |
|    fps             | 111      |
|    time_elapsed    | 3850     |
|    total_timesteps | 431051   |
| train/             |          |
|    actor_loss      | -327     |
|    critic_loss     | 45.1     |
|    ent_coef        | 0.16     |
|    ent_coef_loss   | 0.863    |
|    learning_rate   | 0.0003   |
|    n_updates       | 421050   |
---------------------------------
---------------------------------
| rollout/           |          |
|    ep_len_mean     | 200      |
|    ep_rew_mean     | 727      |
|    success_rate    | 0        |
| time/              |          |
|    episodes        | 2164     |
|    fps             | 111      |
|    time_elapsed    | 3858     |
|    total_timesteps | 431851   |
| train/             |          |
|    actor_loss      | -326     |
|    critic_loss     | 54.5     |
|    ent_coef        | 0.148    |
|    ent_coef_loss   | -0.308   |
|    learning_rate   | 0.0003   |
|    n_updates       | 421850   |
---------------------------------
---------------------------------
| rollout/           |          |
|    ep_len_mean     | 200      |
|    ep_rew_mean     | 708      |
|    success_rate    | 0        |
| time/              |          |
|    episodes        | 2168     |
|    fps             | 111      |
|    time_elapsed    | 3865     |
|    total_timesteps | 432651   |
| train/             |          |
|    actor_loss      | -327     |
|    critic_loss     | 29.9     |
|    ent_coef        | 0.156    |
|    ent_coef_loss   | 0.439    |
|    learning_rate   | 0.0003   |
|    n_updates       | 422650   |
---------------------------------
---------------------------------
| rollout/           |          |
|    ep_len_mean     | 200      |
|    ep_rew_mean     | 707      |
|    success_rate    | 0        |
| time/              |          |
|    episodes        | 2172     |
|    fps             | 111      |
|    time_elapsed    | 3873     |
|    total_timesteps | 433451   |
| train/             |          |
|    actor_loss      | -320     |
|    critic_loss     | 17.1     |
|    ent_coef        | 0.152    |
|    ent_coef_loss   | 0.226    |
|    learning_rate   | 0.0003   |
|    n_updates       | 423450   |
---------------------------------
---------------------------------
| rollout/           |          |
|    ep_len_mean     | 199      |
|    ep_rew_mean     | 728      |
|    success_rate    | 0.01     |
| time/              |          |
|    episodes        | 2176     |
|    fps             | 111      |
|    time_elapsed    | 3880     |
|    total_timesteps | 434174   |
| train/             |          |
|    actor_loss      | -321     |
|    critic_loss     | 32.7     |
|    ent_coef        | 0.155    |
|    ent_coef_loss   | 0.359    |
|    learning_rate   | 0.0003   |
|    n_updates       | 424173   |
---------------------------------
---------------------------------
| rollout/           |          |
|    ep_len_mean     | 199      |
|    ep_rew_mean     | 738      |
|    success_rate    | 0.01     |
| time/              |          |
|    episodes        | 2180     |
|    fps             | 111      |
|    time_elapsed    | 3888     |
|    total_timesteps | 434974   |
| train/             |          |
|    actor_loss      | -318     |
|    critic_loss     | 28.5     |
|    ent_coef        | 0.16     |
|    ent_coef_loss   | 0.0484   |
|    learning_rate   | 0.0003   |
|    n_updates       | 424973   |
---------------------------------
---------------------------------
| rollout/           |          |
|    ep_len_mean     | 199      |
|    ep_rew_mean     | 737      |
|    success_rate    | 0.01     |
| time/              |          |
|    episodes        | 2184     |
|    fps             | 111      |
|    time_elapsed    | 3895     |
|    total_timesteps | 435774   |
| train/             |          |
|    actor_loss      | -342     |
|    critic_loss     | 44.5     |
|    ent_coef        | 0.159    |
|    ent_coef_loss   | -0.243   |
|    learning_rate   | 0.0003   |
|    n_updates       | 425773   |
---------------------------------
---------------------------------
| rollout/           |          |
|    ep_len_mean     | 199      |
|    ep_rew_mean     | 748      |
|    success_rate    | 0.01     |
| time/              |          |
|    episodes        | 2188     |
|    fps             | 111      |
|    time_elapsed    | 3903     |
|    total_timesteps | 436574   |
| train/             |          |
|    actor_loss      | -325     |
|    critic_loss     | 53.4     |
|    ent_coef        | 0.157    |
|    ent_coef_loss   | 0.0548   |
|    learning_rate   | 0.0003   |
|    n_updates       | 426573   |
---------------------------------
---------------------------------
| rollout/           |          |
|    ep_len_mean     | 199      |
|    ep_rew_mean     | 749      |
|    success_rate    | 0.01     |
| time/              |          |
|    episodes        | 2192     |
|    fps             | 111      |
|    time_elapsed    | 3910     |
|    total_timesteps | 437374   |
| train/             |          |
|    actor_loss      | -324     |
|    critic_loss     | 15       |
|    ent_coef        | 0.161    |
|    ent_coef_loss   | -0.287   |
|    learning_rate   | 0.0003   |
|    n_updates       | 427373   |
---------------------------------
---------------------------------
| rollout/           |          |
|    ep_len_mean     | 199      |
|    ep_rew_mean     | 754      |
|    success_rate    | 0.01     |
| time/              |          |
|    episodes        | 2196     |
|    fps             | 111      |
|    time_elapsed    | 3918     |
|    total_timesteps | 438174   |
| train/             |          |
|    actor_loss      | -315     |
|    critic_loss     | 157      |
|    ent_coef        | 0.162    |
|    ent_coef_loss   | -0.73    |
|    learning_rate   | 0.0003   |
|    n_updates       | 428173   |
---------------------------------
---------------------------------
| rollout/           |          |
|    ep_len_mean     | 199      |
|    ep_rew_mean     | 762      |
|    success_rate    | 0.01     |
| time/              |          |
|    episodes        | 2200     |
|    fps             | 111      |
|    time_elapsed    | 3926     |
|    total_timesteps | 438974   |
| train/             |          |
|    actor_loss      | -327     |
|    critic_loss     | 24.7     |
|    ent_coef        | 0.16     |
|    ent_coef_loss   | 0.486    |
|    learning_rate   | 0.0003   |
|    n_updates       | 428973   |
---------------------------------
---------------------------------
| rollout/           |          |
|    ep_len_mean     | 199      |
|    ep_rew_mean     | 766      |
|    success_rate    | 0.01     |
| time/              |          |
|    episodes        | 2204     |
|    fps             | 111      |
|    time_elapsed    | 3934     |
|    total_timesteps | 439774   |
| train/             |          |
|    actor_loss      | -323     |
|    critic_loss     | 63.8     |
|    ent_coef        | 0.159    |
|    ent_coef_loss   | 0.775    |
|    learning_rate   | 0.0003   |
|    n_updates       | 429773   |
---------------------------------
---------------------------------
| rollout/           |          |
|    ep_len_mean     | 199      |
|    ep_rew_mean     | 759      |
|    success_rate    | 0.01     |
| time/              |          |
|    episodes        | 2208     |
|    fps             | 111      |
|    time_elapsed    | 3942     |
|    total_timesteps | 440574   |
| train/             |          |
|    actor_loss      | -334     |
|    critic_loss     | 60.4     |
|    ent_coef        | 0.163    |
|    ent_coef_loss   | -0.464   |
|    learning_rate   | 0.0003   |
|    n_updates       | 430573   |
---------------------------------
---------------------------------
| rollout/           |          |
|    ep_len_mean     | 199      |
|    ep_rew_mean     | 770      |
|    success_rate    | 0.01     |
| time/              |          |
|    episodes        | 2212     |
|    fps             | 111      |
|    time_elapsed    | 3950     |
|    total_timesteps | 441374   |
| train/             |          |
|    actor_loss      | -321     |
|    critic_loss     | 29.1     |
|    ent_coef        | 0.16     |
|    ent_coef_loss   | 0.453    |
|    learning_rate   | 0.0003   |
|    n_updates       | 431373   |
---------------------------------
---------------------------------
| rollout/           |          |
|    ep_len_mean     | 199      |
|    ep_rew_mean     | 787      |
|    success_rate    | 0.01     |
| time/              |          |
|    episodes        | 2216     |
|    fps             | 111      |
|    time_elapsed    | 3957     |
|    total_timesteps | 442174   |
| train/             |          |
|    actor_loss      | -326     |
|    critic_loss     | 17.3     |
|    ent_coef        | 0.168    |
|    ent_coef_loss   | 0.0701   |
|    learning_rate   | 0.0003   |
|    n_updates       | 432173   |
---------------------------------
---------------------------------
| rollout/           |          |
|    ep_len_mean     | 199      |
|    ep_rew_mean     | 777      |
|    success_rate    | 0.01     |
| time/              |          |
|    episodes        | 2220     |
|    fps             | 111      |
|    time_elapsed    | 3965     |
|    total_timesteps | 442974   |
| train/             |          |
|    actor_loss      | -318     |
|    critic_loss     | 104      |
|    ent_coef        | 0.157    |
|    ent_coef_loss   | 0.0436   |
|    learning_rate   | 0.0003   |
|    n_updates       | 432973   |
---------------------------------
---------------------------------
| rollout/           |          |
|    ep_len_mean     | 199      |
|    ep_rew_mean     | 794      |
|    success_rate    | 0.01     |
| time/              |          |
|    episodes        | 2224     |
|    fps             | 111      |
|    time_elapsed    | 3973     |
|    total_timesteps | 443774   |
| train/             |          |
|    actor_loss      | -336     |
|    critic_loss     | 124      |
|    ent_coef        | 0.163    |
|    ent_coef_loss   | 0.494    |
|    learning_rate   | 0.0003   |
|    n_updates       | 433773   |
---------------------------------
---------------------------------
| rollout/           |          |
|    ep_len_mean     | 199      |
|    ep_rew_mean     | 798      |
|    success_rate    | 0.02     |
| time/              |          |
|    episodes        | 2228     |
|    fps             | 111      |
|    time_elapsed    | 3981     |
|    total_timesteps | 444544   |
| train/             |          |
|    actor_loss      | -322     |
|    critic_loss     | 19.8     |
|    ent_coef        | 0.163    |
|    ent_coef_loss   | 0.224    |
|    learning_rate   | 0.0003   |
|    n_updates       | 434543   |
---------------------------------
---------------------------------
| rollout/           |          |
|    ep_len_mean     | 199      |
|    ep_rew_mean     | 797      |
|    success_rate    | 0.02     |
| time/              |          |
|    episodes        | 2232     |
|    fps             | 111      |
|    time_elapsed    | 3988     |
|    total_timesteps | 445344   |
| train/             |          |
|    actor_loss      | -330     |
|    critic_loss     | 27       |
|    ent_coef        | 0.163    |
|    ent_coef_loss   | -0.553   |
|    learning_rate   | 0.0003   |
|    n_updates       | 435343   |
---------------------------------
---------------------------------
| rollout/           |          |
|    ep_len_mean     | 199      |
|    ep_rew_mean     | 796      |
|    success_rate    | 0.02     |
| time/              |          |
|    episodes        | 2236     |
|    fps             | 111      |
|    time_elapsed    | 3996     |
|    total_timesteps | 446144   |
| train/             |          |
|    actor_loss      | -326     |
|    critic_loss     | 30.3     |
|    ent_coef        | 0.165    |
|    ent_coef_loss   | -0.866   |
|    learning_rate   | 0.0003   |
|    n_updates       | 436143   |
---------------------------------
---------------------------------
| rollout/           |          |
|    ep_len_mean     | 199      |
|    ep_rew_mean     | 797      |
|    success_rate    | 0.02     |
| time/              |          |
|    episodes        | 2240     |
|    fps             | 111      |
|    time_elapsed    | 4004     |
|    total_timesteps | 446944   |
| train/             |          |
|    actor_loss      | -337     |
|    critic_loss     | 908      |
|    ent_coef        | 0.156    |
|    ent_coef_loss   | 0.0652   |
|    learning_rate   | 0.0003   |
|    n_updates       | 436943   |
---------------------------------
---------------------------------
| rollout/           |          |
|    ep_len_mean     | 199      |
|    ep_rew_mean     | 800      |
|    success_rate    | 0.02     |
| time/              |          |
|    episodes        | 2244     |
|    fps             | 111      |
|    time_elapsed    | 4012     |
|    total_timesteps | 447744   |
| train/             |          |
|    actor_loss      | -332     |
|    critic_loss     | 17.8     |
|    ent_coef        | 0.157    |
|    ent_coef_loss   | 0.0134   |
|    learning_rate   | 0.0003   |
|    n_updates       | 437743   |
---------------------------------
---------------------------------
| rollout/           |          |
|    ep_len_mean     | 199      |
|    ep_rew_mean     | 796      |
|    success_rate    | 0.02     |
| time/              |          |
|    episodes        | 2248     |
|    fps             | 111      |
|    time_elapsed    | 4019     |
|    total_timesteps | 448544   |
| train/             |          |
|    actor_loss      | -334     |
|    critic_loss     | 25.3     |
|    ent_coef        | 0.155    |
|    ent_coef_loss   | 0.894    |
|    learning_rate   | 0.0003   |
|    n_updates       | 438543   |
---------------------------------
---------------------------------
| rollout/           |          |
|    ep_len_mean     | 199      |
|    ep_rew_mean     | 809      |
|    success_rate    | 0.02     |
| time/              |          |
|    episodes        | 2252     |
|    fps             | 111      |
|    time_elapsed    | 4027     |
|    total_timesteps | 449344   |
| train/             |          |
|    actor_loss      | -332     |
|    critic_loss     | 171      |
|    ent_coef        | 0.161    |
|    ent_coef_loss   | -0.197   |
|    learning_rate   | 0.0003   |
|    n_updates       | 439343   |
---------------------------------
Eval num_timesteps=450000, episode_reward=595.21 +/- 402.33
Episode length: 200.00 +/- 0.00
Success rate: 0.00%
---------------------------------
| eval/              |          |
|    mean_ep_length  | 200      |
|    mean_reward     | 595      |
|    success_rate    | 0        |
| time/              |          |
|    total_timesteps | 450000   |
| train/             |          |
|    actor_loss      | -324     |
|    critic_loss     | 53.8     |
|    ent_coef        | 0.162    |
|    ent_coef_loss   | 0.416    |
|    learning_rate   | 0.0003   |
|    n_updates       | 439999   |
---------------------------------
---------------------------------
| rollout/           |          |
|    ep_len_mean     | 199      |
|    ep_rew_mean     | 806      |
|    success_rate    | 0.02     |
| time/              |          |
|    episodes        | 2256     |
|    fps             | 111      |
|    time_elapsed    | 4036     |
|    total_timesteps | 450144   |
| train/             |          |
|    actor_loss      | -336     |
|    critic_loss     | 34.3     |
|    ent_coef        | 0.161    |
|    ent_coef_loss   | -0.22    |
|    learning_rate   | 0.0003   |
|    n_updates       | 440143   |
---------------------------------
---------------------------------
| rollout/           |          |
|    ep_len_mean     | 199      |
|    ep_rew_mean     | 786      |
|    success_rate    | 0.02     |
| time/              |          |
|    episodes        | 2260     |
|    fps             | 111      |
|    time_elapsed    | 4044     |
|    total_timesteps | 450944   |
| train/             |          |
|    actor_loss      | -331     |
|    critic_loss     | 54.7     |
|    ent_coef        | 0.167    |
|    ent_coef_loss   | 0.198    |
|    learning_rate   | 0.0003   |
|    n_updates       | 440943   |
---------------------------------
---------------------------------
| rollout/           |          |
|    ep_len_mean     | 199      |
|    ep_rew_mean     | 782      |
|    success_rate    | 0.02     |
| time/              |          |
|    episodes        | 2264     |
|    fps             | 111      |
|    time_elapsed    | 4052     |
|    total_timesteps | 451744   |
| train/             |          |
|    actor_loss      | -339     |
|    critic_loss     | 19.8     |
|    ent_coef        | 0.165    |
|    ent_coef_loss   | -0.0162  |
|    learning_rate   | 0.0003   |
|    n_updates       | 441743   |
---------------------------------
---------------------------------
| rollout/           |          |
|    ep_len_mean     | 199      |
|    ep_rew_mean     | 778      |
|    success_rate    | 0.02     |
| time/              |          |
|    episodes        | 2268     |
|    fps             | 111      |
|    time_elapsed    | 4059     |
|    total_timesteps | 452544   |
| train/             |          |
|    actor_loss      | -321     |
|    critic_loss     | 18.3     |
|    ent_coef        | 0.161    |
|    ent_coef_loss   | -0.301   |
|    learning_rate   | 0.0003   |
|    n_updates       | 442543   |
---------------------------------
---------------------------------
| rollout/           |          |
|    ep_len_mean     | 199      |
|    ep_rew_mean     | 759      |
|    success_rate    | 0.02     |
| time/              |          |
|    episodes        | 2272     |
|    fps             | 111      |
|    time_elapsed    | 4067     |
|    total_timesteps | 453344   |
| train/             |          |
|    actor_loss      | -345     |
|    critic_loss     | 51       |
|    ent_coef        | 0.171    |
|    ent_coef_loss   | 0.523    |
|    learning_rate   | 0.0003   |
|    n_updates       | 443343   |
---------------------------------
---------------------------------
| rollout/           |          |
|    ep_len_mean     | 200      |
|    ep_rew_mean     | 736      |
|    success_rate    | 0.01     |
| time/              |          |
|    episodes        | 2276     |
|    fps             | 111      |
|    time_elapsed    | 4075     |
|    total_timesteps | 454144   |
| train/             |          |
|    actor_loss      | -336     |
|    critic_loss     | 32.5     |
|    ent_coef        | 0.168    |
|    ent_coef_loss   | 0.912    |
|    learning_rate   | 0.0003   |
|    n_updates       | 444143   |
---------------------------------
---------------------------------
| rollout/           |          |
|    ep_len_mean     | 200      |
|    ep_rew_mean     | 722      |
|    success_rate    | 0.01     |
| time/              |          |
|    episodes        | 2280     |
|    fps             | 111      |
|    time_elapsed    | 4083     |
|    total_timesteps | 454944   |
| train/             |          |
|    actor_loss      | -322     |
|    critic_loss     | 30.8     |
|    ent_coef        | 0.173    |
|    ent_coef_loss   | 0.545    |
|    learning_rate   | 0.0003   |
|    n_updates       | 444943   |
---------------------------------
---------------------------------
| rollout/           |          |
|    ep_len_mean     | 200      |
|    ep_rew_mean     | 707      |
|    success_rate    | 0.01     |
| time/              |          |
|    episodes        | 2284     |
|    fps             | 111      |
|    time_elapsed    | 4090     |
|    total_timesteps | 455744   |
| train/             |          |
|    actor_loss      | -332     |
|    critic_loss     | 33.7     |
|    ent_coef        | 0.178    |
|    ent_coef_loss   | -0.452   |
|    learning_rate   | 0.0003   |
|    n_updates       | 445743   |
---------------------------------
---------------------------------
| rollout/           |          |
|    ep_len_mean     | 200      |
|    ep_rew_mean     | 690      |
|    success_rate    | 0.01     |
| time/              |          |
|    episodes        | 2288     |
|    fps             | 111      |
|    time_elapsed    | 4098     |
|    total_timesteps | 456544   |
| train/             |          |
|    actor_loss      | -336     |
|    critic_loss     | 95.2     |
|    ent_coef        | 0.174    |
|    ent_coef_loss   | 0.052    |
|    learning_rate   | 0.0003   |
|    n_updates       | 446543   |
---------------------------------
---------------------------------
| rollout/           |          |
|    ep_len_mean     | 200      |
|    ep_rew_mean     | 669      |
|    success_rate    | 0.01     |
| time/              |          |
|    episodes        | 2292     |
|    fps             | 111      |
|    time_elapsed    | 4106     |
|    total_timesteps | 457344   |
| train/             |          |
|    actor_loss      | -339     |
|    critic_loss     | 47.8     |
|    ent_coef        | 0.171    |
|    ent_coef_loss   | 0.105    |
|    learning_rate   | 0.0003   |
|    n_updates       | 447343   |
---------------------------------
---------------------------------
| rollout/           |          |
|    ep_len_mean     | 198      |
|    ep_rew_mean     | 669      |
|    success_rate    | 0.02     |
| time/              |          |
|    episodes        | 2296     |
|    fps             | 111      |
|    time_elapsed    | 4113     |
|    total_timesteps | 458018   |
| train/             |          |
|    actor_loss      | -337     |
|    critic_loss     | 47.6     |
|    ent_coef        | 0.175    |
|    ent_coef_loss   | 0.176    |
|    learning_rate   | 0.0003   |
|    n_updates       | 448017   |
---------------------------------
---------------------------------
| rollout/           |          |
|    ep_len_mean     | 198      |
|    ep_rew_mean     | 656      |
|    success_rate    | 0.03     |
| time/              |          |
|    episodes        | 2300     |
|    fps             | 111      |
|    time_elapsed    | 4121     |
|    total_timesteps | 458764   |
| train/             |          |
|    actor_loss      | -344     |
|    critic_loss     | 23.3     |
|    ent_coef        | 0.171    |
|    ent_coef_loss   | -0.0562  |
|    learning_rate   | 0.0003   |
|    n_updates       | 448763   |
---------------------------------
---------------------------------
| rollout/           |          |
|    ep_len_mean     | 198      |
|    ep_rew_mean     | 664      |
|    success_rate    | 0.03     |
| time/              |          |
|    episodes        | 2304     |
|    fps             | 111      |
|    time_elapsed    | 4129     |
|    total_timesteps | 459564   |
| train/             |          |
|    actor_loss      | -325     |
|    critic_loss     | 19       |
|    ent_coef        | 0.171    |
|    ent_coef_loss   | -0.206   |
|    learning_rate   | 0.0003   |
|    n_updates       | 449563   |
---------------------------------
---------------------------------
| rollout/           |          |
|    ep_len_mean     | 198      |
|    ep_rew_mean     | 673      |
|    success_rate    | 0.03     |
| time/              |          |
|    episodes        | 2308     |
|    fps             | 111      |
|    time_elapsed    | 4136     |
|    total_timesteps | 460364   |
| train/             |          |
|    actor_loss      | -334     |
|    critic_loss     | 60       |
|    ent_coef        | 0.17     |
|    ent_coef_loss   | -0.344   |
|    learning_rate   | 0.0003   |
|    n_updates       | 450363   |
---------------------------------
---------------------------------
| rollout/           |          |
|    ep_len_mean     | 198      |
|    ep_rew_mean     | 658      |
|    success_rate    | 0.03     |
| time/              |          |
|    episodes        | 2312     |
|    fps             | 111      |
|    time_elapsed    | 4144     |
|    total_timesteps | 461164   |
| train/             |          |
|    actor_loss      | -336     |
|    critic_loss     | 31.5     |
|    ent_coef        | 0.177    |
|    ent_coef_loss   | -0.638   |
|    learning_rate   | 0.0003   |
|    n_updates       | 451163   |
---------------------------------
---------------------------------
| rollout/           |          |
|    ep_len_mean     | 198      |
|    ep_rew_mean     | 643      |
|    success_rate    | 0.03     |
| time/              |          |
|    episodes        | 2316     |
|    fps             | 111      |
|    time_elapsed    | 4152     |
|    total_timesteps | 461964   |
| train/             |          |
|    actor_loss      | -346     |
|    critic_loss     | 53.2     |
|    ent_coef        | 0.18     |
|    ent_coef_loss   | -0.184   |
|    learning_rate   | 0.0003   |
|    n_updates       | 451963   |
---------------------------------
---------------------------------
| rollout/           |          |
|    ep_len_mean     | 198      |
|    ep_rew_mean     | 650      |
|    success_rate    | 0.03     |
| time/              |          |
|    episodes        | 2320     |
|    fps             | 111      |
|    time_elapsed    | 4159     |
|    total_timesteps | 462764   |
| train/             |          |
|    actor_loss      | -335     |
|    critic_loss     | 27.6     |
|    ent_coef        | 0.168    |
|    ent_coef_loss   | -0.592   |
|    learning_rate   | 0.0003   |
|    n_updates       | 452763   |
---------------------------------
---------------------------------
| rollout/           |          |
|    ep_len_mean     | 198      |
|    ep_rew_mean     | 625      |
|    success_rate    | 0.03     |
| time/              |          |
|    episodes        | 2324     |
|    fps             | 111      |
|    time_elapsed    | 4167     |
|    total_timesteps | 463564   |
| train/             |          |
|    actor_loss      | -323     |
|    critic_loss     | 31.9     |
|    ent_coef        | 0.174    |
|    ent_coef_loss   | 0.314    |
|    learning_rate   | 0.0003   |
|    n_updates       | 453563   |
---------------------------------
---------------------------------
| rollout/           |          |
|    ep_len_mean     | 198      |
|    ep_rew_mean     | 627      |
|    success_rate    | 0.02     |
| time/              |          |
|    episodes        | 2328     |
|    fps             | 111      |
|    time_elapsed    | 4175     |
|    total_timesteps | 464364   |
| train/             |          |
|    actor_loss      | -339     |
|    critic_loss     | 77       |
|    ent_coef        | 0.172    |
|    ent_coef_loss   | -0.508   |
|    learning_rate   | 0.0003   |
|    n_updates       | 454363   |
---------------------------------
---------------------------------
| rollout/           |          |
|    ep_len_mean     | 198      |
|    ep_rew_mean     | 627      |
|    success_rate    | 0.02     |
| time/              |          |
|    episodes        | 2332     |
|    fps             | 111      |
|    time_elapsed    | 4183     |
|    total_timesteps | 465164   |
| train/             |          |
|    actor_loss      | -331     |
|    critic_loss     | 106      |
|    ent_coef        | 0.17     |
|    ent_coef_loss   | -0.419   |
|    learning_rate   | 0.0003   |
|    n_updates       | 455163   |
---------------------------------
---------------------------------
| rollout/           |          |
|    ep_len_mean     | 198      |
|    ep_rew_mean     | 608      |
|    success_rate    | 0.02     |
| time/              |          |
|    episodes        | 2336     |
|    fps             | 111      |
|    time_elapsed    | 4191     |
|    total_timesteps | 465964   |
| train/             |          |
|    actor_loss      | -335     |
|    critic_loss     | 28.1     |
|    ent_coef        | 0.16     |
|    ent_coef_loss   | -0.0546  |
|    learning_rate   | 0.0003   |
|    n_updates       | 455963   |
---------------------------------
---------------------------------
| rollout/           |          |
|    ep_len_mean     | 198      |
|    ep_rew_mean     | 612      |
|    success_rate    | 0.02     |
| time/              |          |
|    episodes        | 2340     |
|    fps             | 111      |
|    time_elapsed    | 4198     |
|    total_timesteps | 466764   |
| train/             |          |
|    actor_loss      | -328     |
|    critic_loss     | 185      |
|    ent_coef        | 0.165    |
|    ent_coef_loss   | 0.622    |
|    learning_rate   | 0.0003   |
|    n_updates       | 456763   |
---------------------------------
---------------------------------
| rollout/           |          |
|    ep_len_mean     | 198      |
|    ep_rew_mean     | 606      |
|    success_rate    | 0.02     |
| time/              |          |
|    episodes        | 2344     |
|    fps             | 111      |
|    time_elapsed    | 4206     |
|    total_timesteps | 467564   |
| train/             |          |
|    actor_loss      | -327     |
|    critic_loss     | 1.59e+03 |
|    ent_coef        | 0.164    |
|    ent_coef_loss   | 0.344    |
|    learning_rate   | 0.0003   |
|    n_updates       | 457563   |
---------------------------------
---------------------------------
| rollout/           |          |
|    ep_len_mean     | 197      |
|    ep_rew_mean     | 606      |
|    success_rate    | 0.03     |
| time/              |          |
|    episodes        | 2348     |
|    fps             | 111      |
|    time_elapsed    | 4213     |
|    total_timesteps | 468269   |
| train/             |          |
|    actor_loss      | -326     |
|    critic_loss     | 32.5     |
|    ent_coef        | 0.165    |
|    ent_coef_loss   | 0.438    |
|    learning_rate   | 0.0003   |
|    n_updates       | 458268   |
---------------------------------
---------------------------------
| rollout/           |          |
|    ep_len_mean     | 197      |
|    ep_rew_mean     | 591      |
|    success_rate    | 0.03     |
| time/              |          |
|    episodes        | 2352     |
|    fps             | 111      |
|    time_elapsed    | 4221     |
|    total_timesteps | 469069   |
| train/             |          |
|    actor_loss      | -335     |
|    critic_loss     | 30       |
|    ent_coef        | 0.162    |
|    ent_coef_loss   | -0.595   |
|    learning_rate   | 0.0003   |
|    n_updates       | 459068   |
---------------------------------
---------------------------------
| rollout/           |          |
|    ep_len_mean     | 197      |
|    ep_rew_mean     | 590      |
|    success_rate    | 0.04     |
| time/              |          |
|    episodes        | 2356     |
|    fps             | 111      |
|    time_elapsed    | 4228     |
|    total_timesteps | 469804   |
| train/             |          |
|    actor_loss      | -342     |
|    critic_loss     | 106      |
|    ent_coef        | 0.153    |
|    ent_coef_loss   | -0.413   |
|    learning_rate   | 0.0003   |
|    n_updates       | 459803   |
---------------------------------
---------------------------------
| rollout/           |          |
|    ep_len_mean     | 195      |
|    ep_rew_mean     | 605      |
|    success_rate    | 0.05     |
| time/              |          |
|    episodes        | 2360     |
|    fps             | 111      |
|    time_elapsed    | 4235     |
|    total_timesteps | 470474   |
| train/             |          |
|    actor_loss      | -327     |
|    critic_loss     | 21.1     |
|    ent_coef        | 0.145    |
|    ent_coef_loss   | 0.942    |
|    learning_rate   | 0.0003   |
|    n_updates       | 460473   |
---------------------------------
---------------------------------
| rollout/           |          |
|    ep_len_mean     | 195      |
|    ep_rew_mean     | 599      |
|    success_rate    | 0.05     |
| time/              |          |
|    episodes        | 2364     |
|    fps             | 111      |
|    time_elapsed    | 4243     |
|    total_timesteps | 471274   |
| train/             |          |
|    actor_loss      | -337     |
|    critic_loss     | 25.9     |
|    ent_coef        | 0.147    |
|    ent_coef_loss   | -0.535   |
|    learning_rate   | 0.0003   |
|    n_updates       | 461273   |
---------------------------------
---------------------------------
| rollout/           |          |
|    ep_len_mean     | 195      |
|    ep_rew_mean     | 606      |
|    success_rate    | 0.05     |
| time/              |          |
|    episodes        | 2368     |
|    fps             | 111      |
|    time_elapsed    | 4251     |
|    total_timesteps | 472074   |
| train/             |          |
|    actor_loss      | -337     |
|    critic_loss     | 29.3     |
|    ent_coef        | 0.147    |
|    ent_coef_loss   | 0.435    |
|    learning_rate   | 0.0003   |
|    n_updates       | 462073   |
---------------------------------
---------------------------------
| rollout/           |          |
|    ep_len_mean     | 195      |
|    ep_rew_mean     | 621      |
|    success_rate    | 0.05     |
| time/              |          |
|    episodes        | 2372     |
|    fps             | 111      |
|    time_elapsed    | 4258     |
|    total_timesteps | 472874   |
| train/             |          |
|    actor_loss      | -337     |
|    critic_loss     | 91       |
|    ent_coef        | 0.144    |
|    ent_coef_loss   | 0.224    |
|    learning_rate   | 0.0003   |
|    n_updates       | 462873   |
---------------------------------
---------------------------------
| rollout/           |          |
|    ep_len_mean     | 195      |
|    ep_rew_mean     | 630      |
|    success_rate    | 0.05     |
| time/              |          |
|    episodes        | 2376     |
|    fps             | 111      |
|    time_elapsed    | 4266     |
|    total_timesteps | 473674   |
| train/             |          |
|    actor_loss      | -327     |
|    critic_loss     | 22.9     |
|    ent_coef        | 0.15     |
|    ent_coef_loss   | -0.291   |
|    learning_rate   | 0.0003   |
|    n_updates       | 463673   |
---------------------------------
---------------------------------
| rollout/           |          |
|    ep_len_mean     | 195      |
|    ep_rew_mean     | 639      |
|    success_rate    | 0.05     |
| time/              |          |
|    episodes        | 2380     |
|    fps             | 110      |
|    time_elapsed    | 4274     |
|    total_timesteps | 474474   |
| train/             |          |
|    actor_loss      | -340     |
|    critic_loss     | 63.8     |
|    ent_coef        | 0.146    |
|    ent_coef_loss   | -0.238   |
|    learning_rate   | 0.0003   |
|    n_updates       | 464473   |
---------------------------------
Eval num_timesteps=475000, episode_reward=773.16 +/- 366.99
Episode length: 200.00 +/- 0.00
Success rate: 0.00%
---------------------------------
| eval/              |          |
|    mean_ep_length  | 200      |
|    mean_reward     | 773      |
|    success_rate    | 0        |
| time/              |          |
|    total_timesteps | 475000   |
| train/             |          |
|    actor_loss      | -326     |
|    critic_loss     | 34.3     |
|    ent_coef        | 0.149    |
|    ent_coef_loss   | 0.577    |
|    learning_rate   | 0.0003   |
|    n_updates       | 464999   |
---------------------------------
---------------------------------
| rollout/           |          |
|    ep_len_mean     | 195      |
|    ep_rew_mean     | 639      |
|    success_rate    | 0.05     |
| time/              |          |
|    episodes        | 2384     |
|    fps             | 110      |
|    time_elapsed    | 4284     |
|    total_timesteps | 475274   |
| train/             |          |
|    actor_loss      | -318     |
|    critic_loss     | 29.4     |
|    ent_coef        | 0.153    |
|    ent_coef_loss   | 0.57     |
|    learning_rate   | 0.0003   |
|    n_updates       | 465273   |
---------------------------------
---------------------------------
| rollout/           |          |
|    ep_len_mean     | 195      |
|    ep_rew_mean     | 655      |
|    success_rate    | 0.05     |
| time/              |          |
|    episodes        | 2388     |
|    fps             | 110      |
|    time_elapsed    | 4291     |
|    total_timesteps | 476074   |
| train/             |          |
|    actor_loss      | -344     |
|    critic_loss     | 70       |
|    ent_coef        | 0.155    |
|    ent_coef_loss   | -0.247   |
|    learning_rate   | 0.0003   |
|    n_updates       | 466073   |
---------------------------------
---------------------------------
| rollout/           |          |
|    ep_len_mean     | 195      |
|    ep_rew_mean     | 657      |
|    success_rate    | 0.05     |
| time/              |          |
|    episodes        | 2392     |
|    fps             | 110      |
|    time_elapsed    | 4299     |
|    total_timesteps | 476874   |
| train/             |          |
|    actor_loss      | -326     |
|    critic_loss     | 64.8     |
|    ent_coef        | 0.146    |
|    ent_coef_loss   | 0.0824   |
|    learning_rate   | 0.0003   |
|    n_updates       | 466873   |
---------------------------------
---------------------------------
| rollout/           |          |
|    ep_len_mean     | 197      |
|    ep_rew_mean     | 661      |
|    success_rate    | 0.04     |
| time/              |          |
|    episodes        | 2396     |
|    fps             | 110      |
|    time_elapsed    | 4307     |
|    total_timesteps | 477674   |
| train/             |          |
|    actor_loss      | -324     |
|    critic_loss     | 37.7     |
|    ent_coef        | 0.147    |
|    ent_coef_loss   | -0.336   |
|    learning_rate   | 0.0003   |
|    n_updates       | 467673   |
---------------------------------
---------------------------------
| rollout/           |          |
|    ep_len_mean     | 197      |
|    ep_rew_mean     | 656      |
|    success_rate    | 0.03     |
| time/              |          |
|    episodes        | 2400     |
|    fps             | 110      |
|    time_elapsed    | 4315     |
|    total_timesteps | 478474   |
| train/             |          |
|    actor_loss      | -348     |
|    critic_loss     | 1.35e+03 |
|    ent_coef        | 0.148    |
|    ent_coef_loss   | -0.506   |
|    learning_rate   | 0.0003   |
|    n_updates       | 468473   |
---------------------------------
---------------------------------
| rollout/           |          |
|    ep_len_mean     | 197      |
|    ep_rew_mean     | 656      |
|    success_rate    | 0.03     |
| time/              |          |
|    episodes        | 2404     |
|    fps             | 110      |
|    time_elapsed    | 4322     |
|    total_timesteps | 479274   |
| train/             |          |
|    actor_loss      | -339     |
|    critic_loss     | 64.7     |
|    ent_coef        | 0.149    |
|    ent_coef_loss   | -0.678   |
|    learning_rate   | 0.0003   |
|    n_updates       | 469273   |
---------------------------------
---------------------------------
| rollout/           |          |
|    ep_len_mean     | 197      |
|    ep_rew_mean     | 660      |
|    success_rate    | 0.03     |
| time/              |          |
|    episodes        | 2408     |
|    fps             | 110      |
|    time_elapsed    | 4330     |
|    total_timesteps | 480074   |
| train/             |          |
|    actor_loss      | -335     |
|    critic_loss     | 33.4     |
|    ent_coef        | 0.155    |
|    ent_coef_loss   | 0.621    |
|    learning_rate   | 0.0003   |
|    n_updates       | 470073   |
---------------------------------
---------------------------------
| rollout/           |          |
|    ep_len_mean     | 196      |
|    ep_rew_mean     | 685      |
|    success_rate    | 0.04     |
| time/              |          |
|    episodes        | 2412     |
|    fps             | 110      |
|    time_elapsed    | 4337     |
|    total_timesteps | 480801   |
| train/             |          |
|    actor_loss      | -331     |
|    critic_loss     | 51.9     |
|    ent_coef        | 0.153    |
|    ent_coef_loss   | -0.873   |
|    learning_rate   | 0.0003   |
|    n_updates       | 470800   |
---------------------------------
---------------------------------
| rollout/           |          |
|    ep_len_mean     | 196      |
|    ep_rew_mean     | 702      |
|    success_rate    | 0.04     |
| time/              |          |
|    episodes        | 2416     |
|    fps             | 110      |
|    time_elapsed    | 4345     |
|    total_timesteps | 481601   |
| train/             |          |
|    actor_loss      | -331     |
|    critic_loss     | 32.5     |
|    ent_coef        | 0.157    |
|    ent_coef_loss   | 0.386    |
|    learning_rate   | 0.0003   |
|    n_updates       | 471600   |
---------------------------------
---------------------------------
| rollout/           |          |
|    ep_len_mean     | 196      |
|    ep_rew_mean     | 708      |
|    success_rate    | 0.04     |
| time/              |          |
|    episodes        | 2420     |
|    fps             | 110      |
|    time_elapsed    | 4352     |
|    total_timesteps | 482401   |
| train/             |          |
|    actor_loss      | -348     |
|    critic_loss     | 18.5     |
|    ent_coef        | 0.16     |
|    ent_coef_loss   | 0.000408 |
|    learning_rate   | 0.0003   |
|    n_updates       | 472400   |
---------------------------------
---------------------------------
| rollout/           |          |
|    ep_len_mean     | 196      |
|    ep_rew_mean     | 725      |
|    success_rate    | 0.04     |
| time/              |          |
|    episodes        | 2424     |
|    fps             | 110      |
|    time_elapsed    | 4360     |
|    total_timesteps | 483201   |
| train/             |          |
|    actor_loss      | -339     |
|    critic_loss     | 57.9     |
|    ent_coef        | 0.155    |
|    ent_coef_loss   | 0.124    |
|    learning_rate   | 0.0003   |
|    n_updates       | 473200   |
---------------------------------
---------------------------------
| rollout/           |          |
|    ep_len_mean     | 196      |
|    ep_rew_mean     | 723      |
|    success_rate    | 0.04     |
| time/              |          |
|    episodes        | 2428     |
|    fps             | 110      |
|    time_elapsed    | 4368     |
|    total_timesteps | 484001   |
| train/             |          |
|    actor_loss      | -331     |
|    critic_loss     | 195      |
|    ent_coef        | 0.16     |
|    ent_coef_loss   | 0.643    |
|    learning_rate   | 0.0003   |
|    n_updates       | 474000   |
---------------------------------
---------------------------------
| rollout/           |          |
|    ep_len_mean     | 196      |
|    ep_rew_mean     | 718      |
|    success_rate    | 0.04     |
| time/              |          |
|    episodes        | 2432     |
|    fps             | 110      |
|    time_elapsed    | 4376     |
|    total_timesteps | 484801   |
| train/             |          |
|    actor_loss      | -345     |
|    critic_loss     | 53.1     |
|    ent_coef        | 0.152    |
|    ent_coef_loss   | -0.355   |
|    learning_rate   | 0.0003   |
|    n_updates       | 474800   |
---------------------------------
---------------------------------
| rollout/           |          |
|    ep_len_mean     | 196      |
|    ep_rew_mean     | 724      |
|    success_rate    | 0.04     |
| time/              |          |
|    episodes        | 2436     |
|    fps             | 110      |
|    time_elapsed    | 4383     |
|    total_timesteps | 485601   |
| train/             |          |
|    actor_loss      | -348     |
|    critic_loss     | 92.2     |
|    ent_coef        | 0.151    |
|    ent_coef_loss   | -0.0201  |
|    learning_rate   | 0.0003   |
|    n_updates       | 475600   |
---------------------------------
---------------------------------
| rollout/           |          |
|    ep_len_mean     | 196      |
|    ep_rew_mean     | 724      |
|    success_rate    | 0.04     |
| time/              |          |
|    episodes        | 2440     |
|    fps             | 110      |
|    time_elapsed    | 4391     |
|    total_timesteps | 486401   |
| train/             |          |
|    actor_loss      | -346     |
|    critic_loss     | 22.6     |
|    ent_coef        | 0.15     |
|    ent_coef_loss   | -0.762   |
|    learning_rate   | 0.0003   |
|    n_updates       | 476400   |
---------------------------------
---------------------------------
| rollout/           |          |
|    ep_len_mean     | 195      |
|    ep_rew_mean     | 738      |
|    success_rate    | 0.05     |
| time/              |          |
|    episodes        | 2444     |
|    fps             | 110      |
|    time_elapsed    | 4398     |
|    total_timesteps | 487092   |
| train/             |          |
|    actor_loss      | -337     |
|    critic_loss     | 21.5     |
|    ent_coef        | 0.155    |
|    ent_coef_loss   | 0.401    |
|    learning_rate   | 0.0003   |
|    n_updates       | 477091   |
---------------------------------
---------------------------------
| rollout/           |          |
|    ep_len_mean     | 196      |
|    ep_rew_mean     | 741      |
|    success_rate    | 0.04     |
| time/              |          |
|    episodes        | 2448     |
|    fps             | 110      |
|    time_elapsed    | 4406     |
|    total_timesteps | 487892   |
| train/             |          |
|    actor_loss      | -349     |
|    critic_loss     | 23.5     |
|    ent_coef        | 0.156    |
|    ent_coef_loss   | 0.313    |
|    learning_rate   | 0.0003   |
|    n_updates       | 477891   |
---------------------------------
---------------------------------
| rollout/           |          |
|    ep_len_mean     | 196      |
|    ep_rew_mean     | 756      |
|    success_rate    | 0.04     |
| time/              |          |
|    episodes        | 2452     |
|    fps             | 110      |
|    time_elapsed    | 4413     |
|    total_timesteps | 488692   |
| train/             |          |
|    actor_loss      | -348     |
|    critic_loss     | 220      |
|    ent_coef        | 0.156    |
|    ent_coef_loss   | -0.604   |
|    learning_rate   | 0.0003   |
|    n_updates       | 478691   |
---------------------------------
---------------------------------
| rollout/           |          |
|    ep_len_mean     | 197      |
|    ep_rew_mean     | 766      |
|    success_rate    | 0.03     |
| time/              |          |
|    episodes        | 2456     |
|    fps             | 110      |
|    time_elapsed    | 4421     |
|    total_timesteps | 489492   |
| train/             |          |
|    actor_loss      | -338     |
|    critic_loss     | 33       |
|    ent_coef        | 0.159    |
|    ent_coef_loss   | -0.194   |
|    learning_rate   | 0.0003   |
|    n_updates       | 479491   |
---------------------------------
---------------------------------
| rollout/           |          |
|    ep_len_mean     | 198      |
|    ep_rew_mean     | 773      |
|    success_rate    | 0.02     |
| time/              |          |
|    episodes        | 2460     |
|    fps             | 110      |
|    time_elapsed    | 4429     |
|    total_timesteps | 490292   |
| train/             |          |
|    actor_loss      | -355     |
|    critic_loss     | 43.6     |
|    ent_coef        | 0.159    |
|    ent_coef_loss   | -0.809   |
|    learning_rate   | 0.0003   |
|    n_updates       | 480291   |
---------------------------------
---------------------------------
| rollout/           |          |
|    ep_len_mean     | 198      |
|    ep_rew_mean     | 790      |
|    success_rate    | 0.02     |
| time/              |          |
|    episodes        | 2464     |
|    fps             | 110      |
|    time_elapsed    | 4436     |
|    total_timesteps | 491092   |
| train/             |          |
|    actor_loss      | -339     |
|    critic_loss     | 100      |
|    ent_coef        | 0.154    |
|    ent_coef_loss   | -0.165   |
|    learning_rate   | 0.0003   |
|    n_updates       | 481091   |
---------------------------------
---------------------------------
| rollout/           |          |
|    ep_len_mean     | 198      |
|    ep_rew_mean     | 803      |
|    success_rate    | 0.02     |
| time/              |          |
|    episodes        | 2468     |
|    fps             | 110      |
|    time_elapsed    | 4444     |
|    total_timesteps | 491892   |
| train/             |          |
|    actor_loss      | -346     |
|    critic_loss     | 27.6     |
|    ent_coef        | 0.149    |
|    ent_coef_loss   | 0.109    |
|    learning_rate   | 0.0003   |
|    n_updates       | 481891   |
---------------------------------
---------------------------------
| rollout/           |          |
|    ep_len_mean     | 198      |
|    ep_rew_mean     | 806      |
|    success_rate    | 0.02     |
| time/              |          |
|    episodes        | 2472     |
|    fps             | 110      |
|    time_elapsed    | 4452     |
|    total_timesteps | 492692   |
| train/             |          |
|    actor_loss      | -350     |
|    critic_loss     | 63.4     |
|    ent_coef        | 0.151    |
|    ent_coef_loss   | 0.568    |
|    learning_rate   | 0.0003   |
|    n_updates       | 482691   |
---------------------------------
---------------------------------
| rollout/           |          |
|    ep_len_mean     | 198      |
|    ep_rew_mean     | 816      |
|    success_rate    | 0.02     |
| time/              |          |
|    episodes        | 2476     |
|    fps             | 110      |
|    time_elapsed    | 4459     |
|    total_timesteps | 493492   |
| train/             |          |
|    actor_loss      | -357     |
|    critic_loss     | 35.4     |
|    ent_coef        | 0.157    |
|    ent_coef_loss   | -0.0794  |
|    learning_rate   | 0.0003   |
|    n_updates       | 483491   |
---------------------------------
---------------------------------
| rollout/           |          |
|    ep_len_mean     | 198      |
|    ep_rew_mean     | 826      |
|    success_rate    | 0.02     |
| time/              |          |
|    episodes        | 2480     |
|    fps             | 110      |
|    time_elapsed    | 4467     |
|    total_timesteps | 494292   |
| train/             |          |
|    actor_loss      | -349     |
|    critic_loss     | 181      |
|    ent_coef        | 0.16     |
|    ent_coef_loss   | -0.279   |
|    learning_rate   | 0.0003   |
|    n_updates       | 484291   |
---------------------------------
---------------------------------
| rollout/           |          |
|    ep_len_mean     | 198      |
|    ep_rew_mean     | 844      |
|    success_rate    | 0.02     |
| time/              |          |
|    episodes        | 2484     |
|    fps             | 110      |
|    time_elapsed    | 4475     |
|    total_timesteps | 495092   |
| train/             |          |
|    actor_loss      | -329     |
|    critic_loss     | 81.1     |
|    ent_coef        | 0.154    |
|    ent_coef_loss   | 0.503    |
|    learning_rate   | 0.0003   |
|    n_updates       | 485091   |
---------------------------------
---------------------------------
| rollout/           |          |
|    ep_len_mean     | 198      |
|    ep_rew_mean     | 847      |
|    success_rate    | 0.02     |
| time/              |          |
|    episodes        | 2488     |
|    fps             | 110      |
|    time_elapsed    | 4483     |
|    total_timesteps | 495892   |
| train/             |          |
|    actor_loss      | -346     |
|    critic_loss     | 200      |
|    ent_coef        | 0.152    |
|    ent_coef_loss   | -0.992   |
|    learning_rate   | 0.0003   |
|    n_updates       | 485891   |
---------------------------------
---------------------------------
| rollout/           |          |
|    ep_len_mean     | 198      |
|    ep_rew_mean     | 845      |
|    success_rate    | 0.02     |
| time/              |          |
|    episodes        | 2492     |
|    fps             | 110      |
|    time_elapsed    | 4490     |
|    total_timesteps | 496692   |
| train/             |          |
|    actor_loss      | -345     |
|    critic_loss     | 48.6     |
|    ent_coef        | 0.146    |
|    ent_coef_loss   | 0.396    |
|    learning_rate   | 0.0003   |
|    n_updates       | 486691   |
---------------------------------
---------------------------------
| rollout/           |          |
|    ep_len_mean     | 198      |
|    ep_rew_mean     | 837      |
|    success_rate    | 0.02     |
| time/              |          |
|    episodes        | 2496     |
|    fps             | 110      |
|    time_elapsed    | 4498     |
|    total_timesteps | 497492   |
| train/             |          |
|    actor_loss      | -345     |
|    critic_loss     | 46.5     |
|    ent_coef        | 0.155    |
|    ent_coef_loss   | 0.406    |
|    learning_rate   | 0.0003   |
|    n_updates       | 487491   |
---------------------------------
---------------------------------
| rollout/           |          |
|    ep_len_mean     | 198      |
|    ep_rew_mean     | 851      |
|    success_rate    | 0.02     |
| time/              |          |
|    episodes        | 2500     |
|    fps             | 110      |
|    time_elapsed    | 4506     |
|    total_timesteps | 498292   |
| train/             |          |
|    actor_loss      | -359     |
|    critic_loss     | 20.8     |
|    ent_coef        | 0.154    |
|    ent_coef_loss   | -0.256   |
|    learning_rate   | 0.0003   |
|    n_updates       | 488291   |
---------------------------------
---------------------------------
| rollout/           |          |
|    ep_len_mean     | 198      |
|    ep_rew_mean     | 851      |
|    success_rate    | 0.02     |
| time/              |          |
|    episodes        | 2504     |
|    fps             | 110      |
|    time_elapsed    | 4513     |
|    total_timesteps | 499092   |
| train/             |          |
|    actor_loss      | -335     |
|    critic_loss     | 36.3     |
|    ent_coef        | 0.149    |
|    ent_coef_loss   | -0.219   |
|    learning_rate   | 0.0003   |
|    n_updates       | 489091   |
---------------------------------
---------------------------------
| rollout/           |          |
|    ep_len_mean     | 198      |
|    ep_rew_mean     | 856      |
|    success_rate    | 0.02     |
| time/              |          |
|    episodes        | 2508     |
|    fps             | 110      |
|    time_elapsed    | 4521     |
|    total_timesteps | 499892   |
| train/             |          |
|    actor_loss      | -355     |
|    critic_loss     | 123      |
|    ent_coef        | 0.148    |
|    ent_coef_loss   | -0.378   |
|    learning_rate   | 0.0003   |
|    n_updates       | 489891   |
---------------------------------
Eval num_timesteps=500000, episode_reward=949.92 +/- 24.66
Episode length: 200.00 +/- 0.00
Success rate: 0.00%
---------------------------------
| eval/              |          |
|    mean_ep_length  | 200      |
|    mean_reward     | 950      |
|    success_rate    | 0        |
| time/              |          |
|    total_timesteps | 500000   |
| train/             |          |
|    actor_loss      | -359     |
|    critic_loss     | 25.7     |
|    ent_coef        | 0.148    |
|    ent_coef_loss   | -0.438   |
|    learning_rate   | 0.0003   |
|    n_updates       | 489999   |
---------------------------------
New best mean reward!
 100% ------------------------ 500,000/500,000  [ 1:15:24 < 0:00:00 , 99 it/s ]
Saved final model to C:\Users\Haikal\Desktop\Tech Learning\so101-rl-poc\runs\sac_cart_v2\final.zip
