Using cpu device
Logging to C:\Users\Haikal\Desktop\Tech Learning\so101-rl-poc\runs\sac_cart_v1\tb\SAC_1
---------------------------------
| rollout/           |          |
|    ep_len_mean     | 200      |
|    ep_rew_mean     | 53.4     |
|    success_rate    | 0        |
| time/              |          |
|    episodes        | 4        |
|    fps             | 1144     |
|    time_elapsed    | 0        |
|    total_timesteps | 800      |
---------------------------------
---------------------------------
| rollout/           |          |
|    ep_len_mean     | 200      |
|    ep_rew_mean     | 56.7     |
|    success_rate    | 0        |
| time/              |          |
|    episodes        | 8        |
|    fps             | 1146     |
|    time_elapsed    | 1        |
|    total_timesteps | 1600     |
---------------------------------
---------------------------------
| rollout/           |          |
|    ep_len_mean     | 200      |
|    ep_rew_mean     | 58.7     |
|    success_rate    | 0        |
| time/              |          |
|    episodes        | 12       |
|    fps             | 1129     |
|    time_elapsed    | 2        |
|    total_timesteps | 2400     |
---------------------------------
---------------------------------
| rollout/           |          |
|    ep_len_mean     | 200      |
|    ep_rew_mean     | 61.6     |
|    success_rate    | 0        |
| time/              |          |
|    episodes        | 16       |
|    fps             | 1133     |
|    time_elapsed    | 2        |
|    total_timesteps | 3200     |
---------------------------------
---------------------------------
| rollout/           |          |
|    ep_len_mean     | 200      |
|    ep_rew_mean     | 61.2     |
|    success_rate    | 0        |
| time/              |          |
|    episodes        | 20       |
|    fps             | 1141     |
|    time_elapsed    | 3        |
|    total_timesteps | 4000     |
---------------------------------
---------------------------------
| rollout/           |          |
|    ep_len_mean     | 200      |
|    ep_rew_mean     | 61.9     |
|    success_rate    | 0        |
| time/              |          |
|    episodes        | 24       |
|    fps             | 1144     |
|    time_elapsed    | 4        |
|    total_timesteps | 4800     |
---------------------------------
---------------------------------
| rollout/           |          |
|    ep_len_mean     | 200      |
|    ep_rew_mean     | 62.9     |
|    success_rate    | 0        |
| time/              |          |
|    episodes        | 28       |
|    fps             | 1142     |
|    time_elapsed    | 4        |
|    total_timesteps | 5600     |
---------------------------------
---------------------------------
| rollout/           |          |
|    ep_len_mean     | 200      |
|    ep_rew_mean     | 65.7     |
|    success_rate    | 0        |
| time/              |          |
|    episodes        | 32       |
|    fps             | 1144     |
|    time_elapsed    | 5        |
|    total_timesteps | 6400     |
---------------------------------
---------------------------------
| rollout/           |          |
|    ep_len_mean     | 200      |
|    ep_rew_mean     | 64.9     |
|    success_rate    | 0        |
| time/              |          |
|    episodes        | 36       |
|    fps             | 1152     |
|    time_elapsed    | 6        |
|    total_timesteps | 7200     |
---------------------------------
---------------------------------
| rollout/           |          |
|    ep_len_mean     | 200      |
|    ep_rew_mean     | 63.5     |
|    success_rate    | 0        |
| time/              |          |
|    episodes        | 40       |
|    fps             | 1151     |
|    time_elapsed    | 6        |
|    total_timesteps | 8000     |
---------------------------------
---------------------------------
| rollout/           |          |
|    ep_len_mean     | 200      |
|    ep_rew_mean     | 63       |
|    success_rate    | 0        |
| time/              |          |
|    episodes        | 44       |
|    fps             | 1151     |
|    time_elapsed    | 7        |
|    total_timesteps | 8800     |
---------------------------------
---------------------------------
| rollout/           |          |
|    ep_len_mean     | 200      |
|    ep_rew_mean     | 64.2     |
|    success_rate    | 0        |
| time/              |          |
|    episodes        | 48       |
|    fps             | 1146     |
|    time_elapsed    | 8        |
|    total_timesteps | 9600     |
---------------------------------
---------------------------------
| rollout/           |          |
|    ep_len_mean     | 200      |
|    ep_rew_mean     | 63.3     |
|    success_rate    | 0        |
| time/              |          |
|    episodes        | 52       |
|    fps             | 881      |
|    time_elapsed    | 11       |
|    total_timesteps | 10400    |
| train/             |          |
|    actor_loss      | -9       |
|    critic_loss     | 0.0409   |
|    ent_coef        | 0.887    |
|    ent_coef_loss   | -0.803   |
|    learning_rate   | 0.0003   |
|    n_updates       | 399      |
---------------------------------
---------------------------------
| rollout/           |          |
|    ep_len_mean     | 200      |
|    ep_rew_mean     | 63.3     |
|    success_rate    | 0        |
| time/              |          |
|    episodes        | 56       |
|    fps             | 629      |
|    time_elapsed    | 17       |
|    total_timesteps | 11200    |
| train/             |          |
|    actor_loss      | -16.3    |
|    critic_loss     | 0.0282   |
|    ent_coef        | 0.698    |
|    ent_coef_loss   | -2.42    |
|    learning_rate   | 0.0003   |
|    n_updates       | 1199     |
---------------------------------
---------------------------------
| rollout/           |          |
|    ep_len_mean     | 200      |
|    ep_rew_mean     | 62.8     |
|    success_rate    | 0        |
| time/              |          |
|    episodes        | 60       |
|    fps             | 505      |
|    time_elapsed    | 23       |
|    total_timesteps | 12000    |
| train/             |          |
|    actor_loss      | -22.3    |
|    critic_loss     | 0.0209   |
|    ent_coef        | 0.549    |
|    ent_coef_loss   | -4.03    |
|    learning_rate   | 0.0003   |
|    n_updates       | 1999     |
---------------------------------
---------------------------------
| rollout/           |          |
|    ep_len_mean     | 200      |
|    ep_rew_mean     | 64.2     |
|    success_rate    | 0        |
| time/              |          |
|    episodes        | 64       |
|    fps             | 429      |
|    time_elapsed    | 29       |
|    total_timesteps | 12800    |
| train/             |          |
|    actor_loss      | -27.4    |
|    critic_loss     | 0.0206   |
|    ent_coef        | 0.432    |
|    ent_coef_loss   | -5.65    |
|    learning_rate   | 0.0003   |
|    n_updates       | 2799     |
---------------------------------
---------------------------------
| rollout/           |          |
|    ep_len_mean     | 200      |
|    ep_rew_mean     | 66.3     |
|    success_rate    | 0        |
| time/              |          |
|    episodes        | 68       |
|    fps             | 379      |
|    time_elapsed    | 35       |
|    total_timesteps | 13600    |
| train/             |          |
|    actor_loss      | -31.1    |
|    critic_loss     | 0.0239   |
|    ent_coef        | 0.34     |
|    ent_coef_loss   | -7.23    |
|    learning_rate   | 0.0003   |
|    n_updates       | 3599     |
---------------------------------
---------------------------------
| rollout/           |          |
|    ep_len_mean     | 200      |
|    ep_rew_mean     | 67.6     |
|    success_rate    | 0        |
| time/              |          |
|    episodes        | 72       |
|    fps             | 344      |
|    time_elapsed    | 41       |
|    total_timesteps | 14400    |
| train/             |          |
|    actor_loss      | -34.4    |
|    critic_loss     | 0.0383   |
|    ent_coef        | 0.267    |
|    ent_coef_loss   | -8.86    |
|    learning_rate   | 0.0003   |
|    n_updates       | 4399     |
---------------------------------
---------------------------------
| rollout/           |          |
|    ep_len_mean     | 200      |
|    ep_rew_mean     | 69.3     |
|    success_rate    | 0        |
| time/              |          |
|    episodes        | 76       |
|    fps             | 317      |
|    time_elapsed    | 47       |
|    total_timesteps | 15200    |
| train/             |          |
|    actor_loss      | -37.1    |
|    critic_loss     | 0.0344   |
|    ent_coef        | 0.211    |
|    ent_coef_loss   | -10.3    |
|    learning_rate   | 0.0003   |
|    n_updates       | 5199     |
---------------------------------
---------------------------------
| rollout/           |          |
|    ep_len_mean     | 200      |
|    ep_rew_mean     | 71.2     |
|    success_rate    | 0        |
| time/              |          |
|    episodes        | 80       |
|    fps             | 296      |
|    time_elapsed    | 53       |
|    total_timesteps | 16000    |
| train/             |          |
|    actor_loss      | -39.2    |
|    critic_loss     | 0.0413   |
|    ent_coef        | 0.166    |
|    ent_coef_loss   | -11.8    |
|    learning_rate   | 0.0003   |
|    n_updates       | 5999     |
---------------------------------
---------------------------------
| rollout/           |          |
|    ep_len_mean     | 200      |
|    ep_rew_mean     | 72.4     |
|    success_rate    | 0        |
| time/              |          |
|    episodes        | 84       |
|    fps             | 280      |
|    time_elapsed    | 59       |
|    total_timesteps | 16800    |
| train/             |          |
|    actor_loss      | -41      |
|    critic_loss     | 0.045    |
|    ent_coef        | 0.131    |
|    ent_coef_loss   | -13      |
|    learning_rate   | 0.0003   |
|    n_updates       | 6799     |
---------------------------------
---------------------------------
| rollout/           |          |
|    ep_len_mean     | 200      |
|    ep_rew_mean     | 73.9     |
|    success_rate    | 0        |
| time/              |          |
|    episodes        | 88       |
|    fps             | 266      |
|    time_elapsed    | 65       |
|    total_timesteps | 17600    |
| train/             |          |
|    actor_loss      | -42.5    |
|    critic_loss     | 0.057    |
|    ent_coef        | 0.104    |
|    ent_coef_loss   | -13.8    |
|    learning_rate   | 0.0003   |
|    n_updates       | 7599     |
---------------------------------
---------------------------------
| rollout/           |          |
|    ep_len_mean     | 200      |
|    ep_rew_mean     | 76       |
|    success_rate    | 0        |
| time/              |          |
|    episodes        | 92       |
|    fps             | 255      |
|    time_elapsed    | 72       |
|    total_timesteps | 18400    |
| train/             |          |
|    actor_loss      | -44      |
|    critic_loss     | 0.0603   |
|    ent_coef        | 0.0826   |
|    ent_coef_loss   | -14.5    |
|    learning_rate   | 0.0003   |
|    n_updates       | 8399     |
---------------------------------
---------------------------------
| rollout/           |          |
|    ep_len_mean     | 200      |
|    ep_rew_mean     | 77.3     |
|    success_rate    | 0        |
| time/              |          |
|    episodes        | 96       |
|    fps             | 245      |
|    time_elapsed    | 78       |
|    total_timesteps | 19200    |
| train/             |          |
|    actor_loss      | -45.1    |
|    critic_loss     | 0.0744   |
|    ent_coef        | 0.0661   |
|    ent_coef_loss   | -14.4    |
|    learning_rate   | 0.0003   |
|    n_updates       | 9199     |
---------------------------------
---------------------------------
| rollout/           |          |
|    ep_len_mean     | 200      |
|    ep_rew_mean     | 79.7     |
|    success_rate    | 0        |
| time/              |          |
|    episodes        | 100      |
|    fps             | 237      |
|    time_elapsed    | 84       |
|    total_timesteps | 20000    |
| train/             |          |
|    actor_loss      | -46.6    |
|    critic_loss     | 0.0683   |
|    ent_coef        | 0.0531   |
|    ent_coef_loss   | -14.3    |
|    learning_rate   | 0.0003   |
|    n_updates       | 9999     |
---------------------------------
---------------------------------
| rollout/           |          |
|    ep_len_mean     | 200      |
|    ep_rew_mean     | 82.8     |
|    success_rate    | 0        |
| time/              |          |
|    episodes        | 104      |
|    fps             | 230      |
|    time_elapsed    | 90       |
|    total_timesteps | 20800    |
| train/             |          |
|    actor_loss      | -47.4    |
|    critic_loss     | 0.0872   |
|    ent_coef        | 0.043    |
|    ent_coef_loss   | -13.5    |
|    learning_rate   | 0.0003   |
|    n_updates       | 10799    |
---------------------------------
---------------------------------
| rollout/           |          |
|    ep_len_mean     | 200      |
|    ep_rew_mean     | 85.9     |
|    success_rate    | 0        |
| time/              |          |
|    episodes        | 108      |
|    fps             | 224      |
|    time_elapsed    | 96       |
|    total_timesteps | 21600    |
| train/             |          |
|    actor_loss      | -48.5    |
|    critic_loss     | 0.084    |
|    ent_coef        | 0.0351   |
|    ent_coef_loss   | -12.4    |
|    learning_rate   | 0.0003   |
|    n_updates       | 11599    |
---------------------------------
---------------------------------
| rollout/           |          |
|    ep_len_mean     | 200      |
|    ep_rew_mean     | 88.7     |
|    success_rate    | 0        |
| time/              |          |
|    episodes        | 112      |
|    fps             | 219      |
|    time_elapsed    | 101      |
|    total_timesteps | 22400    |
| train/             |          |
|    actor_loss      | -50      |
|    critic_loss     | 0.088    |
|    ent_coef        | 0.0291   |
|    ent_coef_loss   | -10.7    |
|    learning_rate   | 0.0003   |
|    n_updates       | 12399    |
---------------------------------
---------------------------------
| rollout/           |          |
|    ep_len_mean     | 200      |
|    ep_rew_mean     | 91.3     |
|    success_rate    | 0        |
| time/              |          |
|    episodes        | 116      |
|    fps             | 215      |
|    time_elapsed    | 107      |
|    total_timesteps | 23200    |
| train/             |          |
|    actor_loss      | -50.6    |
|    critic_loss     | 0.0875   |
|    ent_coef        | 0.0242   |
|    ent_coef_loss   | -8.02    |
|    learning_rate   | 0.0003   |
|    n_updates       | 13199    |
---------------------------------
---------------------------------
| rollout/           |          |
|    ep_len_mean     | 200      |
|    ep_rew_mean     | 94.3     |
|    success_rate    | 0        |
| time/              |          |
|    episodes        | 120      |
|    fps             | 210      |
|    time_elapsed    | 113      |
|    total_timesteps | 24000    |
| train/             |          |
|    actor_loss      | -52.4    |
|    critic_loss     | 0.0815   |
|    ent_coef        | 0.0208   |
|    ent_coef_loss   | -7.28    |
|    learning_rate   | 0.0003   |
|    n_updates       | 13999    |
---------------------------------
---------------------------------
| rollout/           |          |
|    ep_len_mean     | 200      |
|    ep_rew_mean     | 97.1     |
|    success_rate    | 0        |
| time/              |          |
|    episodes        | 124      |
|    fps             | 207      |
|    time_elapsed    | 119      |
|    total_timesteps | 24800    |
| train/             |          |
|    actor_loss      | -52.6    |
|    critic_loss     | 0.0741   |
|    ent_coef        | 0.0181   |
|    ent_coef_loss   | -4.86    |
|    learning_rate   | 0.0003   |
|    n_updates       | 14799    |
---------------------------------
Eval num_timesteps=25000, episode_reward=147.13 +/- 0.00
Episode length: 200.00 +/- 0.00
Success rate: 0.00%
---------------------------------
| eval/              |          |
|    mean_ep_length  | 200      |
|    mean_reward     | 147      |
|    success_rate    | 0        |
| time/              |          |
|    total_timesteps | 25000    |
| train/             |          |
|    actor_loss      | -52.7    |
|    critic_loss     | 0.081    |
|    ent_coef        | 0.0175   |
|    ent_coef_loss   | -3.95    |
|    learning_rate   | 0.0003   |
|    n_updates       | 14999    |
---------------------------------
New best mean reward!
---------------------------------
| rollout/           |          |
|    ep_len_mean     | 200      |
|    ep_rew_mean     | 99.8     |
|    success_rate    | 0        |
| time/              |          |
|    episodes        | 128      |
|    fps             | 202      |
|    time_elapsed    | 126      |
|    total_timesteps | 25600    |
| train/             |          |
|    actor_loss      | -53.7    |
|    critic_loss     | 0.0708   |
|    ent_coef        | 0.0156   |
|    ent_coef_loss   | -4.37    |
|    learning_rate   | 0.0003   |
|    n_updates       | 15599    |
---------------------------------
---------------------------------
| rollout/           |          |
|    ep_len_mean     | 200      |
|    ep_rew_mean     | 102      |
|    success_rate    | 0        |
| time/              |          |
|    episodes        | 132      |
|    fps             | 199      |
|    time_elapsed    | 132      |
|    total_timesteps | 26400    |
| train/             |          |
|    actor_loss      | -54      |
|    critic_loss     | 0.0805   |
|    ent_coef        | 0.0135   |
|    ent_coef_loss   | -0.927   |
|    learning_rate   | 0.0003   |
|    n_updates       | 16399    |
---------------------------------
---------------------------------
| rollout/           |          |
|    ep_len_mean     | 200      |
|    ep_rew_mean     | 105      |
|    success_rate    | 0        |
| time/              |          |
|    episodes        | 136      |
|    fps             | 196      |
|    time_elapsed    | 138      |
|    total_timesteps | 27200    |
| train/             |          |
|    actor_loss      | -55.3    |
|    critic_loss     | 0.0696   |
|    ent_coef        | 0.0119   |
|    ent_coef_loss   | -2.7     |
|    learning_rate   | 0.0003   |
|    n_updates       | 17199    |
---------------------------------
---------------------------------
| rollout/           |          |
|    ep_len_mean     | 200      |
|    ep_rew_mean     | 109      |
|    success_rate    | 0        |
| time/              |          |
|    episodes        | 140      |
|    fps             | 194      |
|    time_elapsed    | 144      |
|    total_timesteps | 28000    |
| train/             |          |
|    actor_loss      | -55.9    |
|    critic_loss     | 0.0692   |
|    ent_coef        | 0.0104   |
|    ent_coef_loss   | -2.7     |
|    learning_rate   | 0.0003   |
|    n_updates       | 17999    |
---------------------------------
---------------------------------
| rollout/           |          |
|    ep_len_mean     | 200      |
|    ep_rew_mean     | 113      |
|    success_rate    | 0        |
| time/              |          |
|    episodes        | 144      |
|    fps             | 191      |
|    time_elapsed    | 150      |
|    total_timesteps | 28800    |
| train/             |          |
|    actor_loss      | -56.4    |
|    critic_loss     | 0.0841   |
|    ent_coef        | 0.00954  |
|    ent_coef_loss   | -2.85    |
|    learning_rate   | 0.0003   |
|    n_updates       | 18799    |
---------------------------------
---------------------------------
| rollout/           |          |
|    ep_len_mean     | 200      |
|    ep_rew_mean     | 116      |
|    success_rate    | 0        |
| time/              |          |
|    episodes        | 148      |
|    fps             | 189      |
|    time_elapsed    | 156      |
|    total_timesteps | 29600    |
| train/             |          |
|    actor_loss      | -57.7    |
|    critic_loss     | 0.0618   |
|    ent_coef        | 0.00894  |
|    ent_coef_loss   | -1.51    |
|    learning_rate   | 0.0003   |
|    n_updates       | 19599    |
---------------------------------
---------------------------------
| rollout/           |          |
|    ep_len_mean     | 200      |
|    ep_rew_mean     | 120      |
|    success_rate    | 0        |
| time/              |          |
|    episodes        | 152      |
|    fps             | 187      |
|    time_elapsed    | 162      |
|    total_timesteps | 30400    |
| train/             |          |
|    actor_loss      | -57.6    |
|    critic_loss     | 0.0642   |
|    ent_coef        | 0.0095   |
|    ent_coef_loss   | -0.255   |
|    learning_rate   | 0.0003   |
|    n_updates       | 20399    |
---------------------------------
---------------------------------
| rollout/           |          |
|    ep_len_mean     | 200      |
|    ep_rew_mean     | 123      |
|    success_rate    | 0        |
| time/              |          |
|    episodes        | 156      |
|    fps             | 185      |
|    time_elapsed    | 167      |
|    total_timesteps | 31200    |
| train/             |          |
|    actor_loss      | -58.5    |
|    critic_loss     | 0.081    |
|    ent_coef        | 0.00951  |
|    ent_coef_loss   | 0.176    |
|    learning_rate   | 0.0003   |
|    n_updates       | 21199    |
---------------------------------
---------------------------------
| rollout/           |          |
|    ep_len_mean     | 200      |
|    ep_rew_mean     | 127      |
|    success_rate    | 0        |
| time/              |          |
|    episodes        | 160      |
|    fps             | 183      |
|    time_elapsed    | 173      |
|    total_timesteps | 32000    |
| train/             |          |
|    actor_loss      | -59.1    |
|    critic_loss     | 0.0606   |
|    ent_coef        | 0.00979  |
|    ent_coef_loss   | -0.625   |
|    learning_rate   | 0.0003   |
|    n_updates       | 21999    |
---------------------------------
---------------------------------
| rollout/           |          |
|    ep_len_mean     | 200      |
|    ep_rew_mean     | 130      |
|    success_rate    | 0        |
| time/              |          |
|    episodes        | 164      |
|    fps             | 182      |
|    time_elapsed    | 180      |
|    total_timesteps | 32800    |
| train/             |          |
|    actor_loss      | -60.2    |
|    critic_loss     | 0.0565   |
|    ent_coef        | 0.0107   |
|    ent_coef_loss   | 0.167    |
|    learning_rate   | 0.0003   |
|    n_updates       | 22799    |
---------------------------------
---------------------------------
| rollout/           |          |
|    ep_len_mean     | 200      |
|    ep_rew_mean     | 132      |
|    success_rate    | 0        |
| time/              |          |
|    episodes        | 168      |
|    fps             | 180      |
|    time_elapsed    | 186      |
|    total_timesteps | 33600    |
| train/             |          |
|    actor_loss      | -60      |
|    critic_loss     | 0.0703   |
|    ent_coef        | 0.0109   |
|    ent_coef_loss   | 4.47     |
|    learning_rate   | 0.0003   |
|    n_updates       | 23599    |
---------------------------------
---------------------------------
| rollout/           |          |
|    ep_len_mean     | 200      |
|    ep_rew_mean     | 135      |
|    success_rate    | 0        |
| time/              |          |
|    episodes        | 172      |
|    fps             | 179      |
|    time_elapsed    | 192      |
|    total_timesteps | 34400    |
| train/             |          |
|    actor_loss      | -61.7    |
|    critic_loss     | 0.0597   |
|    ent_coef        | 0.011    |
|    ent_coef_loss   | -3.82    |
|    learning_rate   | 0.0003   |
|    n_updates       | 24399    |
---------------------------------
---------------------------------
| rollout/           |          |
|    ep_len_mean     | 200      |
|    ep_rew_mean     | 137      |
|    success_rate    | 0        |
| time/              |          |
|    episodes        | 176      |
|    fps             | 177      |
|    time_elapsed    | 198      |
|    total_timesteps | 35200    |
| train/             |          |
|    actor_loss      | -61.9    |
|    critic_loss     | 0.051    |
|    ent_coef        | 0.0106   |
|    ent_coef_loss   | -4.01    |
|    learning_rate   | 0.0003   |
|    n_updates       | 25199    |
---------------------------------
---------------------------------
| rollout/           |          |
|    ep_len_mean     | 200      |
|    ep_rew_mean     | 139      |
|    success_rate    | 0        |
| time/              |          |
|    episodes        | 180      |
|    fps             | 176      |
|    time_elapsed    | 204      |
|    total_timesteps | 36000    |
| train/             |          |
|    actor_loss      | -62.2    |
|    critic_loss     | 0.0526   |
|    ent_coef        | 0.0107   |
|    ent_coef_loss   | 0.795    |
|    learning_rate   | 0.0003   |
|    n_updates       | 25999    |
---------------------------------
---------------------------------
| rollout/           |          |
|    ep_len_mean     | 200      |
|    ep_rew_mean     | 141      |
|    success_rate    | 0        |
| time/              |          |
|    episodes        | 184      |
|    fps             | 175      |
|    time_elapsed    | 210      |
|    total_timesteps | 36800    |
| train/             |          |
|    actor_loss      | -62.4    |
|    critic_loss     | 0.0693   |
|    ent_coef        | 0.0106   |
|    ent_coef_loss   | 1.36     |
|    learning_rate   | 0.0003   |
|    n_updates       | 26799    |
---------------------------------
---------------------------------
| rollout/           |          |
|    ep_len_mean     | 200      |
|    ep_rew_mean     | 143      |
|    success_rate    | 0        |
| time/              |          |
|    episodes        | 188      |
|    fps             | 173      |
|    time_elapsed    | 216      |
|    total_timesteps | 37600    |
| train/             |          |
|    actor_loss      | -63.3    |
|    critic_loss     | 0.0609   |
|    ent_coef        | 0.0105   |
|    ent_coef_loss   | 1.47     |
|    learning_rate   | 0.0003   |
|    n_updates       | 27599    |
---------------------------------
---------------------------------
| rollout/           |          |
|    ep_len_mean     | 200      |
|    ep_rew_mean     | 144      |
|    success_rate    | 0        |
| time/              |          |
|    episodes        | 192      |
|    fps             | 172      |
|    time_elapsed    | 222      |
|    total_timesteps | 38400    |
| train/             |          |
|    actor_loss      | -63.9    |
|    critic_loss     | 0.0773   |
|    ent_coef        | 0.0102   |
|    ent_coef_loss   | 2.53     |
|    learning_rate   | 0.0003   |
|    n_updates       | 28399    |
---------------------------------
---------------------------------
| rollout/           |          |
|    ep_len_mean     | 200      |
|    ep_rew_mean     | 146      |
|    success_rate    | 0        |
| time/              |          |
|    episodes        | 196      |
|    fps             | 171      |
|    time_elapsed    | 228      |
|    total_timesteps | 39200    |
| train/             |          |
|    actor_loss      | -64.2    |
|    critic_loss     | 0.0593   |
|    ent_coef        | 0.0105   |
|    ent_coef_loss   | 0.307    |
|    learning_rate   | 0.0003   |
|    n_updates       | 29199    |
---------------------------------
---------------------------------
| rollout/           |          |
|    ep_len_mean     | 200      |
|    ep_rew_mean     | 147      |
|    success_rate    | 0        |
| time/              |          |
|    episodes        | 200      |
|    fps             | 170      |
|    time_elapsed    | 234      |
|    total_timesteps | 40000    |
| train/             |          |
|    actor_loss      | -65.3    |
|    critic_loss     | 0.0488   |
|    ent_coef        | 0.0107   |
|    ent_coef_loss   | -2.57    |
|    learning_rate   | 0.0003   |
|    n_updates       | 29999    |
---------------------------------
---------------------------------
| rollout/           |          |
|    ep_len_mean     | 200      |
|    ep_rew_mean     | 148      |
|    success_rate    | 0        |
| time/              |          |
|    episodes        | 204      |
|    fps             | 169      |
|    time_elapsed    | 240      |
|    total_timesteps | 40800    |
| train/             |          |
|    actor_loss      | -66.4    |
|    critic_loss     | 0.067    |
|    ent_coef        | 0.0101   |
|    ent_coef_loss   | -4.13    |
|    learning_rate   | 0.0003   |
|    n_updates       | 30799    |
---------------------------------
---------------------------------
| rollout/           |          |
|    ep_len_mean     | 200      |
|    ep_rew_mean     | 148      |
|    success_rate    | 0        |
| time/              |          |
|    episodes        | 208      |
|    fps             | 168      |
|    time_elapsed    | 246      |
|    total_timesteps | 41600    |
| train/             |          |
|    actor_loss      | -66.1    |
|    critic_loss     | 0.055    |
|    ent_coef        | 0.0097   |
|    ent_coef_loss   | 1.42     |
|    learning_rate   | 0.0003   |
|    n_updates       | 31599    |
---------------------------------
---------------------------------
| rollout/           |          |
|    ep_len_mean     | 200      |
|    ep_rew_mean     | 149      |
|    success_rate    | 0        |
| time/              |          |
|    episodes        | 212      |
|    fps             | 167      |
|    time_elapsed    | 252      |
|    total_timesteps | 42400    |
| train/             |          |
|    actor_loss      | -66.2    |
|    critic_loss     | 0.0504   |
|    ent_coef        | 0.00937  |
|    ent_coef_loss   | 1.64     |
|    learning_rate   | 0.0003   |
|    n_updates       | 32399    |
---------------------------------
---------------------------------
| rollout/           |          |
|    ep_len_mean     | 200      |
|    ep_rew_mean     | 150      |
|    success_rate    | 0        |
| time/              |          |
|    episodes        | 216      |
|    fps             | 166      |
|    time_elapsed    | 258      |
|    total_timesteps | 43200    |
| train/             |          |
|    actor_loss      | -67.1    |
|    critic_loss     | 0.0727   |
|    ent_coef        | 0.00915  |
|    ent_coef_loss   | -1.6     |
|    learning_rate   | 0.0003   |
|    n_updates       | 33199    |
---------------------------------
---------------------------------
| rollout/           |          |
|    ep_len_mean     | 200      |
|    ep_rew_mean     | 151      |
|    success_rate    | 0        |
| time/              |          |
|    episodes        | 220      |
|    fps             | 166      |
|    time_elapsed    | 264      |
|    total_timesteps | 44000    |
| train/             |          |
|    actor_loss      | -67.2    |
|    critic_loss     | 0.0653   |
|    ent_coef        | 0.00883  |
|    ent_coef_loss   | -0.358   |
|    learning_rate   | 0.0003   |
|    n_updates       | 33999    |
---------------------------------
---------------------------------
| rollout/           |          |
|    ep_len_mean     | 200      |
|    ep_rew_mean     | 151      |
|    success_rate    | 0        |
| time/              |          |
|    episodes        | 224      |
|    fps             | 165      |
|    time_elapsed    | 270      |
|    total_timesteps | 44800    |
| train/             |          |
|    actor_loss      | -67.2    |
|    critic_loss     | 0.0721   |
|    ent_coef        | 0.00872  |
|    ent_coef_loss   | 1.68     |
|    learning_rate   | 0.0003   |
|    n_updates       | 34799    |
---------------------------------
---------------------------------
| rollout/           |          |
|    ep_len_mean     | 200      |
|    ep_rew_mean     | 152      |
|    success_rate    | 0        |
| time/              |          |
|    episodes        | 228      |
|    fps             | 164      |
|    time_elapsed    | 277      |
|    total_timesteps | 45600    |
| train/             |          |
|    actor_loss      | -68.3    |
|    critic_loss     | 0.0457   |
|    ent_coef        | 0.00874  |
|    ent_coef_loss   | 3.77     |
|    learning_rate   | 0.0003   |
|    n_updates       | 35599    |
---------------------------------
---------------------------------
| rollout/           |          |
|    ep_len_mean     | 200      |
|    ep_rew_mean     | 153      |
|    success_rate    | 0        |
| time/              |          |
|    episodes        | 232      |
|    fps             | 163      |
|    time_elapsed    | 283      |
|    total_timesteps | 46400    |
| train/             |          |
|    actor_loss      | -69.4    |
|    critic_loss     | 0.0407   |
|    ent_coef        | 0.00817  |
|    ent_coef_loss   | -4.12    |
|    learning_rate   | 0.0003   |
|    n_updates       | 36399    |
---------------------------------
---------------------------------
| rollout/           |          |
|    ep_len_mean     | 200      |
|    ep_rew_mean     | 153      |
|    success_rate    | 0        |
| time/              |          |
|    episodes        | 236      |
|    fps             | 163      |
|    time_elapsed    | 289      |
|    total_timesteps | 47200    |
| train/             |          |
|    actor_loss      | -68.8    |
|    critic_loss     | 0.042    |
|    ent_coef        | 0.00811  |
|    ent_coef_loss   | 1.33     |
|    learning_rate   | 0.0003   |
|    n_updates       | 37199    |
---------------------------------
---------------------------------
| rollout/           |          |
|    ep_len_mean     | 200      |
|    ep_rew_mean     | 153      |
|    success_rate    | 0        |
| time/              |          |
|    episodes        | 240      |
|    fps             | 162      |
|    time_elapsed    | 295      |
|    total_timesteps | 48000    |
| train/             |          |
|    actor_loss      | -69.5    |
|    critic_loss     | 0.0573   |
|    ent_coef        | 0.0078   |
|    ent_coef_loss   | 3.61     |
|    learning_rate   | 0.0003   |
|    n_updates       | 37999    |
---------------------------------
---------------------------------
| rollout/           |          |
|    ep_len_mean     | 200      |
|    ep_rew_mean     | 154      |
|    success_rate    | 0        |
| time/              |          |
|    episodes        | 244      |
|    fps             | 161      |
|    time_elapsed    | 301      |
|    total_timesteps | 48800    |
| train/             |          |
|    actor_loss      | -69.9    |
|    critic_loss     | 0.0416   |
|    ent_coef        | 0.00782  |
|    ent_coef_loss   | -0.588   |
|    learning_rate   | 0.0003   |
|    n_updates       | 38799    |
---------------------------------
---------------------------------
| rollout/           |          |
|    ep_len_mean     | 200      |
|    ep_rew_mean     | 154      |
|    success_rate    | 0        |
| time/              |          |
|    episodes        | 248      |
|    fps             | 161      |
|    time_elapsed    | 307      |
|    total_timesteps | 49600    |
| train/             |          |
|    actor_loss      | -69.9    |
|    critic_loss     | 0.0513   |
|    ent_coef        | 0.0075   |
|    ent_coef_loss   | -0.976   |
|    learning_rate   | 0.0003   |
|    n_updates       | 39599    |
---------------------------------
Eval num_timesteps=50000, episode_reward=157.29 +/- 0.00
Episode length: 200.00 +/- 0.00
Success rate: 0.00%
---------------------------------
| eval/              |          |
|    mean_ep_length  | 200      |
|    mean_reward     | 157      |
|    success_rate    | 0        |
| time/              |          |
|    total_timesteps | 50000    |
| train/             |          |
|    actor_loss      | -70.5    |
|    critic_loss     | 0.0468   |
|    ent_coef        | 0.00737  |
|    ent_coef_loss   | 1.05     |
|    learning_rate   | 0.0003   |
|    n_updates       | 39999    |
---------------------------------
New best mean reward!
---------------------------------
| rollout/           |          |
|    ep_len_mean     | 200      |
|    ep_rew_mean     | 154      |
|    success_rate    | 0        |
| time/              |          |
|    episodes        | 252      |
|    fps             | 159      |
|    time_elapsed    | 315      |
|    total_timesteps | 50400    |
| train/             |          |
|    actor_loss      | -70.2    |
|    critic_loss     | 0.06     |
|    ent_coef        | 0.00687  |
|    ent_coef_loss   | 1.48     |
|    learning_rate   | 0.0003   |
|    n_updates       | 40399    |
---------------------------------
---------------------------------
| rollout/           |          |
|    ep_len_mean     | 200      |
|    ep_rew_mean     | 154      |
|    success_rate    | 0        |
| time/              |          |
|    episodes        | 256      |
|    fps             | 159      |
|    time_elapsed    | 321      |
|    total_timesteps | 51200    |
| train/             |          |
|    actor_loss      | -71      |
|    critic_loss     | 0.0565   |
|    ent_coef        | 0.00681  |
|    ent_coef_loss   | -0.94    |
|    learning_rate   | 0.0003   |
|    n_updates       | 41199    |
---------------------------------
---------------------------------
| rollout/           |          |
|    ep_len_mean     | 200      |
|    ep_rew_mean     | 154      |
|    success_rate    | 0        |
| time/              |          |
|    episodes        | 260      |
|    fps             | 158      |
|    time_elapsed    | 327      |
|    total_timesteps | 52000    |
| train/             |          |
|    actor_loss      | -71.8    |
|    critic_loss     | 0.0488   |
|    ent_coef        | 0.00691  |
|    ent_coef_loss   | 0.976    |
|    learning_rate   | 0.0003   |
|    n_updates       | 41999    |
---------------------------------
---------------------------------
| rollout/           |          |
|    ep_len_mean     | 200      |
|    ep_rew_mean     | 154      |
|    success_rate    | 0        |
| time/              |          |
|    episodes        | 264      |
|    fps             | 158      |
|    time_elapsed    | 333      |
|    total_timesteps | 52800    |
| train/             |          |
|    actor_loss      | -71.5    |
|    critic_loss     | 0.0436   |
|    ent_coef        | 0.00661  |
|    ent_coef_loss   | -0.884   |
|    learning_rate   | 0.0003   |
|    n_updates       | 42799    |
---------------------------------
---------------------------------
| rollout/           |          |
|    ep_len_mean     | 200      |
|    ep_rew_mean     | 154      |
|    success_rate    | 0        |
| time/              |          |
|    episodes        | 268      |
|    fps             | 157      |
|    time_elapsed    | 339      |
|    total_timesteps | 53600    |
| train/             |          |
|    actor_loss      | -71.8    |
|    critic_loss     | 0.0375   |
|    ent_coef        | 0.0064   |
|    ent_coef_loss   | -0.565   |
|    learning_rate   | 0.0003   |
|    n_updates       | 43599    |
---------------------------------
---------------------------------
| rollout/           |          |
|    ep_len_mean     | 200      |
|    ep_rew_mean     | 154      |
|    success_rate    | 0        |
| time/              |          |
|    episodes        | 272      |
|    fps             | 157      |
|    time_elapsed    | 345      |
|    total_timesteps | 54400    |
| train/             |          |
|    actor_loss      | -72      |
|    critic_loss     | 0.0474   |
|    ent_coef        | 0.00611  |
|    ent_coef_loss   | 4.69     |
|    learning_rate   | 0.0003   |
|    n_updates       | 44399    |
---------------------------------
---------------------------------
| rollout/           |          |
|    ep_len_mean     | 200      |
|    ep_rew_mean     | 154      |
|    success_rate    | 0        |
| time/              |          |
|    episodes        | 276      |
|    fps             | 156      |
|    time_elapsed    | 351      |
|    total_timesteps | 55200    |
| train/             |          |
|    actor_loss      | -72.3    |
|    critic_loss     | 0.0652   |
|    ent_coef        | 0.00616  |
|    ent_coef_loss   | -0.641   |
|    learning_rate   | 0.0003   |
|    n_updates       | 45199    |
---------------------------------
---------------------------------
| rollout/           |          |
|    ep_len_mean     | 200      |
|    ep_rew_mean     | 154      |
|    success_rate    | 0        |
| time/              |          |
|    episodes        | 280      |
|    fps             | 156      |
|    time_elapsed    | 357      |
|    total_timesteps | 56000    |
| train/             |          |
|    actor_loss      | -72.2    |
|    critic_loss     | 0.0516   |
|    ent_coef        | 0.00612  |
|    ent_coef_loss   | 0.182    |
|    learning_rate   | 0.0003   |
|    n_updates       | 45999    |
---------------------------------
---------------------------------
| rollout/           |          |
|    ep_len_mean     | 200      |
|    ep_rew_mean     | 154      |
|    success_rate    | 0        |
| time/              |          |
|    episodes        | 284      |
|    fps             | 156      |
|    time_elapsed    | 363      |
|    total_timesteps | 56800    |
| train/             |          |
|    actor_loss      | -72.8    |
|    critic_loss     | 0.0511   |
|    ent_coef        | 0.00604  |
|    ent_coef_loss   | -2.01    |
|    learning_rate   | 0.0003   |
|    n_updates       | 46799    |
---------------------------------
---------------------------------
| rollout/           |          |
|    ep_len_mean     | 200      |
|    ep_rew_mean     | 154      |
|    success_rate    | 0        |
| time/              |          |
|    episodes        | 288      |
|    fps             | 155      |
|    time_elapsed    | 370      |
|    total_timesteps | 57600    |
| train/             |          |
|    actor_loss      | -73.4    |
|    critic_loss     | 0.0367   |
|    ent_coef        | 0.00615  |
|    ent_coef_loss   | 2.76     |
|    learning_rate   | 0.0003   |
|    n_updates       | 47599    |
---------------------------------
---------------------------------
| rollout/           |          |
|    ep_len_mean     | 200      |
|    ep_rew_mean     | 155      |
|    success_rate    | 0        |
| time/              |          |
|    episodes        | 292      |
|    fps             | 155      |
|    time_elapsed    | 376      |
|    total_timesteps | 58400    |
| train/             |          |
|    actor_loss      | -73.1    |
|    critic_loss     | 0.042    |
|    ent_coef        | 0.0062   |
|    ent_coef_loss   | 4.05     |
|    learning_rate   | 0.0003   |
|    n_updates       | 48399    |
---------------------------------
---------------------------------
| rollout/           |          |
|    ep_len_mean     | 200      |
|    ep_rew_mean     | 155      |
|    success_rate    | 0        |
| time/              |          |
|    episodes        | 296      |
|    fps             | 154      |
|    time_elapsed    | 382      |
|    total_timesteps | 59200    |
| train/             |          |
|    actor_loss      | -73.8    |
|    critic_loss     | 0.0404   |
|    ent_coef        | 0.00569  |
|    ent_coef_loss   | 0.735    |
|    learning_rate   | 0.0003   |
|    n_updates       | 49199    |
---------------------------------
---------------------------------
| rollout/           |          |
|    ep_len_mean     | 200      |
|    ep_rew_mean     | 155      |
|    success_rate    | 0        |
| time/              |          |
|    episodes        | 300      |
|    fps             | 154      |
|    time_elapsed    | 388      |
|    total_timesteps | 60000    |
| train/             |          |
|    actor_loss      | -73.6    |
|    critic_loss     | 0.0346   |
|    ent_coef        | 0.0058   |
|    ent_coef_loss   | 0.861    |
|    learning_rate   | 0.0003   |
|    n_updates       | 49999    |
---------------------------------
---------------------------------
| rollout/           |          |
|    ep_len_mean     | 200      |
|    ep_rew_mean     | 155      |
|    success_rate    | 0        |
| time/              |          |
|    episodes        | 304      |
|    fps             | 154      |
|    time_elapsed    | 394      |
|    total_timesteps | 60800    |
| train/             |          |
|    actor_loss      | -73.9    |
|    critic_loss     | 0.0421   |
|    ent_coef        | 0.0059   |
|    ent_coef_loss   | -3.18    |
|    learning_rate   | 0.0003   |
|    n_updates       | 50799    |
---------------------------------
---------------------------------
| rollout/           |          |
|    ep_len_mean     | 200      |
|    ep_rew_mean     | 155      |
|    success_rate    | 0        |
| time/              |          |
|    episodes        | 308      |
|    fps             | 153      |
|    time_elapsed    | 400      |
|    total_timesteps | 61600    |
| train/             |          |
|    actor_loss      | -73.9    |
|    critic_loss     | 0.0293   |
|    ent_coef        | 0.00563  |
|    ent_coef_loss   | -0.897   |
|    learning_rate   | 0.0003   |
|    n_updates       | 51599    |
---------------------------------
---------------------------------
| rollout/           |          |
|    ep_len_mean     | 200      |
|    ep_rew_mean     | 155      |
|    success_rate    | 0        |
| time/              |          |
|    episodes        | 312      |
|    fps             | 153      |
|    time_elapsed    | 406      |
|    total_timesteps | 62400    |
| train/             |          |
|    actor_loss      | -74.1    |
|    critic_loss     | 0.0474   |
|    ent_coef        | 0.00565  |
|    ent_coef_loss   | 0.887    |
|    learning_rate   | 0.0003   |
|    n_updates       | 52399    |
---------------------------------
---------------------------------
| rollout/           |          |
|    ep_len_mean     | 200      |
|    ep_rew_mean     | 155      |
|    success_rate    | 0        |
| time/              |          |
|    episodes        | 316      |
|    fps             | 152      |
|    time_elapsed    | 413      |
|    total_timesteps | 63200    |
| train/             |          |
|    actor_loss      | -74.1    |
|    critic_loss     | 0.0458   |
|    ent_coef        | 0.00538  |
|    ent_coef_loss   | 3.35     |
|    learning_rate   | 0.0003   |
|    n_updates       | 53199    |
---------------------------------
---------------------------------
| rollout/           |          |
|    ep_len_mean     | 200      |
|    ep_rew_mean     | 155      |
|    success_rate    | 0        |
| time/              |          |
|    episodes        | 320      |
|    fps             | 152      |
|    time_elapsed    | 419      |
|    total_timesteps | 64000    |
| train/             |          |
|    actor_loss      | -74.7    |
|    critic_loss     | 0.045    |
|    ent_coef        | 0.00552  |
|    ent_coef_loss   | -1.41    |
|    learning_rate   | 0.0003   |
|    n_updates       | 53999    |
---------------------------------
---------------------------------
| rollout/           |          |
|    ep_len_mean     | 200      |
|    ep_rew_mean     | 155      |
|    success_rate    | 0        |
| time/              |          |
|    episodes        | 324      |
|    fps             | 152      |
|    time_elapsed    | 425      |
|    total_timesteps | 64800    |
| train/             |          |
|    actor_loss      | -74.3    |
|    critic_loss     | 0.0547   |
|    ent_coef        | 0.00535  |
|    ent_coef_loss   | 2.66     |
|    learning_rate   | 0.0003   |
|    n_updates       | 54799    |
---------------------------------
---------------------------------
| rollout/           |          |
|    ep_len_mean     | 200      |
|    ep_rew_mean     | 155      |
|    success_rate    | 0        |
| time/              |          |
|    episodes        | 328      |
|    fps             | 152      |
|    time_elapsed    | 431      |
|    total_timesteps | 65600    |
| train/             |          |
|    actor_loss      | -74.8    |
|    critic_loss     | 0.0368   |
|    ent_coef        | 0.00502  |
|    ent_coef_loss   | -1.29    |
|    learning_rate   | 0.0003   |
|    n_updates       | 55599    |
---------------------------------
---------------------------------
| rollout/           |          |
|    ep_len_mean     | 200      |
|    ep_rew_mean     | 155      |
|    success_rate    | 0        |
| time/              |          |
|    episodes        | 332      |
|    fps             | 151      |
|    time_elapsed    | 437      |
|    total_timesteps | 66400    |
| train/             |          |
|    actor_loss      | -75      |
|    critic_loss     | 0.0402   |
|    ent_coef        | 0.00503  |
|    ent_coef_loss   | 0.505    |
|    learning_rate   | 0.0003   |
|    n_updates       | 56399    |
---------------------------------
---------------------------------
| rollout/           |          |
|    ep_len_mean     | 200      |
|    ep_rew_mean     | 155      |
|    success_rate    | 0        |
| time/              |          |
|    episodes        | 336      |
|    fps             | 151      |
|    time_elapsed    | 443      |
|    total_timesteps | 67200    |
| train/             |          |
|    actor_loss      | -75.4    |
|    critic_loss     | 0.0422   |
|    ent_coef        | 0.00496  |
|    ent_coef_loss   | -0.849   |
|    learning_rate   | 0.0003   |
|    n_updates       | 57199    |
---------------------------------
---------------------------------
| rollout/           |          |
|    ep_len_mean     | 200      |
|    ep_rew_mean     | 156      |
|    success_rate    | 0        |
| time/              |          |
|    episodes        | 340      |
|    fps             | 151      |
|    time_elapsed    | 449      |
|    total_timesteps | 68000    |
| train/             |          |
|    actor_loss      | -75.2    |
|    critic_loss     | 0.041    |
|    ent_coef        | 0.00478  |
|    ent_coef_loss   | 0.316    |
|    learning_rate   | 0.0003   |
|    n_updates       | 57999    |
---------------------------------
---------------------------------
| rollout/           |          |
|    ep_len_mean     | 200      |
|    ep_rew_mean     | 156      |
|    success_rate    | 0        |
| time/              |          |
|    episodes        | 344      |
|    fps             | 150      |
|    time_elapsed    | 456      |
|    total_timesteps | 68800    |
| train/             |          |
|    actor_loss      | -75.4    |
|    critic_loss     | 0.0406   |
|    ent_coef        | 0.00468  |
|    ent_coef_loss   | -3.53    |
|    learning_rate   | 0.0003   |
|    n_updates       | 58799    |
---------------------------------
---------------------------------
| rollout/           |          |
|    ep_len_mean     | 200      |
|    ep_rew_mean     | 156      |
|    success_rate    | 0        |
| time/              |          |
|    episodes        | 348      |
|    fps             | 150      |
|    time_elapsed    | 462      |
|    total_timesteps | 69600    |
| train/             |          |
|    actor_loss      | -76      |
|    critic_loss     | 0.0309   |
|    ent_coef        | 0.00448  |
|    ent_coef_loss   | -1.49    |
|    learning_rate   | 0.0003   |
|    n_updates       | 59599    |
---------------------------------
---------------------------------
| rollout/           |          |
|    ep_len_mean     | 200      |
|    ep_rew_mean     | 156      |
|    success_rate    | 0        |
| time/              |          |
|    episodes        | 352      |
|    fps             | 150      |
|    time_elapsed    | 468      |
|    total_timesteps | 70400    |
| train/             |          |
|    actor_loss      | -76      |
|    critic_loss     | 0.0355   |
|    ent_coef        | 0.00456  |
|    ent_coef_loss   | 3.42     |
|    learning_rate   | 0.0003   |
|    n_updates       | 60399    |
---------------------------------
---------------------------------
| rollout/           |          |
|    ep_len_mean     | 200      |
|    ep_rew_mean     | 156      |
|    success_rate    | 0        |
| time/              |          |
|    episodes        | 356      |
|    fps             | 150      |
|    time_elapsed    | 474      |
|    total_timesteps | 71200    |
| train/             |          |
|    actor_loss      | -75.7    |
|    critic_loss     | 0.0476   |
|    ent_coef        | 0.00469  |
|    ent_coef_loss   | 1.53     |
|    learning_rate   | 0.0003   |
|    n_updates       | 61199    |
---------------------------------
---------------------------------
| rollout/           |          |
|    ep_len_mean     | 200      |
|    ep_rew_mean     | 156      |
|    success_rate    | 0        |
| time/              |          |
|    episodes        | 360      |
|    fps             | 149      |
|    time_elapsed    | 480      |
|    total_timesteps | 72000    |
| train/             |          |
|    actor_loss      | -75.9    |
|    critic_loss     | 0.0397   |
|    ent_coef        | 0.00451  |
|    ent_coef_loss   | 0.0796   |
|    learning_rate   | 0.0003   |
|    n_updates       | 61999    |
---------------------------------
---------------------------------
| rollout/           |          |
|    ep_len_mean     | 200      |
|    ep_rew_mean     | 156      |
|    success_rate    | 0        |
| time/              |          |
|    episodes        | 364      |
|    fps             | 149      |
|    time_elapsed    | 486      |
|    total_timesteps | 72800    |
| train/             |          |
|    actor_loss      | -75.6    |
|    critic_loss     | 0.0406   |
|    ent_coef        | 0.00449  |
|    ent_coef_loss   | 0.779    |
|    learning_rate   | 0.0003   |
|    n_updates       | 62799    |
---------------------------------
---------------------------------
| rollout/           |          |
|    ep_len_mean     | 200      |
|    ep_rew_mean     | 156      |
|    success_rate    | 0        |
| time/              |          |
|    episodes        | 368      |
|    fps             | 149      |
|    time_elapsed    | 492      |
|    total_timesteps | 73600    |
| train/             |          |
|    actor_loss      | -76.5    |
|    critic_loss     | 0.0364   |
|    ent_coef        | 0.00435  |
|    ent_coef_loss   | -3.98    |
|    learning_rate   | 0.0003   |
|    n_updates       | 63599    |
---------------------------------
---------------------------------
| rollout/           |          |
|    ep_len_mean     | 200      |
|    ep_rew_mean     | 156      |
|    success_rate    | 0        |
| time/              |          |
|    episodes        | 372      |
|    fps             | 149      |
|    time_elapsed    | 498      |
|    total_timesteps | 74400    |
| train/             |          |
|    actor_loss      | -76.5    |
|    critic_loss     | 0.0302   |
|    ent_coef        | 0.0043   |
|    ent_coef_loss   | -2.47    |
|    learning_rate   | 0.0003   |
|    n_updates       | 64399    |
---------------------------------
Eval num_timesteps=75000, episode_reward=156.43 +/- 0.00
Episode length: 200.00 +/- 0.00
Success rate: 0.00%
---------------------------------
| eval/              |          |
|    mean_ep_length  | 200      |
|    mean_reward     | 156      |
|    success_rate    | 0        |
| time/              |          |
|    total_timesteps | 75000    |
| train/             |          |
|    actor_loss      | -76.8    |
|    critic_loss     | 0.0367   |
|    ent_coef        | 0.00427  |
|    ent_coef_loss   | -4.58    |
|    learning_rate   | 0.0003   |
|    n_updates       | 64999    |
---------------------------------
---------------------------------
| rollout/           |          |
|    ep_len_mean     | 200      |
|    ep_rew_mean     | 156      |
|    success_rate    | 0        |
| time/              |          |
|    episodes        | 376      |
|    fps             | 148      |
|    time_elapsed    | 506      |
|    total_timesteps | 75200    |
| train/             |          |
|    actor_loss      | -76.3    |
|    critic_loss     | 0.0497   |
|    ent_coef        | 0.00421  |
|    ent_coef_loss   | 2.74     |
|    learning_rate   | 0.0003   |
|    n_updates       | 65199    |
---------------------------------
---------------------------------
| rollout/           |          |
|    ep_len_mean     | 200      |
|    ep_rew_mean     | 156      |
|    success_rate    | 0        |
| time/              |          |
|    episodes        | 380      |
|    fps             | 148      |
|    time_elapsed    | 512      |
|    total_timesteps | 76000    |
| train/             |          |
|    actor_loss      | -76.4    |
|    critic_loss     | 0.0288   |
|    ent_coef        | 0.00425  |
|    ent_coef_loss   | -0.846   |
|    learning_rate   | 0.0003   |
|    n_updates       | 65999    |
---------------------------------
---------------------------------
| rollout/           |          |
|    ep_len_mean     | 200      |
|    ep_rew_mean     | 155      |
|    success_rate    | 0        |
| time/              |          |
|    episodes        | 384      |
|    fps             | 148      |
|    time_elapsed    | 518      |
|    total_timesteps | 76800    |
| train/             |          |
|    actor_loss      | -77      |
|    critic_loss     | 0.0375   |
|    ent_coef        | 0.00403  |
|    ent_coef_loss   | -1.99    |
|    learning_rate   | 0.0003   |
|    n_updates       | 66799    |
---------------------------------
---------------------------------
| rollout/           |          |
|    ep_len_mean     | 200      |
|    ep_rew_mean     | 155      |
|    success_rate    | 0        |
| time/              |          |
|    episodes        | 388      |
|    fps             | 147      |
|    time_elapsed    | 524      |
|    total_timesteps | 77600    |
| train/             |          |
|    actor_loss      | -76.6    |
|    critic_loss     | 0.0382   |
|    ent_coef        | 0.00401  |
|    ent_coef_loss   | 0.9      |
|    learning_rate   | 0.0003   |
|    n_updates       | 67599    |
---------------------------------
---------------------------------
| rollout/           |          |
|    ep_len_mean     | 200      |
|    ep_rew_mean     | 155      |
|    success_rate    | 0        |
| time/              |          |
|    episodes        | 392      |
|    fps             | 147      |
|    time_elapsed    | 531      |
|    total_timesteps | 78400    |
| train/             |          |
|    actor_loss      | -76.6    |
|    critic_loss     | 0.0404   |
|    ent_coef        | 0.004    |
|    ent_coef_loss   | 2.4      |
|    learning_rate   | 0.0003   |
|    n_updates       | 68399    |
---------------------------------
---------------------------------
| rollout/           |          |
|    ep_len_mean     | 200      |
|    ep_rew_mean     | 155      |
|    success_rate    | 0        |
| time/              |          |
|    episodes        | 396      |
|    fps             | 147      |
|    time_elapsed    | 537      |
|    total_timesteps | 79200    |
| train/             |          |
|    actor_loss      | -76.5    |
|    critic_loss     | 0.0374   |
|    ent_coef        | 0.0038   |
|    ent_coef_loss   | 0.808    |
|    learning_rate   | 0.0003   |
|    n_updates       | 69199    |
---------------------------------
---------------------------------
| rollout/           |          |
|    ep_len_mean     | 200      |
|    ep_rew_mean     | 155      |
|    success_rate    | 0        |
| time/              |          |
|    episodes        | 400      |
|    fps             | 147      |
|    time_elapsed    | 543      |
|    total_timesteps | 80000    |
| train/             |          |
|    actor_loss      | -77.4    |
|    critic_loss     | 0.0308   |
|    ent_coef        | 0.0039   |
|    ent_coef_loss   | -1.23    |
|    learning_rate   | 0.0003   |
|    n_updates       | 69999    |
---------------------------------
---------------------------------
| rollout/           |          |
|    ep_len_mean     | 200      |
|    ep_rew_mean     | 155      |
|    success_rate    | 0        |
| time/              |          |
|    episodes        | 404      |
|    fps             | 147      |
|    time_elapsed    | 549      |
|    total_timesteps | 80800    |
| train/             |          |
|    actor_loss      | -77      |
|    critic_loss     | 0.0382   |
|    ent_coef        | 0.00384  |
|    ent_coef_loss   | 1.48     |
|    learning_rate   | 0.0003   |
|    n_updates       | 70799    |
---------------------------------
---------------------------------
| rollout/           |          |
|    ep_len_mean     | 200      |
|    ep_rew_mean     | 155      |
|    success_rate    | 0        |
| time/              |          |
|    episodes        | 408      |
|    fps             | 146      |
|    time_elapsed    | 555      |
|    total_timesteps | 81600    |
| train/             |          |
|    actor_loss      | -77.3    |
|    critic_loss     | 0.0376   |
|    ent_coef        | 0.00415  |
|    ent_coef_loss   | 0.564    |
|    learning_rate   | 0.0003   |
|    n_updates       | 71599    |
---------------------------------
---------------------------------
| rollout/           |          |
|    ep_len_mean     | 200      |
|    ep_rew_mean     | 155      |
|    success_rate    | 0        |
| time/              |          |
|    episodes        | 412      |
|    fps             | 146      |
|    time_elapsed    | 562      |
|    total_timesteps | 82400    |
| train/             |          |
|    actor_loss      | -77.4    |
|    critic_loss     | 0.0365   |
|    ent_coef        | 0.00392  |
|    ent_coef_loss   | -1.24    |
|    learning_rate   | 0.0003   |
|    n_updates       | 72399    |
---------------------------------
---------------------------------
| rollout/           |          |
|    ep_len_mean     | 200      |
|    ep_rew_mean     | 155      |
|    success_rate    | 0        |
| time/              |          |
|    episodes        | 416      |
|    fps             | 146      |
|    time_elapsed    | 568      |
|    total_timesteps | 83200    |
| train/             |          |
|    actor_loss      | -77.3    |
|    critic_loss     | 0.0399   |
|    ent_coef        | 0.00378  |
|    ent_coef_loss   | 15.4     |
|    learning_rate   | 0.0003   |
|    n_updates       | 73199    |
---------------------------------
---------------------------------
| rollout/           |          |
|    ep_len_mean     | 200      |
|    ep_rew_mean     | 155      |
|    success_rate    | 0        |
| time/              |          |
|    episodes        | 420      |
|    fps             | 146      |
|    time_elapsed    | 574      |
|    total_timesteps | 84000    |
| train/             |          |
|    actor_loss      | -77.5    |
|    critic_loss     | 0.027    |
|    ent_coef        | 0.00401  |
|    ent_coef_loss   | -1.43    |
|    learning_rate   | 0.0003   |
|    n_updates       | 73999    |
---------------------------------
---------------------------------
| rollout/           |          |
|    ep_len_mean     | 200      |
|    ep_rew_mean     | 155      |
|    success_rate    | 0        |
| time/              |          |
|    episodes        | 424      |
|    fps             | 146      |
|    time_elapsed    | 580      |
|    total_timesteps | 84800    |
| train/             |          |
|    actor_loss      | -77.9    |
|    critic_loss     | 0.0265   |
|    ent_coef        | 0.00365  |
|    ent_coef_loss   | -1.1     |
|    learning_rate   | 0.0003   |
|    n_updates       | 74799    |
---------------------------------
---------------------------------
| rollout/           |          |
|    ep_len_mean     | 200      |
|    ep_rew_mean     | 155      |
|    success_rate    | 0        |
| time/              |          |
|    episodes        | 428      |
|    fps             | 145      |
|    time_elapsed    | 586      |
|    total_timesteps | 85600    |
| train/             |          |
|    actor_loss      | -77.8    |
|    critic_loss     | 0.0241   |
|    ent_coef        | 0.00365  |
|    ent_coef_loss   | 0.0267   |
|    learning_rate   | 0.0003   |
|    n_updates       | 75599    |
---------------------------------
---------------------------------
| rollout/           |          |
|    ep_len_mean     | 200      |
|    ep_rew_mean     | 155      |
|    success_rate    | 0        |
| time/              |          |
|    episodes        | 432      |
|    fps             | 145      |
|    time_elapsed    | 593      |
|    total_timesteps | 86400    |
| train/             |          |
|    actor_loss      | -77.9    |
|    critic_loss     | 0.042    |
|    ent_coef        | 0.00349  |
|    ent_coef_loss   | 14.8     |
|    learning_rate   | 0.0003   |
|    n_updates       | 76399    |
---------------------------------
---------------------------------
| rollout/           |          |
|    ep_len_mean     | 200      |
|    ep_rew_mean     | 155      |
|    success_rate    | 0        |
| time/              |          |
|    episodes        | 436      |
|    fps             | 145      |
|    time_elapsed    | 599      |
|    total_timesteps | 87200    |
| train/             |          |
|    actor_loss      | -77.9    |
|    critic_loss     | 0.0365   |
|    ent_coef        | 0.00358  |
|    ent_coef_loss   | -1.57    |
|    learning_rate   | 0.0003   |
|    n_updates       | 77199    |
---------------------------------
---------------------------------
| rollout/           |          |
|    ep_len_mean     | 200      |
|    ep_rew_mean     | 155      |
|    success_rate    | 0        |
| time/              |          |
|    episodes        | 440      |
|    fps             | 145      |
|    time_elapsed    | 605      |
|    total_timesteps | 88000    |
| train/             |          |
|    actor_loss      | -78.2    |
|    critic_loss     | 0.0276   |
|    ent_coef        | 0.00356  |
|    ent_coef_loss   | -1.51    |
|    learning_rate   | 0.0003   |
|    n_updates       | 77999    |
---------------------------------
---------------------------------
| rollout/           |          |
|    ep_len_mean     | 200      |
|    ep_rew_mean     | 155      |
|    success_rate    | 0        |
| time/              |          |
|    episodes        | 444      |
|    fps             | 145      |
|    time_elapsed    | 611      |
|    total_timesteps | 88800    |
| train/             |          |
|    actor_loss      | -77.6    |
|    critic_loss     | 0.0475   |
|    ent_coef        | 0.00344  |
|    ent_coef_loss   | 0.577    |
|    learning_rate   | 0.0003   |
|    n_updates       | 78799    |
---------------------------------
---------------------------------
| rollout/           |          |
|    ep_len_mean     | 200      |
|    ep_rew_mean     | 155      |
|    success_rate    | 0        |
| time/              |          |
|    episodes        | 448      |
|    fps             | 144      |
|    time_elapsed    | 618      |
|    total_timesteps | 89600    |
| train/             |          |
|    actor_loss      | -77.8    |
|    critic_loss     | 0.0259   |
|    ent_coef        | 0.00324  |
|    ent_coef_loss   | 6.21     |
|    learning_rate   | 0.0003   |
|    n_updates       | 79599    |
---------------------------------
---------------------------------
| rollout/           |          |
|    ep_len_mean     | 200      |
|    ep_rew_mean     | 155      |
|    success_rate    | 0        |
| time/              |          |
|    episodes        | 452      |
|    fps             | 144      |
|    time_elapsed    | 624      |
|    total_timesteps | 90400    |
| train/             |          |
|    actor_loss      | -77.6    |
|    critic_loss     | 0.0337   |
|    ent_coef        | 0.00322  |
|    ent_coef_loss   | 5.09     |
|    learning_rate   | 0.0003   |
|    n_updates       | 80399    |
---------------------------------
---------------------------------
| rollout/           |          |
|    ep_len_mean     | 200      |
|    ep_rew_mean     | 155      |
|    success_rate    | 0        |
| time/              |          |
|    episodes        | 456      |
|    fps             | 144      |
|    time_elapsed    | 630      |
|    total_timesteps | 91200    |
| train/             |          |
|    actor_loss      | -78.1    |
|    critic_loss     | 0.0372   |
|    ent_coef        | 0.00318  |
|    ent_coef_loss   | 0.13     |
|    learning_rate   | 0.0003   |
|    n_updates       | 81199    |
---------------------------------
---------------------------------
| rollout/           |          |
|    ep_len_mean     | 200      |
|    ep_rew_mean     | 155      |
|    success_rate    | 0        |
| time/              |          |
|    episodes        | 460      |
|    fps             | 144      |
|    time_elapsed    | 636      |
|    total_timesteps | 92000    |
| train/             |          |
|    actor_loss      | -78      |
|    critic_loss     | 0.03     |
|    ent_coef        | 0.0031   |
|    ent_coef_loss   | 4.28     |
|    learning_rate   | 0.0003   |
|    n_updates       | 81999    |
---------------------------------
---------------------------------
| rollout/           |          |
|    ep_len_mean     | 200      |
|    ep_rew_mean     | 155      |
|    success_rate    | 0        |
| time/              |          |
|    episodes        | 464      |
|    fps             | 144      |
|    time_elapsed    | 643      |
|    total_timesteps | 92800    |
| train/             |          |
|    actor_loss      | -78.3    |
|    critic_loss     | 0.0264   |
|    ent_coef        | 0.00315  |
|    ent_coef_loss   | -5.25    |
|    learning_rate   | 0.0003   |
|    n_updates       | 82799    |
---------------------------------
---------------------------------
| rollout/           |          |
|    ep_len_mean     | 200      |
|    ep_rew_mean     | 155      |
|    success_rate    | 0        |
| time/              |          |
|    episodes        | 468      |
|    fps             | 144      |
|    time_elapsed    | 649      |
|    total_timesteps | 93600    |
| train/             |          |
|    actor_loss      | -78.6    |
|    critic_loss     | 0.0357   |
|    ent_coef        | 0.00311  |
|    ent_coef_loss   | 2.77     |
|    learning_rate   | 0.0003   |
|    n_updates       | 83599    |
---------------------------------
---------------------------------
| rollout/           |          |
|    ep_len_mean     | 200      |
|    ep_rew_mean     | 155      |
|    success_rate    | 0        |
| time/              |          |
|    episodes        | 472      |
|    fps             | 143      |
|    time_elapsed    | 655      |
|    total_timesteps | 94400    |
| train/             |          |
|    actor_loss      | -78.5    |
|    critic_loss     | 0.0307   |
|    ent_coef        | 0.00301  |
|    ent_coef_loss   | -5.29    |
|    learning_rate   | 0.0003   |
|    n_updates       | 84399    |
---------------------------------
---------------------------------
| rollout/           |          |
|    ep_len_mean     | 200      |
|    ep_rew_mean     | 155      |
|    success_rate    | 0        |
| time/              |          |
|    episodes        | 476      |
|    fps             | 143      |
|    time_elapsed    | 661      |
|    total_timesteps | 95200    |
| train/             |          |
|    actor_loss      | -78.8    |
|    critic_loss     | 0.0284   |
|    ent_coef        | 0.00292  |
|    ent_coef_loss   | -1.29    |
|    learning_rate   | 0.0003   |
|    n_updates       | 85199    |
---------------------------------
---------------------------------
| rollout/           |          |
|    ep_len_mean     | 200      |
|    ep_rew_mean     | 155      |
|    success_rate    | 0        |
| time/              |          |
|    episodes        | 480      |
|    fps             | 143      |
|    time_elapsed    | 668      |
|    total_timesteps | 96000    |
| train/             |          |
|    actor_loss      | -78.7    |
|    critic_loss     | 0.0193   |
|    ent_coef        | 0.00302  |
|    ent_coef_loss   | 2.08     |
|    learning_rate   | 0.0003   |
|    n_updates       | 85999    |
---------------------------------
---------------------------------
| rollout/           |          |
|    ep_len_mean     | 200      |
|    ep_rew_mean     | 155      |
|    success_rate    | 0        |
| time/              |          |
|    episodes        | 484      |
|    fps             | 143      |
|    time_elapsed    | 674      |
|    total_timesteps | 96800    |
| train/             |          |
|    actor_loss      | -79      |
|    critic_loss     | 0.0211   |
|    ent_coef        | 0.00298  |
|    ent_coef_loss   | -1.5     |
|    learning_rate   | 0.0003   |
|    n_updates       | 86799    |
---------------------------------
---------------------------------
| rollout/           |          |
|    ep_len_mean     | 200      |
|    ep_rew_mean     | 155      |
|    success_rate    | 0        |
| time/              |          |
|    episodes        | 488      |
|    fps             | 143      |
|    time_elapsed    | 680      |
|    total_timesteps | 97600    |
| train/             |          |
|    actor_loss      | -78.5    |
|    critic_loss     | 0.0293   |
|    ent_coef        | 0.00302  |
|    ent_coef_loss   | 3.01     |
|    learning_rate   | 0.0003   |
|    n_updates       | 87599    |
---------------------------------
---------------------------------
| rollout/           |          |
|    ep_len_mean     | 200      |
|    ep_rew_mean     | 155      |
|    success_rate    | 0        |
| time/              |          |
|    episodes        | 492      |
|    fps             | 143      |
|    time_elapsed    | 686      |
|    total_timesteps | 98400    |
| train/             |          |
|    actor_loss      | -78.3    |
|    critic_loss     | 0.0342   |
|    ent_coef        | 0.00308  |
|    ent_coef_loss   | 4.1      |
|    learning_rate   | 0.0003   |
|    n_updates       | 88399    |
---------------------------------
---------------------------------
| rollout/           |          |
|    ep_len_mean     | 200      |
|    ep_rew_mean     | 155      |
|    success_rate    | 0        |
| time/              |          |
|    episodes        | 496      |
|    fps             | 143      |
|    time_elapsed    | 693      |
|    total_timesteps | 99200    |
| train/             |          |
|    actor_loss      | -78.9    |
|    critic_loss     | 0.0252   |
|    ent_coef        | 0.00311  |
|    ent_coef_loss   | -4.47    |
|    learning_rate   | 0.0003   |
|    n_updates       | 89199    |
---------------------------------
Eval num_timesteps=100000, episode_reward=155.43 +/- 0.00
Episode length: 200.00 +/- 0.00
Success rate: 0.00%
---------------------------------
| eval/              |          |
|    mean_ep_length  | 200      |
|    mean_reward     | 155      |
|    success_rate    | 0        |
| time/              |          |
|    total_timesteps | 100000   |
| train/             |          |
|    actor_loss      | -78.6    |
|    critic_loss     | 0.0299   |
|    ent_coef        | 0.00301  |
|    ent_coef_loss   | 0.903    |
|    learning_rate   | 0.0003   |
|    n_updates       | 89999    |
---------------------------------
---------------------------------
| rollout/           |          |
|    ep_len_mean     | 200      |
|    ep_rew_mean     | 155      |
|    success_rate    | 0        |
| time/              |          |
|    episodes        | 500      |
|    fps             | 142      |
|    time_elapsed    | 700      |
|    total_timesteps | 100000   |
---------------------------------
---------------------------------
| rollout/           |          |
|    ep_len_mean     | 200      |
|    ep_rew_mean     | 155      |
|    success_rate    | 0        |
| time/              |          |
|    episodes        | 504      |
|    fps             | 142      |
|    time_elapsed    | 706      |
|    total_timesteps | 100800   |
| train/             |          |
|    actor_loss      | -78.9    |
|    critic_loss     | 0.0279   |
|    ent_coef        | 0.00306  |
|    ent_coef_loss   | 2.06     |
|    learning_rate   | 0.0003   |
|    n_updates       | 90799    |
---------------------------------
---------------------------------
| rollout/           |          |
|    ep_len_mean     | 200      |
|    ep_rew_mean     | 155      |
|    success_rate    | 0        |
| time/              |          |
|    episodes        | 508      |
|    fps             | 142      |
|    time_elapsed    | 713      |
|    total_timesteps | 101600   |
| train/             |          |
|    actor_loss      | -78.6    |
|    critic_loss     | 0.0486   |
|    ent_coef        | 0.0032   |
|    ent_coef_loss   | 1.07     |
|    learning_rate   | 0.0003   |
|    n_updates       | 91599    |
---------------------------------
---------------------------------
| rollout/           |          |
|    ep_len_mean     | 200      |
|    ep_rew_mean     | 155      |
|    success_rate    | 0        |
| time/              |          |
|    episodes        | 512      |
|    fps             | 142      |
|    time_elapsed    | 719      |
|    total_timesteps | 102400   |
| train/             |          |
|    actor_loss      | -79.1    |
|    critic_loss     | 0.0341   |
|    ent_coef        | 0.00313  |
|    ent_coef_loss   | 0.203    |
|    learning_rate   | 0.0003   |
|    n_updates       | 92399    |
---------------------------------
---------------------------------
| rollout/           |          |
|    ep_len_mean     | 200      |
|    ep_rew_mean     | 155      |
|    success_rate    | 0        |
| time/              |          |
|    episodes        | 516      |
|    fps             | 142      |
|    time_elapsed    | 725      |
|    total_timesteps | 103200   |
| train/             |          |
|    actor_loss      | -79.4    |
|    critic_loss     | 0.0307   |
|    ent_coef        | 0.00325  |
|    ent_coef_loss   | -5.17    |
|    learning_rate   | 0.0003   |
|    n_updates       | 93199    |
---------------------------------
---------------------------------
| rollout/           |          |
|    ep_len_mean     | 200      |
|    ep_rew_mean     | 155      |
|    success_rate    | 0        |
| time/              |          |
|    episodes        | 520      |
|    fps             | 142      |
|    time_elapsed    | 732      |
|    total_timesteps | 104000   |
| train/             |          |
|    actor_loss      | -79      |
|    critic_loss     | 0.0267   |
|    ent_coef        | 0.00325  |
|    ent_coef_loss   | -0.114   |
|    learning_rate   | 0.0003   |
|    n_updates       | 93999    |
---------------------------------
---------------------------------
| rollout/           |          |
|    ep_len_mean     | 200      |
|    ep_rew_mean     | 155      |
|    success_rate    | 0        |
| time/              |          |
|    episodes        | 524      |
|    fps             | 141      |
|    time_elapsed    | 738      |
|    total_timesteps | 104800   |
| train/             |          |
|    actor_loss      | -78.6    |
|    critic_loss     | 0.0339   |
|    ent_coef        | 0.00308  |
|    ent_coef_loss   | 2.35     |
|    learning_rate   | 0.0003   |
|    n_updates       | 94799    |
---------------------------------
---------------------------------
| rollout/           |          |
|    ep_len_mean     | 200      |
|    ep_rew_mean     | 155      |
|    success_rate    | 0        |
| time/              |          |
|    episodes        | 528      |
|    fps             | 141      |
|    time_elapsed    | 744      |
|    total_timesteps | 105600   |
| train/             |          |
|    actor_loss      | -79.3    |
|    critic_loss     | 0.0215   |
|    ent_coef        | 0.00308  |
|    ent_coef_loss   | -0.0774  |
|    learning_rate   | 0.0003   |
|    n_updates       | 95599    |
---------------------------------
---------------------------------
| rollout/           |          |
|    ep_len_mean     | 200      |
|    ep_rew_mean     | 155      |
|    success_rate    | 0        |
| time/              |          |
|    episodes        | 532      |
|    fps             | 141      |
|    time_elapsed    | 751      |
|    total_timesteps | 106400   |
| train/             |          |
|    actor_loss      | -79      |
|    critic_loss     | 0.0366   |
|    ent_coef        | 0.00305  |
|    ent_coef_loss   | -1.08    |
|    learning_rate   | 0.0003   |
|    n_updates       | 96399    |
---------------------------------
---------------------------------
| rollout/           |          |
|    ep_len_mean     | 200      |
|    ep_rew_mean     | 155      |
|    success_rate    | 0        |
| time/              |          |
|    episodes        | 536      |
|    fps             | 141      |
|    time_elapsed    | 757      |
|    total_timesteps | 107200   |
| train/             |          |
|    actor_loss      | -79.2    |
|    critic_loss     | 0.038    |
|    ent_coef        | 0.00304  |
|    ent_coef_loss   | 0.9      |
|    learning_rate   | 0.0003   |
|    n_updates       | 97199    |
---------------------------------
---------------------------------
| rollout/           |          |
|    ep_len_mean     | 200      |
|    ep_rew_mean     | 155      |
|    success_rate    | 0        |
| time/              |          |
|    episodes        | 540      |
|    fps             | 141      |
|    time_elapsed    | 763      |
|    total_timesteps | 108000   |
| train/             |          |
|    actor_loss      | -79.2    |
|    critic_loss     | 0.0333   |
|    ent_coef        | 0.00299  |
|    ent_coef_loss   | 0.326    |
|    learning_rate   | 0.0003   |
|    n_updates       | 97999    |
---------------------------------
---------------------------------
| rollout/           |          |
|    ep_len_mean     | 200      |
|    ep_rew_mean     | 156      |
|    success_rate    | 0        |
| time/              |          |
|    episodes        | 544      |
|    fps             | 141      |
|    time_elapsed    | 769      |
|    total_timesteps | 108800   |
| train/             |          |
|    actor_loss      | -79.4    |
|    critic_loss     | 0.0308   |
|    ent_coef        | 0.00296  |
|    ent_coef_loss   | 3.04     |
|    learning_rate   | 0.0003   |
|    n_updates       | 98799    |
---------------------------------
---------------------------------
| rollout/           |          |
|    ep_len_mean     | 200      |
|    ep_rew_mean     | 156      |
|    success_rate    | 0        |
| time/              |          |
|    episodes        | 548      |
|    fps             | 141      |
|    time_elapsed    | 776      |
|    total_timesteps | 109600   |
| train/             |          |
|    actor_loss      | -79.2    |
|    critic_loss     | 0.0311   |
|    ent_coef        | 0.00299  |
|    ent_coef_loss   | 0.743    |
|    learning_rate   | 0.0003   |
|    n_updates       | 99599    |
---------------------------------
---------------------------------
| rollout/           |          |
|    ep_len_mean     | 200      |
|    ep_rew_mean     | 155      |
|    success_rate    | 0        |
| time/              |          |
|    episodes        | 552      |
|    fps             | 141      |
|    time_elapsed    | 782      |
|    total_timesteps | 110400   |
| train/             |          |
|    actor_loss      | -79.8    |
|    critic_loss     | 0.0374   |
|    ent_coef        | 0.00289  |
|    ent_coef_loss   | -3.03    |
|    learning_rate   | 0.0003   |
|    n_updates       | 100399   |
---------------------------------
---------------------------------
| rollout/           |          |
|    ep_len_mean     | 200      |
|    ep_rew_mean     | 155      |
|    success_rate    | 0        |
| time/              |          |
|    episodes        | 556      |
|    fps             | 141      |
|    time_elapsed    | 788      |
|    total_timesteps | 111200   |
| train/             |          |
|    actor_loss      | -79.7    |
|    critic_loss     | 0.0185   |
|    ent_coef        | 0.00301  |
|    ent_coef_loss   | -1.78    |
|    learning_rate   | 0.0003   |
|    n_updates       | 101199   |
---------------------------------
---------------------------------
| rollout/           |          |
|    ep_len_mean     | 200      |
|    ep_rew_mean     | 155      |
|    success_rate    | 0        |
| time/              |          |
|    episodes        | 560      |
|    fps             | 140      |
|    time_elapsed    | 794      |
|    total_timesteps | 112000   |
| train/             |          |
|    actor_loss      | -79.6    |
|    critic_loss     | 0.032    |
|    ent_coef        | 0.0034   |
|    ent_coef_loss   | 0.289    |
|    learning_rate   | 0.0003   |
|    n_updates       | 101999   |
---------------------------------
---------------------------------
| rollout/           |          |
|    ep_len_mean     | 200      |
|    ep_rew_mean     | 155      |
|    success_rate    | 0        |
| time/              |          |
|    episodes        | 564      |
|    fps             | 140      |
|    time_elapsed    | 801      |
|    total_timesteps | 112800   |
| train/             |          |
|    actor_loss      | -80      |
|    critic_loss     | 0.0252   |
|    ent_coef        | 0.00333  |
|    ent_coef_loss   | -0.717   |
|    learning_rate   | 0.0003   |
|    n_updates       | 102799   |
---------------------------------
---------------------------------
| rollout/           |          |
|    ep_len_mean     | 200      |
|    ep_rew_mean     | 155      |
|    success_rate    | 0        |
| time/              |          |
|    episodes        | 568      |
|    fps             | 140      |
|    time_elapsed    | 807      |
|    total_timesteps | 113600   |
| train/             |          |
|    actor_loss      | -79.9    |
|    critic_loss     | 0.0286   |
|    ent_coef        | 0.00328  |
|    ent_coef_loss   | -4.84    |
|    learning_rate   | 0.0003   |
|    n_updates       | 103599   |
---------------------------------
---------------------------------
| rollout/           |          |
|    ep_len_mean     | 200      |
|    ep_rew_mean     | 155      |
|    success_rate    | 0        |
| time/              |          |
|    episodes        | 572      |
|    fps             | 140      |
|    time_elapsed    | 813      |
|    total_timesteps | 114400   |
| train/             |          |
|    actor_loss      | -80.2    |
|    critic_loss     | 0.0312   |
|    ent_coef        | 0.00316  |
|    ent_coef_loss   | -3.42    |
|    learning_rate   | 0.0003   |
|    n_updates       | 104399   |
---------------------------------
---------------------------------
| rollout/           |          |
|    ep_len_mean     | 200      |
|    ep_rew_mean     | 155      |
|    success_rate    | 0        |
| time/              |          |
|    episodes        | 576      |
|    fps             | 140      |
|    time_elapsed    | 819      |
|    total_timesteps | 115200   |
| train/             |          |
|    actor_loss      | -79.8    |
|    critic_loss     | 0.0162   |
|    ent_coef        | 0.00318  |
|    ent_coef_loss   | 2.23     |
|    learning_rate   | 0.0003   |
|    n_updates       | 105199   |
---------------------------------
---------------------------------
| rollout/           |          |
|    ep_len_mean     | 200      |
|    ep_rew_mean     | 155      |
|    success_rate    | 0        |
| time/              |          |
|    episodes        | 580      |
|    fps             | 140      |
|    time_elapsed    | 825      |
|    total_timesteps | 116000   |
| train/             |          |
|    actor_loss      | -79.8    |
|    critic_loss     | 0.0548   |
|    ent_coef        | 0.00317  |
|    ent_coef_loss   | -1.53    |
|    learning_rate   | 0.0003   |
|    n_updates       | 105999   |
---------------------------------
---------------------------------
| rollout/           |          |
|    ep_len_mean     | 200      |
|    ep_rew_mean     | 155      |
|    success_rate    | 0        |
| time/              |          |
|    episodes        | 584      |
|    fps             | 140      |
|    time_elapsed    | 832      |
|    total_timesteps | 116800   |
| train/             |          |
|    actor_loss      | -79.8    |
|    critic_loss     | 0.0322   |
|    ent_coef        | 0.00327  |
|    ent_coef_loss   | 2.09     |
|    learning_rate   | 0.0003   |
|    n_updates       | 106799   |
---------------------------------
---------------------------------
| rollout/           |          |
|    ep_len_mean     | 200      |
|    ep_rew_mean     | 155      |
|    success_rate    | 0        |
| time/              |          |
|    episodes        | 588      |
|    fps             | 140      |
|    time_elapsed    | 838      |
|    total_timesteps | 117600   |
| train/             |          |
|    actor_loss      | -79.7    |
|    critic_loss     | 0.019    |
|    ent_coef        | 0.00314  |
|    ent_coef_loss   | 4.36     |
|    learning_rate   | 0.0003   |
|    n_updates       | 107599   |
---------------------------------
---------------------------------
| rollout/           |          |
|    ep_len_mean     | 200      |
|    ep_rew_mean     | 155      |
|    success_rate    | 0        |
| time/              |          |
|    episodes        | 592      |
|    fps             | 140      |
|    time_elapsed    | 844      |
|    total_timesteps | 118400   |
| train/             |          |
|    actor_loss      | -79.1    |
|    critic_loss     | 0.0313   |
|    ent_coef        | 0.00313  |
|    ent_coef_loss   | 5.55     |
|    learning_rate   | 0.0003   |
|    n_updates       | 108399   |
---------------------------------
---------------------------------
| rollout/           |          |
|    ep_len_mean     | 200      |
|    ep_rew_mean     | 154      |
|    success_rate    | 0        |
| time/              |          |
|    episodes        | 596      |
|    fps             | 140      |
|    time_elapsed    | 851      |
|    total_timesteps | 119200   |
| train/             |          |
|    actor_loss      | -79.8    |
|    critic_loss     | 0.0357   |
|    ent_coef        | 0.00319  |
|    ent_coef_loss   | 2.27     |
|    learning_rate   | 0.0003   |
|    n_updates       | 109199   |
---------------------------------
---------------------------------
| rollout/           |          |
|    ep_len_mean     | 200      |
|    ep_rew_mean     | 154      |
|    success_rate    | 0        |
| time/              |          |
|    episodes        | 600      |
|    fps             | 139      |
|    time_elapsed    | 857      |
|    total_timesteps | 120000   |
| train/             |          |
|    actor_loss      | -79.4    |
|    critic_loss     | 0.0273   |
|    ent_coef        | 0.00362  |
|    ent_coef_loss   | 0.608    |
|    learning_rate   | 0.0003   |
|    n_updates       | 109999   |
---------------------------------
---------------------------------
| rollout/           |          |
|    ep_len_mean     | 200      |
|    ep_rew_mean     | 154      |
|    success_rate    | 0        |
| time/              |          |
|    episodes        | 604      |
|    fps             | 139      |
|    time_elapsed    | 863      |
|    total_timesteps | 120800   |
| train/             |          |
|    actor_loss      | -80      |
|    critic_loss     | 0.0239   |
|    ent_coef        | 0.00344  |
|    ent_coef_loss   | -3.09    |
|    learning_rate   | 0.0003   |
|    n_updates       | 110799   |
---------------------------------
---------------------------------
| rollout/           |          |
|    ep_len_mean     | 200      |
|    ep_rew_mean     | 154      |
|    success_rate    | 0        |
| time/              |          |
|    episodes        | 608      |
|    fps             | 139      |
|    time_elapsed    | 870      |
|    total_timesteps | 121600   |
| train/             |          |
|    actor_loss      | -80      |
|    critic_loss     | 0.0218   |
|    ent_coef        | 0.00346  |
|    ent_coef_loss   | -1.08    |
|    learning_rate   | 0.0003   |
|    n_updates       | 111599   |
---------------------------------
---------------------------------
| rollout/           |          |
|    ep_len_mean     | 200      |
|    ep_rew_mean     | 154      |
|    success_rate    | 0        |
| time/              |          |
|    episodes        | 612      |
|    fps             | 139      |
|    time_elapsed    | 876      |
|    total_timesteps | 122400   |
| train/             |          |
|    actor_loss      | -79.8    |
|    critic_loss     | 0.0251   |
|    ent_coef        | 0.00368  |
|    ent_coef_loss   | 2.12     |
|    learning_rate   | 0.0003   |
|    n_updates       | 112399   |
---------------------------------
---------------------------------
| rollout/           |          |
|    ep_len_mean     | 200      |
|    ep_rew_mean     | 154      |
|    success_rate    | 0        |
| time/              |          |
|    episodes        | 616      |
|    fps             | 139      |
|    time_elapsed    | 882      |
|    total_timesteps | 123200   |
| train/             |          |
|    actor_loss      | -80      |
|    critic_loss     | 0.0238   |
|    ent_coef        | 0.00384  |
|    ent_coef_loss   | -1.3     |
|    learning_rate   | 0.0003   |
|    n_updates       | 113199   |
---------------------------------
---------------------------------
| rollout/           |          |
|    ep_len_mean     | 200      |
|    ep_rew_mean     | 154      |
|    success_rate    | 0        |
| time/              |          |
|    episodes        | 620      |
|    fps             | 139      |
|    time_elapsed    | 889      |
|    total_timesteps | 124000   |
| train/             |          |
|    actor_loss      | -79.9    |
|    critic_loss     | 0.0284   |
|    ent_coef        | 0.00365  |
|    ent_coef_loss   | 0.337    |
|    learning_rate   | 0.0003   |
|    n_updates       | 113999   |
---------------------------------
---------------------------------
| rollout/           |          |
|    ep_len_mean     | 200      |
|    ep_rew_mean     | 154      |
|    success_rate    | 0        |
| time/              |          |
|    episodes        | 624      |
|    fps             | 139      |
|    time_elapsed    | 895      |
|    total_timesteps | 124800   |
| train/             |          |
|    actor_loss      | -79.7    |
|    critic_loss     | 0.0466   |
|    ent_coef        | 0.00374  |
|    ent_coef_loss   | 2.26     |
|    learning_rate   | 0.0003   |
|    n_updates       | 114799   |
---------------------------------
Eval num_timesteps=125000, episode_reward=158.93 +/- 0.00
Episode length: 200.00 +/- 0.00
Success rate: 0.00%
---------------------------------
| eval/              |          |
|    mean_ep_length  | 200      |
|    mean_reward     | 159      |
|    success_rate    | 0        |
| time/              |          |
|    total_timesteps | 125000   |
| train/             |          |
|    actor_loss      | -79.9    |
|    critic_loss     | 0.0253   |
|    ent_coef        | 0.00374  |
|    ent_coef_loss   | 1.32     |
|    learning_rate   | 0.0003   |
|    n_updates       | 114999   |
---------------------------------
New best mean reward!
---------------------------------
| rollout/           |          |
|    ep_len_mean     | 200      |
|    ep_rew_mean     | 154      |
|    success_rate    | 0        |
| time/              |          |
|    episodes        | 628      |
|    fps             | 139      |
|    time_elapsed    | 903      |
|    total_timesteps | 125600   |
| train/             |          |
|    actor_loss      | -80.4    |
|    critic_loss     | 0.0149   |
|    ent_coef        | 0.00363  |
|    ent_coef_loss   | -4.23    |
|    learning_rate   | 0.0003   |
|    n_updates       | 115599   |
---------------------------------
---------------------------------
| rollout/           |          |
|    ep_len_mean     | 200      |
|    ep_rew_mean     | 154      |
|    success_rate    | 0        |
| time/              |          |
|    episodes        | 632      |
|    fps             | 138      |
|    time_elapsed    | 909      |
|    total_timesteps | 126400   |
| train/             |          |
|    actor_loss      | -80.1    |
|    critic_loss     | 0.0261   |
|    ent_coef        | 0.00358  |
|    ent_coef_loss   | -0.071   |
|    learning_rate   | 0.0003   |
|    n_updates       | 116399   |
---------------------------------
---------------------------------
| rollout/           |          |
|    ep_len_mean     | 200      |
|    ep_rew_mean     | 154      |
|    success_rate    | 0        |
| time/              |          |
|    episodes        | 636      |
|    fps             | 138      |
|    time_elapsed    | 916      |
|    total_timesteps | 127200   |
| train/             |          |
|    actor_loss      | -79.7    |
|    critic_loss     | 0.0274   |
|    ent_coef        | 0.00354  |
|    ent_coef_loss   | 3.45     |
|    learning_rate   | 0.0003   |
|    n_updates       | 117199   |
---------------------------------
---------------------------------
| rollout/           |          |
|    ep_len_mean     | 200      |
|    ep_rew_mean     | 154      |
|    success_rate    | 0        |
| time/              |          |
|    episodes        | 640      |
|    fps             | 138      |
|    time_elapsed    | 922      |
|    total_timesteps | 128000   |
| train/             |          |
|    actor_loss      | -80.3    |
|    critic_loss     | 0.0256   |
|    ent_coef        | 0.00371  |
|    ent_coef_loss   | -0.389   |
|    learning_rate   | 0.0003   |
|    n_updates       | 117999   |
---------------------------------
---------------------------------
| rollout/           |          |
|    ep_len_mean     | 200      |
|    ep_rew_mean     | 154      |
|    success_rate    | 0        |
| time/              |          |
|    episodes        | 644      |
|    fps             | 138      |
|    time_elapsed    | 928      |
|    total_timesteps | 128800   |
| train/             |          |
|    actor_loss      | -79.8    |
|    critic_loss     | 0.0245   |
|    ent_coef        | 0.00359  |
|    ent_coef_loss   | 6.14     |
|    learning_rate   | 0.0003   |
|    n_updates       | 118799   |
---------------------------------
---------------------------------
| rollout/           |          |
|    ep_len_mean     | 200      |
|    ep_rew_mean     | 154      |
|    success_rate    | 0        |
| time/              |          |
|    episodes        | 648      |
|    fps             | 138      |
|    time_elapsed    | 934      |
|    total_timesteps | 129600   |
| train/             |          |
|    actor_loss      | -79.9    |
|    critic_loss     | 0.0275   |
|    ent_coef        | 0.00366  |
|    ent_coef_loss   | 3.37     |
|    learning_rate   | 0.0003   |
|    n_updates       | 119599   |
---------------------------------
---------------------------------
| rollout/           |          |
|    ep_len_mean     | 200      |
|    ep_rew_mean     | 155      |
|    success_rate    | 0        |
| time/              |          |
|    episodes        | 652      |
|    fps             | 138      |
|    time_elapsed    | 941      |
|    total_timesteps | 130400   |
| train/             |          |
|    actor_loss      | -80.2    |
|    critic_loss     | 0.0195   |
|    ent_coef        | 0.00351  |
|    ent_coef_loss   | -4.11    |
|    learning_rate   | 0.0003   |
|    n_updates       | 120399   |
---------------------------------
---------------------------------
| rollout/           |          |
|    ep_len_mean     | 200      |
|    ep_rew_mean     | 155      |
|    success_rate    | 0        |
| time/              |          |
|    episodes        | 656      |
|    fps             | 138      |
|    time_elapsed    | 947      |
|    total_timesteps | 131200   |
| train/             |          |
|    actor_loss      | -79.8    |
|    critic_loss     | 0.0335   |
|    ent_coef        | 0.00343  |
|    ent_coef_loss   | 2.75     |
|    learning_rate   | 0.0003   |
|    n_updates       | 121199   |
---------------------------------
---------------------------------
| rollout/           |          |
|    ep_len_mean     | 200      |
|    ep_rew_mean     | 155      |
|    success_rate    | 0        |
| time/              |          |
|    episodes        | 660      |
|    fps             | 138      |
|    time_elapsed    | 953      |
|    total_timesteps | 132000   |
| train/             |          |
|    actor_loss      | -80      |
|    critic_loss     | 0.0311   |
|    ent_coef        | 0.0035   |
|    ent_coef_loss   | -1.41    |
|    learning_rate   | 0.0003   |
|    n_updates       | 121999   |
---------------------------------
---------------------------------
| rollout/           |          |
|    ep_len_mean     | 200      |
|    ep_rew_mean     | 155      |
|    success_rate    | 0        |
| time/              |          |
|    episodes        | 664      |
|    fps             | 138      |
|    time_elapsed    | 960      |
|    total_timesteps | 132800   |
| train/             |          |
|    actor_loss      | -80.4    |
|    critic_loss     | 0.018    |
|    ent_coef        | 0.00393  |
|    ent_coef_loss   | 0.997    |
|    learning_rate   | 0.0003   |
|    n_updates       | 122799   |
---------------------------------
---------------------------------
| rollout/           |          |
|    ep_len_mean     | 200      |
|    ep_rew_mean     | 155      |
|    success_rate    | 0        |
| time/              |          |
|    episodes        | 668      |
|    fps             | 138      |
|    time_elapsed    | 966      |
|    total_timesteps | 133600   |
| train/             |          |
|    actor_loss      | -80      |
|    critic_loss     | 0.0142   |
|    ent_coef        | 0.00394  |
|    ent_coef_loss   | 1.87     |
|    learning_rate   | 0.0003   |
|    n_updates       | 123599   |
---------------------------------
---------------------------------
| rollout/           |          |
|    ep_len_mean     | 200      |
|    ep_rew_mean     | 155      |
|    success_rate    | 0        |
| time/              |          |
|    episodes        | 672      |
|    fps             | 138      |
|    time_elapsed    | 972      |
|    total_timesteps | 134400   |
| train/             |          |
|    actor_loss      | -80.1    |
|    critic_loss     | 0.0303   |
|    ent_coef        | 0.00386  |
|    ent_coef_loss   | 5.91     |
|    learning_rate   | 0.0003   |
|    n_updates       | 124399   |
---------------------------------
---------------------------------
| rollout/           |          |
|    ep_len_mean     | 200      |
|    ep_rew_mean     | 156      |
|    success_rate    | 0        |
| time/              |          |
|    episodes        | 676      |
|    fps             | 138      |
|    time_elapsed    | 979      |
|    total_timesteps | 135200   |
| train/             |          |
|    actor_loss      | -80.4    |
|    critic_loss     | 0.0176   |
|    ent_coef        | 0.00385  |
|    ent_coef_loss   | -0.319   |
|    learning_rate   | 0.0003   |
|    n_updates       | 125199   |
---------------------------------
---------------------------------
| rollout/           |          |
|    ep_len_mean     | 200      |
|    ep_rew_mean     | 156      |
|    success_rate    | 0        |
| time/              |          |
|    episodes        | 680      |
|    fps             | 138      |
|    time_elapsed    | 985      |
|    total_timesteps | 136000   |
| train/             |          |
|    actor_loss      | -80.1    |
|    critic_loss     | 0.0241   |
|    ent_coef        | 0.00353  |
|    ent_coef_loss   | -0.748   |
|    learning_rate   | 0.0003   |
|    n_updates       | 125999   |
---------------------------------
---------------------------------
| rollout/           |          |
|    ep_len_mean     | 200      |
|    ep_rew_mean     | 156      |
|    success_rate    | 0        |
| time/              |          |
|    episodes        | 684      |
|    fps             | 137      |
|    time_elapsed    | 991      |
|    total_timesteps | 136800   |
| train/             |          |
|    actor_loss      | -80.2    |
|    critic_loss     | 0.0219   |
|    ent_coef        | 0.00368  |
|    ent_coef_loss   | 0.528    |
|    learning_rate   | 0.0003   |
|    n_updates       | 126799   |
---------------------------------
---------------------------------
| rollout/           |          |
|    ep_len_mean     | 200      |
|    ep_rew_mean     | 156      |
|    success_rate    | 0        |
| time/              |          |
|    episodes        | 688      |
|    fps             | 137      |
|    time_elapsed    | 998      |
|    total_timesteps | 137600   |
| train/             |          |
|    actor_loss      | -80.3    |
|    critic_loss     | 0.029    |
|    ent_coef        | 0.00331  |
|    ent_coef_loss   | 2.28     |
|    learning_rate   | 0.0003   |
|    n_updates       | 127599   |
---------------------------------
---------------------------------
| rollout/           |          |
|    ep_len_mean     | 200      |
|    ep_rew_mean     | 156      |
|    success_rate    | 0        |
| time/              |          |
|    episodes        | 692      |
|    fps             | 137      |
|    time_elapsed    | 1004     |
|    total_timesteps | 138400   |
| train/             |          |
|    actor_loss      | -80.7    |
|    critic_loss     | 0.0175   |
|    ent_coef        | 0.0033   |
|    ent_coef_loss   | 0.579    |
|    learning_rate   | 0.0003   |
|    n_updates       | 128399   |
---------------------------------
---------------------------------
| rollout/           |          |
|    ep_len_mean     | 200      |
|    ep_rew_mean     | 157      |
|    success_rate    | 0        |
| time/              |          |
|    episodes        | 696      |
|    fps             | 137      |
|    time_elapsed    | 1010     |
|    total_timesteps | 139200   |
| train/             |          |
|    actor_loss      | -80.2    |
|    critic_loss     | 0.02     |
|    ent_coef        | 0.00337  |
|    ent_coef_loss   | -0.375   |
|    learning_rate   | 0.0003   |
|    n_updates       | 129199   |
---------------------------------
---------------------------------
| rollout/           |          |
|    ep_len_mean     | 200      |
|    ep_rew_mean     | 157      |
|    success_rate    | 0        |
| time/              |          |
|    episodes        | 700      |
|    fps             | 137      |
|    time_elapsed    | 1016     |
|    total_timesteps | 140000   |
| train/             |          |
|    actor_loss      | -80.4    |
|    critic_loss     | 0.019    |
|    ent_coef        | 0.00312  |
|    ent_coef_loss   | -2.25    |
|    learning_rate   | 0.0003   |
|    n_updates       | 129999   |
---------------------------------
---------------------------------
| rollout/           |          |
|    ep_len_mean     | 200      |
|    ep_rew_mean     | 157      |
|    success_rate    | 0        |
| time/              |          |
|    episodes        | 704      |
|    fps             | 137      |
|    time_elapsed    | 1023     |
|    total_timesteps | 140800   |
| train/             |          |
|    actor_loss      | -80.3    |
|    critic_loss     | 0.0317   |
|    ent_coef        | 0.00301  |
|    ent_coef_loss   | -1.18    |
|    learning_rate   | 0.0003   |
|    n_updates       | 130799   |
---------------------------------
---------------------------------
| rollout/           |          |
|    ep_len_mean     | 200      |
|    ep_rew_mean     | 157      |
|    success_rate    | 0        |
| time/              |          |
|    episodes        | 708      |
|    fps             | 137      |
|    time_elapsed    | 1029     |
|    total_timesteps | 141600   |
| train/             |          |
|    actor_loss      | -80.6    |
|    critic_loss     | 0.0222   |
|    ent_coef        | 0.00302  |
|    ent_coef_loss   | -0.589   |
|    learning_rate   | 0.0003   |
|    n_updates       | 131599   |
---------------------------------
---------------------------------
| rollout/           |          |
|    ep_len_mean     | 200      |
|    ep_rew_mean     | 157      |
|    success_rate    | 0        |
| time/              |          |
|    episodes        | 712      |
|    fps             | 137      |
|    time_elapsed    | 1035     |
|    total_timesteps | 142400   |
| train/             |          |
|    actor_loss      | -80.5    |
|    critic_loss     | 0.0334   |
|    ent_coef        | 0.00326  |
|    ent_coef_loss   | 2.64     |
|    learning_rate   | 0.0003   |
|    n_updates       | 132399   |
---------------------------------
---------------------------------
| rollout/           |          |
|    ep_len_mean     | 200      |
|    ep_rew_mean     | 158      |
|    success_rate    | 0        |
| time/              |          |
|    episodes        | 716      |
|    fps             | 137      |
|    time_elapsed    | 1042     |
|    total_timesteps | 143200   |
| train/             |          |
|    actor_loss      | -80.5    |
|    critic_loss     | 0.0324   |
|    ent_coef        | 0.00323  |
|    ent_coef_loss   | 0.697    |
|    learning_rate   | 0.0003   |
|    n_updates       | 133199   |
---------------------------------
---------------------------------
| rollout/           |          |
|    ep_len_mean     | 200      |
|    ep_rew_mean     | 158      |
|    success_rate    | 0        |
| time/              |          |
|    episodes        | 720      |
|    fps             | 137      |
|    time_elapsed    | 1048     |
|    total_timesteps | 144000   |
| train/             |          |
|    actor_loss      | -80.7    |
|    critic_loss     | 0.0149   |
|    ent_coef        | 0.00316  |
|    ent_coef_loss   | -2.27    |
|    learning_rate   | 0.0003   |
|    n_updates       | 133999   |
---------------------------------
---------------------------------
| rollout/           |          |
|    ep_len_mean     | 200      |
|    ep_rew_mean     | 158      |
|    success_rate    | 0        |
| time/              |          |
|    episodes        | 724      |
|    fps             | 137      |
|    time_elapsed    | 1054     |
|    total_timesteps | 144800   |
| train/             |          |
|    actor_loss      | -80.2    |
|    critic_loss     | 0.0176   |
|    ent_coef        | 0.00315  |
|    ent_coef_loss   | 2.63     |
|    learning_rate   | 0.0003   |
|    n_updates       | 134799   |
---------------------------------
---------------------------------
| rollout/           |          |
|    ep_len_mean     | 200      |
|    ep_rew_mean     | 158      |
|    success_rate    | 0        |
| time/              |          |
|    episodes        | 728      |
|    fps             | 137      |
|    time_elapsed    | 1060     |
|    total_timesteps | 145600   |
| train/             |          |
|    actor_loss      | -80.8    |
|    critic_loss     | 0.0229   |
|    ent_coef        | 0.00334  |
|    ent_coef_loss   | -0.523   |
|    learning_rate   | 0.0003   |
|    n_updates       | 135599   |
---------------------------------
---------------------------------
| rollout/           |          |
|    ep_len_mean     | 200      |
|    ep_rew_mean     | 158      |
|    success_rate    | 0        |
| time/              |          |
|    episodes        | 732      |
|    fps             | 137      |
|    time_elapsed    | 1067     |
|    total_timesteps | 146400   |
| train/             |          |
|    actor_loss      | -80.5    |
|    critic_loss     | 0.0262   |
|    ent_coef        | 0.00336  |
|    ent_coef_loss   | 0.6      |
|    learning_rate   | 0.0003   |
|    n_updates       | 136399   |
---------------------------------
---------------------------------
| rollout/           |          |
|    ep_len_mean     | 200      |
|    ep_rew_mean     | 158      |
|    success_rate    | 0        |
| time/              |          |
|    episodes        | 736      |
|    fps             | 137      |
|    time_elapsed    | 1073     |
|    total_timesteps | 147200   |
| train/             |          |
|    actor_loss      | -80.6    |
|    critic_loss     | 0.0166   |
|    ent_coef        | 0.00328  |
|    ent_coef_loss   | -1.13    |
|    learning_rate   | 0.0003   |
|    n_updates       | 137199   |
---------------------------------
---------------------------------
| rollout/           |          |
|    ep_len_mean     | 200      |
|    ep_rew_mean     | 158      |
|    success_rate    | 0        |
| time/              |          |
|    episodes        | 740      |
|    fps             | 137      |
|    time_elapsed    | 1079     |
|    total_timesteps | 148000   |
| train/             |          |
|    actor_loss      | -80.4    |
|    critic_loss     | 0.0226   |
|    ent_coef        | 0.00318  |
|    ent_coef_loss   | 0.106    |
|    learning_rate   | 0.0003   |
|    n_updates       | 137999   |
---------------------------------
---------------------------------
| rollout/           |          |
|    ep_len_mean     | 200      |
|    ep_rew_mean     | 158      |
|    success_rate    | 0        |
| time/              |          |
|    episodes        | 744      |
|    fps             | 137      |
|    time_elapsed    | 1085     |
|    total_timesteps | 148800   |
| train/             |          |
|    actor_loss      | -80.7    |
|    critic_loss     | 0.02     |
|    ent_coef        | 0.00341  |
|    ent_coef_loss   | 2.8      |
|    learning_rate   | 0.0003   |
|    n_updates       | 138799   |
---------------------------------
---------------------------------
| rollout/           |          |
|    ep_len_mean     | 200      |
|    ep_rew_mean     | 158      |
|    success_rate    | 0        |
| time/              |          |
|    episodes        | 748      |
|    fps             | 136      |
|    time_elapsed    | 1092     |
|    total_timesteps | 149600   |
| train/             |          |
|    actor_loss      | -81      |
|    critic_loss     | 0.014    |
|    ent_coef        | 0.00359  |
|    ent_coef_loss   | -6.36    |
|    learning_rate   | 0.0003   |
|    n_updates       | 139599   |
---------------------------------
Eval num_timesteps=150000, episode_reward=161.40 +/- 0.00
Episode length: 200.00 +/- 0.00
Success rate: 0.00%
---------------------------------
| eval/              |          |
|    mean_ep_length  | 200      |
|    mean_reward     | 161      |
|    success_rate    | 0        |
| time/              |          |
|    total_timesteps | 150000   |
| train/             |          |
|    actor_loss      | -80.7    |
|    critic_loss     | 0.0169   |
|    ent_coef        | 0.00341  |
|    ent_coef_loss   | -0.0897  |
|    learning_rate   | 0.0003   |
|    n_updates       | 139999   |
---------------------------------
New best mean reward!
---------------------------------
| rollout/           |          |
|    ep_len_mean     | 200      |
|    ep_rew_mean     | 158      |
|    success_rate    | 0        |
| time/              |          |
|    episodes        | 752      |
|    fps             | 136      |
|    time_elapsed    | 1099     |
|    total_timesteps | 150400   |
| train/             |          |
|    actor_loss      | -80.7    |
|    critic_loss     | 0.0172   |
|    ent_coef        | 0.00321  |
|    ent_coef_loss   | -1.08    |
|    learning_rate   | 0.0003   |
|    n_updates       | 140399   |
---------------------------------
---------------------------------
| rollout/           |          |
|    ep_len_mean     | 200      |
|    ep_rew_mean     | 158      |
|    success_rate    | 0        |
| time/              |          |
|    episodes        | 756      |
|    fps             | 136      |
|    time_elapsed    | 1106     |
|    total_timesteps | 151200   |
| train/             |          |
|    actor_loss      | -80.5    |
|    critic_loss     | 0.0174   |
|    ent_coef        | 0.00321  |
|    ent_coef_loss   | 1.67     |
|    learning_rate   | 0.0003   |
|    n_updates       | 141199   |
---------------------------------
---------------------------------
| rollout/           |          |
|    ep_len_mean     | 200      |
|    ep_rew_mean     | 158      |
|    success_rate    | 0        |
| time/              |          |
|    episodes        | 760      |
|    fps             | 136      |
|    time_elapsed    | 1112     |
|    total_timesteps | 152000   |
| train/             |          |
|    actor_loss      | -80.7    |
|    critic_loss     | 0.0143   |
|    ent_coef        | 0.00307  |
|    ent_coef_loss   | -1.03    |
|    learning_rate   | 0.0003   |
|    n_updates       | 141999   |
---------------------------------
---------------------------------
| rollout/           |          |
|    ep_len_mean     | 200      |
|    ep_rew_mean     | 158      |
|    success_rate    | 0        |
| time/              |          |
|    episodes        | 764      |
|    fps             | 136      |
|    time_elapsed    | 1118     |
|    total_timesteps | 152800   |
| train/             |          |
|    actor_loss      | -80.5    |
|    critic_loss     | 0.0187   |
|    ent_coef        | 0.00319  |
|    ent_coef_loss   | -0.853   |
|    learning_rate   | 0.0003   |
|    n_updates       | 142799   |
---------------------------------
---------------------------------
| rollout/           |          |
|    ep_len_mean     | 200      |
|    ep_rew_mean     | 158      |
|    success_rate    | 0        |
| time/              |          |
|    episodes        | 768      |
|    fps             | 136      |
|    time_elapsed    | 1125     |
|    total_timesteps | 153600   |
| train/             |          |
|    actor_loss      | -80.7    |
|    critic_loss     | 0.0173   |
|    ent_coef        | 0.00338  |
|    ent_coef_loss   | -0.913   |
|    learning_rate   | 0.0003   |
|    n_updates       | 143599   |
---------------------------------
---------------------------------
| rollout/           |          |
|    ep_len_mean     | 200      |
|    ep_rew_mean     | 158      |
|    success_rate    | 0        |
| time/              |          |
|    episodes        | 772      |
|    fps             | 136      |
|    time_elapsed    | 1131     |
|    total_timesteps | 154400   |
| train/             |          |
|    actor_loss      | -80.6    |
|    critic_loss     | 0.0128   |
|    ent_coef        | 0.00349  |
|    ent_coef_loss   | -3.98    |
|    learning_rate   | 0.0003   |
|    n_updates       | 144399   |
---------------------------------
---------------------------------
| rollout/           |          |
|    ep_len_mean     | 200      |
|    ep_rew_mean     | 158      |
|    success_rate    | 0        |
| time/              |          |
|    episodes        | 776      |
|    fps             | 136      |
|    time_elapsed    | 1137     |
|    total_timesteps | 155200   |
| train/             |          |
|    actor_loss      | -80.7    |
|    critic_loss     | 0.0203   |
|    ent_coef        | 0.00338  |
|    ent_coef_loss   | 4.84     |
|    learning_rate   | 0.0003   |
|    n_updates       | 145199   |
---------------------------------
---------------------------------
| rollout/           |          |
|    ep_len_mean     | 200      |
|    ep_rew_mean     | 158      |
|    success_rate    | 0        |
| time/              |          |
|    episodes        | 780      |
|    fps             | 136      |
|    time_elapsed    | 1144     |
|    total_timesteps | 156000   |
| train/             |          |
|    actor_loss      | -80.2    |
|    critic_loss     | 0.0244   |
|    ent_coef        | 0.00342  |
|    ent_coef_loss   | 4.72     |
|    learning_rate   | 0.0003   |
|    n_updates       | 145999   |
---------------------------------
---------------------------------
| rollout/           |          |
|    ep_len_mean     | 200      |
|    ep_rew_mean     | 158      |
|    success_rate    | 0        |
| time/              |          |
|    episodes        | 784      |
|    fps             | 136      |
|    time_elapsed    | 1150     |
|    total_timesteps | 156800   |
| train/             |          |
|    actor_loss      | -80.3    |
|    critic_loss     | 0.0241   |
|    ent_coef        | 0.00331  |
|    ent_coef_loss   | 1.47     |
|    learning_rate   | 0.0003   |
|    n_updates       | 146799   |
---------------------------------
---------------------------------
| rollout/           |          |
|    ep_len_mean     | 200      |
|    ep_rew_mean     | 158      |
|    success_rate    | 0        |
| time/              |          |
|    episodes        | 788      |
|    fps             | 136      |
|    time_elapsed    | 1156     |
|    total_timesteps | 157600   |
| train/             |          |
|    actor_loss      | -80.8    |
|    critic_loss     | 0.021    |
|    ent_coef        | 0.00357  |
|    ent_coef_loss   | -1.02    |
|    learning_rate   | 0.0003   |
|    n_updates       | 147599   |
---------------------------------
---------------------------------
| rollout/           |          |
|    ep_len_mean     | 200      |
|    ep_rew_mean     | 158      |
|    success_rate    | 0        |
| time/              |          |
|    episodes        | 792      |
|    fps             | 136      |
|    time_elapsed    | 1162     |
|    total_timesteps | 158400   |
| train/             |          |
|    actor_loss      | -80.6    |
|    critic_loss     | 0.0249   |
|    ent_coef        | 0.00358  |
|    ent_coef_loss   | -0.953   |
|    learning_rate   | 0.0003   |
|    n_updates       | 148399   |
---------------------------------
---------------------------------
| rollout/           |          |
|    ep_len_mean     | 200      |
|    ep_rew_mean     | 158      |
|    success_rate    | 0        |
| time/              |          |
|    episodes        | 796      |
|    fps             | 136      |
|    time_elapsed    | 1169     |
|    total_timesteps | 159200   |
| train/             |          |
|    actor_loss      | -80.6    |
|    critic_loss     | 0.0287   |
|    ent_coef        | 0.00347  |
|    ent_coef_loss   | 2.08     |
|    learning_rate   | 0.0003   |
|    n_updates       | 149199   |
---------------------------------
---------------------------------
| rollout/           |          |
|    ep_len_mean     | 200      |
|    ep_rew_mean     | 158      |
|    success_rate    | 0        |
| time/              |          |
|    episodes        | 800      |
|    fps             | 136      |
|    time_elapsed    | 1175     |
|    total_timesteps | 160000   |
| train/             |          |
|    actor_loss      | -80.9    |
|    critic_loss     | 0.03     |
|    ent_coef        | 0.00386  |
|    ent_coef_loss   | -4.61    |
|    learning_rate   | 0.0003   |
|    n_updates       | 149999   |
---------------------------------
---------------------------------
| rollout/           |          |
|    ep_len_mean     | 200      |
|    ep_rew_mean     | 158      |
|    success_rate    | 0        |
| time/              |          |
|    episodes        | 804      |
|    fps             | 136      |
|    time_elapsed    | 1181     |
|    total_timesteps | 160800   |
| train/             |          |
|    actor_loss      | -80.5    |
|    critic_loss     | 0.0149   |
|    ent_coef        | 0.00376  |
|    ent_coef_loss   | 3.02     |
|    learning_rate   | 0.0003   |
|    n_updates       | 150799   |
---------------------------------
---------------------------------
| rollout/           |          |
|    ep_len_mean     | 200      |
|    ep_rew_mean     | 158      |
|    success_rate    | 0        |
| time/              |          |
|    episodes        | 808      |
|    fps             | 136      |
|    time_elapsed    | 1188     |
|    total_timesteps | 161600   |
| train/             |          |
|    actor_loss      | -80.7    |
|    critic_loss     | 0.0131   |
|    ent_coef        | 0.00393  |
|    ent_coef_loss   | -0.195   |
|    learning_rate   | 0.0003   |
|    n_updates       | 151599   |
---------------------------------
---------------------------------
| rollout/           |          |
|    ep_len_mean     | 200      |
|    ep_rew_mean     | 158      |
|    success_rate    | 0        |
| time/              |          |
|    episodes        | 812      |
|    fps             | 135      |
|    time_elapsed    | 1194     |
|    total_timesteps | 162400   |
| train/             |          |
|    actor_loss      | -80.5    |
|    critic_loss     | 0.0273   |
|    ent_coef        | 0.00376  |
|    ent_coef_loss   | -1.03    |
|    learning_rate   | 0.0003   |
|    n_updates       | 152399   |
---------------------------------
---------------------------------
| rollout/           |          |
|    ep_len_mean     | 200      |
|    ep_rew_mean     | 158      |
|    success_rate    | 0        |
| time/              |          |
|    episodes        | 816      |
|    fps             | 135      |
|    time_elapsed    | 1200     |
|    total_timesteps | 163200   |
| train/             |          |
|    actor_loss      | -80.9    |
|    critic_loss     | 0.0194   |
|    ent_coef        | 0.00401  |
|    ent_coef_loss   | -2.61    |
|    learning_rate   | 0.0003   |
|    n_updates       | 153199   |
---------------------------------
---------------------------------
| rollout/           |          |
|    ep_len_mean     | 200      |
|    ep_rew_mean     | 158      |
|    success_rate    | 0        |
| time/              |          |
|    episodes        | 820      |
|    fps             | 135      |
|    time_elapsed    | 1207     |
|    total_timesteps | 164000   |
| train/             |          |
|    actor_loss      | -80.6    |
|    critic_loss     | 0.0259   |
|    ent_coef        | 0.00392  |
|    ent_coef_loss   | 3.18     |
|    learning_rate   | 0.0003   |
|    n_updates       | 153999   |
---------------------------------
---------------------------------
| rollout/           |          |
|    ep_len_mean     | 200      |
|    ep_rew_mean     | 157      |
|    success_rate    | 0        |
| time/              |          |
|    episodes        | 824      |
|    fps             | 135      |
|    time_elapsed    | 1213     |
|    total_timesteps | 164800   |
| train/             |          |
|    actor_loss      | -80.9    |
|    critic_loss     | 0.0206   |
|    ent_coef        | 0.00429  |
|    ent_coef_loss   | -2.17    |
|    learning_rate   | 0.0003   |
|    n_updates       | 154799   |
---------------------------------
---------------------------------
| rollout/           |          |
|    ep_len_mean     | 200      |
|    ep_rew_mean     | 157      |
|    success_rate    | 0        |
| time/              |          |
|    episodes        | 828      |
|    fps             | 135      |
|    time_elapsed    | 1219     |
|    total_timesteps | 165600   |
| train/             |          |
|    actor_loss      | -80.7    |
|    critic_loss     | 0.0237   |
|    ent_coef        | 0.00423  |
|    ent_coef_loss   | 4.14     |
|    learning_rate   | 0.0003   |
|    n_updates       | 155599   |
---------------------------------
---------------------------------
| rollout/           |          |
|    ep_len_mean     | 200      |
|    ep_rew_mean     | 157      |
|    success_rate    | 0        |
| time/              |          |
|    episodes        | 832      |
|    fps             | 135      |
|    time_elapsed    | 1226     |
|    total_timesteps | 166400   |
| train/             |          |
|    actor_loss      | -80.3    |
|    critic_loss     | 0.0252   |
|    ent_coef        | 0.00434  |
|    ent_coef_loss   | 1.01     |
|    learning_rate   | 0.0003   |
|    n_updates       | 156399   |
---------------------------------
---------------------------------
| rollout/           |          |
|    ep_len_mean     | 200      |
|    ep_rew_mean     | 157      |
|    success_rate    | 0        |
| time/              |          |
|    episodes        | 836      |
|    fps             | 135      |
|    time_elapsed    | 1232     |
|    total_timesteps | 167200   |
| train/             |          |
|    actor_loss      | -80.5    |
|    critic_loss     | 0.0138   |
|    ent_coef        | 0.00451  |
|    ent_coef_loss   | -1.63    |
|    learning_rate   | 0.0003   |
|    n_updates       | 157199   |
---------------------------------
---------------------------------
| rollout/           |          |
|    ep_len_mean     | 200      |
|    ep_rew_mean     | 157      |
|    success_rate    | 0        |
| time/              |          |
|    episodes        | 840      |
|    fps             | 135      |
|    time_elapsed    | 1238     |
|    total_timesteps | 168000   |
| train/             |          |
|    actor_loss      | -80.5    |
|    critic_loss     | 0.0239   |
|    ent_coef        | 0.00445  |
|    ent_coef_loss   | 3.13     |
|    learning_rate   | 0.0003   |
|    n_updates       | 157999   |
---------------------------------
---------------------------------
| rollout/           |          |
|    ep_len_mean     | 200      |
|    ep_rew_mean     | 157      |
|    success_rate    | 0        |
| time/              |          |
|    episodes        | 844      |
|    fps             | 135      |
|    time_elapsed    | 1244     |
|    total_timesteps | 168800   |
| train/             |          |
|    actor_loss      | -80.5    |
|    critic_loss     | 0.014    |
|    ent_coef        | 0.00456  |
|    ent_coef_loss   | 0.598    |
|    learning_rate   | 0.0003   |
|    n_updates       | 158799   |
---------------------------------
---------------------------------
| rollout/           |          |
|    ep_len_mean     | 200      |
|    ep_rew_mean     | 157      |
|    success_rate    | 0        |
| time/              |          |
|    episodes        | 848      |
|    fps             | 135      |
|    time_elapsed    | 1251     |
|    total_timesteps | 169600   |
| train/             |          |
|    actor_loss      | -81.1    |
|    critic_loss     | 0.0117   |
|    ent_coef        | 0.00448  |
|    ent_coef_loss   | -3.39    |
|    learning_rate   | 0.0003   |
|    n_updates       | 159599   |
---------------------------------
---------------------------------
| rollout/           |          |
|    ep_len_mean     | 200      |
|    ep_rew_mean     | 157      |
|    success_rate    | 0        |
| time/              |          |
|    episodes        | 852      |
|    fps             | 135      |
|    time_elapsed    | 1257     |
|    total_timesteps | 170400   |
| train/             |          |
|    actor_loss      | -81.1    |
|    critic_loss     | 0.0187   |
|    ent_coef        | 0.00448  |
|    ent_coef_loss   | -2.45    |
|    learning_rate   | 0.0003   |
|    n_updates       | 160399   |
---------------------------------
---------------------------------
| rollout/           |          |
|    ep_len_mean     | 200      |
|    ep_rew_mean     | 157      |
|    success_rate    | 0        |
| time/              |          |
|    episodes        | 856      |
|    fps             | 135      |
|    time_elapsed    | 1263     |
|    total_timesteps | 171200   |
| train/             |          |
|    actor_loss      | -81.1    |
|    critic_loss     | 0.0187   |
|    ent_coef        | 0.00449  |
|    ent_coef_loss   | -2.85    |
|    learning_rate   | 0.0003   |
|    n_updates       | 161199   |
---------------------------------
---------------------------------
| rollout/           |          |
|    ep_len_mean     | 200      |
|    ep_rew_mean     | 157      |
|    success_rate    | 0        |
| time/              |          |
|    episodes        | 860      |
|    fps             | 135      |
|    time_elapsed    | 1269     |
|    total_timesteps | 172000   |
| train/             |          |
|    actor_loss      | -81.1    |
|    critic_loss     | 0.0205   |
|    ent_coef        | 0.00427  |
|    ent_coef_loss   | 0.475    |
|    learning_rate   | 0.0003   |
|    n_updates       | 161999   |
---------------------------------
---------------------------------
| rollout/           |          |
|    ep_len_mean     | 200      |
|    ep_rew_mean     | 157      |
|    success_rate    | 0        |
| time/              |          |
|    episodes        | 864      |
|    fps             | 135      |
|    time_elapsed    | 1276     |
|    total_timesteps | 172800   |
| train/             |          |
|    actor_loss      | -80.7    |
|    critic_loss     | 0.024    |
|    ent_coef        | 0.00397  |
|    ent_coef_loss   | 0.569    |
|    learning_rate   | 0.0003   |
|    n_updates       | 162799   |
---------------------------------
---------------------------------
| rollout/           |          |
|    ep_len_mean     | 200      |
|    ep_rew_mean     | 157      |
|    success_rate    | 0        |
| time/              |          |
|    episodes        | 868      |
|    fps             | 135      |
|    time_elapsed    | 1282     |
|    total_timesteps | 173600   |
| train/             |          |
|    actor_loss      | -80.7    |
|    critic_loss     | 0.0162   |
|    ent_coef        | 0.00413  |
|    ent_coef_loss   | 2.8      |
|    learning_rate   | 0.0003   |
|    n_updates       | 163599   |
---------------------------------
---------------------------------
| rollout/           |          |
|    ep_len_mean     | 200      |
|    ep_rew_mean     | 157      |
|    success_rate    | 0        |
| time/              |          |
|    episodes        | 872      |
|    fps             | 135      |
|    time_elapsed    | 1288     |
|    total_timesteps | 174400   |
| train/             |          |
|    actor_loss      | -80.9    |
|    critic_loss     | 0.0245   |
|    ent_coef        | 0.00407  |
|    ent_coef_loss   | 2.74     |
|    learning_rate   | 0.0003   |
|    n_updates       | 164399   |
---------------------------------
Eval num_timesteps=175000, episode_reward=158.34 +/- 0.00
Episode length: 200.00 +/- 0.00
Success rate: 0.00%
---------------------------------
| eval/              |          |
|    mean_ep_length  | 200      |
|    mean_reward     | 158      |
|    success_rate    | 0        |
| time/              |          |
|    total_timesteps | 175000   |
| train/             |          |
|    actor_loss      | -80.9    |
|    critic_loss     | 0.0141   |
|    ent_coef        | 0.00386  |
|    ent_coef_loss   | 1.27     |
|    learning_rate   | 0.0003   |
|    n_updates       | 164999   |
---------------------------------
---------------------------------
| rollout/           |          |
|    ep_len_mean     | 200      |
|    ep_rew_mean     | 157      |
|    success_rate    | 0        |
| time/              |          |
|    episodes        | 876      |
|    fps             | 135      |
|    time_elapsed    | 1296     |
|    total_timesteps | 175200   |
| train/             |          |
|    actor_loss      | -81.4    |
|    critic_loss     | 0.0112   |
|    ent_coef        | 0.0038   |
|    ent_coef_loss   | -4.86    |
|    learning_rate   | 0.0003   |
|    n_updates       | 165199   |
---------------------------------
---------------------------------
| rollout/           |          |
|    ep_len_mean     | 200      |
|    ep_rew_mean     | 157      |
|    success_rate    | 0        |
| time/              |          |
|    episodes        | 880      |
|    fps             | 135      |
|    time_elapsed    | 1302     |
|    total_timesteps | 176000   |
| train/             |          |
|    actor_loss      | -80.9    |
|    critic_loss     | 0.0176   |
|    ent_coef        | 0.00382  |
|    ent_coef_loss   | 0.211    |
|    learning_rate   | 0.0003   |
|    n_updates       | 165999   |
---------------------------------
---------------------------------
| rollout/           |          |
|    ep_len_mean     | 200      |
|    ep_rew_mean     | 157      |
|    success_rate    | 0        |
| time/              |          |
|    episodes        | 884      |
|    fps             | 135      |
|    time_elapsed    | 1308     |
|    total_timesteps | 176800   |
| train/             |          |
|    actor_loss      | -81      |
|    critic_loss     | 0.0254   |
|    ent_coef        | 0.00365  |
|    ent_coef_loss   | -3.37    |
|    learning_rate   | 0.0003   |
|    n_updates       | 166799   |
---------------------------------
---------------------------------
| rollout/           |          |
|    ep_len_mean     | 200      |
|    ep_rew_mean     | 157      |
|    success_rate    | 0        |
| time/              |          |
|    episodes        | 888      |
|    fps             | 135      |
|    time_elapsed    | 1314     |
|    total_timesteps | 177600   |
| train/             |          |
|    actor_loss      | -81      |
|    critic_loss     | 0.0244   |
|    ent_coef        | 0.00358  |
|    ent_coef_loss   | 0.752    |
|    learning_rate   | 0.0003   |
|    n_updates       | 167599   |
---------------------------------
---------------------------------
| rollout/           |          |
|    ep_len_mean     | 200      |
|    ep_rew_mean     | 157      |
|    success_rate    | 0        |
| time/              |          |
|    episodes        | 892      |
|    fps             | 135      |
|    time_elapsed    | 1321     |
|    total_timesteps | 178400   |
| train/             |          |
|    actor_loss      | -81.1    |
|    critic_loss     | 0.0181   |
|    ent_coef        | 0.00375  |
|    ent_coef_loss   | -0.981   |
|    learning_rate   | 0.0003   |
|    n_updates       | 168399   |
---------------------------------
---------------------------------
| rollout/           |          |
|    ep_len_mean     | 200      |
|    ep_rew_mean     | 157      |
|    success_rate    | 0        |
| time/              |          |
|    episodes        | 896      |
|    fps             | 135      |
|    time_elapsed    | 1327     |
|    total_timesteps | 179200   |
| train/             |          |
|    actor_loss      | -80.8    |
|    critic_loss     | 0.0268   |
|    ent_coef        | 0.00362  |
|    ent_coef_loss   | 4.77     |
|    learning_rate   | 0.0003   |
|    n_updates       | 169199   |
---------------------------------
---------------------------------
| rollout/           |          |
|    ep_len_mean     | 200      |
|    ep_rew_mean     | 157      |
|    success_rate    | 0        |
| time/              |          |
|    episodes        | 900      |
|    fps             | 134      |
|    time_elapsed    | 1333     |
|    total_timesteps | 180000   |
| train/             |          |
|    actor_loss      | -80.9    |
|    critic_loss     | 0.0184   |
|    ent_coef        | 0.00368  |
|    ent_coef_loss   | -1.84    |
|    learning_rate   | 0.0003   |
|    n_updates       | 169999   |
---------------------------------
---------------------------------
| rollout/           |          |
|    ep_len_mean     | 200      |
|    ep_rew_mean     | 157      |
|    success_rate    | 0        |
| time/              |          |
|    episodes        | 904      |
|    fps             | 134      |
|    time_elapsed    | 1339     |
|    total_timesteps | 180800   |
| train/             |          |
|    actor_loss      | -81.2    |
|    critic_loss     | 0.0171   |
|    ent_coef        | 0.00391  |
|    ent_coef_loss   | -4.81    |
|    learning_rate   | 0.0003   |
|    n_updates       | 170799   |
---------------------------------
---------------------------------
| rollout/           |          |
|    ep_len_mean     | 200      |
|    ep_rew_mean     | 157      |
|    success_rate    | 0        |
| time/              |          |
|    episodes        | 908      |
|    fps             | 134      |
|    time_elapsed    | 1346     |
|    total_timesteps | 181600   |
| train/             |          |
|    actor_loss      | -81      |
|    critic_loss     | 0.0191   |
|    ent_coef        | 0.00395  |
|    ent_coef_loss   | 1.45     |
|    learning_rate   | 0.0003   |
|    n_updates       | 171599   |
---------------------------------
---------------------------------
| rollout/           |          |
|    ep_len_mean     | 200      |
|    ep_rew_mean     | 157      |
|    success_rate    | 0        |
| time/              |          |
|    episodes        | 912      |
|    fps             | 134      |
|    time_elapsed    | 1352     |
|    total_timesteps | 182400   |
| train/             |          |
|    actor_loss      | -80.9    |
|    critic_loss     | 0.024    |
|    ent_coef        | 0.00386  |
|    ent_coef_loss   | -1.68    |
|    learning_rate   | 0.0003   |
|    n_updates       | 172399   |
---------------------------------
---------------------------------
| rollout/           |          |
|    ep_len_mean     | 200      |
|    ep_rew_mean     | 156      |
|    success_rate    | 0        |
| time/              |          |
|    episodes        | 916      |
|    fps             | 134      |
|    time_elapsed    | 1358     |
|    total_timesteps | 183200   |
| train/             |          |
|    actor_loss      | -80.8    |
|    critic_loss     | 0.0344   |
|    ent_coef        | 0.00393  |
|    ent_coef_loss   | 1.28     |
|    learning_rate   | 0.0003   |
|    n_updates       | 173199   |
---------------------------------
---------------------------------
| rollout/           |          |
|    ep_len_mean     | 200      |
|    ep_rew_mean     | 156      |
|    success_rate    | 0        |
| time/              |          |
|    episodes        | 920      |
|    fps             | 134      |
|    time_elapsed    | 1364     |
|    total_timesteps | 184000   |
| train/             |          |
|    actor_loss      | -81      |
|    critic_loss     | 0.0184   |
|    ent_coef        | 0.00371  |
|    ent_coef_loss   | 3.83     |
|    learning_rate   | 0.0003   |
|    n_updates       | 173999   |
---------------------------------
---------------------------------
| rollout/           |          |
|    ep_len_mean     | 200      |
|    ep_rew_mean     | 156      |
|    success_rate    | 0        |
| time/              |          |
|    episodes        | 924      |
|    fps             | 134      |
|    time_elapsed    | 1371     |
|    total_timesteps | 184800   |
| train/             |          |
|    actor_loss      | -81.1    |
|    critic_loss     | 0.015    |
|    ent_coef        | 0.0037   |
|    ent_coef_loss   | 2.43     |
|    learning_rate   | 0.0003   |
|    n_updates       | 174799   |
---------------------------------
---------------------------------
| rollout/           |          |
|    ep_len_mean     | 200      |
|    ep_rew_mean     | 156      |
|    success_rate    | 0        |
| time/              |          |
|    episodes        | 928      |
|    fps             | 134      |
|    time_elapsed    | 1377     |
|    total_timesteps | 185600   |
| train/             |          |
|    actor_loss      | -80.9    |
|    critic_loss     | 0.00804  |
|    ent_coef        | 0.00368  |
|    ent_coef_loss   | -1.91    |
|    learning_rate   | 0.0003   |
|    n_updates       | 175599   |
---------------------------------
---------------------------------
| rollout/           |          |
|    ep_len_mean     | 200      |
|    ep_rew_mean     | 155      |
|    success_rate    | 0        |
| time/              |          |
|    episodes        | 932      |
|    fps             | 134      |
|    time_elapsed    | 1383     |
|    total_timesteps | 186400   |
| train/             |          |
|    actor_loss      | -80.8    |
|    critic_loss     | 0.0171   |
|    ent_coef        | 0.00507  |
|    ent_coef_loss   | 5.34     |
|    learning_rate   | 0.0003   |
|    n_updates       | 176399   |
---------------------------------
---------------------------------
| rollout/           |          |
|    ep_len_mean     | 200      |
|    ep_rew_mean     | 155      |
|    success_rate    | 0        |
| time/              |          |
|    episodes        | 936      |
|    fps             | 134      |
|    time_elapsed    | 1389     |
|    total_timesteps | 187200   |
| train/             |          |
|    actor_loss      | -80.6    |
|    critic_loss     | 0.0312   |
|    ent_coef        | 0.00599  |
|    ent_coef_loss   | 9.44     |
|    learning_rate   | 0.0003   |
|    n_updates       | 177199   |
---------------------------------
---------------------------------
| rollout/           |          |
|    ep_len_mean     | 200      |
|    ep_rew_mean     | 155      |
|    success_rate    | 0        |
| time/              |          |
|    episodes        | 940      |
|    fps             | 134      |
|    time_elapsed    | 1396     |
|    total_timesteps | 188000   |
| train/             |          |
|    actor_loss      | -80.8    |
|    critic_loss     | 0.0227   |
|    ent_coef        | 0.00639  |
|    ent_coef_loss   | -1.35    |
|    learning_rate   | 0.0003   |
|    n_updates       | 177999   |
---------------------------------
---------------------------------
| rollout/           |          |
|    ep_len_mean     | 200      |
|    ep_rew_mean     | 155      |
|    success_rate    | 0        |
| time/              |          |
|    episodes        | 944      |
|    fps             | 134      |
|    time_elapsed    | 1402     |
|    total_timesteps | 188800   |
| train/             |          |
|    actor_loss      | -80.6    |
|    critic_loss     | 0.0156   |
|    ent_coef        | 0.00637  |
|    ent_coef_loss   | -1.58    |
|    learning_rate   | 0.0003   |
|    n_updates       | 178799   |
---------------------------------
---------------------------------
| rollout/           |          |
|    ep_len_mean     | 200      |
|    ep_rew_mean     | 155      |
|    success_rate    | 0        |
| time/              |          |
|    episodes        | 948      |
|    fps             | 134      |
|    time_elapsed    | 1408     |
|    total_timesteps | 189600   |
| train/             |          |
|    actor_loss      | -80.6    |
|    critic_loss     | 0.0156   |
|    ent_coef        | 0.00624  |
|    ent_coef_loss   | -6.57    |
|    learning_rate   | 0.0003   |
|    n_updates       | 179599   |
---------------------------------
---------------------------------
| rollout/           |          |
|    ep_len_mean     | 200      |
|    ep_rew_mean     | 155      |
|    success_rate    | 0        |
| time/              |          |
|    episodes        | 952      |
|    fps             | 134      |
|    time_elapsed    | 1414     |
|    total_timesteps | 190400   |
| train/             |          |
|    actor_loss      | -80.5    |
|    critic_loss     | 0.0323   |
|    ent_coef        | 0.0059   |
|    ent_coef_loss   | 0.388    |
|    learning_rate   | 0.0003   |
|    n_updates       | 180399   |
---------------------------------
---------------------------------
| rollout/           |          |
|    ep_len_mean     | 200      |
|    ep_rew_mean     | 154      |
|    success_rate    | 0        |
| time/              |          |
|    episodes        | 956      |
|    fps             | 134      |
|    time_elapsed    | 1421     |
|    total_timesteps | 191200   |
| train/             |          |
|    actor_loss      | -80.6    |
|    critic_loss     | 0.0195   |
|    ent_coef        | 0.00548  |
|    ent_coef_loss   | -3.15    |
|    learning_rate   | 0.0003   |
|    n_updates       | 181199   |
---------------------------------
---------------------------------
| rollout/           |          |
|    ep_len_mean     | 200      |
|    ep_rew_mean     | 154      |
|    success_rate    | 0        |
| time/              |          |
|    episodes        | 960      |
|    fps             | 134      |
|    time_elapsed    | 1427     |
|    total_timesteps | 192000   |
| train/             |          |
|    actor_loss      | -80.3    |
|    critic_loss     | 0.0272   |
|    ent_coef        | 0.00486  |
|    ent_coef_loss   | 2.54     |
|    learning_rate   | 0.0003   |
|    n_updates       | 181999   |
---------------------------------
---------------------------------
| rollout/           |          |
|    ep_len_mean     | 200      |
|    ep_rew_mean     | 154      |
|    success_rate    | 0        |
| time/              |          |
|    episodes        | 964      |
|    fps             | 134      |
|    time_elapsed    | 1433     |
|    total_timesteps | 192800   |
| train/             |          |
|    actor_loss      | -80      |
|    critic_loss     | 0.0193   |
|    ent_coef        | 0.00432  |
|    ent_coef_loss   | -0.232   |
|    learning_rate   | 0.0003   |
|    n_updates       | 182799   |
---------------------------------
---------------------------------
| rollout/           |          |
|    ep_len_mean     | 200      |
|    ep_rew_mean     | 154      |
|    success_rate    | 0        |
| time/              |          |
|    episodes        | 968      |
|    fps             | 134      |
|    time_elapsed    | 1440     |
|    total_timesteps | 193600   |
| train/             |          |
|    actor_loss      | -80.5    |
|    critic_loss     | 0.0149   |
|    ent_coef        | 0.00388  |
|    ent_coef_loss   | 3.06     |
|    learning_rate   | 0.0003   |
|    n_updates       | 183599   |
---------------------------------
---------------------------------
| rollout/           |          |
|    ep_len_mean     | 200      |
|    ep_rew_mean     | 154      |
|    success_rate    | 0        |
| time/              |          |
|    episodes        | 972      |
|    fps             | 134      |
|    time_elapsed    | 1446     |
|    total_timesteps | 194400   |
| train/             |          |
|    actor_loss      | -80.2    |
|    critic_loss     | 0.0143   |
|    ent_coef        | 0.00414  |
|    ent_coef_loss   | -2.29    |
|    learning_rate   | 0.0003   |
|    n_updates       | 184399   |
---------------------------------
---------------------------------
| rollout/           |          |
|    ep_len_mean     | 200      |
|    ep_rew_mean     | 154      |
|    success_rate    | 0        |
| time/              |          |
|    episodes        | 976      |
|    fps             | 134      |
|    time_elapsed    | 1452     |
|    total_timesteps | 195200   |
| train/             |          |
|    actor_loss      | -80.3    |
|    critic_loss     | 0.0267   |
|    ent_coef        | 0.00453  |
|    ent_coef_loss   | -1.91    |
|    learning_rate   | 0.0003   |
|    n_updates       | 185199   |
---------------------------------
---------------------------------
| rollout/           |          |
|    ep_len_mean     | 200      |
|    ep_rew_mean     | 154      |
|    success_rate    | 0        |
| time/              |          |
|    episodes        | 980      |
|    fps             | 134      |
|    time_elapsed    | 1459     |
|    total_timesteps | 196000   |
| train/             |          |
|    actor_loss      | -80.2    |
|    critic_loss     | 0.0213   |
|    ent_coef        | 0.00429  |
|    ent_coef_loss   | -1.77    |
|    learning_rate   | 0.0003   |
|    n_updates       | 185999   |
---------------------------------
---------------------------------
| rollout/           |          |
|    ep_len_mean     | 200      |
|    ep_rew_mean     | 154      |
|    success_rate    | 0        |
| time/              |          |
|    episodes        | 984      |
|    fps             | 134      |
|    time_elapsed    | 1465     |
|    total_timesteps | 196800   |
| train/             |          |
|    actor_loss      | -80.4    |
|    critic_loss     | 0.0246   |
|    ent_coef        | 0.00438  |
|    ent_coef_loss   | 7.21     |
|    learning_rate   | 0.0003   |
|    n_updates       | 186799   |
---------------------------------
---------------------------------
| rollout/           |          |
|    ep_len_mean     | 200      |
|    ep_rew_mean     | 154      |
|    success_rate    | 0        |
| time/              |          |
|    episodes        | 988      |
|    fps             | 134      |
|    time_elapsed    | 1471     |
|    total_timesteps | 197600   |
| train/             |          |
|    actor_loss      | -80.3    |
|    critic_loss     | 0.0206   |
|    ent_coef        | 0.00457  |
|    ent_coef_loss   | -2.64    |
|    learning_rate   | 0.0003   |
|    n_updates       | 187599   |
---------------------------------
---------------------------------
| rollout/           |          |
|    ep_len_mean     | 200      |
|    ep_rew_mean     | 154      |
|    success_rate    | 0        |
| time/              |          |
|    episodes        | 992      |
|    fps             | 134      |
|    time_elapsed    | 1478     |
|    total_timesteps | 198400   |
| train/             |          |
|    actor_loss      | -80.2    |
|    critic_loss     | 0.0192   |
|    ent_coef        | 0.00408  |
|    ent_coef_loss   | -0.535   |
|    learning_rate   | 0.0003   |
|    n_updates       | 188399   |
---------------------------------
---------------------------------
| rollout/           |          |
|    ep_len_mean     | 200      |
|    ep_rew_mean     | 154      |
|    success_rate    | 0        |
| time/              |          |
|    episodes        | 996      |
|    fps             | 134      |
|    time_elapsed    | 1484     |
|    total_timesteps | 199200   |
| train/             |          |
|    actor_loss      | -79.9    |
|    critic_loss     | 0.0103   |
|    ent_coef        | 0.00394  |
|    ent_coef_loss   | -2.17    |
|    learning_rate   | 0.0003   |
|    n_updates       | 189199   |
---------------------------------
Eval num_timesteps=200000, episode_reward=158.68 +/- 0.00
Episode length: 200.00 +/- 0.00
Success rate: 0.00%
---------------------------------
| eval/              |          |
|    mean_ep_length  | 200      |
|    mean_reward     | 159      |
|    success_rate    | 0        |
| time/              |          |
|    total_timesteps | 200000   |
| train/             |          |
|    actor_loss      | -80.4    |
|    critic_loss     | 0.0135   |
|    ent_coef        | 0.00436  |
|    ent_coef_loss   | -3.8     |
|    learning_rate   | 0.0003   |
|    n_updates       | 189999   |
---------------------------------
---------------------------------
| rollout/           |          |
|    ep_len_mean     | 200      |
|    ep_rew_mean     | 154      |
|    success_rate    | 0        |
| time/              |          |
|    episodes        | 1000     |
|    fps             | 134      |
|    time_elapsed    | 1492     |
|    total_timesteps | 200000   |
---------------------------------
---------------------------------
| rollout/           |          |
|    ep_len_mean     | 200      |
|    ep_rew_mean     | 154      |
|    success_rate    | 0        |
| time/              |          |
|    episodes        | 1004     |
|    fps             | 133      |
|    time_elapsed    | 1498     |
|    total_timesteps | 200800   |
| train/             |          |
|    actor_loss      | -80.3    |
|    critic_loss     | 0.0202   |
|    ent_coef        | 0.0043   |
|    ent_coef_loss   | 0.313    |
|    learning_rate   | 0.0003   |
|    n_updates       | 190799   |
---------------------------------
---------------------------------
| rollout/           |          |
|    ep_len_mean     | 200      |
|    ep_rew_mean     | 155      |
|    success_rate    | 0        |
| time/              |          |
|    episodes        | 1008     |
|    fps             | 133      |
|    time_elapsed    | 1504     |
|    total_timesteps | 201600   |
| train/             |          |
|    actor_loss      | -80.1    |
|    critic_loss     | 0.0235   |
|    ent_coef        | 0.00466  |
|    ent_coef_loss   | 5.68     |
|    learning_rate   | 0.0003   |
|    n_updates       | 191599   |
---------------------------------
---------------------------------
| rollout/           |          |
|    ep_len_mean     | 200      |
|    ep_rew_mean     | 155      |
|    success_rate    | 0        |
| time/              |          |
|    episodes        | 1012     |
|    fps             | 133      |
|    time_elapsed    | 1511     |
|    total_timesteps | 202400   |
| train/             |          |
|    actor_loss      | -80      |
|    critic_loss     | 0.0251   |
|    ent_coef        | 0.00473  |
|    ent_coef_loss   | 1.17     |
|    learning_rate   | 0.0003   |
|    n_updates       | 192399   |
---------------------------------
---------------------------------
| rollout/           |          |
|    ep_len_mean     | 200      |
|    ep_rew_mean     | 155      |
|    success_rate    | 0        |
| time/              |          |
|    episodes        | 1016     |
|    fps             | 133      |
|    time_elapsed    | 1517     |
|    total_timesteps | 203200   |
| train/             |          |
|    actor_loss      | -80      |
|    critic_loss     | 0.0178   |
|    ent_coef        | 0.00512  |
|    ent_coef_loss   | -4.38    |
|    learning_rate   | 0.0003   |
|    n_updates       | 193199   |
---------------------------------
---------------------------------
| rollout/           |          |
|    ep_len_mean     | 200      |
|    ep_rew_mean     | 155      |
|    success_rate    | 0        |
| time/              |          |
|    episodes        | 1020     |
|    fps             | 133      |
|    time_elapsed    | 1523     |
|    total_timesteps | 204000   |
| train/             |          |
|    actor_loss      | -80      |
|    critic_loss     | 0.0229   |
|    ent_coef        | 0.00528  |
|    ent_coef_loss   | -0.583   |
|    learning_rate   | 0.0003   |
|    n_updates       | 193999   |
---------------------------------
---------------------------------
| rollout/           |          |
|    ep_len_mean     | 200      |
|    ep_rew_mean     | 155      |
|    success_rate    | 0        |
| time/              |          |
|    episodes        | 1024     |
|    fps             | 133      |
|    time_elapsed    | 1530     |
|    total_timesteps | 204800   |
| train/             |          |
|    actor_loss      | -79.9    |
|    critic_loss     | 0.0178   |
|    ent_coef        | 0.00502  |
|    ent_coef_loss   | -1.87    |
|    learning_rate   | 0.0003   |
|    n_updates       | 194799   |
---------------------------------
---------------------------------
| rollout/           |          |
|    ep_len_mean     | 200      |
|    ep_rew_mean     | 156      |
|    success_rate    | 0        |
| time/              |          |
|    episodes        | 1028     |
|    fps             | 133      |
|    time_elapsed    | 1536     |
|    total_timesteps | 205600   |
| train/             |          |
|    actor_loss      | -80.1    |
|    critic_loss     | 0.0236   |
|    ent_coef        | 0.00512  |
|    ent_coef_loss   | -0.00332 |
|    learning_rate   | 0.0003   |
|    n_updates       | 195599   |
---------------------------------
---------------------------------
| rollout/           |          |
|    ep_len_mean     | 200      |
|    ep_rew_mean     | 156      |
|    success_rate    | 0        |
| time/              |          |
|    episodes        | 1032     |
|    fps             | 133      |
|    time_elapsed    | 1542     |
|    total_timesteps | 206400   |
| train/             |          |
|    actor_loss      | -80      |
|    critic_loss     | 0.0128   |
|    ent_coef        | 0.00495  |
|    ent_coef_loss   | -3.2     |
|    learning_rate   | 0.0003   |
|    n_updates       | 196399   |
---------------------------------
---------------------------------
| rollout/           |          |
|    ep_len_mean     | 200      |
|    ep_rew_mean     | 156      |
|    success_rate    | 0        |
| time/              |          |
|    episodes        | 1036     |
|    fps             | 133      |
|    time_elapsed    | 1549     |
|    total_timesteps | 207200   |
| train/             |          |
|    actor_loss      | -80      |
|    critic_loss     | 0.0188   |
|    ent_coef        | 0.00497  |
|    ent_coef_loss   | -1.38    |
|    learning_rate   | 0.0003   |
|    n_updates       | 197199   |
---------------------------------
---------------------------------
| rollout/           |          |
|    ep_len_mean     | 200      |
|    ep_rew_mean     | 157      |
|    success_rate    | 0        |
| time/              |          |
|    episodes        | 1040     |
|    fps             | 133      |
|    time_elapsed    | 1555     |
|    total_timesteps | 208000   |
| train/             |          |
|    actor_loss      | -80.2    |
|    critic_loss     | 0.0197   |
|    ent_coef        | 0.00538  |
|    ent_coef_loss   | 1.7      |
|    learning_rate   | 0.0003   |
|    n_updates       | 197999   |
---------------------------------
---------------------------------
| rollout/           |          |
|    ep_len_mean     | 200      |
|    ep_rew_mean     | 157      |
|    success_rate    | 0        |
| time/              |          |
|    episodes        | 1044     |
|    fps             | 133      |
|    time_elapsed    | 1561     |
|    total_timesteps | 208800   |
| train/             |          |
|    actor_loss      | -80.2    |
|    critic_loss     | 0.0242   |
|    ent_coef        | 0.00523  |
|    ent_coef_loss   | -0.884   |
|    learning_rate   | 0.0003   |
|    n_updates       | 198799   |
---------------------------------
---------------------------------
| rollout/           |          |
|    ep_len_mean     | 200      |
|    ep_rew_mean     | 157      |
|    success_rate    | 0        |
| time/              |          |
|    episodes        | 1048     |
|    fps             | 133      |
|    time_elapsed    | 1567     |
|    total_timesteps | 209600   |
| train/             |          |
|    actor_loss      | -80.3    |
|    critic_loss     | 0.00835  |
|    ent_coef        | 0.00501  |
|    ent_coef_loss   | -4.75    |
|    learning_rate   | 0.0003   |
|    n_updates       | 199599   |
---------------------------------
---------------------------------
| rollout/           |          |
|    ep_len_mean     | 200      |
|    ep_rew_mean     | 157      |
|    success_rate    | 0        |
| time/              |          |
|    episodes        | 1052     |
|    fps             | 133      |
|    time_elapsed    | 1574     |
|    total_timesteps | 210400   |
| train/             |          |
|    actor_loss      | -79.7    |
|    critic_loss     | 0.0195   |
|    ent_coef        | 0.00511  |
|    ent_coef_loss   | -1.94    |
|    learning_rate   | 0.0003   |
|    n_updates       | 200399   |
---------------------------------
---------------------------------
| rollout/           |          |
|    ep_len_mean     | 200      |
|    ep_rew_mean     | 157      |
|    success_rate    | 0        |
| time/              |          |
|    episodes        | 1056     |
|    fps             | 133      |
|    time_elapsed    | 1580     |
|    total_timesteps | 211200   |
| train/             |          |
|    actor_loss      | -79.9    |
|    critic_loss     | 0.0114   |
|    ent_coef        | 0.0051   |
|    ent_coef_loss   | -2.12    |
|    learning_rate   | 0.0003   |
|    n_updates       | 201199   |
---------------------------------
---------------------------------
| rollout/           |          |
|    ep_len_mean     | 200      |
|    ep_rew_mean     | 157      |
|    success_rate    | 0        |
| time/              |          |
|    episodes        | 1060     |
|    fps             | 133      |
|    time_elapsed    | 1587     |
|    total_timesteps | 212000   |
| train/             |          |
|    actor_loss      | -79.8    |
|    critic_loss     | 0.0243   |
|    ent_coef        | 0.0049   |
|    ent_coef_loss   | 0.356    |
|    learning_rate   | 0.0003   |
|    n_updates       | 201999   |
---------------------------------
---------------------------------
| rollout/           |          |
|    ep_len_mean     | 200      |
|    ep_rew_mean     | 157      |
|    success_rate    | 0        |
| time/              |          |
|    episodes        | 1064     |
|    fps             | 133      |
|    time_elapsed    | 1593     |
|    total_timesteps | 212800   |
| train/             |          |
|    actor_loss      | -79.9    |
|    critic_loss     | 0.0124   |
|    ent_coef        | 0.00517  |
|    ent_coef_loss   | 1.5      |
|    learning_rate   | 0.0003   |
|    n_updates       | 202799   |
---------------------------------
---------------------------------
| rollout/           |          |
|    ep_len_mean     | 200      |
|    ep_rew_mean     | 158      |
|    success_rate    | 0        |
| time/              |          |
|    episodes        | 1068     |
|    fps             | 133      |
|    time_elapsed    | 1599     |
|    total_timesteps | 213600   |
| train/             |          |
|    actor_loss      | -80      |
|    critic_loss     | 0.0168   |
|    ent_coef        | 0.00529  |
|    ent_coef_loss   | -1.7     |
|    learning_rate   | 0.0003   |
|    n_updates       | 203599   |
---------------------------------
---------------------------------
| rollout/           |          |
|    ep_len_mean     | 200      |
|    ep_rew_mean     | 158      |
|    success_rate    | 0        |
| time/              |          |
|    episodes        | 1072     |
|    fps             | 133      |
|    time_elapsed    | 1605     |
|    total_timesteps | 214400   |
| train/             |          |
|    actor_loss      | -80.2    |
|    critic_loss     | 0.0295   |
|    ent_coef        | 0.0052   |
|    ent_coef_loss   | -0.127   |
|    learning_rate   | 0.0003   |
|    n_updates       | 204399   |
---------------------------------
---------------------------------
| rollout/           |          |
|    ep_len_mean     | 200      |
|    ep_rew_mean     | 158      |
|    success_rate    | 0        |
| time/              |          |
|    episodes        | 1076     |
|    fps             | 133      |
|    time_elapsed    | 1612     |
|    total_timesteps | 215200   |
| train/             |          |
|    actor_loss      | -80      |
|    critic_loss     | 0.0134   |
|    ent_coef        | 0.00491  |
|    ent_coef_loss   | 2.31     |
|    learning_rate   | 0.0003   |
|    n_updates       | 205199   |
---------------------------------
---------------------------------
| rollout/           |          |
|    ep_len_mean     | 200      |
|    ep_rew_mean     | 158      |
|    success_rate    | 0        |
| time/              |          |
|    episodes        | 1080     |
|    fps             | 133      |
|    time_elapsed    | 1618     |
|    total_timesteps | 216000   |
| train/             |          |
|    actor_loss      | -80      |
|    critic_loss     | 0.0213   |
|    ent_coef        | 0.00505  |
|    ent_coef_loss   | -3.31    |
|    learning_rate   | 0.0003   |
|    n_updates       | 205999   |
---------------------------------
---------------------------------
| rollout/           |          |
|    ep_len_mean     | 200      |
|    ep_rew_mean     | 158      |
|    success_rate    | 0        |
| time/              |          |
|    episodes        | 1084     |
|    fps             | 133      |
|    time_elapsed    | 1624     |
|    total_timesteps | 216800   |
| train/             |          |
|    actor_loss      | -80.1    |
|    critic_loss     | 0.0156   |
|    ent_coef        | 0.00517  |
|    ent_coef_loss   | -2.48    |
|    learning_rate   | 0.0003   |
|    n_updates       | 206799   |
---------------------------------
---------------------------------
| rollout/           |          |
|    ep_len_mean     | 200      |
|    ep_rew_mean     | 158      |
|    success_rate    | 0        |
| time/              |          |
|    episodes        | 1088     |
|    fps             | 133      |
|    time_elapsed    | 1631     |
|    total_timesteps | 217600   |
| train/             |          |
|    actor_loss      | -79.9    |
|    critic_loss     | 0.0422   |
|    ent_coef        | 0.00521  |
|    ent_coef_loss   | 2.18     |
|    learning_rate   | 0.0003   |
|    n_updates       | 207599   |
---------------------------------
---------------------------------
| rollout/           |          |
|    ep_len_mean     | 200      |
|    ep_rew_mean     | 158      |
|    success_rate    | 0        |
| time/              |          |
|    episodes        | 1092     |
|    fps             | 133      |
|    time_elapsed    | 1637     |
|    total_timesteps | 218400   |
| train/             |          |
|    actor_loss      | -80      |
|    critic_loss     | 0.0241   |
|    ent_coef        | 0.00505  |
|    ent_coef_loss   | 1.86     |
|    learning_rate   | 0.0003   |
|    n_updates       | 208399   |
---------------------------------
---------------------------------
| rollout/           |          |
|    ep_len_mean     | 200      |
|    ep_rew_mean     | 158      |
|    success_rate    | 0        |
| time/              |          |
|    episodes        | 1096     |
|    fps             | 133      |
|    time_elapsed    | 1643     |
|    total_timesteps | 219200   |
| train/             |          |
|    actor_loss      | -79.7    |
|    critic_loss     | 0.017    |
|    ent_coef        | 0.00502  |
|    ent_coef_loss   | -0.441   |
|    learning_rate   | 0.0003   |
|    n_updates       | 209199   |
---------------------------------
---------------------------------
| rollout/           |          |
|    ep_len_mean     | 200      |
|    ep_rew_mean     | 158      |
|    success_rate    | 0        |
| time/              |          |
|    episodes        | 1100     |
|    fps             | 133      |
|    time_elapsed    | 1650     |
|    total_timesteps | 220000   |
| train/             |          |
|    actor_loss      | -79.9    |
|    critic_loss     | 0.0147   |
|    ent_coef        | 0.00491  |
|    ent_coef_loss   | 1.02     |
|    learning_rate   | 0.0003   |
|    n_updates       | 209999   |
---------------------------------
---------------------------------
| rollout/           |          |
|    ep_len_mean     | 200      |
|    ep_rew_mean     | 158      |
|    success_rate    | 0        |
| time/              |          |
|    episodes        | 1104     |
|    fps             | 133      |
|    time_elapsed    | 1656     |
|    total_timesteps | 220800   |
| train/             |          |
|    actor_loss      | -80.1    |
|    critic_loss     | 0.0213   |
|    ent_coef        | 0.00469  |
|    ent_coef_loss   | -1.22    |
|    learning_rate   | 0.0003   |
|    n_updates       | 210799   |
---------------------------------
---------------------------------
| rollout/           |          |
|    ep_len_mean     | 200      |
|    ep_rew_mean     | 158      |
|    success_rate    | 0        |
| time/              |          |
|    episodes        | 1108     |
|    fps             | 133      |
|    time_elapsed    | 1662     |
|    total_timesteps | 221600   |
| train/             |          |
|    actor_loss      | -80.2    |
|    critic_loss     | 0.0143   |
|    ent_coef        | 0.00502  |
|    ent_coef_loss   | -0.137   |
|    learning_rate   | 0.0003   |
|    n_updates       | 211599   |
---------------------------------
---------------------------------
| rollout/           |          |
|    ep_len_mean     | 200      |
|    ep_rew_mean     | 158      |
|    success_rate    | 0        |
| time/              |          |
|    episodes        | 1112     |
|    fps             | 133      |
|    time_elapsed    | 1669     |
|    total_timesteps | 222400   |
| train/             |          |
|    actor_loss      | -79.9    |
|    critic_loss     | 0.0188   |
|    ent_coef        | 0.00449  |
|    ent_coef_loss   | -2.52    |
|    learning_rate   | 0.0003   |
|    n_updates       | 212399   |
---------------------------------
---------------------------------
| rollout/           |          |
|    ep_len_mean     | 200      |
|    ep_rew_mean     | 158      |
|    success_rate    | 0        |
| time/              |          |
|    episodes        | 1116     |
|    fps             | 133      |
|    time_elapsed    | 1675     |
|    total_timesteps | 223200   |
| train/             |          |
|    actor_loss      | -79.6    |
|    critic_loss     | 0.0236   |
|    ent_coef        | 0.0047   |
|    ent_coef_loss   | 2.87     |
|    learning_rate   | 0.0003   |
|    n_updates       | 213199   |
---------------------------------
---------------------------------
| rollout/           |          |
|    ep_len_mean     | 200      |
|    ep_rew_mean     | 158      |
|    success_rate    | 0        |
| time/              |          |
|    episodes        | 1120     |
|    fps             | 133      |
|    time_elapsed    | 1681     |
|    total_timesteps | 224000   |
| train/             |          |
|    actor_loss      | -80.2    |
|    critic_loss     | 0.0241   |
|    ent_coef        | 0.00476  |
|    ent_coef_loss   | -0.083   |
|    learning_rate   | 0.0003   |
|    n_updates       | 213999   |
---------------------------------
---------------------------------
| rollout/           |          |
|    ep_len_mean     | 200      |
|    ep_rew_mean     | 158      |
|    success_rate    | 0        |
| time/              |          |
|    episodes        | 1124     |
|    fps             | 133      |
|    time_elapsed    | 1688     |
|    total_timesteps | 224800   |
| train/             |          |
|    actor_loss      | -79.8    |
|    critic_loss     | 0.0283   |
|    ent_coef        | 0.00498  |
|    ent_coef_loss   | -3.12    |
|    learning_rate   | 0.0003   |
|    n_updates       | 214799   |
---------------------------------
Eval num_timesteps=225000, episode_reward=159.68 +/- 0.00
Episode length: 200.00 +/- 0.00
Success rate: 0.00%
---------------------------------
| eval/              |          |
|    mean_ep_length  | 200      |
|    mean_reward     | 160      |
|    success_rate    | 0        |
| time/              |          |
|    total_timesteps | 225000   |
| train/             |          |
|    actor_loss      | -80.1    |
|    critic_loss     | 0.0184   |
|    ent_coef        | 0.00477  |
|    ent_coef_loss   | -5       |
|    learning_rate   | 0.0003   |
|    n_updates       | 214999   |
---------------------------------
---------------------------------
| rollout/           |          |
|    ep_len_mean     | 200      |
|    ep_rew_mean     | 158      |
|    success_rate    | 0        |
| time/              |          |
|    episodes        | 1128     |
|    fps             | 133      |
|    time_elapsed    | 1696     |
|    total_timesteps | 225600   |
| train/             |          |
|    actor_loss      | -80.2    |
|    critic_loss     | 0.0228   |
|    ent_coef        | 0.00446  |
|    ent_coef_loss   | -2.18    |
|    learning_rate   | 0.0003   |
|    n_updates       | 215599   |
---------------------------------
---------------------------------
| rollout/           |          |
|    ep_len_mean     | 200      |
|    ep_rew_mean     | 158      |
|    success_rate    | 0        |
| time/              |          |
|    episodes        | 1132     |
|    fps             | 132      |
|    time_elapsed    | 1702     |
|    total_timesteps | 226400   |
| train/             |          |
|    actor_loss      | -80      |
|    critic_loss     | 0.0151   |
|    ent_coef        | 0.00437  |
|    ent_coef_loss   | 0.624    |
|    learning_rate   | 0.0003   |
|    n_updates       | 216399   |
---------------------------------
---------------------------------
| rollout/           |          |
|    ep_len_mean     | 200      |
|    ep_rew_mean     | 158      |
|    success_rate    | 0        |
| time/              |          |
|    episodes        | 1136     |
|    fps             | 132      |
|    time_elapsed    | 1708     |
|    total_timesteps | 227200   |
| train/             |          |
|    actor_loss      | -80.1    |
|    critic_loss     | 0.0212   |
|    ent_coef        | 0.00455  |
|    ent_coef_loss   | -2.46    |
|    learning_rate   | 0.0003   |
|    n_updates       | 217199   |
---------------------------------
---------------------------------
| rollout/           |          |
|    ep_len_mean     | 200      |
|    ep_rew_mean     | 158      |
|    success_rate    | 0        |
| time/              |          |
|    episodes        | 1140     |
|    fps             | 132      |
|    time_elapsed    | 1714     |
|    total_timesteps | 228000   |
| train/             |          |
|    actor_loss      | -80.1    |
|    critic_loss     | 0.0159   |
|    ent_coef        | 0.00504  |
|    ent_coef_loss   | -3.79    |
|    learning_rate   | 0.0003   |
|    n_updates       | 217999   |
---------------------------------
---------------------------------
| rollout/           |          |
|    ep_len_mean     | 200      |
|    ep_rew_mean     | 158      |
|    success_rate    | 0        |
| time/              |          |
|    episodes        | 1144     |
|    fps             | 132      |
|    time_elapsed    | 1721     |
|    total_timesteps | 228800   |
| train/             |          |
|    actor_loss      | -79.7    |
|    critic_loss     | 0.0223   |
|    ent_coef        | 0.00491  |
|    ent_coef_loss   | -0.604   |
|    learning_rate   | 0.0003   |
|    n_updates       | 218799   |
---------------------------------
---------------------------------
| rollout/           |          |
|    ep_len_mean     | 200      |
|    ep_rew_mean     | 158      |
|    success_rate    | 0        |
| time/              |          |
|    episodes        | 1148     |
|    fps             | 132      |
|    time_elapsed    | 1727     |
|    total_timesteps | 229600   |
| train/             |          |
|    actor_loss      | -80      |
|    critic_loss     | 0.0205   |
|    ent_coef        | 0.00448  |
|    ent_coef_loss   | -3.18    |
|    learning_rate   | 0.0003   |
|    n_updates       | 219599   |
---------------------------------
---------------------------------
| rollout/           |          |
|    ep_len_mean     | 200      |
|    ep_rew_mean     | 158      |
|    success_rate    | 0        |
| time/              |          |
|    episodes        | 1152     |
|    fps             | 132      |
|    time_elapsed    | 1733     |
|    total_timesteps | 230400   |
| train/             |          |
|    actor_loss      | -80      |
|    critic_loss     | 0.014    |
|    ent_coef        | 0.00487  |
|    ent_coef_loss   | -4.36    |
|    learning_rate   | 0.0003   |
|    n_updates       | 220399   |
---------------------------------
---------------------------------
| rollout/           |          |
|    ep_len_mean     | 200      |
|    ep_rew_mean     | 158      |
|    success_rate    | 0        |
| time/              |          |
|    episodes        | 1156     |
|    fps             | 132      |
|    time_elapsed    | 1739     |
|    total_timesteps | 231200   |
| train/             |          |
|    actor_loss      | -80      |
|    critic_loss     | 0.0136   |
|    ent_coef        | 0.0048   |
|    ent_coef_loss   | -1.01    |
|    learning_rate   | 0.0003   |
|    n_updates       | 221199   |
---------------------------------
---------------------------------
| rollout/           |          |
|    ep_len_mean     | 200      |
|    ep_rew_mean     | 158      |
|    success_rate    | 0        |
| time/              |          |
|    episodes        | 1160     |
|    fps             | 132      |
|    time_elapsed    | 1746     |
|    total_timesteps | 232000   |
| train/             |          |
|    actor_loss      | -79.9    |
|    critic_loss     | 0.0112   |
|    ent_coef        | 0.00494  |
|    ent_coef_loss   | -3.43    |
|    learning_rate   | 0.0003   |
|    n_updates       | 221999   |
---------------------------------
---------------------------------
| rollout/           |          |
|    ep_len_mean     | 200      |
|    ep_rew_mean     | 158      |
|    success_rate    | 0        |
| time/              |          |
|    episodes        | 1164     |
|    fps             | 132      |
|    time_elapsed    | 1752     |
|    total_timesteps | 232800   |
| train/             |          |
|    actor_loss      | -80      |
|    critic_loss     | 0.0177   |
|    ent_coef        | 0.00509  |
|    ent_coef_loss   | -1.54    |
|    learning_rate   | 0.0003   |
|    n_updates       | 222799   |
---------------------------------
---------------------------------
| rollout/           |          |
|    ep_len_mean     | 200      |
|    ep_rew_mean     | 158      |
|    success_rate    | 0        |
| time/              |          |
|    episodes        | 1168     |
|    fps             | 132      |
|    time_elapsed    | 1758     |
|    total_timesteps | 233600   |
| train/             |          |
|    actor_loss      | -79.9    |
|    critic_loss     | 0.0177   |
|    ent_coef        | 0.00472  |
|    ent_coef_loss   | 4.43     |
|    learning_rate   | 0.0003   |
|    n_updates       | 223599   |
---------------------------------
---------------------------------
| rollout/           |          |
|    ep_len_mean     | 200      |
|    ep_rew_mean     | 158      |
|    success_rate    | 0        |
| time/              |          |
|    episodes        | 1172     |
|    fps             | 132      |
|    time_elapsed    | 1765     |
|    total_timesteps | 234400   |
| train/             |          |
|    actor_loss      | -79.4    |
|    critic_loss     | 0.0236   |
|    ent_coef        | 0.00517  |
|    ent_coef_loss   | 0.589    |
|    learning_rate   | 0.0003   |
|    n_updates       | 224399   |
---------------------------------
---------------------------------
| rollout/           |          |
|    ep_len_mean     | 200      |
|    ep_rew_mean     | 158      |
|    success_rate    | 0        |
| time/              |          |
|    episodes        | 1176     |
|    fps             | 132      |
|    time_elapsed    | 1771     |
|    total_timesteps | 235200   |
| train/             |          |
|    actor_loss      | -79.9    |
|    critic_loss     | 0.0129   |
|    ent_coef        | 0.00479  |
|    ent_coef_loss   | -1.75    |
|    learning_rate   | 0.0003   |
|    n_updates       | 225199   |
---------------------------------
---------------------------------
| rollout/           |          |
|    ep_len_mean     | 200      |
|    ep_rew_mean     | 158      |
|    success_rate    | 0        |
| time/              |          |
|    episodes        | 1180     |
|    fps             | 132      |
|    time_elapsed    | 1777     |
|    total_timesteps | 236000   |
| train/             |          |
|    actor_loss      | -80      |
|    critic_loss     | 0.0177   |
|    ent_coef        | 0.00454  |
|    ent_coef_loss   | -1.38    |
|    learning_rate   | 0.0003   |
|    n_updates       | 225999   |
---------------------------------
---------------------------------
| rollout/           |          |
|    ep_len_mean     | 200      |
|    ep_rew_mean     | 158      |
|    success_rate    | 0        |
| time/              |          |
|    episodes        | 1184     |
|    fps             | 132      |
|    time_elapsed    | 1784     |
|    total_timesteps | 236800   |
| train/             |          |
|    actor_loss      | -79.5    |
|    critic_loss     | 0.0177   |
|    ent_coef        | 0.00447  |
|    ent_coef_loss   | 2.28     |
|    learning_rate   | 0.0003   |
|    n_updates       | 226799   |
---------------------------------
---------------------------------
| rollout/           |          |
|    ep_len_mean     | 200      |
|    ep_rew_mean     | 158      |
|    success_rate    | 0        |
| time/              |          |
|    episodes        | 1188     |
|    fps             | 132      |
|    time_elapsed    | 1790     |
|    total_timesteps | 237600   |
| train/             |          |
|    actor_loss      | -80      |
|    critic_loss     | 0.0189   |
|    ent_coef        | 0.00466  |
|    ent_coef_loss   | 2.52     |
|    learning_rate   | 0.0003   |
|    n_updates       | 227599   |
---------------------------------
---------------------------------
| rollout/           |          |
|    ep_len_mean     | 200      |
|    ep_rew_mean     | 158      |
|    success_rate    | 0        |
| time/              |          |
|    episodes        | 1192     |
|    fps             | 132      |
|    time_elapsed    | 1796     |
|    total_timesteps | 238400   |
| train/             |          |
|    actor_loss      | -80      |
|    critic_loss     | 0.0116   |
|    ent_coef        | 0.00426  |
|    ent_coef_loss   | -2.04    |
|    learning_rate   | 0.0003   |
|    n_updates       | 228399   |
---------------------------------
---------------------------------
| rollout/           |          |
|    ep_len_mean     | 200      |
|    ep_rew_mean     | 158      |
|    success_rate    | 0        |
| time/              |          |
|    episodes        | 1196     |
|    fps             | 132      |
|    time_elapsed    | 1803     |
|    total_timesteps | 239200   |
| train/             |          |
|    actor_loss      | -79.8    |
|    critic_loss     | 0.0273   |
|    ent_coef        | 0.00464  |
|    ent_coef_loss   | -0.829   |
|    learning_rate   | 0.0003   |
|    n_updates       | 229199   |
---------------------------------
---------------------------------
| rollout/           |          |
|    ep_len_mean     | 200      |
|    ep_rew_mean     | 158      |
|    success_rate    | 0        |
| time/              |          |
|    episodes        | 1200     |
|    fps             | 132      |
|    time_elapsed    | 1809     |
|    total_timesteps | 240000   |
| train/             |          |
|    actor_loss      | -80      |
|    critic_loss     | 0.0194   |
|    ent_coef        | 0.00431  |
|    ent_coef_loss   | 1.16     |
|    learning_rate   | 0.0003   |
|    n_updates       | 229999   |
---------------------------------
---------------------------------
| rollout/           |          |
|    ep_len_mean     | 200      |
|    ep_rew_mean     | 158      |
|    success_rate    | 0        |
| time/              |          |
|    episodes        | 1204     |
|    fps             | 132      |
|    time_elapsed    | 1815     |
|    total_timesteps | 240800   |
| train/             |          |
|    actor_loss      | -79.8    |
|    critic_loss     | 0.0206   |
|    ent_coef        | 0.00425  |
|    ent_coef_loss   | 1.93     |
|    learning_rate   | 0.0003   |
|    n_updates       | 230799   |
---------------------------------
---------------------------------
| rollout/           |          |
|    ep_len_mean     | 200      |
|    ep_rew_mean     | 158      |
|    success_rate    | 0        |
| time/              |          |
|    episodes        | 1208     |
|    fps             | 132      |
|    time_elapsed    | 1821     |
|    total_timesteps | 241600   |
| train/             |          |
|    actor_loss      | -80      |
|    critic_loss     | 0.0221   |
|    ent_coef        | 0.00453  |
|    ent_coef_loss   | -0.133   |
|    learning_rate   | 0.0003   |
|    n_updates       | 231599   |
---------------------------------
---------------------------------
| rollout/           |          |
|    ep_len_mean     | 200      |
|    ep_rew_mean     | 158      |
|    success_rate    | 0        |
| time/              |          |
|    episodes        | 1212     |
|    fps             | 132      |
|    time_elapsed    | 1828     |
|    total_timesteps | 242400   |
| train/             |          |
|    actor_loss      | -79.7    |
|    critic_loss     | 0.0172   |
|    ent_coef        | 0.00504  |
|    ent_coef_loss   | -0.801   |
|    learning_rate   | 0.0003   |
|    n_updates       | 232399   |
---------------------------------
---------------------------------
| rollout/           |          |
|    ep_len_mean     | 200      |
|    ep_rew_mean     | 158      |
|    success_rate    | 0        |
| time/              |          |
|    episodes        | 1216     |
|    fps             | 132      |
|    time_elapsed    | 1834     |
|    total_timesteps | 243200   |
| train/             |          |
|    actor_loss      | -79.8    |
|    critic_loss     | 0.0276   |
|    ent_coef        | 0.00508  |
|    ent_coef_loss   | 3.49     |
|    learning_rate   | 0.0003   |
|    n_updates       | 233199   |
---------------------------------
---------------------------------
| rollout/           |          |
|    ep_len_mean     | 200      |
|    ep_rew_mean     | 158      |
|    success_rate    | 0        |
| time/              |          |
|    episodes        | 1220     |
|    fps             | 132      |
|    time_elapsed    | 1840     |
|    total_timesteps | 244000   |
| train/             |          |
|    actor_loss      | -80      |
|    critic_loss     | 0.0167   |
|    ent_coef        | 0.00556  |
|    ent_coef_loss   | 0.166    |
|    learning_rate   | 0.0003   |
|    n_updates       | 233999   |
---------------------------------
---------------------------------
| rollout/           |          |
|    ep_len_mean     | 200      |
|    ep_rew_mean     | 158      |
|    success_rate    | 0        |
| time/              |          |
|    episodes        | 1224     |
|    fps             | 132      |
|    time_elapsed    | 1847     |
|    total_timesteps | 244800   |
| train/             |          |
|    actor_loss      | -80      |
|    critic_loss     | 0.0165   |
|    ent_coef        | 0.00501  |
|    ent_coef_loss   | -5.42    |
|    learning_rate   | 0.0003   |
|    n_updates       | 234799   |
---------------------------------
---------------------------------
| rollout/           |          |
|    ep_len_mean     | 200      |
|    ep_rew_mean     | 158      |
|    success_rate    | 0        |
| time/              |          |
|    episodes        | 1228     |
|    fps             | 132      |
|    time_elapsed    | 1854     |
|    total_timesteps | 245600   |
| train/             |          |
|    actor_loss      | -80      |
|    critic_loss     | 0.0186   |
|    ent_coef        | 0.00457  |
|    ent_coef_loss   | 0.692    |
|    learning_rate   | 0.0003   |
|    n_updates       | 235599   |
---------------------------------
---------------------------------
| rollout/           |          |
|    ep_len_mean     | 200      |
|    ep_rew_mean     | 158      |
|    success_rate    | 0        |
| time/              |          |
|    episodes        | 1232     |
|    fps             | 132      |
|    time_elapsed    | 1861     |
|    total_timesteps | 246400   |
| train/             |          |
|    actor_loss      | -79.9    |
|    critic_loss     | 0.0159   |
|    ent_coef        | 0.00453  |
|    ent_coef_loss   | 2.59     |
|    learning_rate   | 0.0003   |
|    n_updates       | 236399   |
---------------------------------
---------------------------------
| rollout/           |          |
|    ep_len_mean     | 200      |
|    ep_rew_mean     | 158      |
|    success_rate    | 0        |
| time/              |          |
|    episodes        | 1236     |
|    fps             | 132      |
|    time_elapsed    | 1868     |
|    total_timesteps | 247200   |
| train/             |          |
|    actor_loss      | -80      |
|    critic_loss     | 0.0162   |
|    ent_coef        | 0.0055   |
|    ent_coef_loss   | 3.7      |
|    learning_rate   | 0.0003   |
|    n_updates       | 237199   |
---------------------------------
---------------------------------
| rollout/           |          |
|    ep_len_mean     | 200      |
|    ep_rew_mean     | 158      |
|    success_rate    | 0        |
| time/              |          |
|    episodes        | 1240     |
|    fps             | 132      |
|    time_elapsed    | 1876     |
|    total_timesteps | 248000   |
| train/             |          |
|    actor_loss      | -80.1    |
|    critic_loss     | 0.0221   |
|    ent_coef        | 0.005    |
|    ent_coef_loss   | -1.38    |
|    learning_rate   | 0.0003   |
|    n_updates       | 237999   |
---------------------------------
---------------------------------
| rollout/           |          |
|    ep_len_mean     | 200      |
|    ep_rew_mean     | 158      |
|    success_rate    | 0        |
| time/              |          |
|    episodes        | 1244     |
|    fps             | 132      |
|    time_elapsed    | 1883     |
|    total_timesteps | 248800   |
| train/             |          |
|    actor_loss      | -80.2    |
|    critic_loss     | 0.0131   |
|    ent_coef        | 0.00534  |
|    ent_coef_loss   | -5.92    |
|    learning_rate   | 0.0003   |
|    n_updates       | 238799   |
---------------------------------
---------------------------------
| rollout/           |          |
|    ep_len_mean     | 200      |
|    ep_rew_mean     | 158      |
|    success_rate    | 0        |
| time/              |          |
|    episodes        | 1248     |
|    fps             | 132      |
|    time_elapsed    | 1890     |
|    total_timesteps | 249600   |
| train/             |          |
|    actor_loss      | -80      |
|    critic_loss     | 0.036    |
|    ent_coef        | 0.0055   |
|    ent_coef_loss   | 2.95     |
|    learning_rate   | 0.0003   |
|    n_updates       | 239599   |
---------------------------------
Eval num_timesteps=250000, episode_reward=159.25 +/- 0.00
Episode length: 200.00 +/- 0.00
Success rate: 0.00%
---------------------------------
| eval/              |          |
|    mean_ep_length  | 200      |
|    mean_reward     | 159      |
|    success_rate    | 0        |
| time/              |          |
|    total_timesteps | 250000   |
| train/             |          |
|    actor_loss      | -80.2    |
|    critic_loss     | 0.017    |
|    ent_coef        | 0.00578  |
|    ent_coef_loss   | -0.74    |
|    learning_rate   | 0.0003   |
|    n_updates       | 239999   |
---------------------------------
---------------------------------
| rollout/           |          |
|    ep_len_mean     | 200      |
|    ep_rew_mean     | 158      |
|    success_rate    | 0        |
| time/              |          |
|    episodes        | 1252     |
|    fps             | 131      |
|    time_elapsed    | 1899     |
|    total_timesteps | 250400   |
| train/             |          |
|    actor_loss      | -79.7    |
|    critic_loss     | 0.0332   |
|    ent_coef        | 0.00596  |
|    ent_coef_loss   | 1.64     |
|    learning_rate   | 0.0003   |
|    n_updates       | 240399   |
---------------------------------
---------------------------------
| rollout/           |          |
|    ep_len_mean     | 200      |
|    ep_rew_mean     | 159      |
|    success_rate    | 0        |
| time/              |          |
|    episodes        | 1256     |
|    fps             | 131      |
|    time_elapsed    | 1905     |
|    total_timesteps | 251200   |
| train/             |          |
|    actor_loss      | -80.1    |
|    critic_loss     | 0.0198   |
|    ent_coef        | 0.00548  |
|    ent_coef_loss   | -3.84    |
|    learning_rate   | 0.0003   |
|    n_updates       | 241199   |
---------------------------------
---------------------------------
| rollout/           |          |
|    ep_len_mean     | 200      |
|    ep_rew_mean     | 159      |
|    success_rate    | 0        |
| time/              |          |
|    episodes        | 1260     |
|    fps             | 131      |
|    time_elapsed    | 1912     |
|    total_timesteps | 252000   |
| train/             |          |
|    actor_loss      | -80.1    |
|    critic_loss     | 0.0132   |
|    ent_coef        | 0.0054   |
|    ent_coef_loss   | -1.46    |
|    learning_rate   | 0.0003   |
|    n_updates       | 241999   |
---------------------------------
---------------------------------
| rollout/           |          |
|    ep_len_mean     | 200      |
|    ep_rew_mean     | 159      |
|    success_rate    | 0        |
| time/              |          |
|    episodes        | 1264     |
|    fps             | 131      |
|    time_elapsed    | 1920     |
|    total_timesteps | 252800   |
| train/             |          |
|    actor_loss      | -80.1    |
|    critic_loss     | 0.0149   |
|    ent_coef        | 0.00529  |
|    ent_coef_loss   | 0.00941  |
|    learning_rate   | 0.0003   |
|    n_updates       | 242799   |
---------------------------------
---------------------------------
| rollout/           |          |
|    ep_len_mean     | 200      |
|    ep_rew_mean     | 159      |
|    success_rate    | 0        |
| time/              |          |
|    episodes        | 1268     |
|    fps             | 131      |
|    time_elapsed    | 1927     |
|    total_timesteps | 253600   |
| train/             |          |
|    actor_loss      | -80.1    |
|    critic_loss     | 0.0209   |
|    ent_coef        | 0.00578  |
|    ent_coef_loss   | 0.00401  |
|    learning_rate   | 0.0003   |
|    n_updates       | 243599   |
---------------------------------
---------------------------------
| rollout/           |          |
|    ep_len_mean     | 200      |
|    ep_rew_mean     | 159      |
|    success_rate    | 0        |
| time/              |          |
|    episodes        | 1272     |
|    fps             | 131      |
|    time_elapsed    | 1934     |
|    total_timesteps | 254400   |
| train/             |          |
|    actor_loss      | -80      |
|    critic_loss     | 0.0301   |
|    ent_coef        | 0.00533  |
|    ent_coef_loss   | -0.578   |
|    learning_rate   | 0.0003   |
|    n_updates       | 244399   |
---------------------------------
---------------------------------
| rollout/           |          |
|    ep_len_mean     | 200      |
|    ep_rew_mean     | 159      |
|    success_rate    | 0        |
| time/              |          |
|    episodes        | 1276     |
|    fps             | 131      |
|    time_elapsed    | 1942     |
|    total_timesteps | 255200   |
| train/             |          |
|    actor_loss      | -80      |
|    critic_loss     | 0.0202   |
|    ent_coef        | 0.00484  |
|    ent_coef_loss   | -2.9     |
|    learning_rate   | 0.0003   |
|    n_updates       | 245199   |
---------------------------------
---------------------------------
| rollout/           |          |
|    ep_len_mean     | 200      |
|    ep_rew_mean     | 159      |
|    success_rate    | 0        |
| time/              |          |
|    episodes        | 1280     |
|    fps             | 131      |
|    time_elapsed    | 1949     |
|    total_timesteps | 256000   |
| train/             |          |
|    actor_loss      | -80.2    |
|    critic_loss     | 0.0125   |
|    ent_coef        | 0.00513  |
|    ent_coef_loss   | 0.0665   |
|    learning_rate   | 0.0003   |
|    n_updates       | 245999   |
---------------------------------
---------------------------------
| rollout/           |          |
|    ep_len_mean     | 200      |
|    ep_rew_mean     | 159      |
|    success_rate    | 0        |
| time/              |          |
|    episodes        | 1284     |
|    fps             | 131      |
|    time_elapsed    | 1956     |
|    total_timesteps | 256800   |
| train/             |          |
|    actor_loss      | -79.9    |
|    critic_loss     | 0.0195   |
|    ent_coef        | 0.00513  |
|    ent_coef_loss   | -5.24    |
|    learning_rate   | 0.0003   |
|    n_updates       | 246799   |
---------------------------------
---------------------------------
| rollout/           |          |
|    ep_len_mean     | 200      |
|    ep_rew_mean     | 159      |
|    success_rate    | 0        |
| time/              |          |
|    episodes        | 1288     |
|    fps             | 131      |
|    time_elapsed    | 1963     |
|    total_timesteps | 257600   |
| train/             |          |
|    actor_loss      | -80.1    |
|    critic_loss     | 0.0227   |
|    ent_coef        | 0.00504  |
|    ent_coef_loss   | -1.71    |
|    learning_rate   | 0.0003   |
|    n_updates       | 247599   |
---------------------------------
---------------------------------
| rollout/           |          |
|    ep_len_mean     | 200      |
|    ep_rew_mean     | 159      |
|    success_rate    | 0        |
| time/              |          |
|    episodes        | 1292     |
|    fps             | 131      |
|    time_elapsed    | 1971     |
|    total_timesteps | 258400   |
| train/             |          |
|    actor_loss      | -79.9    |
|    critic_loss     | 0.0163   |
|    ent_coef        | 0.00464  |
|    ent_coef_loss   | 3.14     |
|    learning_rate   | 0.0003   |
|    n_updates       | 248399   |
---------------------------------
---------------------------------
| rollout/           |          |
|    ep_len_mean     | 200      |
|    ep_rew_mean     | 159      |
|    success_rate    | 0        |
| time/              |          |
|    episodes        | 1296     |
|    fps             | 131      |
|    time_elapsed    | 1978     |
|    total_timesteps | 259200   |
| train/             |          |
|    actor_loss      | -80.1    |
|    critic_loss     | 0.0194   |
|    ent_coef        | 0.00462  |
|    ent_coef_loss   | -0.0501  |
|    learning_rate   | 0.0003   |
|    n_updates       | 249199   |
---------------------------------
---------------------------------
| rollout/           |          |
|    ep_len_mean     | 200      |
|    ep_rew_mean     | 158      |
|    success_rate    | 0        |
| time/              |          |
|    episodes        | 1300     |
|    fps             | 130      |
|    time_elapsed    | 1985     |
|    total_timesteps | 260000   |
| train/             |          |
|    actor_loss      | -80.1    |
|    critic_loss     | 0.0183   |
|    ent_coef        | 0.00451  |
|    ent_coef_loss   | -1.31    |
|    learning_rate   | 0.0003   |
|    n_updates       | 249999   |
---------------------------------
---------------------------------
| rollout/           |          |
|    ep_len_mean     | 200      |
|    ep_rew_mean     | 158      |
|    success_rate    | 0        |
| time/              |          |
|    episodes        | 1304     |
|    fps             | 130      |
|    time_elapsed    | 1992     |
|    total_timesteps | 260800   |
| train/             |          |
|    actor_loss      | -80      |
|    critic_loss     | 0.0096   |
|    ent_coef        | 0.00424  |
|    ent_coef_loss   | -4.38    |
|    learning_rate   | 0.0003   |
|    n_updates       | 250799   |
---------------------------------
---------------------------------
| rollout/           |          |
|    ep_len_mean     | 200      |
|    ep_rew_mean     | 158      |
|    success_rate    | 0        |
| time/              |          |
|    episodes        | 1308     |
|    fps             | 130      |
|    time_elapsed    | 2000     |
|    total_timesteps | 261600   |
| train/             |          |
|    actor_loss      | -79.9    |
|    critic_loss     | 0.0204   |
|    ent_coef        | 0.00426  |
|    ent_coef_loss   | 2.54     |
|    learning_rate   | 0.0003   |
|    n_updates       | 251599   |
---------------------------------
---------------------------------
| rollout/           |          |
|    ep_len_mean     | 200      |
|    ep_rew_mean     | 158      |
|    success_rate    | 0        |
| time/              |          |
|    episodes        | 1312     |
|    fps             | 130      |
|    time_elapsed    | 2007     |
|    total_timesteps | 262400   |
| train/             |          |
|    actor_loss      | -80.1    |
|    critic_loss     | 0.0226   |
|    ent_coef        | 0.00431  |
|    ent_coef_loss   | 2.44     |
|    learning_rate   | 0.0003   |
|    n_updates       | 252399   |
---------------------------------
---------------------------------
| rollout/           |          |
|    ep_len_mean     | 200      |
|    ep_rew_mean     | 158      |
|    success_rate    | 0        |
| time/              |          |
|    episodes        | 1316     |
|    fps             | 130      |
|    time_elapsed    | 2014     |
|    total_timesteps | 263200   |
| train/             |          |
|    actor_loss      | -79.9    |
|    critic_loss     | 0.0208   |
|    ent_coef        | 0.00434  |
|    ent_coef_loss   | 2.88     |
|    learning_rate   | 0.0003   |
|    n_updates       | 253199   |
---------------------------------
---------------------------------
| rollout/           |          |
|    ep_len_mean     | 200      |
|    ep_rew_mean     | 158      |
|    success_rate    | 0        |
| time/              |          |
|    episodes        | 1320     |
|    fps             | 130      |
|    time_elapsed    | 2021     |
|    total_timesteps | 264000   |
| train/             |          |
|    actor_loss      | -79.9    |
|    critic_loss     | 0.0166   |
|    ent_coef        | 0.00441  |
|    ent_coef_loss   | 0.976    |
|    learning_rate   | 0.0003   |
|    n_updates       | 253999   |
---------------------------------
---------------------------------
| rollout/           |          |
|    ep_len_mean     | 200      |
|    ep_rew_mean     | 158      |
|    success_rate    | 0        |
| time/              |          |
|    episodes        | 1324     |
|    fps             | 130      |
|    time_elapsed    | 2029     |
|    total_timesteps | 264800   |
| train/             |          |
|    actor_loss      | -80.2    |
|    critic_loss     | 0.0119   |
|    ent_coef        | 0.00432  |
|    ent_coef_loss   | -0.416   |
|    learning_rate   | 0.0003   |
|    n_updates       | 254799   |
---------------------------------
---------------------------------
| rollout/           |          |
|    ep_len_mean     | 200      |
|    ep_rew_mean     | 158      |
|    success_rate    | 0        |
| time/              |          |
|    episodes        | 1328     |
|    fps             | 130      |
|    time_elapsed    | 2036     |
|    total_timesteps | 265600   |
| train/             |          |
|    actor_loss      | -80      |
|    critic_loss     | 0.0241   |
|    ent_coef        | 0.00435  |
|    ent_coef_loss   | 0.0665   |
|    learning_rate   | 0.0003   |
|    n_updates       | 255599   |
---------------------------------
---------------------------------
| rollout/           |          |
|    ep_len_mean     | 200      |
|    ep_rew_mean     | 158      |
|    success_rate    | 0        |
| time/              |          |
|    episodes        | 1332     |
|    fps             | 130      |
|    time_elapsed    | 2043     |
|    total_timesteps | 266400   |
| train/             |          |
|    actor_loss      | -79.8    |
|    critic_loss     | 0.0203   |
|    ent_coef        | 0.00444  |
|    ent_coef_loss   | -0.528   |
|    learning_rate   | 0.0003   |
|    n_updates       | 256399   |
---------------------------------
---------------------------------
| rollout/           |          |
|    ep_len_mean     | 200      |
|    ep_rew_mean     | 158      |
|    success_rate    | 0        |
| time/              |          |
|    episodes        | 1336     |
|    fps             | 130      |
|    time_elapsed    | 2050     |
|    total_timesteps | 267200   |
| train/             |          |
|    actor_loss      | -80.1    |
|    critic_loss     | 0.0248   |
|    ent_coef        | 0.00454  |
|    ent_coef_loss   | -5.27    |
|    learning_rate   | 0.0003   |
|    n_updates       | 257199   |
---------------------------------
---------------------------------
| rollout/           |          |
|    ep_len_mean     | 200      |
|    ep_rew_mean     | 158      |
|    success_rate    | 0        |
| time/              |          |
|    episodes        | 1340     |
|    fps             | 130      |
|    time_elapsed    | 2057     |
|    total_timesteps | 268000   |
| train/             |          |
|    actor_loss      | -80.1    |
|    critic_loss     | 0.0128   |
|    ent_coef        | 0.00417  |
|    ent_coef_loss   | 1.67     |
|    learning_rate   | 0.0003   |
|    n_updates       | 257999   |
---------------------------------
---------------------------------
| rollout/           |          |
|    ep_len_mean     | 200      |
|    ep_rew_mean     | 158      |
|    success_rate    | 0        |
| time/              |          |
|    episodes        | 1344     |
|    fps             | 130      |
|    time_elapsed    | 2065     |
|    total_timesteps | 268800   |
| train/             |          |
|    actor_loss      | -80.2    |
|    critic_loss     | 0.0138   |
|    ent_coef        | 0.00402  |
|    ent_coef_loss   | -1.79    |
|    learning_rate   | 0.0003   |
|    n_updates       | 258799   |
---------------------------------
---------------------------------
| rollout/           |          |
|    ep_len_mean     | 200      |
|    ep_rew_mean     | 158      |
|    success_rate    | 0        |
| time/              |          |
|    episodes        | 1348     |
|    fps             | 130      |
|    time_elapsed    | 2072     |
|    total_timesteps | 269600   |
| train/             |          |
|    actor_loss      | -79.9    |
|    critic_loss     | 0.0197   |
|    ent_coef        | 0.00392  |
|    ent_coef_loss   | 4.48     |
|    learning_rate   | 0.0003   |
|    n_updates       | 259599   |
---------------------------------
---------------------------------
| rollout/           |          |
|    ep_len_mean     | 200      |
|    ep_rew_mean     | 158      |
|    success_rate    | 0        |
| time/              |          |
|    episodes        | 1352     |
|    fps             | 130      |
|    time_elapsed    | 2079     |
|    total_timesteps | 270400   |
| train/             |          |
|    actor_loss      | -80      |
|    critic_loss     | 0.0167   |
|    ent_coef        | 0.00375  |
|    ent_coef_loss   | 1.33     |
|    learning_rate   | 0.0003   |
|    n_updates       | 260399   |
---------------------------------
---------------------------------
| rollout/           |          |
|    ep_len_mean     | 200      |
|    ep_rew_mean     | 158      |
|    success_rate    | 0        |
| time/              |          |
|    episodes        | 1356     |
|    fps             | 129      |
|    time_elapsed    | 2086     |
|    total_timesteps | 271200   |
| train/             |          |
|    actor_loss      | -80.3    |
|    critic_loss     | 0.0149   |
|    ent_coef        | 0.00377  |
|    ent_coef_loss   | 0.713    |
|    learning_rate   | 0.0003   |
|    n_updates       | 261199   |
---------------------------------
---------------------------------
| rollout/           |          |
|    ep_len_mean     | 200      |
|    ep_rew_mean     | 158      |
|    success_rate    | 0        |
| time/              |          |
|    episodes        | 1360     |
|    fps             | 129      |
|    time_elapsed    | 2094     |
|    total_timesteps | 272000   |
| train/             |          |
|    actor_loss      | -80.4    |
|    critic_loss     | 0.0127   |
|    ent_coef        | 0.004    |
|    ent_coef_loss   | -2.98    |
|    learning_rate   | 0.0003   |
|    n_updates       | 261999   |
---------------------------------
---------------------------------
| rollout/           |          |
|    ep_len_mean     | 200      |
|    ep_rew_mean     | 158      |
|    success_rate    | 0        |
| time/              |          |
|    episodes        | 1364     |
|    fps             | 129      |
|    time_elapsed    | 2101     |
|    total_timesteps | 272800   |
| train/             |          |
|    actor_loss      | -79.8    |
|    critic_loss     | 0.0131   |
|    ent_coef        | 0.00381  |
|    ent_coef_loss   | 1.87     |
|    learning_rate   | 0.0003   |
|    n_updates       | 262799   |
---------------------------------
---------------------------------
| rollout/           |          |
|    ep_len_mean     | 200      |
|    ep_rew_mean     | 158      |
|    success_rate    | 0        |
| time/              |          |
|    episodes        | 1368     |
|    fps             | 129      |
|    time_elapsed    | 2108     |
|    total_timesteps | 273600   |
| train/             |          |
|    actor_loss      | -79.9    |
|    critic_loss     | 0.0167   |
|    ent_coef        | 0.0038   |
|    ent_coef_loss   | 1.53     |
|    learning_rate   | 0.0003   |
|    n_updates       | 263599   |
---------------------------------
---------------------------------
| rollout/           |          |
|    ep_len_mean     | 200      |
|    ep_rew_mean     | 158      |
|    success_rate    | 0        |
| time/              |          |
|    episodes        | 1372     |
|    fps             | 129      |
|    time_elapsed    | 2115     |
|    total_timesteps | 274400   |
| train/             |          |
|    actor_loss      | -80.2    |
|    critic_loss     | 0.0107   |
|    ent_coef        | 0.00373  |
|    ent_coef_loss   | 0.295    |
|    learning_rate   | 0.0003   |
|    n_updates       | 264399   |
---------------------------------
Eval num_timesteps=275000, episode_reward=159.56 +/- 0.00
Episode length: 200.00 +/- 0.00
Success rate: 0.00%
---------------------------------
| eval/              |          |
|    mean_ep_length  | 200      |
|    mean_reward     | 160      |
|    success_rate    | 0        |
| time/              |          |
|    total_timesteps | 275000   |
| train/             |          |
|    actor_loss      | -79.9    |
|    critic_loss     | 0.0109   |
|    ent_coef        | 0.00365  |
|    ent_coef_loss   | 5        |
|    learning_rate   | 0.0003   |
|    n_updates       | 264999   |
---------------------------------
---------------------------------
| rollout/           |          |
|    ep_len_mean     | 200      |
|    ep_rew_mean     | 158      |
|    success_rate    | 0        |
| time/              |          |
|    episodes        | 1376     |
|    fps             | 129      |
|    time_elapsed    | 2124     |
|    total_timesteps | 275200   |
| train/             |          |
|    actor_loss      | -80.1    |
|    critic_loss     | 0.017    |
|    ent_coef        | 0.00374  |
|    ent_coef_loss   | -2.9     |
|    learning_rate   | 0.0003   |
|    n_updates       | 265199   |
---------------------------------
---------------------------------
| rollout/           |          |
|    ep_len_mean     | 200      |
|    ep_rew_mean     | 158      |
|    success_rate    | 0        |
| time/              |          |
|    episodes        | 1380     |
|    fps             | 129      |
|    time_elapsed    | 2132     |
|    total_timesteps | 276000   |
| train/             |          |
|    actor_loss      | -79.7    |
|    critic_loss     | 0.0187   |
|    ent_coef        | 0.00363  |
|    ent_coef_loss   | 3.58     |
|    learning_rate   | 0.0003   |
|    n_updates       | 265999   |
---------------------------------
---------------------------------
| rollout/           |          |
|    ep_len_mean     | 200      |
|    ep_rew_mean     | 158      |
|    success_rate    | 0        |
| time/              |          |
|    episodes        | 1384     |
|    fps             | 129      |
|    time_elapsed    | 2139     |
|    total_timesteps | 276800   |
| train/             |          |
|    actor_loss      | -79.9    |
|    critic_loss     | 0.0169   |
|    ent_coef        | 0.0038   |
|    ent_coef_loss   | -0.186   |
|    learning_rate   | 0.0003   |
|    n_updates       | 266799   |
---------------------------------
---------------------------------
| rollout/           |          |
|    ep_len_mean     | 200      |
|    ep_rew_mean     | 158      |
|    success_rate    | 0        |
| time/              |          |
|    episodes        | 1388     |
|    fps             | 129      |
|    time_elapsed    | 2146     |
|    total_timesteps | 277600   |
| train/             |          |
|    actor_loss      | -79.9    |
|    critic_loss     | 0.0281   |
|    ent_coef        | 0.00355  |
|    ent_coef_loss   | 2.67     |
|    learning_rate   | 0.0003   |
|    n_updates       | 267599   |
---------------------------------
---------------------------------
| rollout/           |          |
|    ep_len_mean     | 200      |
|    ep_rew_mean     | 158      |
|    success_rate    | 0        |
| time/              |          |
|    episodes        | 1392     |
|    fps             | 129      |
|    time_elapsed    | 2153     |
|    total_timesteps | 278400   |
| train/             |          |
|    actor_loss      | -80.1    |
|    critic_loss     | 0.00921  |
|    ent_coef        | 0.00334  |
|    ent_coef_loss   | -7.19    |
|    learning_rate   | 0.0003   |
|    n_updates       | 268399   |
---------------------------------
---------------------------------
| rollout/           |          |
|    ep_len_mean     | 200      |
|    ep_rew_mean     | 158      |
|    success_rate    | 0        |
| time/              |          |
|    episodes        | 1396     |
|    fps             | 129      |
|    time_elapsed    | 2161     |
|    total_timesteps | 279200   |
| train/             |          |
|    actor_loss      | -80.2    |
|    critic_loss     | 0.00682  |
|    ent_coef        | 0.00321  |
|    ent_coef_loss   | -0.994   |
|    learning_rate   | 0.0003   |
|    n_updates       | 269199   |
---------------------------------
---------------------------------
| rollout/           |          |
|    ep_len_mean     | 200      |
|    ep_rew_mean     | 158      |
|    success_rate    | 0        |
| time/              |          |
|    episodes        | 1400     |
|    fps             | 129      |
|    time_elapsed    | 2168     |
|    total_timesteps | 280000   |
| train/             |          |
|    actor_loss      | -80.1    |
|    critic_loss     | 0.0208   |
|    ent_coef        | 0.0033   |
|    ent_coef_loss   | -2.73    |
|    learning_rate   | 0.0003   |
|    n_updates       | 269999   |
---------------------------------
---------------------------------
| rollout/           |          |
|    ep_len_mean     | 200      |
|    ep_rew_mean     | 158      |
|    success_rate    | 0        |
| time/              |          |
|    episodes        | 1404     |
|    fps             | 129      |
|    time_elapsed    | 2175     |
|    total_timesteps | 280800   |
| train/             |          |
|    actor_loss      | -79.7    |
|    critic_loss     | 0.0264   |
|    ent_coef        | 0.00334  |
|    ent_coef_loss   | 0.865    |
|    learning_rate   | 0.0003   |
|    n_updates       | 270799   |
---------------------------------
---------------------------------
| rollout/           |          |
|    ep_len_mean     | 200      |
|    ep_rew_mean     | 158      |
|    success_rate    | 0        |
| time/              |          |
|    episodes        | 1408     |
|    fps             | 128      |
|    time_elapsed    | 2183     |
|    total_timesteps | 281600   |
| train/             |          |
|    actor_loss      | -80.1    |
|    critic_loss     | 0.0168   |
|    ent_coef        | 0.00377  |
|    ent_coef_loss   | 10.5     |
|    learning_rate   | 0.0003   |
|    n_updates       | 271599   |
---------------------------------
---------------------------------
| rollout/           |          |
|    ep_len_mean     | 200      |
|    ep_rew_mean     | 158      |
|    success_rate    | 0        |
| time/              |          |
|    episodes        | 1412     |
|    fps             | 128      |
|    time_elapsed    | 2190     |
|    total_timesteps | 282400   |
| train/             |          |
|    actor_loss      | -80      |
|    critic_loss     | 0.0156   |
|    ent_coef        | 0.00362  |
|    ent_coef_loss   | 2.13     |
|    learning_rate   | 0.0003   |
|    n_updates       | 272399   |
---------------------------------
---------------------------------
| rollout/           |          |
|    ep_len_mean     | 200      |
|    ep_rew_mean     | 158      |
|    success_rate    | 0        |
| time/              |          |
|    episodes        | 1416     |
|    fps             | 128      |
|    time_elapsed    | 2197     |
|    total_timesteps | 283200   |
| train/             |          |
|    actor_loss      | -80.1    |
|    critic_loss     | 0.0104   |
|    ent_coef        | 0.00352  |
|    ent_coef_loss   | -2.32    |
|    learning_rate   | 0.0003   |
|    n_updates       | 273199   |
---------------------------------
---------------------------------
| rollout/           |          |
|    ep_len_mean     | 200      |
|    ep_rew_mean     | 158      |
|    success_rate    | 0        |
| time/              |          |
|    episodes        | 1420     |
|    fps             | 128      |
|    time_elapsed    | 2204     |
|    total_timesteps | 284000   |
| train/             |          |
|    actor_loss      | -80      |
|    critic_loss     | 0.0168   |
|    ent_coef        | 0.00381  |
|    ent_coef_loss   | 7.34     |
|    learning_rate   | 0.0003   |
|    n_updates       | 273999   |
---------------------------------
---------------------------------
| rollout/           |          |
|    ep_len_mean     | 200      |
|    ep_rew_mean     | 158      |
|    success_rate    | 0        |
| time/              |          |
|    episodes        | 1424     |
|    fps             | 128      |
|    time_elapsed    | 2212     |
|    total_timesteps | 284800   |
| train/             |          |
|    actor_loss      | -80.2    |
|    critic_loss     | 0.0136   |
|    ent_coef        | 0.0036   |
|    ent_coef_loss   | -1.7     |
|    learning_rate   | 0.0003   |
|    n_updates       | 274799   |
---------------------------------
---------------------------------
| rollout/           |          |
|    ep_len_mean     | 200      |
|    ep_rew_mean     | 158      |
|    success_rate    | 0        |
| time/              |          |
|    episodes        | 1428     |
|    fps             | 128      |
|    time_elapsed    | 2219     |
|    total_timesteps | 285600   |
| train/             |          |
|    actor_loss      | -80.1    |
|    critic_loss     | 0.022    |
|    ent_coef        | 0.00351  |
|    ent_coef_loss   | 1.11     |
|    learning_rate   | 0.0003   |
|    n_updates       | 275599   |
---------------------------------
---------------------------------
| rollout/           |          |
|    ep_len_mean     | 200      |
|    ep_rew_mean     | 158      |
|    success_rate    | 0        |
| time/              |          |
|    episodes        | 1432     |
|    fps             | 128      |
|    time_elapsed    | 2227     |
|    total_timesteps | 286400   |
| train/             |          |
|    actor_loss      | -79.9    |
|    critic_loss     | 0.0255   |
|    ent_coef        | 0.0036   |
|    ent_coef_loss   | 2        |
|    learning_rate   | 0.0003   |
|    n_updates       | 276399   |
---------------------------------
---------------------------------
| rollout/           |          |
|    ep_len_mean     | 200      |
|    ep_rew_mean     | 158      |
|    success_rate    | 0        |
| time/              |          |
|    episodes        | 1436     |
|    fps             | 128      |
|    time_elapsed    | 2234     |
|    total_timesteps | 287200   |
| train/             |          |
|    actor_loss      | -80      |
|    critic_loss     | 0.0131   |
|    ent_coef        | 0.00368  |
|    ent_coef_loss   | -0.983   |
|    learning_rate   | 0.0003   |
|    n_updates       | 277199   |
---------------------------------
---------------------------------
| rollout/           |          |
|    ep_len_mean     | 200      |
|    ep_rew_mean     | 158      |
|    success_rate    | 0        |
| time/              |          |
|    episodes        | 1440     |
|    fps             | 128      |
|    time_elapsed    | 2241     |
|    total_timesteps | 288000   |
| train/             |          |
|    actor_loss      | -80.1    |
|    critic_loss     | 0.0161   |
|    ent_coef        | 0.00354  |
|    ent_coef_loss   | 1.73     |
|    learning_rate   | 0.0003   |
|    n_updates       | 277999   |
---------------------------------
---------------------------------
| rollout/           |          |
|    ep_len_mean     | 200      |
|    ep_rew_mean     | 158      |
|    success_rate    | 0        |
| time/              |          |
|    episodes        | 1444     |
|    fps             | 128      |
|    time_elapsed    | 2249     |
|    total_timesteps | 288800   |
| train/             |          |
|    actor_loss      | -80.5    |
|    critic_loss     | 0.0128   |
|    ent_coef        | 0.00404  |
|    ent_coef_loss   | -7.2     |
|    learning_rate   | 0.0003   |
|    n_updates       | 278799   |
---------------------------------
---------------------------------
| rollout/           |          |
|    ep_len_mean     | 200      |
|    ep_rew_mean     | 158      |
|    success_rate    | 0        |
| time/              |          |
|    episodes        | 1448     |
|    fps             | 128      |
|    time_elapsed    | 2256     |
|    total_timesteps | 289600   |
| train/             |          |
|    actor_loss      | -79.7    |
|    critic_loss     | 0.0168   |
|    ent_coef        | 0.00416  |
|    ent_coef_loss   | 2.02     |
|    learning_rate   | 0.0003   |
|    n_updates       | 279599   |
---------------------------------
---------------------------------
| rollout/           |          |
|    ep_len_mean     | 200      |
|    ep_rew_mean     | 158      |
|    success_rate    | 0        |
| time/              |          |
|    episodes        | 1452     |
|    fps             | 128      |
|    time_elapsed    | 2263     |
|    total_timesteps | 290400   |
| train/             |          |
|    actor_loss      | -80      |
|    critic_loss     | 0.0201   |
|    ent_coef        | 0.00436  |
|    ent_coef_loss   | 0.388    |
|    learning_rate   | 0.0003   |
|    n_updates       | 280399   |
---------------------------------
---------------------------------
| rollout/           |          |
|    ep_len_mean     | 200      |
|    ep_rew_mean     | 158      |
|    success_rate    | 0        |
| time/              |          |
|    episodes        | 1456     |
|    fps             | 128      |
|    time_elapsed    | 2271     |
|    total_timesteps | 291200   |
| train/             |          |
|    actor_loss      | -80.2    |
|    critic_loss     | 0.0106   |
|    ent_coef        | 0.00426  |
|    ent_coef_loss   | -1.61    |
|    learning_rate   | 0.0003   |
|    n_updates       | 281199   |
---------------------------------
---------------------------------
| rollout/           |          |
|    ep_len_mean     | 200      |
|    ep_rew_mean     | 158      |
|    success_rate    | 0        |
| time/              |          |
|    episodes        | 1460     |
|    fps             | 128      |
|    time_elapsed    | 2278     |
|    total_timesteps | 292000   |
| train/             |          |
|    actor_loss      | -79.9    |
|    critic_loss     | 0.0273   |
|    ent_coef        | 0.00419  |
|    ent_coef_loss   | 0.847    |
|    learning_rate   | 0.0003   |
|    n_updates       | 281999   |
---------------------------------
---------------------------------
| rollout/           |          |
|    ep_len_mean     | 200      |
|    ep_rew_mean     | 158      |
|    success_rate    | 0        |
| time/              |          |
|    episodes        | 1464     |
|    fps             | 128      |
|    time_elapsed    | 2285     |
|    total_timesteps | 292800   |
| train/             |          |
|    actor_loss      | -79.9    |
|    critic_loss     | 0.0211   |
|    ent_coef        | 0.00362  |
|    ent_coef_loss   | 0.559    |
|    learning_rate   | 0.0003   |
|    n_updates       | 282799   |
---------------------------------
---------------------------------
| rollout/           |          |
|    ep_len_mean     | 200      |
|    ep_rew_mean     | 158      |
|    success_rate    | 0        |
| time/              |          |
|    episodes        | 1468     |
|    fps             | 128      |
|    time_elapsed    | 2293     |
|    total_timesteps | 293600   |
| train/             |          |
|    actor_loss      | -80.3    |
|    critic_loss     | 0.0115   |
|    ent_coef        | 0.00357  |
|    ent_coef_loss   | -1.61    |
|    learning_rate   | 0.0003   |
|    n_updates       | 283599   |
---------------------------------
---------------------------------
| rollout/           |          |
|    ep_len_mean     | 200      |
|    ep_rew_mean     | 158      |
|    success_rate    | 0        |
| time/              |          |
|    episodes        | 1472     |
|    fps             | 127      |
|    time_elapsed    | 2300     |
|    total_timesteps | 294400   |
| train/             |          |
|    actor_loss      | -80.1    |
|    critic_loss     | 0.0158   |
|    ent_coef        | 0.00357  |
|    ent_coef_loss   | -1.2     |
|    learning_rate   | 0.0003   |
|    n_updates       | 284399   |
---------------------------------
---------------------------------
| rollout/           |          |
|    ep_len_mean     | 200      |
|    ep_rew_mean     | 158      |
|    success_rate    | 0        |
| time/              |          |
|    episodes        | 1476     |
|    fps             | 127      |
|    time_elapsed    | 2307     |
|    total_timesteps | 295200   |
| train/             |          |
|    actor_loss      | -79.9    |
|    critic_loss     | 0.0251   |
|    ent_coef        | 0.00369  |
|    ent_coef_loss   | -5.78    |
|    learning_rate   | 0.0003   |
|    n_updates       | 285199   |
---------------------------------
---------------------------------
| rollout/           |          |
|    ep_len_mean     | 200      |
|    ep_rew_mean     | 158      |
|    success_rate    | 0        |
| time/              |          |
|    episodes        | 1480     |
|    fps             | 127      |
|    time_elapsed    | 2315     |
|    total_timesteps | 296000   |
| train/             |          |
|    actor_loss      | -80      |
|    critic_loss     | 0.0169   |
|    ent_coef        | 0.00357  |
|    ent_coef_loss   | 10.9     |
|    learning_rate   | 0.0003   |
|    n_updates       | 285999   |
---------------------------------
---------------------------------
| rollout/           |          |
|    ep_len_mean     | 200      |
|    ep_rew_mean     | 158      |
|    success_rate    | 0        |
| time/              |          |
|    episodes        | 1484     |
|    fps             | 127      |
|    time_elapsed    | 2322     |
|    total_timesteps | 296800   |
| train/             |          |
|    actor_loss      | -80.1    |
|    critic_loss     | 0.0243   |
|    ent_coef        | 0.00363  |
|    ent_coef_loss   | 4.66     |
|    learning_rate   | 0.0003   |
|    n_updates       | 286799   |
---------------------------------
---------------------------------
| rollout/           |          |
|    ep_len_mean     | 200      |
|    ep_rew_mean     | 158      |
|    success_rate    | 0        |
| time/              |          |
|    episodes        | 1488     |
|    fps             | 127      |
|    time_elapsed    | 2330     |
|    total_timesteps | 297600   |
| train/             |          |
|    actor_loss      | -80      |
|    critic_loss     | 0.00957  |
|    ent_coef        | 0.00344  |
|    ent_coef_loss   | 4.47     |
|    learning_rate   | 0.0003   |
|    n_updates       | 287599   |
---------------------------------
---------------------------------
| rollout/           |          |
|    ep_len_mean     | 200      |
|    ep_rew_mean     | 158      |
|    success_rate    | 0        |
| time/              |          |
|    episodes        | 1492     |
|    fps             | 127      |
|    time_elapsed    | 2337     |
|    total_timesteps | 298400   |
| train/             |          |
|    actor_loss      | -80.1    |
|    critic_loss     | 0.0133   |
|    ent_coef        | 0.00317  |
|    ent_coef_loss   | 6.49     |
|    learning_rate   | 0.0003   |
|    n_updates       | 288399   |
---------------------------------
---------------------------------
| rollout/           |          |
|    ep_len_mean     | 200      |
|    ep_rew_mean     | 158      |
|    success_rate    | 0        |
| time/              |          |
|    episodes        | 1496     |
|    fps             | 127      |
|    time_elapsed    | 2344     |
|    total_timesteps | 299200   |
| train/             |          |
|    actor_loss      | -80.1    |
|    critic_loss     | 0.0205   |
|    ent_coef        | 0.00359  |
|    ent_coef_loss   | 1.53     |
|    learning_rate   | 0.0003   |
|    n_updates       | 289199   |
---------------------------------
Eval num_timesteps=300000, episode_reward=157.36 +/- 0.00
Episode length: 200.00 +/- 0.00
Success rate: 0.00%
---------------------------------
| eval/              |          |
|    mean_ep_length  | 200      |
|    mean_reward     | 157      |
|    success_rate    | 0        |
| time/              |          |
|    total_timesteps | 300000   |
| train/             |          |
|    actor_loss      | -80      |
|    critic_loss     | 0.0226   |
|    ent_coef        | 0.00356  |
|    ent_coef_loss   | -0.545   |
|    learning_rate   | 0.0003   |
|    n_updates       | 289999   |
---------------------------------
---------------------------------
| rollout/           |          |
|    ep_len_mean     | 200      |
|    ep_rew_mean     | 158      |
|    success_rate    | 0        |
| time/              |          |
|    episodes        | 1500     |
|    fps             | 127      |
|    time_elapsed    | 2353     |
|    total_timesteps | 300000   |
---------------------------------
---------------------------------
| rollout/           |          |
|    ep_len_mean     | 200      |
|    ep_rew_mean     | 158      |
|    success_rate    | 0        |
| time/              |          |
|    episodes        | 1504     |
|    fps             | 127      |
|    time_elapsed    | 2361     |
|    total_timesteps | 300800   |
| train/             |          |
|    actor_loss      | -80.3    |
|    critic_loss     | 0.0168   |
|    ent_coef        | 0.00296  |
|    ent_coef_loss   | 0.774    |
|    learning_rate   | 0.0003   |
|    n_updates       | 290799   |
---------------------------------
---------------------------------
| rollout/           |          |
|    ep_len_mean     | 200      |
|    ep_rew_mean     | 158      |
|    success_rate    | 0        |
| time/              |          |
|    episodes        | 1508     |
|    fps             | 127      |
|    time_elapsed    | 2368     |
|    total_timesteps | 301600   |
| train/             |          |
|    actor_loss      | -80.1    |
|    critic_loss     | 0.0183   |
|    ent_coef        | 0.00323  |
|    ent_coef_loss   | -6.46    |
|    learning_rate   | 0.0003   |
|    n_updates       | 291599   |
---------------------------------
---------------------------------
| rollout/           |          |
|    ep_len_mean     | 200      |
|    ep_rew_mean     | 158      |
|    success_rate    | 0        |
| time/              |          |
|    episodes        | 1512     |
|    fps             | 127      |
|    time_elapsed    | 2376     |
|    total_timesteps | 302400   |
| train/             |          |
|    actor_loss      | -79.9    |
|    critic_loss     | 0.0198   |
|    ent_coef        | 0.00376  |
|    ent_coef_loss   | 7.02     |
|    learning_rate   | 0.0003   |
|    n_updates       | 292399   |
---------------------------------
---------------------------------
| rollout/           |          |
|    ep_len_mean     | 200      |
|    ep_rew_mean     | 158      |
|    success_rate    | 0        |
| time/              |          |
|    episodes        | 1516     |
|    fps             | 127      |
|    time_elapsed    | 2383     |
|    total_timesteps | 303200   |
| train/             |          |
|    actor_loss      | -80.1    |
|    critic_loss     | 0.0239   |
|    ent_coef        | 0.0035   |
|    ent_coef_loss   | -0.888   |
|    learning_rate   | 0.0003   |
|    n_updates       | 293199   |
---------------------------------
---------------------------------
| rollout/           |          |
|    ep_len_mean     | 200      |
|    ep_rew_mean     | 158      |
|    success_rate    | 0        |
| time/              |          |
|    episodes        | 1520     |
|    fps             | 127      |
|    time_elapsed    | 2390     |
|    total_timesteps | 304000   |
| train/             |          |
|    actor_loss      | -80      |
|    critic_loss     | 0.0125   |
|    ent_coef        | 0.00337  |
|    ent_coef_loss   | -2.2     |
|    learning_rate   | 0.0003   |
|    n_updates       | 293999   |
---------------------------------
---------------------------------
| rollout/           |          |
|    ep_len_mean     | 200      |
|    ep_rew_mean     | 158      |
|    success_rate    | 0        |
| time/              |          |
|    episodes        | 1524     |
|    fps             | 127      |
|    time_elapsed    | 2398     |
|    total_timesteps | 304800   |
| train/             |          |
|    actor_loss      | -80.2    |
|    critic_loss     | 0.013    |
|    ent_coef        | 0.00315  |
|    ent_coef_loss   | -1.6     |
|    learning_rate   | 0.0003   |
|    n_updates       | 294799   |
---------------------------------
---------------------------------
| rollout/           |          |
|    ep_len_mean     | 200      |
|    ep_rew_mean     | 158      |
|    success_rate    | 0        |
| time/              |          |
|    episodes        | 1528     |
|    fps             | 127      |
|    time_elapsed    | 2405     |
|    total_timesteps | 305600   |
| train/             |          |
|    actor_loss      | -80.3    |
|    critic_loss     | 0.0149   |
|    ent_coef        | 0.00335  |
|    ent_coef_loss   | -3.62    |
|    learning_rate   | 0.0003   |
|    n_updates       | 295599   |
---------------------------------
---------------------------------
| rollout/           |          |
|    ep_len_mean     | 200      |
|    ep_rew_mean     | 158      |
|    success_rate    | 0        |
| time/              |          |
|    episodes        | 1532     |
|    fps             | 126      |
|    time_elapsed    | 2413     |
|    total_timesteps | 306400   |
| train/             |          |
|    actor_loss      | -80.4    |
|    critic_loss     | 0.0358   |
|    ent_coef        | 0.00374  |
|    ent_coef_loss   | -4.74    |
|    learning_rate   | 0.0003   |
|    n_updates       | 296399   |
---------------------------------
---------------------------------
| rollout/           |          |
|    ep_len_mean     | 200      |
|    ep_rew_mean     | 158      |
|    success_rate    | 0        |
| time/              |          |
|    episodes        | 1536     |
|    fps             | 126      |
|    time_elapsed    | 2420     |
|    total_timesteps | 307200   |
| train/             |          |
|    actor_loss      | -80.1    |
|    critic_loss     | 0.019    |
|    ent_coef        | 0.00346  |
|    ent_coef_loss   | 3.43     |
|    learning_rate   | 0.0003   |
|    n_updates       | 297199   |
---------------------------------
---------------------------------
| rollout/           |          |
|    ep_len_mean     | 200      |
|    ep_rew_mean     | 158      |
|    success_rate    | 0        |
| time/              |          |
|    episodes        | 1540     |
|    fps             | 126      |
|    time_elapsed    | 2427     |
|    total_timesteps | 308000   |
| train/             |          |
|    actor_loss      | -80.2    |
|    critic_loss     | 0.0115   |
|    ent_coef        | 0.00341  |
|    ent_coef_loss   | 0.353    |
|    learning_rate   | 0.0003   |
|    n_updates       | 297999   |
---------------------------------
---------------------------------
| rollout/           |          |
|    ep_len_mean     | 200      |
|    ep_rew_mean     | 158      |
|    success_rate    | 0        |
| time/              |          |
|    episodes        | 1544     |
|    fps             | 126      |
|    time_elapsed    | 2435     |
|    total_timesteps | 308800   |
| train/             |          |
|    actor_loss      | -80.1    |
|    critic_loss     | 0.0159   |
|    ent_coef        | 0.00345  |
|    ent_coef_loss   | -1.15    |
|    learning_rate   | 0.0003   |
|    n_updates       | 298799   |
---------------------------------
---------------------------------
| rollout/           |          |
|    ep_len_mean     | 200      |
|    ep_rew_mean     | 158      |
|    success_rate    | 0        |
| time/              |          |
|    episodes        | 1548     |
|    fps             | 126      |
|    time_elapsed    | 2442     |
|    total_timesteps | 309600   |
| train/             |          |
|    actor_loss      | -80.1    |
|    critic_loss     | 0.03     |
|    ent_coef        | 0.00309  |
|    ent_coef_loss   | -3.17    |
|    learning_rate   | 0.0003   |
|    n_updates       | 299599   |
---------------------------------
---------------------------------
| rollout/           |          |
|    ep_len_mean     | 200      |
|    ep_rew_mean     | 158      |
|    success_rate    | 0        |
| time/              |          |
|    episodes        | 1552     |
|    fps             | 126      |
|    time_elapsed    | 2449     |
|    total_timesteps | 310400   |
| train/             |          |
|    actor_loss      | -80      |
|    critic_loss     | 0.0126   |
|    ent_coef        | 0.0031   |
|    ent_coef_loss   | -0.694   |
|    learning_rate   | 0.0003   |
|    n_updates       | 300399   |
---------------------------------
---------------------------------
| rollout/           |          |
|    ep_len_mean     | 200      |
|    ep_rew_mean     | 158      |
|    success_rate    | 0        |
| time/              |          |
|    episodes        | 1556     |
|    fps             | 126      |
|    time_elapsed    | 2457     |
|    total_timesteps | 311200   |
| train/             |          |
|    actor_loss      | -80.2    |
|    critic_loss     | 0.0174   |
|    ent_coef        | 0.003    |
|    ent_coef_loss   | -4.49    |
|    learning_rate   | 0.0003   |
|    n_updates       | 301199   |
---------------------------------
---------------------------------
| rollout/           |          |
|    ep_len_mean     | 200      |
|    ep_rew_mean     | 158      |
|    success_rate    | 0        |
| time/              |          |
|    episodes        | 1560     |
|    fps             | 126      |
|    time_elapsed    | 2464     |
|    total_timesteps | 312000   |
| train/             |          |
|    actor_loss      | -80.2    |
|    critic_loss     | 0.0188   |
|    ent_coef        | 0.00299  |
|    ent_coef_loss   | 1.83     |
|    learning_rate   | 0.0003   |
|    n_updates       | 301999   |
---------------------------------
---------------------------------
| rollout/           |          |
|    ep_len_mean     | 200      |
|    ep_rew_mean     | 158      |
|    success_rate    | 0        |
| time/              |          |
|    episodes        | 1564     |
|    fps             | 126      |
|    time_elapsed    | 2472     |
|    total_timesteps | 312800   |
| train/             |          |
|    actor_loss      | -80      |
|    critic_loss     | 0.0216   |
|    ent_coef        | 0.00317  |
|    ent_coef_loss   | -0.0634  |
|    learning_rate   | 0.0003   |
|    n_updates       | 302799   |
---------------------------------
---------------------------------
| rollout/           |          |
|    ep_len_mean     | 200      |
|    ep_rew_mean     | 158      |
|    success_rate    | 0        |
| time/              |          |
|    episodes        | 1568     |
|    fps             | 126      |
|    time_elapsed    | 2479     |
|    total_timesteps | 313600   |
| train/             |          |
|    actor_loss      | -79.9    |
|    critic_loss     | 0.0222   |
|    ent_coef        | 0.00328  |
|    ent_coef_loss   | -2.13    |
|    learning_rate   | 0.0003   |
|    n_updates       | 303599   |
---------------------------------
---------------------------------
| rollout/           |          |
|    ep_len_mean     | 200      |
|    ep_rew_mean     | 158      |
|    success_rate    | 0        |
| time/              |          |
|    episodes        | 1572     |
|    fps             | 126      |
|    time_elapsed    | 2486     |
|    total_timesteps | 314400   |
| train/             |          |
|    actor_loss      | -80.3    |
|    critic_loss     | 0.0205   |
|    ent_coef        | 0.0032   |
|    ent_coef_loss   | 1.78     |
|    learning_rate   | 0.0003   |
|    n_updates       | 304399   |
---------------------------------
---------------------------------
| rollout/           |          |
|    ep_len_mean     | 200      |
|    ep_rew_mean     | 158      |
|    success_rate    | 0        |
| time/              |          |
|    episodes        | 1576     |
|    fps             | 126      |
|    time_elapsed    | 2494     |
|    total_timesteps | 315200   |
| train/             |          |
|    actor_loss      | -80      |
|    critic_loss     | 0.0353   |
|    ent_coef        | 0.00312  |
|    ent_coef_loss   | -0.268   |
|    learning_rate   | 0.0003   |
|    n_updates       | 305199   |
---------------------------------
---------------------------------
| rollout/           |          |
|    ep_len_mean     | 200      |
|    ep_rew_mean     | 158      |
|    success_rate    | 0        |
| time/              |          |
|    episodes        | 1580     |
|    fps             | 126      |
|    time_elapsed    | 2501     |
|    total_timesteps | 316000   |
| train/             |          |
|    actor_loss      | -80.3    |
|    critic_loss     | 0.00981  |
|    ent_coef        | 0.00287  |
|    ent_coef_loss   | -5.67    |
|    learning_rate   | 0.0003   |
|    n_updates       | 305999   |
---------------------------------
---------------------------------
| rollout/           |          |
|    ep_len_mean     | 200      |
|    ep_rew_mean     | 158      |
|    success_rate    | 0        |
| time/              |          |
|    episodes        | 1584     |
|    fps             | 126      |
|    time_elapsed    | 2508     |
|    total_timesteps | 316800   |
| train/             |          |
|    actor_loss      | -80.1    |
|    critic_loss     | 0.0145   |
|    ent_coef        | 0.00288  |
|    ent_coef_loss   | -3.94    |
|    learning_rate   | 0.0003   |
|    n_updates       | 306799   |
---------------------------------
---------------------------------
| rollout/           |          |
|    ep_len_mean     | 200      |
|    ep_rew_mean     | 158      |
|    success_rate    | 0        |
| time/              |          |
|    episodes        | 1588     |
|    fps             | 126      |
|    time_elapsed    | 2516     |
|    total_timesteps | 317600   |
| train/             |          |
|    actor_loss      | -80.3    |
|    critic_loss     | 0.0165   |
|    ent_coef        | 0.00322  |
|    ent_coef_loss   | 0.351    |
|    learning_rate   | 0.0003   |
|    n_updates       | 307599   |
---------------------------------
---------------------------------
| rollout/           |          |
|    ep_len_mean     | 200      |
|    ep_rew_mean     | 158      |
|    success_rate    | 0        |
| time/              |          |
|    episodes        | 1592     |
|    fps             | 126      |
|    time_elapsed    | 2523     |
|    total_timesteps | 318400   |
| train/             |          |
|    actor_loss      | -80.3    |
|    critic_loss     | 0.0159   |
|    ent_coef        | 0.00314  |
|    ent_coef_loss   | 0.718    |
|    learning_rate   | 0.0003   |
|    n_updates       | 308399   |
---------------------------------
---------------------------------
| rollout/           |          |
|    ep_len_mean     | 200      |
|    ep_rew_mean     | 158      |
|    success_rate    | 0        |
| time/              |          |
|    episodes        | 1596     |
|    fps             | 126      |
|    time_elapsed    | 2531     |
|    total_timesteps | 319200   |
| train/             |          |
|    actor_loss      | -80.4    |
|    critic_loss     | 0.00701  |
|    ent_coef        | 0.00325  |
|    ent_coef_loss   | -3.12    |
|    learning_rate   | 0.0003   |
|    n_updates       | 309199   |
---------------------------------
---------------------------------
| rollout/           |          |
|    ep_len_mean     | 200      |
|    ep_rew_mean     | 158      |
|    success_rate    | 0        |
| time/              |          |
|    episodes        | 1600     |
|    fps             | 126      |
|    time_elapsed    | 2538     |
|    total_timesteps | 320000   |
| train/             |          |
|    actor_loss      | -80.2    |
|    critic_loss     | 0.0226   |
|    ent_coef        | 0.00326  |
|    ent_coef_loss   | 0.505    |
|    learning_rate   | 0.0003   |
|    n_updates       | 309999   |
---------------------------------
---------------------------------
| rollout/           |          |
|    ep_len_mean     | 200      |
|    ep_rew_mean     | 158      |
|    success_rate    | 0        |
| time/              |          |
|    episodes        | 1604     |
|    fps             | 126      |
|    time_elapsed    | 2545     |
|    total_timesteps | 320800   |
| train/             |          |
|    actor_loss      | -80.1    |
|    critic_loss     | 0.0284   |
|    ent_coef        | 0.00342  |
|    ent_coef_loss   | 3.43     |
|    learning_rate   | 0.0003   |
|    n_updates       | 310799   |
---------------------------------
---------------------------------
| rollout/           |          |
|    ep_len_mean     | 200      |
|    ep_rew_mean     | 158      |
|    success_rate    | 0        |
| time/              |          |
|    episodes        | 1608     |
|    fps             | 125      |
|    time_elapsed    | 2553     |
|    total_timesteps | 321600   |
| train/             |          |
|    actor_loss      | -80.3    |
|    critic_loss     | 0.0103   |
|    ent_coef        | 0.00345  |
|    ent_coef_loss   | 0.239    |
|    learning_rate   | 0.0003   |
|    n_updates       | 311599   |
---------------------------------
---------------------------------
| rollout/           |          |
|    ep_len_mean     | 200      |
|    ep_rew_mean     | 158      |
|    success_rate    | 0        |
| time/              |          |
|    episodes        | 1612     |
|    fps             | 125      |
|    time_elapsed    | 2560     |
|    total_timesteps | 322400   |
| train/             |          |
|    actor_loss      | -80.3    |
|    critic_loss     | 0.0157   |
|    ent_coef        | 0.00321  |
|    ent_coef_loss   | -5.48    |
|    learning_rate   | 0.0003   |
|    n_updates       | 312399   |
---------------------------------
---------------------------------
| rollout/           |          |
|    ep_len_mean     | 200      |
|    ep_rew_mean     | 158      |
|    success_rate    | 0        |
| time/              |          |
|    episodes        | 1616     |
|    fps             | 125      |
|    time_elapsed    | 2567     |
|    total_timesteps | 323200   |
| train/             |          |
|    actor_loss      | -80      |
|    critic_loss     | 0.0127   |
|    ent_coef        | 0.00327  |
|    ent_coef_loss   | 2.19     |
|    learning_rate   | 0.0003   |
|    n_updates       | 313199   |
---------------------------------
---------------------------------
| rollout/           |          |
|    ep_len_mean     | 200      |
|    ep_rew_mean     | 158      |
|    success_rate    | 0        |
| time/              |          |
|    episodes        | 1620     |
|    fps             | 125      |
|    time_elapsed    | 2575     |
|    total_timesteps | 324000   |
| train/             |          |
|    actor_loss      | -80.2    |
|    critic_loss     | 0.0189   |
|    ent_coef        | 0.00325  |
|    ent_coef_loss   | 6.02     |
|    learning_rate   | 0.0003   |
|    n_updates       | 313999   |
---------------------------------
---------------------------------
| rollout/           |          |
|    ep_len_mean     | 200      |
|    ep_rew_mean     | 158      |
|    success_rate    | 0        |
| time/              |          |
|    episodes        | 1624     |
|    fps             | 125      |
|    time_elapsed    | 2582     |
|    total_timesteps | 324800   |
| train/             |          |
|    actor_loss      | -80.1    |
|    critic_loss     | 0.0184   |
|    ent_coef        | 0.00366  |
|    ent_coef_loss   | 0.1      |
|    learning_rate   | 0.0003   |
|    n_updates       | 314799   |
---------------------------------
Eval num_timesteps=325000, episode_reward=159.83 +/- 0.00
Episode length: 200.00 +/- 0.00
Success rate: 0.00%
---------------------------------
| eval/              |          |
|    mean_ep_length  | 200      |
|    mean_reward     | 160      |
|    success_rate    | 0        |
| time/              |          |
|    total_timesteps | 325000   |
| train/             |          |
|    actor_loss      | -80.2    |
|    critic_loss     | 0.0272   |
|    ent_coef        | 0.00361  |
|    ent_coef_loss   | -3.98    |
|    learning_rate   | 0.0003   |
|    n_updates       | 314999   |
---------------------------------
---------------------------------
| rollout/           |          |
|    ep_len_mean     | 200      |
|    ep_rew_mean     | 158      |
|    success_rate    | 0        |
| time/              |          |
|    episodes        | 1628     |
|    fps             | 125      |
|    time_elapsed    | 2591     |
|    total_timesteps | 325600   |
| train/             |          |
|    actor_loss      | -80.4    |
|    critic_loss     | 0.00661  |
|    ent_coef        | 0.00355  |
|    ent_coef_loss   | 4.43     |
|    learning_rate   | 0.0003   |
|    n_updates       | 315599   |
---------------------------------
---------------------------------
| rollout/           |          |
|    ep_len_mean     | 200      |
|    ep_rew_mean     | 158      |
|    success_rate    | 0        |
| time/              |          |
|    episodes        | 1632     |
|    fps             | 125      |
|    time_elapsed    | 2598     |
|    total_timesteps | 326400   |
| train/             |          |
|    actor_loss      | -80.2    |
|    critic_loss     | 0.0136   |
|    ent_coef        | 0.00325  |
|    ent_coef_loss   | -1.95    |
|    learning_rate   | 0.0003   |
|    n_updates       | 316399   |
---------------------------------
---------------------------------
| rollout/           |          |
|    ep_len_mean     | 200      |
|    ep_rew_mean     | 158      |
|    success_rate    | 0        |
| time/              |          |
|    episodes        | 1636     |
|    fps             | 125      |
|    time_elapsed    | 2606     |
|    total_timesteps | 327200   |
| train/             |          |
|    actor_loss      | -80.1    |
|    critic_loss     | 0.0163   |
|    ent_coef        | 0.00307  |
|    ent_coef_loss   | 3.05     |
|    learning_rate   | 0.0003   |
|    n_updates       | 317199   |
---------------------------------
---------------------------------
| rollout/           |          |
|    ep_len_mean     | 200      |
|    ep_rew_mean     | 158      |
|    success_rate    | 0        |
| time/              |          |
|    episodes        | 1640     |
|    fps             | 125      |
|    time_elapsed    | 2613     |
|    total_timesteps | 328000   |
| train/             |          |
|    actor_loss      | -80.4    |
|    critic_loss     | 0.0139   |
|    ent_coef        | 0.00298  |
|    ent_coef_loss   | 2.08     |
|    learning_rate   | 0.0003   |
|    n_updates       | 317999   |
---------------------------------
---------------------------------
| rollout/           |          |
|    ep_len_mean     | 200      |
|    ep_rew_mean     | 158      |
|    success_rate    | 0        |
| time/              |          |
|    episodes        | 1644     |
|    fps             | 125      |
|    time_elapsed    | 2621     |
|    total_timesteps | 328800   |
| train/             |          |
|    actor_loss      | -80.3    |
|    critic_loss     | 0.0195   |
|    ent_coef        | 0.00313  |
|    ent_coef_loss   | 0.0366   |
|    learning_rate   | 0.0003   |
|    n_updates       | 318799   |
---------------------------------
---------------------------------
| rollout/           |          |
|    ep_len_mean     | 200      |
|    ep_rew_mean     | 158      |
|    success_rate    | 0        |
| time/              |          |
|    episodes        | 1648     |
|    fps             | 125      |
|    time_elapsed    | 2628     |
|    total_timesteps | 329600   |
| train/             |          |
|    actor_loss      | -80.2    |
|    critic_loss     | 0.0125   |
|    ent_coef        | 0.00309  |
|    ent_coef_loss   | -1.04    |
|    learning_rate   | 0.0003   |
|    n_updates       | 319599   |
---------------------------------
---------------------------------
| rollout/           |          |
|    ep_len_mean     | 200      |
|    ep_rew_mean     | 158      |
|    success_rate    | 0        |
| time/              |          |
|    episodes        | 1652     |
|    fps             | 125      |
|    time_elapsed    | 2635     |
|    total_timesteps | 330400   |
| train/             |          |
|    actor_loss      | -80.3    |
|    critic_loss     | 0.0191   |
|    ent_coef        | 0.00319  |
|    ent_coef_loss   | -2.12    |
|    learning_rate   | 0.0003   |
|    n_updates       | 320399   |
---------------------------------
---------------------------------
| rollout/           |          |
|    ep_len_mean     | 200      |
|    ep_rew_mean     | 157      |
|    success_rate    | 0        |
| time/              |          |
|    episodes        | 1656     |
|    fps             | 125      |
|    time_elapsed    | 2643     |
|    total_timesteps | 331200   |
| train/             |          |
|    actor_loss      | -80.2    |
|    critic_loss     | 0.0124   |
|    ent_coef        | 0.00292  |
|    ent_coef_loss   | 1.39     |
|    learning_rate   | 0.0003   |
|    n_updates       | 321199   |
---------------------------------
---------------------------------
| rollout/           |          |
|    ep_len_mean     | 200      |
|    ep_rew_mean     | 158      |
|    success_rate    | 0        |
| time/              |          |
|    episodes        | 1660     |
|    fps             | 125      |
|    time_elapsed    | 2650     |
|    total_timesteps | 332000   |
| train/             |          |
|    actor_loss      | -80.3    |
|    critic_loss     | 0.0198   |
|    ent_coef        | 0.00279  |
|    ent_coef_loss   | -0.94    |
|    learning_rate   | 0.0003   |
|    n_updates       | 321999   |
---------------------------------
---------------------------------
| rollout/           |          |
|    ep_len_mean     | 200      |
|    ep_rew_mean     | 157      |
|    success_rate    | 0        |
| time/              |          |
|    episodes        | 1664     |
|    fps             | 125      |
|    time_elapsed    | 2657     |
|    total_timesteps | 332800   |
| train/             |          |
|    actor_loss      | -80      |
|    critic_loss     | 0.0214   |
|    ent_coef        | 0.00287  |
|    ent_coef_loss   | 1.87     |
|    learning_rate   | 0.0003   |
|    n_updates       | 322799   |
---------------------------------
---------------------------------
| rollout/           |          |
|    ep_len_mean     | 200      |
|    ep_rew_mean     | 158      |
|    success_rate    | 0        |
| time/              |          |
|    episodes        | 1668     |
|    fps             | 125      |
|    time_elapsed    | 2665     |
|    total_timesteps | 333600   |
| train/             |          |
|    actor_loss      | -80.2    |
|    critic_loss     | 0.0262   |
|    ent_coef        | 0.003    |
|    ent_coef_loss   | -2.13    |
|    learning_rate   | 0.0003   |
|    n_updates       | 323599   |
---------------------------------
---------------------------------
| rollout/           |          |
|    ep_len_mean     | 200      |
|    ep_rew_mean     | 158      |
|    success_rate    | 0        |
| time/              |          |
|    episodes        | 1672     |
|    fps             | 125      |
|    time_elapsed    | 2672     |
|    total_timesteps | 334400   |
| train/             |          |
|    actor_loss      | -80.4    |
|    critic_loss     | 0.0121   |
|    ent_coef        | 0.00307  |
|    ent_coef_loss   | 5.03     |
|    learning_rate   | 0.0003   |
|    n_updates       | 324399   |
---------------------------------
---------------------------------
| rollout/           |          |
|    ep_len_mean     | 200      |
|    ep_rew_mean     | 157      |
|    success_rate    | 0        |
| time/              |          |
|    episodes        | 1676     |
|    fps             | 125      |
|    time_elapsed    | 2680     |
|    total_timesteps | 335200   |
| train/             |          |
|    actor_loss      | -80.5    |
|    critic_loss     | 0.0225   |
|    ent_coef        | 0.00338  |
|    ent_coef_loss   | -2.73    |
|    learning_rate   | 0.0003   |
|    n_updates       | 325199   |
---------------------------------
---------------------------------
| rollout/           |          |
|    ep_len_mean     | 200      |
|    ep_rew_mean     | 157      |
|    success_rate    | 0        |
| time/              |          |
|    episodes        | 1680     |
|    fps             | 125      |
|    time_elapsed    | 2687     |
|    total_timesteps | 336000   |
| train/             |          |
|    actor_loss      | -80.4    |
|    critic_loss     | 0.0123   |
|    ent_coef        | 0.00299  |
|    ent_coef_loss   | -5.56    |
|    learning_rate   | 0.0003   |
|    n_updates       | 325999   |
---------------------------------
---------------------------------
| rollout/           |          |
|    ep_len_mean     | 200      |
|    ep_rew_mean     | 157      |
|    success_rate    | 0        |
| time/              |          |
|    episodes        | 1684     |
|    fps             | 124      |
|    time_elapsed    | 2695     |
|    total_timesteps | 336800   |
| train/             |          |
|    actor_loss      | -80.1    |
|    critic_loss     | 0.0218   |
|    ent_coef        | 0.00279  |
|    ent_coef_loss   | -0.606   |
|    learning_rate   | 0.0003   |
|    n_updates       | 326799   |
---------------------------------
---------------------------------
| rollout/           |          |
|    ep_len_mean     | 200      |
|    ep_rew_mean     | 157      |
|    success_rate    | 0        |
| time/              |          |
|    episodes        | 1688     |
|    fps             | 124      |
|    time_elapsed    | 2702     |
|    total_timesteps | 337600   |
| train/             |          |
|    actor_loss      | -80.4    |
|    critic_loss     | 0.0166   |
|    ent_coef        | 0.00284  |
|    ent_coef_loss   | 0.384    |
|    learning_rate   | 0.0003   |
|    n_updates       | 327599   |
---------------------------------
---------------------------------
| rollout/           |          |
|    ep_len_mean     | 200      |
|    ep_rew_mean     | 157      |
|    success_rate    | 0        |
| time/              |          |
|    episodes        | 1692     |
|    fps             | 124      |
|    time_elapsed    | 2710     |
|    total_timesteps | 338400   |
| train/             |          |
|    actor_loss      | -80.2    |
|    critic_loss     | 0.0219   |
|    ent_coef        | 0.00291  |
|    ent_coef_loss   | 1.13     |
|    learning_rate   | 0.0003   |
|    n_updates       | 328399   |
---------------------------------
---------------------------------
| rollout/           |          |
|    ep_len_mean     | 200      |
|    ep_rew_mean     | 157      |
|    success_rate    | 0        |
| time/              |          |
|    episodes        | 1696     |
|    fps             | 124      |
|    time_elapsed    | 2717     |
|    total_timesteps | 339200   |
| train/             |          |
|    actor_loss      | -80.1    |
|    critic_loss     | 0.0153   |
|    ent_coef        | 0.00301  |
|    ent_coef_loss   | -0.0224  |
|    learning_rate   | 0.0003   |
|    n_updates       | 329199   |
---------------------------------
---------------------------------
| rollout/           |          |
|    ep_len_mean     | 200      |
|    ep_rew_mean     | 157      |
|    success_rate    | 0        |
| time/              |          |
|    episodes        | 1700     |
|    fps             | 124      |
|    time_elapsed    | 2724     |
|    total_timesteps | 340000   |
| train/             |          |
|    actor_loss      | -80.1    |
|    critic_loss     | 0.0331   |
|    ent_coef        | 0.00282  |
|    ent_coef_loss   | -2.76    |
|    learning_rate   | 0.0003   |
|    n_updates       | 329999   |
---------------------------------
---------------------------------
| rollout/           |          |
|    ep_len_mean     | 200      |
|    ep_rew_mean     | 157      |
|    success_rate    | 0        |
| time/              |          |
|    episodes        | 1704     |
|    fps             | 124      |
|    time_elapsed    | 2732     |
|    total_timesteps | 340800   |
| train/             |          |
|    actor_loss      | -80.3    |
|    critic_loss     | 0.0138   |
|    ent_coef        | 0.00263  |
|    ent_coef_loss   | 4.33     |
|    learning_rate   | 0.0003   |
|    n_updates       | 330799   |
---------------------------------
---------------------------------
| rollout/           |          |
|    ep_len_mean     | 200      |
|    ep_rew_mean     | 157      |
|    success_rate    | 0        |
| time/              |          |
|    episodes        | 1708     |
|    fps             | 124      |
|    time_elapsed    | 2739     |
|    total_timesteps | 341600   |
| train/             |          |
|    actor_loss      | -80.4    |
|    critic_loss     | 0.0147   |
|    ent_coef        | 0.0028   |
|    ent_coef_loss   | -0.311   |
|    learning_rate   | 0.0003   |
|    n_updates       | 331599   |
---------------------------------
---------------------------------
| rollout/           |          |
|    ep_len_mean     | 200      |
|    ep_rew_mean     | 157      |
|    success_rate    | 0        |
| time/              |          |
|    episodes        | 1712     |
|    fps             | 124      |
|    time_elapsed    | 2747     |
|    total_timesteps | 342400   |
| train/             |          |
|    actor_loss      | -80.4    |
|    critic_loss     | 0.0106   |
|    ent_coef        | 0.00265  |
|    ent_coef_loss   | -0.143   |
|    learning_rate   | 0.0003   |
|    n_updates       | 332399   |
---------------------------------
---------------------------------
| rollout/           |          |
|    ep_len_mean     | 200      |
|    ep_rew_mean     | 158      |
|    success_rate    | 0        |
| time/              |          |
|    episodes        | 1716     |
|    fps             | 124      |
|    time_elapsed    | 2754     |
|    total_timesteps | 343200   |
| train/             |          |
|    actor_loss      | -80.4    |
|    critic_loss     | 0.0132   |
|    ent_coef        | 0.00269  |
|    ent_coef_loss   | 4.56     |
|    learning_rate   | 0.0003   |
|    n_updates       | 333199   |
---------------------------------
---------------------------------
| rollout/           |          |
|    ep_len_mean     | 200      |
|    ep_rew_mean     | 158      |
|    success_rate    | 0        |
| time/              |          |
|    episodes        | 1720     |
|    fps             | 124      |
|    time_elapsed    | 2762     |
|    total_timesteps | 344000   |
| train/             |          |
|    actor_loss      | -80.3    |
|    critic_loss     | 0.0118   |
|    ent_coef        | 0.00263  |
|    ent_coef_loss   | -5.79    |
|    learning_rate   | 0.0003   |
|    n_updates       | 333999   |
---------------------------------
---------------------------------
| rollout/           |          |
|    ep_len_mean     | 200      |
|    ep_rew_mean     | 158      |
|    success_rate    | 0        |
| time/              |          |
|    episodes        | 1724     |
|    fps             | 124      |
|    time_elapsed    | 2769     |
|    total_timesteps | 344800   |
| train/             |          |
|    actor_loss      | -80.3    |
|    critic_loss     | 0.0223   |
|    ent_coef        | 0.00265  |
|    ent_coef_loss   | -3.11    |
|    learning_rate   | 0.0003   |
|    n_updates       | 334799   |
---------------------------------
---------------------------------
| rollout/           |          |
|    ep_len_mean     | 200      |
|    ep_rew_mean     | 158      |
|    success_rate    | 0        |
| time/              |          |
|    episodes        | 1728     |
|    fps             | 124      |
|    time_elapsed    | 2777     |
|    total_timesteps | 345600   |
| train/             |          |
|    actor_loss      | -80.1    |
|    critic_loss     | 0.0164   |
|    ent_coef        | 0.00255  |
|    ent_coef_loss   | -1.89    |
|    learning_rate   | 0.0003   |
|    n_updates       | 335599   |
---------------------------------
---------------------------------
| rollout/           |          |
|    ep_len_mean     | 200      |
|    ep_rew_mean     | 158      |
|    success_rate    | 0        |
| time/              |          |
|    episodes        | 1732     |
|    fps             | 124      |
|    time_elapsed    | 2784     |
|    total_timesteps | 346400   |
| train/             |          |
|    actor_loss      | -80.4    |
|    critic_loss     | 0.0198   |
|    ent_coef        | 0.00257  |
|    ent_coef_loss   | -2.18    |
|    learning_rate   | 0.0003   |
|    n_updates       | 336399   |
---------------------------------
---------------------------------
| rollout/           |          |
|    ep_len_mean     | 200      |
|    ep_rew_mean     | 158      |
|    success_rate    | 0        |
| time/              |          |
|    episodes        | 1736     |
|    fps             | 124      |
|    time_elapsed    | 2792     |
|    total_timesteps | 347200   |
| train/             |          |
|    actor_loss      | -80.3    |
|    critic_loss     | 0.0132   |
|    ent_coef        | 0.00277  |
|    ent_coef_loss   | -1.03    |
|    learning_rate   | 0.0003   |
|    n_updates       | 337199   |
---------------------------------
---------------------------------
| rollout/           |          |
|    ep_len_mean     | 200      |
|    ep_rew_mean     | 158      |
|    success_rate    | 0        |
| time/              |          |
|    episodes        | 1740     |
|    fps             | 124      |
|    time_elapsed    | 2799     |
|    total_timesteps | 348000   |
| train/             |          |
|    actor_loss      | -80.4    |
|    critic_loss     | 0.0139   |
|    ent_coef        | 0.00281  |
|    ent_coef_loss   | -2.33    |
|    learning_rate   | 0.0003   |
|    n_updates       | 337999   |
---------------------------------
---------------------------------
| rollout/           |          |
|    ep_len_mean     | 200      |
|    ep_rew_mean     | 158      |
|    success_rate    | 0        |
| time/              |          |
|    episodes        | 1744     |
|    fps             | 124      |
|    time_elapsed    | 2807     |
|    total_timesteps | 348800   |
| train/             |          |
|    actor_loss      | -80.2    |
|    critic_loss     | 0.0166   |
|    ent_coef        | 0.00283  |
|    ent_coef_loss   | 2.42     |
|    learning_rate   | 0.0003   |
|    n_updates       | 338799   |
---------------------------------
---------------------------------
| rollout/           |          |
|    ep_len_mean     | 200      |
|    ep_rew_mean     | 158      |
|    success_rate    | 0        |
| time/              |          |
|    episodes        | 1748     |
|    fps             | 124      |
|    time_elapsed    | 2814     |
|    total_timesteps | 349600   |
| train/             |          |
|    actor_loss      | -80      |
|    critic_loss     | 0.0123   |
|    ent_coef        | 0.00261  |
|    ent_coef_loss   | 0.606    |
|    learning_rate   | 0.0003   |
|    n_updates       | 339599   |
---------------------------------
Eval num_timesteps=350000, episode_reward=154.92 +/- 0.00
Episode length: 200.00 +/- 0.00
Success rate: 0.00%
---------------------------------
| eval/              |          |
|    mean_ep_length  | 200      |
|    mean_reward     | 155      |
|    success_rate    | 0        |
| time/              |          |
|    total_timesteps | 350000   |
| train/             |          |
|    actor_loss      | -80.2    |
|    critic_loss     | 0.0142   |
|    ent_coef        | 0.00258  |
|    ent_coef_loss   | 0.798    |
|    learning_rate   | 0.0003   |
|    n_updates       | 339999   |
---------------------------------
---------------------------------
| rollout/           |          |
|    ep_len_mean     | 200      |
|    ep_rew_mean     | 158      |
|    success_rate    | 0        |
| time/              |          |
|    episodes        | 1752     |
|    fps             | 124      |
|    time_elapsed    | 2824     |
|    total_timesteps | 350400   |
| train/             |          |
|    actor_loss      | -80.2    |
|    critic_loss     | 0.0182   |
|    ent_coef        | 0.00259  |
|    ent_coef_loss   | 0.626    |
|    learning_rate   | 0.0003   |
|    n_updates       | 340399   |
---------------------------------
---------------------------------
| rollout/           |          |
|    ep_len_mean     | 200      |
|    ep_rew_mean     | 158      |
|    success_rate    | 0        |
| time/              |          |
|    episodes        | 1756     |
|    fps             | 124      |
|    time_elapsed    | 2831     |
|    total_timesteps | 351200   |
| train/             |          |
|    actor_loss      | -80.3    |
|    critic_loss     | 0.0214   |
|    ent_coef        | 0.00263  |
|    ent_coef_loss   | -4.02    |
|    learning_rate   | 0.0003   |
|    n_updates       | 341199   |
---------------------------------
---------------------------------
| rollout/           |          |
|    ep_len_mean     | 200      |
|    ep_rew_mean     | 158      |
|    success_rate    | 0        |
| time/              |          |
|    episodes        | 1760     |
|    fps             | 123      |
|    time_elapsed    | 2839     |
|    total_timesteps | 352000   |
| train/             |          |
|    actor_loss      | -80.3    |
|    critic_loss     | 0.0164   |
|    ent_coef        | 0.00269  |
|    ent_coef_loss   | 6.94     |
|    learning_rate   | 0.0003   |
|    n_updates       | 341999   |
---------------------------------
---------------------------------
| rollout/           |          |
|    ep_len_mean     | 200      |
|    ep_rew_mean     | 157      |
|    success_rate    | 0        |
| time/              |          |
|    episodes        | 1764     |
|    fps             | 123      |
|    time_elapsed    | 2847     |
|    total_timesteps | 352800   |
| train/             |          |
|    actor_loss      | -80.4    |
|    critic_loss     | 0.0111   |
|    ent_coef        | 0.00286  |
|    ent_coef_loss   | -4.9     |
|    learning_rate   | 0.0003   |
|    n_updates       | 342799   |
---------------------------------
---------------------------------
| rollout/           |          |
|    ep_len_mean     | 200      |
|    ep_rew_mean     | 157      |
|    success_rate    | 0        |
| time/              |          |
|    episodes        | 1768     |
|    fps             | 123      |
|    time_elapsed    | 2854     |
|    total_timesteps | 353600   |
| train/             |          |
|    actor_loss      | -80.2    |
|    critic_loss     | 0.0159   |
|    ent_coef        | 0.00264  |
|    ent_coef_loss   | -1.91    |
|    learning_rate   | 0.0003   |
|    n_updates       | 343599   |
---------------------------------
---------------------------------
| rollout/           |          |
|    ep_len_mean     | 200      |
|    ep_rew_mean     | 157      |
|    success_rate    | 0        |
| time/              |          |
|    episodes        | 1772     |
|    fps             | 123      |
|    time_elapsed    | 2862     |
|    total_timesteps | 354400   |
| train/             |          |
|    actor_loss      | -80.3    |
|    critic_loss     | 0.0137   |
|    ent_coef        | 0.00264  |
|    ent_coef_loss   | 3.09     |
|    learning_rate   | 0.0003   |
|    n_updates       | 344399   |
---------------------------------
---------------------------------
| rollout/           |          |
|    ep_len_mean     | 200      |
|    ep_rew_mean     | 157      |
|    success_rate    | 0        |
| time/              |          |
|    episodes        | 1776     |
|    fps             | 123      |
|    time_elapsed    | 2869     |
|    total_timesteps | 355200   |
| train/             |          |
|    actor_loss      | -80.2    |
|    critic_loss     | 0.0205   |
|    ent_coef        | 0.00271  |
|    ent_coef_loss   | -3.72    |
|    learning_rate   | 0.0003   |
|    n_updates       | 345199   |
---------------------------------
---------------------------------
| rollout/           |          |
|    ep_len_mean     | 200      |
|    ep_rew_mean     | 157      |
|    success_rate    | 0        |
| time/              |          |
|    episodes        | 1780     |
|    fps             | 123      |
|    time_elapsed    | 2877     |
|    total_timesteps | 356000   |
| train/             |          |
|    actor_loss      | -80.4    |
|    critic_loss     | 0.0142   |
|    ent_coef        | 0.00249  |
|    ent_coef_loss   | -5.74    |
|    learning_rate   | 0.0003   |
|    n_updates       | 345999   |
---------------------------------
---------------------------------
| rollout/           |          |
|    ep_len_mean     | 200      |
|    ep_rew_mean     | 157      |
|    success_rate    | 0        |
| time/              |          |
|    episodes        | 1784     |
|    fps             | 123      |
|    time_elapsed    | 2884     |
|    total_timesteps | 356800   |
| train/             |          |
|    actor_loss      | -80      |
|    critic_loss     | 0.0192   |
|    ent_coef        | 0.00255  |
|    ent_coef_loss   | 5.9      |
|    learning_rate   | 0.0003   |
|    n_updates       | 346799   |
---------------------------------
---------------------------------
| rollout/           |          |
|    ep_len_mean     | 200      |
|    ep_rew_mean     | 157      |
|    success_rate    | 0        |
| time/              |          |
|    episodes        | 1788     |
|    fps             | 123      |
|    time_elapsed    | 2891     |
|    total_timesteps | 357600   |
| train/             |          |
|    actor_loss      | -80.3    |
|    critic_loss     | 0.0203   |
|    ent_coef        | 0.00278  |
|    ent_coef_loss   | -0.737   |
|    learning_rate   | 0.0003   |
|    n_updates       | 347599   |
---------------------------------
---------------------------------
| rollout/           |          |
|    ep_len_mean     | 200      |
|    ep_rew_mean     | 157      |
|    success_rate    | 0        |
| time/              |          |
|    episodes        | 1792     |
|    fps             | 123      |
|    time_elapsed    | 2899     |
|    total_timesteps | 358400   |
| train/             |          |
|    actor_loss      | -80.5    |
|    critic_loss     | 0.0143   |
|    ent_coef        | 0.00259  |
|    ent_coef_loss   | -1.15    |
|    learning_rate   | 0.0003   |
|    n_updates       | 348399   |
---------------------------------
---------------------------------
| rollout/           |          |
|    ep_len_mean     | 200      |
|    ep_rew_mean     | 157      |
|    success_rate    | 0        |
| time/              |          |
|    episodes        | 1796     |
|    fps             | 123      |
|    time_elapsed    | 2906     |
|    total_timesteps | 359200   |
| train/             |          |
|    actor_loss      | -80.2    |
|    critic_loss     | 0.0235   |
|    ent_coef        | 0.00247  |
|    ent_coef_loss   | -1.77    |
|    learning_rate   | 0.0003   |
|    n_updates       | 349199   |
---------------------------------
---------------------------------
| rollout/           |          |
|    ep_len_mean     | 200      |
|    ep_rew_mean     | 157      |
|    success_rate    | 0        |
| time/              |          |
|    episodes        | 1800     |
|    fps             | 123      |
|    time_elapsed    | 2914     |
|    total_timesteps | 360000   |
| train/             |          |
|    actor_loss      | -80.2    |
|    critic_loss     | 0.0137   |
|    ent_coef        | 0.00277  |
|    ent_coef_loss   | 2.58     |
|    learning_rate   | 0.0003   |
|    n_updates       | 349999   |
---------------------------------
---------------------------------
| rollout/           |          |
|    ep_len_mean     | 200      |
|    ep_rew_mean     | 157      |
|    success_rate    | 0        |
| time/              |          |
|    episodes        | 1804     |
|    fps             | 123      |
|    time_elapsed    | 2921     |
|    total_timesteps | 360800   |
| train/             |          |
|    actor_loss      | -80.2    |
|    critic_loss     | 0.0164   |
|    ent_coef        | 0.00272  |
|    ent_coef_loss   | -2.14    |
|    learning_rate   | 0.0003   |
|    n_updates       | 350799   |
---------------------------------
---------------------------------
| rollout/           |          |
|    ep_len_mean     | 200      |
|    ep_rew_mean     | 157      |
|    success_rate    | 0        |
| time/              |          |
|    episodes        | 1808     |
|    fps             | 123      |
|    time_elapsed    | 2929     |
|    total_timesteps | 361600   |
| train/             |          |
|    actor_loss      | -79.8    |
|    critic_loss     | 0.0322   |
|    ent_coef        | 0.00262  |
|    ent_coef_loss   | 5.38     |
|    learning_rate   | 0.0003   |
|    n_updates       | 351599   |
---------------------------------
---------------------------------
| rollout/           |          |
|    ep_len_mean     | 200      |
|    ep_rew_mean     | 157      |
|    success_rate    | 0        |
| time/              |          |
|    episodes        | 1812     |
|    fps             | 123      |
|    time_elapsed    | 2936     |
|    total_timesteps | 362400   |
| train/             |          |
|    actor_loss      | -80.3    |
|    critic_loss     | 0.0173   |
|    ent_coef        | 0.00261  |
|    ent_coef_loss   | 2.3      |
|    learning_rate   | 0.0003   |
|    n_updates       | 352399   |
---------------------------------
---------------------------------
| rollout/           |          |
|    ep_len_mean     | 200      |
|    ep_rew_mean     | 157      |
|    success_rate    | 0        |
| time/              |          |
|    episodes        | 1816     |
|    fps             | 123      |
|    time_elapsed    | 2944     |
|    total_timesteps | 363200   |
| train/             |          |
|    actor_loss      | -80.4    |
|    critic_loss     | 0.0139   |
|    ent_coef        | 0.00288  |
|    ent_coef_loss   | -2.61    |
|    learning_rate   | 0.0003   |
|    n_updates       | 353199   |
---------------------------------
---------------------------------
| rollout/           |          |
|    ep_len_mean     | 200      |
|    ep_rew_mean     | 157      |
|    success_rate    | 0        |
| time/              |          |
|    episodes        | 1820     |
|    fps             | 123      |
|    time_elapsed    | 2951     |
|    total_timesteps | 364000   |
| train/             |          |
|    actor_loss      | -80.2    |
|    critic_loss     | 0.0123   |
|    ent_coef        | 0.00293  |
|    ent_coef_loss   | -0.249   |
|    learning_rate   | 0.0003   |
|    n_updates       | 353999   |
---------------------------------
---------------------------------
| rollout/           |          |
|    ep_len_mean     | 200      |
|    ep_rew_mean     | 157      |
|    success_rate    | 0        |
| time/              |          |
|    episodes        | 1824     |
|    fps             | 123      |
|    time_elapsed    | 2959     |
|    total_timesteps | 364800   |
| train/             |          |
|    actor_loss      | -80      |
|    critic_loss     | 0.0165   |
|    ent_coef        | 0.00271  |
|    ent_coef_loss   | 3.67     |
|    learning_rate   | 0.0003   |
|    n_updates       | 354799   |
---------------------------------
---------------------------------
| rollout/           |          |
|    ep_len_mean     | 200      |
|    ep_rew_mean     | 157      |
|    success_rate    | 0        |
| time/              |          |
|    episodes        | 1828     |
|    fps             | 123      |
|    time_elapsed    | 2966     |
|    total_timesteps | 365600   |
| train/             |          |
|    actor_loss      | -80.3    |
|    critic_loss     | 0.011    |
|    ent_coef        | 0.00281  |
|    ent_coef_loss   | 0.45     |
|    learning_rate   | 0.0003   |
|    n_updates       | 355599   |
---------------------------------
---------------------------------
| rollout/           |          |
|    ep_len_mean     | 200      |
|    ep_rew_mean     | 157      |
|    success_rate    | 0        |
| time/              |          |
|    episodes        | 1832     |
|    fps             | 123      |
|    time_elapsed    | 2974     |
|    total_timesteps | 366400   |
| train/             |          |
|    actor_loss      | -80.3    |
|    critic_loss     | 0.0116   |
|    ent_coef        | 0.00274  |
|    ent_coef_loss   | 0.39     |
|    learning_rate   | 0.0003   |
|    n_updates       | 356399   |
---------------------------------
---------------------------------
| rollout/           |          |
|    ep_len_mean     | 200      |
|    ep_rew_mean     | 157      |
|    success_rate    | 0        |
| time/              |          |
|    episodes        | 1836     |
|    fps             | 123      |
|    time_elapsed    | 2981     |
|    total_timesteps | 367200   |
| train/             |          |
|    actor_loss      | -80.1    |
|    critic_loss     | 0.0139   |
|    ent_coef        | 0.00281  |
|    ent_coef_loss   | -1.75    |
|    learning_rate   | 0.0003   |
|    n_updates       | 357199   |
---------------------------------
---------------------------------
| rollout/           |          |
|    ep_len_mean     | 200      |
|    ep_rew_mean     | 157      |
|    success_rate    | 0        |
| time/              |          |
|    episodes        | 1840     |
|    fps             | 123      |
|    time_elapsed    | 2988     |
|    total_timesteps | 368000   |
| train/             |          |
|    actor_loss      | -80.3    |
|    critic_loss     | 0.0172   |
|    ent_coef        | 0.00277  |
|    ent_coef_loss   | 1.46     |
|    learning_rate   | 0.0003   |
|    n_updates       | 357999   |
---------------------------------
---------------------------------
| rollout/           |          |
|    ep_len_mean     | 200      |
|    ep_rew_mean     | 157      |
|    success_rate    | 0        |
| time/              |          |
|    episodes        | 1844     |
|    fps             | 123      |
|    time_elapsed    | 2996     |
|    total_timesteps | 368800   |
| train/             |          |
|    actor_loss      | -80.1    |
|    critic_loss     | 0.0197   |
|    ent_coef        | 0.00279  |
|    ent_coef_loss   | -4.05    |
|    learning_rate   | 0.0003   |
|    n_updates       | 358799   |
---------------------------------
---------------------------------
| rollout/           |          |
|    ep_len_mean     | 200      |
|    ep_rew_mean     | 157      |
|    success_rate    | 0        |
| time/              |          |
|    episodes        | 1848     |
|    fps             | 123      |
|    time_elapsed    | 3003     |
|    total_timesteps | 369600   |
| train/             |          |
|    actor_loss      | -80      |
|    critic_loss     | 0.0151   |
|    ent_coef        | 0.0026   |
|    ent_coef_loss   | 3.94     |
|    learning_rate   | 0.0003   |
|    n_updates       | 359599   |
---------------------------------
---------------------------------
| rollout/           |          |
|    ep_len_mean     | 200      |
|    ep_rew_mean     | 157      |
|    success_rate    | 0        |
| time/              |          |
|    episodes        | 1852     |
|    fps             | 123      |
|    time_elapsed    | 3010     |
|    total_timesteps | 370400   |
| train/             |          |
|    actor_loss      | -80.2    |
|    critic_loss     | 0.02     |
|    ent_coef        | 0.00262  |
|    ent_coef_loss   | -0.109   |
|    learning_rate   | 0.0003   |
|    n_updates       | 360399   |
---------------------------------
---------------------------------
| rollout/           |          |
|    ep_len_mean     | 200      |
|    ep_rew_mean     | 157      |
|    success_rate    | 0        |
| time/              |          |
|    episodes        | 1856     |
|    fps             | 122      |
|    time_elapsed    | 3018     |
|    total_timesteps | 371200   |
| train/             |          |
|    actor_loss      | -80.3    |
|    critic_loss     | 0.0101   |
|    ent_coef        | 0.00259  |
|    ent_coef_loss   | -3.89    |
|    learning_rate   | 0.0003   |
|    n_updates       | 361199   |
---------------------------------
---------------------------------
| rollout/           |          |
|    ep_len_mean     | 200      |
|    ep_rew_mean     | 157      |
|    success_rate    | 0        |
| time/              |          |
|    episodes        | 1860     |
|    fps             | 122      |
|    time_elapsed    | 3025     |
|    total_timesteps | 372000   |
| train/             |          |
|    actor_loss      | -79.9    |
|    critic_loss     | 0.0207   |
|    ent_coef        | 0.00272  |
|    ent_coef_loss   | 0.945    |
|    learning_rate   | 0.0003   |
|    n_updates       | 361999   |
---------------------------------
---------------------------------
| rollout/           |          |
|    ep_len_mean     | 200      |
|    ep_rew_mean     | 157      |
|    success_rate    | 0        |
| time/              |          |
|    episodes        | 1864     |
|    fps             | 122      |
|    time_elapsed    | 3033     |
|    total_timesteps | 372800   |
| train/             |          |
|    actor_loss      | -80.2    |
|    critic_loss     | 0.0189   |
|    ent_coef        | 0.0027   |
|    ent_coef_loss   | -3.8     |
|    learning_rate   | 0.0003   |
|    n_updates       | 362799   |
---------------------------------
---------------------------------
| rollout/           |          |
|    ep_len_mean     | 200      |
|    ep_rew_mean     | 157      |
|    success_rate    | 0        |
| time/              |          |
|    episodes        | 1868     |
|    fps             | 122      |
|    time_elapsed    | 3040     |
|    total_timesteps | 373600   |
| train/             |          |
|    actor_loss      | -80.1    |
|    critic_loss     | 0.0122   |
|    ent_coef        | 0.00259  |
|    ent_coef_loss   | 5.06     |
|    learning_rate   | 0.0003   |
|    n_updates       | 363599   |
---------------------------------
---------------------------------
| rollout/           |          |
|    ep_len_mean     | 200      |
|    ep_rew_mean     | 157      |
|    success_rate    | 0        |
| time/              |          |
|    episodes        | 1872     |
|    fps             | 122      |
|    time_elapsed    | 3048     |
|    total_timesteps | 374400   |
| train/             |          |
|    actor_loss      | -80.2    |
|    critic_loss     | 0.0179   |
|    ent_coef        | 0.00273  |
|    ent_coef_loss   | 0.759    |
|    learning_rate   | 0.0003   |
|    n_updates       | 364399   |
---------------------------------
Eval num_timesteps=375000, episode_reward=157.20 +/- 0.00
Episode length: 200.00 +/- 0.00
Success rate: 0.00%
---------------------------------
| eval/              |          |
|    mean_ep_length  | 200      |
|    mean_reward     | 157      |
|    success_rate    | 0        |
| time/              |          |
|    total_timesteps | 375000   |
| train/             |          |
|    actor_loss      | -80.1    |
|    critic_loss     | 0.0148   |
|    ent_coef        | 0.00261  |
|    ent_coef_loss   | -4.28    |
|    learning_rate   | 0.0003   |
|    n_updates       | 364999   |
---------------------------------
---------------------------------
| rollout/           |          |
|    ep_len_mean     | 200      |
|    ep_rew_mean     | 156      |
|    success_rate    | 0        |
| time/              |          |
|    episodes        | 1876     |
|    fps             | 122      |
|    time_elapsed    | 3057     |
|    total_timesteps | 375200   |
| train/             |          |
|    actor_loss      | -80.2    |
|    critic_loss     | 0.00787  |
|    ent_coef        | 0.00268  |
|    ent_coef_loss   | -3.01    |
|    learning_rate   | 0.0003   |
|    n_updates       | 365199   |
---------------------------------
---------------------------------
| rollout/           |          |
|    ep_len_mean     | 200      |
|    ep_rew_mean     | 157      |
|    success_rate    | 0        |
| time/              |          |
|    episodes        | 1880     |
|    fps             | 122      |
|    time_elapsed    | 3064     |
|    total_timesteps | 376000   |
| train/             |          |
|    actor_loss      | -80.2    |
|    critic_loss     | 0.0149   |
|    ent_coef        | 0.00261  |
|    ent_coef_loss   | -2.93    |
|    learning_rate   | 0.0003   |
|    n_updates       | 365999   |
---------------------------------
---------------------------------
| rollout/           |          |
|    ep_len_mean     | 200      |
|    ep_rew_mean     | 157      |
|    success_rate    | 0        |
| time/              |          |
|    episodes        | 1884     |
|    fps             | 122      |
|    time_elapsed    | 3072     |
|    total_timesteps | 376800   |
| train/             |          |
|    actor_loss      | -80      |
|    critic_loss     | 0.0171   |
|    ent_coef        | 0.00261  |
|    ent_coef_loss   | -1.23    |
|    learning_rate   | 0.0003   |
|    n_updates       | 366799   |
---------------------------------
---------------------------------
| rollout/           |          |
|    ep_len_mean     | 200      |
|    ep_rew_mean     | 157      |
|    success_rate    | 0        |
| time/              |          |
|    episodes        | 1888     |
|    fps             | 122      |
|    time_elapsed    | 3079     |
|    total_timesteps | 377600   |
| train/             |          |
|    actor_loss      | -80.1    |
|    critic_loss     | 0.00756  |
|    ent_coef        | 0.00257  |
|    ent_coef_loss   | 1.71     |
|    learning_rate   | 0.0003   |
|    n_updates       | 367599   |
---------------------------------
---------------------------------
| rollout/           |          |
|    ep_len_mean     | 200      |
|    ep_rew_mean     | 157      |
|    success_rate    | 0        |
| time/              |          |
|    episodes        | 1892     |
|    fps             | 122      |
|    time_elapsed    | 3087     |
|    total_timesteps | 378400   |
| train/             |          |
|    actor_loss      | -80.1    |
|    critic_loss     | 0.015    |
|    ent_coef        | 0.00256  |
|    ent_coef_loss   | 0.222    |
|    learning_rate   | 0.0003   |
|    n_updates       | 368399   |
---------------------------------
---------------------------------
| rollout/           |          |
|    ep_len_mean     | 200      |
|    ep_rew_mean     | 157      |
|    success_rate    | 0        |
| time/              |          |
|    episodes        | 1896     |
|    fps             | 122      |
|    time_elapsed    | 3094     |
|    total_timesteps | 379200   |
| train/             |          |
|    actor_loss      | -80      |
|    critic_loss     | 0.0118   |
|    ent_coef        | 0.00254  |
|    ent_coef_loss   | 5.17     |
|    learning_rate   | 0.0003   |
|    n_updates       | 369199   |
---------------------------------
---------------------------------
| rollout/           |          |
|    ep_len_mean     | 200      |
|    ep_rew_mean     | 157      |
|    success_rate    | 0        |
| time/              |          |
|    episodes        | 1900     |
|    fps             | 122      |
|    time_elapsed    | 3102     |
|    total_timesteps | 380000   |
| train/             |          |
|    actor_loss      | -79.8    |
|    critic_loss     | 0.0144   |
|    ent_coef        | 0.00253  |
|    ent_coef_loss   | 0.3      |
|    learning_rate   | 0.0003   |
|    n_updates       | 369999   |
---------------------------------
---------------------------------
| rollout/           |          |
|    ep_len_mean     | 200      |
|    ep_rew_mean     | 157      |
|    success_rate    | 0        |
| time/              |          |
|    episodes        | 1904     |
|    fps             | 122      |
|    time_elapsed    | 3109     |
|    total_timesteps | 380800   |
| train/             |          |
|    actor_loss      | -80.1    |
|    critic_loss     | 0.0178   |
|    ent_coef        | 0.00248  |
|    ent_coef_loss   | -1.3     |
|    learning_rate   | 0.0003   |
|    n_updates       | 370799   |
---------------------------------
---------------------------------
| rollout/           |          |
|    ep_len_mean     | 200      |
|    ep_rew_mean     | 157      |
|    success_rate    | 0        |
| time/              |          |
|    episodes        | 1908     |
|    fps             | 122      |
|    time_elapsed    | 3116     |
|    total_timesteps | 381600   |
| train/             |          |
|    actor_loss      | -80      |
|    critic_loss     | 0.0128   |
|    ent_coef        | 0.00246  |
|    ent_coef_loss   | 1.25     |
|    learning_rate   | 0.0003   |
|    n_updates       | 371599   |
---------------------------------
---------------------------------
| rollout/           |          |
|    ep_len_mean     | 200      |
|    ep_rew_mean     | 157      |
|    success_rate    | 0        |
| time/              |          |
|    episodes        | 1912     |
|    fps             | 122      |
|    time_elapsed    | 3124     |
|    total_timesteps | 382400   |
| train/             |          |
|    actor_loss      | -80      |
|    critic_loss     | 0.02     |
|    ent_coef        | 0.00249  |
|    ent_coef_loss   | 1.93     |
|    learning_rate   | 0.0003   |
|    n_updates       | 372399   |
---------------------------------
---------------------------------
| rollout/           |          |
|    ep_len_mean     | 200      |
|    ep_rew_mean     | 157      |
|    success_rate    | 0        |
| time/              |          |
|    episodes        | 1916     |
|    fps             | 122      |
|    time_elapsed    | 3131     |
|    total_timesteps | 383200   |
| train/             |          |
|    actor_loss      | -80.1    |
|    critic_loss     | 0.0145   |
|    ent_coef        | 0.00265  |
|    ent_coef_loss   | -1.02    |
|    learning_rate   | 0.0003   |
|    n_updates       | 373199   |
---------------------------------
---------------------------------
| rollout/           |          |
|    ep_len_mean     | 200      |
|    ep_rew_mean     | 157      |
|    success_rate    | 0        |
| time/              |          |
|    episodes        | 1920     |
|    fps             | 122      |
|    time_elapsed    | 3139     |
|    total_timesteps | 384000   |
| train/             |          |
|    actor_loss      | -80.1    |
|    critic_loss     | 0.0173   |
|    ent_coef        | 0.00253  |
|    ent_coef_loss   | 0.59     |
|    learning_rate   | 0.0003   |
|    n_updates       | 373999   |
---------------------------------
---------------------------------
| rollout/           |          |
|    ep_len_mean     | 200      |
|    ep_rew_mean     | 157      |
|    success_rate    | 0        |
| time/              |          |
|    episodes        | 1924     |
|    fps             | 122      |
|    time_elapsed    | 3146     |
|    total_timesteps | 384800   |
| train/             |          |
|    actor_loss      | -80.1    |
|    critic_loss     | 0.0138   |
|    ent_coef        | 0.00234  |
|    ent_coef_loss   | -4.22    |
|    learning_rate   | 0.0003   |
|    n_updates       | 374799   |
---------------------------------
---------------------------------
| rollout/           |          |
|    ep_len_mean     | 200      |
|    ep_rew_mean     | 157      |
|    success_rate    | 0        |
| time/              |          |
|    episodes        | 1928     |
|    fps             | 122      |
|    time_elapsed    | 3153     |
|    total_timesteps | 385600   |
| train/             |          |
|    actor_loss      | -80.1    |
|    critic_loss     | 0.0201   |
|    ent_coef        | 0.00247  |
|    ent_coef_loss   | -1.74    |
|    learning_rate   | 0.0003   |
|    n_updates       | 375599   |
---------------------------------
---------------------------------
| rollout/           |          |
|    ep_len_mean     | 200      |
|    ep_rew_mean     | 157      |
|    success_rate    | 0        |
| time/              |          |
|    episodes        | 1932     |
|    fps             | 122      |
|    time_elapsed    | 3161     |
|    total_timesteps | 386400   |
| train/             |          |
|    actor_loss      | -79.9    |
|    critic_loss     | 0.0142   |
|    ent_coef        | 0.00251  |
|    ent_coef_loss   | 2.98     |
|    learning_rate   | 0.0003   |
|    n_updates       | 376399   |
---------------------------------
---------------------------------
| rollout/           |          |
|    ep_len_mean     | 200      |
|    ep_rew_mean     | 157      |
|    success_rate    | 0        |
| time/              |          |
|    episodes        | 1936     |
|    fps             | 122      |
|    time_elapsed    | 3168     |
|    total_timesteps | 387200   |
| train/             |          |
|    actor_loss      | -80      |
|    critic_loss     | 0.0207   |
|    ent_coef        | 0.00241  |
|    ent_coef_loss   | 1.14     |
|    learning_rate   | 0.0003   |
|    n_updates       | 377199   |
---------------------------------
---------------------------------
| rollout/           |          |
|    ep_len_mean     | 200      |
|    ep_rew_mean     | 158      |
|    success_rate    | 0        |
| time/              |          |
|    episodes        | 1940     |
|    fps             | 122      |
|    time_elapsed    | 3175     |
|    total_timesteps | 388000   |
| train/             |          |
|    actor_loss      | -79.8    |
|    critic_loss     | 0.0169   |
|    ent_coef        | 0.00243  |
|    ent_coef_loss   | -0.637   |
|    learning_rate   | 0.0003   |
|    n_updates       | 377999   |
---------------------------------
---------------------------------
| rollout/           |          |
|    ep_len_mean     | 200      |
|    ep_rew_mean     | 158      |
|    success_rate    | 0        |
| time/              |          |
|    episodes        | 1944     |
|    fps             | 122      |
|    time_elapsed    | 3183     |
|    total_timesteps | 388800   |
| train/             |          |
|    actor_loss      | -80.2    |
|    critic_loss     | 0.0174   |
|    ent_coef        | 0.00243  |
|    ent_coef_loss   | -1.98    |
|    learning_rate   | 0.0003   |
|    n_updates       | 378799   |
---------------------------------
---------------------------------
| rollout/           |          |
|    ep_len_mean     | 200      |
|    ep_rew_mean     | 158      |
|    success_rate    | 0        |
| time/              |          |
|    episodes        | 1948     |
|    fps             | 122      |
|    time_elapsed    | 3190     |
|    total_timesteps | 389600   |
| train/             |          |
|    actor_loss      | -80.1    |
|    critic_loss     | 0.0243   |
|    ent_coef        | 0.00232  |
|    ent_coef_loss   | 2.19     |
|    learning_rate   | 0.0003   |
|    n_updates       | 379599   |
---------------------------------
---------------------------------
| rollout/           |          |
|    ep_len_mean     | 200      |
|    ep_rew_mean     | 158      |
|    success_rate    | 0        |
| time/              |          |
|    episodes        | 1952     |
|    fps             | 122      |
|    time_elapsed    | 3198     |
|    total_timesteps | 390400   |
| train/             |          |
|    actor_loss      | -80.1    |
|    critic_loss     | 0.0157   |
|    ent_coef        | 0.00242  |
|    ent_coef_loss   | 3.01     |
|    learning_rate   | 0.0003   |
|    n_updates       | 380399   |
---------------------------------
---------------------------------
| rollout/           |          |
|    ep_len_mean     | 200      |
|    ep_rew_mean     | 158      |
|    success_rate    | 0        |
| time/              |          |
|    episodes        | 1956     |
|    fps             | 122      |
|    time_elapsed    | 3205     |
|    total_timesteps | 391200   |
| train/             |          |
|    actor_loss      | -80      |
|    critic_loss     | 0.0111   |
|    ent_coef        | 0.00242  |
|    ent_coef_loss   | 0.78     |
|    learning_rate   | 0.0003   |
|    n_updates       | 381199   |
---------------------------------
---------------------------------
| rollout/           |          |
|    ep_len_mean     | 200      |
|    ep_rew_mean     | 158      |
|    success_rate    | 0        |
| time/              |          |
|    episodes        | 1960     |
|    fps             | 122      |
|    time_elapsed    | 3212     |
|    total_timesteps | 392000   |
| train/             |          |
|    actor_loss      | -80.1    |
|    critic_loss     | 0.0159   |
|    ent_coef        | 0.00235  |
|    ent_coef_loss   | 2.75     |
|    learning_rate   | 0.0003   |
|    n_updates       | 381999   |
---------------------------------
---------------------------------
| rollout/           |          |
|    ep_len_mean     | 200      |
|    ep_rew_mean     | 158      |
|    success_rate    | 0        |
| time/              |          |
|    episodes        | 1964     |
|    fps             | 121      |
|    time_elapsed    | 3220     |
|    total_timesteps | 392800   |
| train/             |          |
|    actor_loss      | -80.2    |
|    critic_loss     | 0.017    |
|    ent_coef        | 0.00234  |
|    ent_coef_loss   | -0.229   |
|    learning_rate   | 0.0003   |
|    n_updates       | 382799   |
---------------------------------
---------------------------------
| rollout/           |          |
|    ep_len_mean     | 200      |
|    ep_rew_mean     | 159      |
|    success_rate    | 0        |
| time/              |          |
|    episodes        | 1968     |
|    fps             | 121      |
|    time_elapsed    | 3227     |
|    total_timesteps | 393600   |
| train/             |          |
|    actor_loss      | -80.1    |
|    critic_loss     | 0.0114   |
|    ent_coef        | 0.00233  |
|    ent_coef_loss   | 2.07     |
|    learning_rate   | 0.0003   |
|    n_updates       | 383599   |
---------------------------------
---------------------------------
| rollout/           |          |
|    ep_len_mean     | 200      |
|    ep_rew_mean     | 159      |
|    success_rate    | 0        |
| time/              |          |
|    episodes        | 1972     |
|    fps             | 121      |
|    time_elapsed    | 3235     |
|    total_timesteps | 394400   |
| train/             |          |
|    actor_loss      | -80.4    |
|    critic_loss     | 0.0131   |
|    ent_coef        | 0.00236  |
|    ent_coef_loss   | 0.529    |
|    learning_rate   | 0.0003   |
|    n_updates       | 384399   |
---------------------------------
---------------------------------
| rollout/           |          |
|    ep_len_mean     | 200      |
|    ep_rew_mean     | 159      |
|    success_rate    | 0        |
| time/              |          |
|    episodes        | 1976     |
|    fps             | 121      |
|    time_elapsed    | 3242     |
|    total_timesteps | 395200   |
| train/             |          |
|    actor_loss      | -80.1    |
|    critic_loss     | 0.0173   |
|    ent_coef        | 0.00241  |
|    ent_coef_loss   | -3.44    |
|    learning_rate   | 0.0003   |
|    n_updates       | 385199   |
---------------------------------
---------------------------------
| rollout/           |          |
|    ep_len_mean     | 200      |
|    ep_rew_mean     | 159      |
|    success_rate    | 0        |
| time/              |          |
|    episodes        | 1980     |
|    fps             | 121      |
|    time_elapsed    | 3249     |
|    total_timesteps | 396000   |
| train/             |          |
|    actor_loss      | -80      |
|    critic_loss     | 0.0139   |
|    ent_coef        | 0.00229  |
|    ent_coef_loss   | 0.593    |
|    learning_rate   | 0.0003   |
|    n_updates       | 385999   |
---------------------------------
---------------------------------
| rollout/           |          |
|    ep_len_mean     | 200      |
|    ep_rew_mean     | 159      |
|    success_rate    | 0        |
| time/              |          |
|    episodes        | 1984     |
|    fps             | 121      |
|    time_elapsed    | 3257     |
|    total_timesteps | 396800   |
| train/             |          |
|    actor_loss      | -80.1    |
|    critic_loss     | 0.0211   |
|    ent_coef        | 0.00212  |
|    ent_coef_loss   | -2.29    |
|    learning_rate   | 0.0003   |
|    n_updates       | 386799   |
---------------------------------
---------------------------------
| rollout/           |          |
|    ep_len_mean     | 200      |
|    ep_rew_mean     | 159      |
|    success_rate    | 0        |
| time/              |          |
|    episodes        | 1988     |
|    fps             | 121      |
|    time_elapsed    | 3264     |
|    total_timesteps | 397600   |
| train/             |          |
|    actor_loss      | -80.1    |
|    critic_loss     | 0.015    |
|    ent_coef        | 0.00224  |
|    ent_coef_loss   | 0.0841   |
|    learning_rate   | 0.0003   |
|    n_updates       | 387599   |
---------------------------------
---------------------------------
| rollout/           |          |
|    ep_len_mean     | 200      |
|    ep_rew_mean     | 159      |
|    success_rate    | 0        |
| time/              |          |
|    episodes        | 1992     |
|    fps             | 121      |
|    time_elapsed    | 3271     |
|    total_timesteps | 398400   |
| train/             |          |
|    actor_loss      | -80.1    |
|    critic_loss     | 0.0162   |
|    ent_coef        | 0.00225  |
|    ent_coef_loss   | -2.08    |
|    learning_rate   | 0.0003   |
|    n_updates       | 388399   |
---------------------------------
---------------------------------
| rollout/           |          |
|    ep_len_mean     | 200      |
|    ep_rew_mean     | 159      |
|    success_rate    | 0        |
| time/              |          |
|    episodes        | 1996     |
|    fps             | 121      |
|    time_elapsed    | 3279     |
|    total_timesteps | 399200   |
| train/             |          |
|    actor_loss      | -80      |
|    critic_loss     | 0.0219   |
|    ent_coef        | 0.00239  |
|    ent_coef_loss   | 0.0667   |
|    learning_rate   | 0.0003   |
|    n_updates       | 389199   |
---------------------------------
Eval num_timesteps=400000, episode_reward=158.59 +/- 0.00
Episode length: 200.00 +/- 0.00
Success rate: 0.00%
---------------------------------
| eval/              |          |
|    mean_ep_length  | 200      |
|    mean_reward     | 159      |
|    success_rate    | 0        |
| time/              |          |
|    total_timesteps | 400000   |
| train/             |          |
|    actor_loss      | -80.3    |
|    critic_loss     | 0.0117   |
|    ent_coef        | 0.00228  |
|    ent_coef_loss   | -1.64    |
|    learning_rate   | 0.0003   |
|    n_updates       | 389999   |
---------------------------------
---------------------------------
| rollout/           |          |
|    ep_len_mean     | 200      |
|    ep_rew_mean     | 159      |
|    success_rate    | 0        |
| time/              |          |
|    episodes        | 2000     |
|    fps             | 121      |
|    time_elapsed    | 3288     |
|    total_timesteps | 400000   |
---------------------------------
---------------------------------
| rollout/           |          |
|    ep_len_mean     | 200      |
|    ep_rew_mean     | 159      |
|    success_rate    | 0        |
| time/              |          |
|    episodes        | 2004     |
|    fps             | 121      |
|    time_elapsed    | 3295     |
|    total_timesteps | 400800   |
| train/             |          |
|    actor_loss      | -80.1    |
|    critic_loss     | 0.00932  |
|    ent_coef        | 0.00226  |
|    ent_coef_loss   | -0.848   |
|    learning_rate   | 0.0003   |
|    n_updates       | 390799   |
---------------------------------
---------------------------------
| rollout/           |          |
|    ep_len_mean     | 200      |
|    ep_rew_mean     | 159      |
|    success_rate    | 0        |
| time/              |          |
|    episodes        | 2008     |
|    fps             | 121      |
|    time_elapsed    | 3303     |
|    total_timesteps | 401600   |
| train/             |          |
|    actor_loss      | -80.2    |
|    critic_loss     | 0.00984  |
|    ent_coef        | 0.00233  |
|    ent_coef_loss   | -1.16    |
|    learning_rate   | 0.0003   |
|    n_updates       | 391599   |
---------------------------------
---------------------------------
| rollout/           |          |
|    ep_len_mean     | 200      |
|    ep_rew_mean     | 159      |
|    success_rate    | 0        |
| time/              |          |
|    episodes        | 2012     |
|    fps             | 121      |
|    time_elapsed    | 3310     |
|    total_timesteps | 402400   |
| train/             |          |
|    actor_loss      | -80.1    |
|    critic_loss     | 0.0111   |
|    ent_coef        | 0.00213  |
|    ent_coef_loss   | 1.44     |
|    learning_rate   | 0.0003   |
|    n_updates       | 392399   |
---------------------------------
---------------------------------
| rollout/           |          |
|    ep_len_mean     | 200      |
|    ep_rew_mean     | 159      |
|    success_rate    | 0        |
| time/              |          |
|    episodes        | 2016     |
|    fps             | 121      |
|    time_elapsed    | 3317     |
|    total_timesteps | 403200   |
| train/             |          |
|    actor_loss      | -80.2    |
|    critic_loss     | 0.0178   |
|    ent_coef        | 0.00212  |
|    ent_coef_loss   | -3.45    |
|    learning_rate   | 0.0003   |
|    n_updates       | 393199   |
---------------------------------
---------------------------------
| rollout/           |          |
|    ep_len_mean     | 200      |
|    ep_rew_mean     | 159      |
|    success_rate    | 0        |
| time/              |          |
|    episodes        | 2020     |
|    fps             | 121      |
|    time_elapsed    | 3325     |
|    total_timesteps | 404000   |
| train/             |          |
|    actor_loss      | -80.2    |
|    critic_loss     | 0.026    |
|    ent_coef        | 0.00212  |
|    ent_coef_loss   | 1.02     |
|    learning_rate   | 0.0003   |
|    n_updates       | 393999   |
---------------------------------
---------------------------------
| rollout/           |          |
|    ep_len_mean     | 200      |
|    ep_rew_mean     | 159      |
|    success_rate    | 0        |
| time/              |          |
|    episodes        | 2024     |
|    fps             | 121      |
|    time_elapsed    | 3332     |
|    total_timesteps | 404800   |
| train/             |          |
|    actor_loss      | -79.9    |
|    critic_loss     | 0.0275   |
|    ent_coef        | 0.00215  |
|    ent_coef_loss   | 1.46     |
|    learning_rate   | 0.0003   |
|    n_updates       | 394799   |
---------------------------------
---------------------------------
| rollout/           |          |
|    ep_len_mean     | 200      |
|    ep_rew_mean     | 159      |
|    success_rate    | 0        |
| time/              |          |
|    episodes        | 2028     |
|    fps             | 121      |
|    time_elapsed    | 3340     |
|    total_timesteps | 405600   |
| train/             |          |
|    actor_loss      | -80.3    |
|    critic_loss     | 0.0119   |
|    ent_coef        | 0.0022   |
|    ent_coef_loss   | -2.35    |
|    learning_rate   | 0.0003   |
|    n_updates       | 395599   |
---------------------------------
---------------------------------
| rollout/           |          |
|    ep_len_mean     | 200      |
|    ep_rew_mean     | 159      |
|    success_rate    | 0        |
| time/              |          |
|    episodes        | 2032     |
|    fps             | 121      |
|    time_elapsed    | 3347     |
|    total_timesteps | 406400   |
| train/             |          |
|    actor_loss      | -80      |
|    critic_loss     | 0.0127   |
|    ent_coef        | 0.00214  |
|    ent_coef_loss   | 1.16     |
|    learning_rate   | 0.0003   |
|    n_updates       | 396399   |
---------------------------------
---------------------------------
| rollout/           |          |
|    ep_len_mean     | 200      |
|    ep_rew_mean     | 159      |
|    success_rate    | 0        |
| time/              |          |
|    episodes        | 2036     |
|    fps             | 121      |
|    time_elapsed    | 3354     |
|    total_timesteps | 407200   |
| train/             |          |
|    actor_loss      | -80.1    |
|    critic_loss     | 0.0139   |
|    ent_coef        | 0.00209  |
|    ent_coef_loss   | -3.59    |
|    learning_rate   | 0.0003   |
|    n_updates       | 397199   |
---------------------------------
---------------------------------
| rollout/           |          |
|    ep_len_mean     | 200      |
|    ep_rew_mean     | 159      |
|    success_rate    | 0        |
| time/              |          |
|    episodes        | 2040     |
|    fps             | 121      |
|    time_elapsed    | 3362     |
|    total_timesteps | 408000   |
| train/             |          |
|    actor_loss      | -79.8    |
|    critic_loss     | 0.0185   |
|    ent_coef        | 0.00205  |
|    ent_coef_loss   | 0.823    |
|    learning_rate   | 0.0003   |
|    n_updates       | 397999   |
---------------------------------
---------------------------------
| rollout/           |          |
|    ep_len_mean     | 200      |
|    ep_rew_mean     | 159      |
|    success_rate    | 0        |
| time/              |          |
|    episodes        | 2044     |
|    fps             | 121      |
|    time_elapsed    | 3369     |
|    total_timesteps | 408800   |
| train/             |          |
|    actor_loss      | -80.4    |
|    critic_loss     | 0.0117   |
|    ent_coef        | 0.00212  |
|    ent_coef_loss   | -4.54    |
|    learning_rate   | 0.0003   |
|    n_updates       | 398799   |
---------------------------------
---------------------------------
| rollout/           |          |
|    ep_len_mean     | 200      |
|    ep_rew_mean     | 159      |
|    success_rate    | 0        |
| time/              |          |
|    episodes        | 2048     |
|    fps             | 121      |
|    time_elapsed    | 3377     |
|    total_timesteps | 409600   |
| train/             |          |
|    actor_loss      | -80.2    |
|    critic_loss     | 0.0172   |
|    ent_coef        | 0.00211  |
|    ent_coef_loss   | -2.77    |
|    learning_rate   | 0.0003   |
|    n_updates       | 399599   |
---------------------------------
---------------------------------
| rollout/           |          |
|    ep_len_mean     | 200      |
|    ep_rew_mean     | 159      |
|    success_rate    | 0        |
| time/              |          |
|    episodes        | 2052     |
|    fps             | 121      |
|    time_elapsed    | 3384     |
|    total_timesteps | 410400   |
| train/             |          |
|    actor_loss      | -80.3    |
|    critic_loss     | 0.0207   |
|    ent_coef        | 0.00216  |
|    ent_coef_loss   | -3.04    |
|    learning_rate   | 0.0003   |
|    n_updates       | 400399   |
---------------------------------
---------------------------------
| rollout/           |          |
|    ep_len_mean     | 200      |
|    ep_rew_mean     | 159      |
|    success_rate    | 0        |
| time/              |          |
|    episodes        | 2056     |
|    fps             | 121      |
|    time_elapsed    | 3392     |
|    total_timesteps | 411200   |
| train/             |          |
|    actor_loss      | -80.4    |
|    critic_loss     | 0.0114   |
|    ent_coef        | 0.00195  |
|    ent_coef_loss   | -3.03    |
|    learning_rate   | 0.0003   |
|    n_updates       | 401199   |
---------------------------------
---------------------------------
| rollout/           |          |
|    ep_len_mean     | 200      |
|    ep_rew_mean     | 159      |
|    success_rate    | 0        |
| time/              |          |
|    episodes        | 2060     |
|    fps             | 121      |
|    time_elapsed    | 3399     |
|    total_timesteps | 412000   |
| train/             |          |
|    actor_loss      | -80.1    |
|    critic_loss     | 0.0184   |
|    ent_coef        | 0.00193  |
|    ent_coef_loss   | -1.38    |
|    learning_rate   | 0.0003   |
|    n_updates       | 401999   |
---------------------------------
---------------------------------
| rollout/           |          |
|    ep_len_mean     | 200      |
|    ep_rew_mean     | 159      |
|    success_rate    | 0        |
| time/              |          |
|    episodes        | 2064     |
|    fps             | 121      |
|    time_elapsed    | 3407     |
|    total_timesteps | 412800   |
| train/             |          |
|    actor_loss      | -80.2    |
|    critic_loss     | 0.0107   |
|    ent_coef        | 0.00203  |
|    ent_coef_loss   | 0.856    |
|    learning_rate   | 0.0003   |
|    n_updates       | 402799   |
---------------------------------
---------------------------------
| rollout/           |          |
|    ep_len_mean     | 200      |
|    ep_rew_mean     | 159      |
|    success_rate    | 0        |
| time/              |          |
|    episodes        | 2068     |
|    fps             | 121      |
|    time_elapsed    | 3414     |
|    total_timesteps | 413600   |
| train/             |          |
|    actor_loss      | -80.5    |
|    critic_loss     | 0.0127   |
|    ent_coef        | 0.00213  |
|    ent_coef_loss   | 1.98     |
|    learning_rate   | 0.0003   |
|    n_updates       | 403599   |
---------------------------------
---------------------------------
| rollout/           |          |
|    ep_len_mean     | 200      |
|    ep_rew_mean     | 159      |
|    success_rate    | 0        |
| time/              |          |
|    episodes        | 2072     |
|    fps             | 121      |
|    time_elapsed    | 3421     |
|    total_timesteps | 414400   |
| train/             |          |
|    actor_loss      | -80.3    |
|    critic_loss     | 0.0192   |
|    ent_coef        | 0.00217  |
|    ent_coef_loss   | -2.67    |
|    learning_rate   | 0.0003   |
|    n_updates       | 404399   |
---------------------------------
---------------------------------
| rollout/           |          |
|    ep_len_mean     | 200      |
|    ep_rew_mean     | 159      |
|    success_rate    | 0        |
| time/              |          |
|    episodes        | 2076     |
|    fps             | 121      |
|    time_elapsed    | 3429     |
|    total_timesteps | 415200   |
| train/             |          |
|    actor_loss      | -80.2    |
|    critic_loss     | 0.021    |
|    ent_coef        | 0.00209  |
|    ent_coef_loss   | 1.3      |
|    learning_rate   | 0.0003   |
|    n_updates       | 405199   |
---------------------------------
---------------------------------
| rollout/           |          |
|    ep_len_mean     | 200      |
|    ep_rew_mean     | 159      |
|    success_rate    | 0        |
| time/              |          |
|    episodes        | 2080     |
|    fps             | 121      |
|    time_elapsed    | 3436     |
|    total_timesteps | 416000   |
| train/             |          |
|    actor_loss      | -80.2    |
|    critic_loss     | 0.0107   |
|    ent_coef        | 0.0022   |
|    ent_coef_loss   | -1.07    |
|    learning_rate   | 0.0003   |
|    n_updates       | 405999   |
---------------------------------
---------------------------------
| rollout/           |          |
|    ep_len_mean     | 200      |
|    ep_rew_mean     | 158      |
|    success_rate    | 0        |
| time/              |          |
|    episodes        | 2084     |
|    fps             | 121      |
|    time_elapsed    | 3443     |
|    total_timesteps | 416800   |
| train/             |          |
|    actor_loss      | -80.2    |
|    critic_loss     | 0.0134   |
|    ent_coef        | 0.0022   |
|    ent_coef_loss   | -2.85    |
|    learning_rate   | 0.0003   |
|    n_updates       | 406799   |
---------------------------------
---------------------------------
| rollout/           |          |
|    ep_len_mean     | 200      |
|    ep_rew_mean     | 158      |
|    success_rate    | 0        |
| time/              |          |
|    episodes        | 2088     |
|    fps             | 121      |
|    time_elapsed    | 3451     |
|    total_timesteps | 417600   |
| train/             |          |
|    actor_loss      | -80.3    |
|    critic_loss     | 0.0158   |
|    ent_coef        | 0.00207  |
|    ent_coef_loss   | 1.06     |
|    learning_rate   | 0.0003   |
|    n_updates       | 407599   |
---------------------------------
---------------------------------
| rollout/           |          |
|    ep_len_mean     | 200      |
|    ep_rew_mean     | 158      |
|    success_rate    | 0        |
| time/              |          |
|    episodes        | 2092     |
|    fps             | 120      |
|    time_elapsed    | 3458     |
|    total_timesteps | 418400   |
| train/             |          |
|    actor_loss      | -80.4    |
|    critic_loss     | 0.00787  |
|    ent_coef        | 0.00223  |
|    ent_coef_loss   | -0.295   |
|    learning_rate   | 0.0003   |
|    n_updates       | 408399   |
---------------------------------
---------------------------------
| rollout/           |          |
|    ep_len_mean     | 200      |
|    ep_rew_mean     | 158      |
|    success_rate    | 0        |
| time/              |          |
|    episodes        | 2096     |
|    fps             | 120      |
|    time_elapsed    | 3466     |
|    total_timesteps | 419200   |
| train/             |          |
|    actor_loss      | -80.5    |
|    critic_loss     | 0.00435  |
|    ent_coef        | 0.00212  |
|    ent_coef_loss   | -3.52    |
|    learning_rate   | 0.0003   |
|    n_updates       | 409199   |
---------------------------------
---------------------------------
| rollout/           |          |
|    ep_len_mean     | 200      |
|    ep_rew_mean     | 158      |
|    success_rate    | 0        |
| time/              |          |
|    episodes        | 2100     |
|    fps             | 120      |
|    time_elapsed    | 3473     |
|    total_timesteps | 420000   |
| train/             |          |
|    actor_loss      | -80.3    |
|    critic_loss     | 0.0114   |
|    ent_coef        | 0.0021   |
|    ent_coef_loss   | -1.94    |
|    learning_rate   | 0.0003   |
|    n_updates       | 409999   |
---------------------------------
---------------------------------
| rollout/           |          |
|    ep_len_mean     | 200      |
|    ep_rew_mean     | 158      |
|    success_rate    | 0        |
| time/              |          |
|    episodes        | 2104     |
|    fps             | 120      |
|    time_elapsed    | 3481     |
|    total_timesteps | 420800   |
| train/             |          |
|    actor_loss      | -80.3    |
|    critic_loss     | 0.01     |
|    ent_coef        | 0.00206  |
|    ent_coef_loss   | -0.85    |
|    learning_rate   | 0.0003   |
|    n_updates       | 410799   |
---------------------------------
---------------------------------
| rollout/           |          |
|    ep_len_mean     | 200      |
|    ep_rew_mean     | 158      |
|    success_rate    | 0        |
| time/              |          |
|    episodes        | 2108     |
|    fps             | 120      |
|    time_elapsed    | 3488     |
|    total_timesteps | 421600   |
| train/             |          |
|    actor_loss      | -80.5    |
|    critic_loss     | 0.0128   |
|    ent_coef        | 0.00212  |
|    ent_coef_loss   | 2.25     |
|    learning_rate   | 0.0003   |
|    n_updates       | 411599   |
---------------------------------
---------------------------------
| rollout/           |          |
|    ep_len_mean     | 200      |
|    ep_rew_mean     | 158      |
|    success_rate    | 0        |
| time/              |          |
|    episodes        | 2112     |
|    fps             | 120      |
|    time_elapsed    | 3495     |
|    total_timesteps | 422400   |
| train/             |          |
|    actor_loss      | -80.3    |
|    critic_loss     | 0.0135   |
|    ent_coef        | 0.0021   |
|    ent_coef_loss   | -0.836   |
|    learning_rate   | 0.0003   |
|    n_updates       | 412399   |
---------------------------------
---------------------------------
| rollout/           |          |
|    ep_len_mean     | 200      |
|    ep_rew_mean     | 158      |
|    success_rate    | 0        |
| time/              |          |
|    episodes        | 2116     |
|    fps             | 120      |
|    time_elapsed    | 3503     |
|    total_timesteps | 423200   |
| train/             |          |
|    actor_loss      | -80      |
|    critic_loss     | 0.0257   |
|    ent_coef        | 0.00222  |
|    ent_coef_loss   | -0.741   |
|    learning_rate   | 0.0003   |
|    n_updates       | 413199   |
---------------------------------
---------------------------------
| rollout/           |          |
|    ep_len_mean     | 200      |
|    ep_rew_mean     | 158      |
|    success_rate    | 0        |
| time/              |          |
|    episodes        | 2120     |
|    fps             | 120      |
|    time_elapsed    | 3510     |
|    total_timesteps | 424000   |
| train/             |          |
|    actor_loss      | -80.5    |
|    critic_loss     | 0.0117   |
|    ent_coef        | 0.00218  |
|    ent_coef_loss   | -0.0645  |
|    learning_rate   | 0.0003   |
|    n_updates       | 413999   |
---------------------------------
---------------------------------
| rollout/           |          |
|    ep_len_mean     | 200      |
|    ep_rew_mean     | 158      |
|    success_rate    | 0        |
| time/              |          |
|    episodes        | 2124     |
|    fps             | 120      |
|    time_elapsed    | 3517     |
|    total_timesteps | 424800   |
| train/             |          |
|    actor_loss      | -80.4    |
|    critic_loss     | 0.01     |
|    ent_coef        | 0.00225  |
|    ent_coef_loss   | -0.328   |
|    learning_rate   | 0.0003   |
|    n_updates       | 414799   |
---------------------------------
Eval num_timesteps=425000, episode_reward=160.53 +/- 0.00
Episode length: 200.00 +/- 0.00
Success rate: 0.00%
---------------------------------
| eval/              |          |
|    mean_ep_length  | 200      |
|    mean_reward     | 161      |
|    success_rate    | 0        |
| time/              |          |
|    total_timesteps | 425000   |
| train/             |          |
|    actor_loss      | -80.3    |
|    critic_loss     | 0.0138   |
|    ent_coef        | 0.00225  |
|    ent_coef_loss   | -2.7     |
|    learning_rate   | 0.0003   |
|    n_updates       | 414999   |
---------------------------------
---------------------------------
| rollout/           |          |
|    ep_len_mean     | 200      |
|    ep_rew_mean     | 158      |
|    success_rate    | 0        |
| time/              |          |
|    episodes        | 2128     |
|    fps             | 120      |
|    time_elapsed    | 3527     |
|    total_timesteps | 425600   |
| train/             |          |
|    actor_loss      | -80.1    |
|    critic_loss     | 0.0224   |
|    ent_coef        | 0.00226  |
|    ent_coef_loss   | 1.65     |
|    learning_rate   | 0.0003   |
|    n_updates       | 415599   |
---------------------------------
---------------------------------
| rollout/           |          |
|    ep_len_mean     | 200      |
|    ep_rew_mean     | 158      |
|    success_rate    | 0        |
| time/              |          |
|    episodes        | 2132     |
|    fps             | 120      |
|    time_elapsed    | 3534     |
|    total_timesteps | 426400   |
| train/             |          |
|    actor_loss      | -80.3    |
|    critic_loss     | 0.0156   |
|    ent_coef        | 0.00223  |
|    ent_coef_loss   | 0.0834   |
|    learning_rate   | 0.0003   |
|    n_updates       | 416399   |
---------------------------------
---------------------------------
| rollout/           |          |
|    ep_len_mean     | 200      |
|    ep_rew_mean     | 158      |
|    success_rate    | 0        |
| time/              |          |
|    episodes        | 2136     |
|    fps             | 120      |
|    time_elapsed    | 3541     |
|    total_timesteps | 427200   |
| train/             |          |
|    actor_loss      | -80.5    |
|    critic_loss     | 0.00707  |
|    ent_coef        | 0.00218  |
|    ent_coef_loss   | -1.37    |
|    learning_rate   | 0.0003   |
|    n_updates       | 417199   |
---------------------------------
---------------------------------
| rollout/           |          |
|    ep_len_mean     | 200      |
|    ep_rew_mean     | 158      |
|    success_rate    | 0        |
| time/              |          |
|    episodes        | 2140     |
|    fps             | 120      |
|    time_elapsed    | 3549     |
|    total_timesteps | 428000   |
| train/             |          |
|    actor_loss      | -80.5    |
|    critic_loss     | 0.0134   |
|    ent_coef        | 0.00217  |
|    ent_coef_loss   | -3.22    |
|    learning_rate   | 0.0003   |
|    n_updates       | 417999   |
---------------------------------
---------------------------------
| rollout/           |          |
|    ep_len_mean     | 200      |
|    ep_rew_mean     | 158      |
|    success_rate    | 0        |
| time/              |          |
|    episodes        | 2144     |
|    fps             | 120      |
|    time_elapsed    | 3556     |
|    total_timesteps | 428800   |
| train/             |          |
|    actor_loss      | -80.3    |
|    critic_loss     | 0.0122   |
|    ent_coef        | 0.00217  |
|    ent_coef_loss   | -1.16    |
|    learning_rate   | 0.0003   |
|    n_updates       | 418799   |
---------------------------------
---------------------------------
| rollout/           |          |
|    ep_len_mean     | 200      |
|    ep_rew_mean     | 158      |
|    success_rate    | 0        |
| time/              |          |
|    episodes        | 2148     |
|    fps             | 120      |
|    time_elapsed    | 3564     |
|    total_timesteps | 429600   |
| train/             |          |
|    actor_loss      | -80.3    |
|    critic_loss     | 0.0182   |
|    ent_coef        | 0.0022   |
|    ent_coef_loss   | 1.72     |
|    learning_rate   | 0.0003   |
|    n_updates       | 419599   |
---------------------------------
---------------------------------
| rollout/           |          |
|    ep_len_mean     | 200      |
|    ep_rew_mean     | 157      |
|    success_rate    | 0        |
| time/              |          |
|    episodes        | 2152     |
|    fps             | 120      |
|    time_elapsed    | 3571     |
|    total_timesteps | 430400   |
| train/             |          |
|    actor_loss      | -80.4    |
|    critic_loss     | 0.0142   |
|    ent_coef        | 0.00218  |
|    ent_coef_loss   | -2.08    |
|    learning_rate   | 0.0003   |
|    n_updates       | 420399   |
---------------------------------
---------------------------------
| rollout/           |          |
|    ep_len_mean     | 200      |
|    ep_rew_mean     | 157      |
|    success_rate    | 0        |
| time/              |          |
|    episodes        | 2156     |
|    fps             | 120      |
|    time_elapsed    | 3579     |
|    total_timesteps | 431200   |
| train/             |          |
|    actor_loss      | -80.5    |
|    critic_loss     | 0.0132   |
|    ent_coef        | 0.00216  |
|    ent_coef_loss   | -1.79    |
|    learning_rate   | 0.0003   |
|    n_updates       | 421199   |
---------------------------------
---------------------------------
| rollout/           |          |
|    ep_len_mean     | 200      |
|    ep_rew_mean     | 157      |
|    success_rate    | 0        |
| time/              |          |
|    episodes        | 2160     |
|    fps             | 120      |
|    time_elapsed    | 3586     |
|    total_timesteps | 432000   |
| train/             |          |
|    actor_loss      | -80.2    |
|    critic_loss     | 0.027    |
|    ent_coef        | 0.00215  |
|    ent_coef_loss   | -3.43    |
|    learning_rate   | 0.0003   |
|    n_updates       | 421999   |
---------------------------------
---------------------------------
| rollout/           |          |
|    ep_len_mean     | 200      |
|    ep_rew_mean     | 157      |
|    success_rate    | 0        |
| time/              |          |
|    episodes        | 2164     |
|    fps             | 120      |
|    time_elapsed    | 3593     |
|    total_timesteps | 432800   |
| train/             |          |
|    actor_loss      | -80.4    |
|    critic_loss     | 0.0149   |
|    ent_coef        | 0.00208  |
|    ent_coef_loss   | -5.32    |
|    learning_rate   | 0.0003   |
|    n_updates       | 422799   |
---------------------------------
---------------------------------
| rollout/           |          |
|    ep_len_mean     | 200      |
|    ep_rew_mean     | 157      |
|    success_rate    | 0        |
| time/              |          |
|    episodes        | 2168     |
|    fps             | 120      |
|    time_elapsed    | 3601     |
|    total_timesteps | 433600   |
| train/             |          |
|    actor_loss      | -80.2    |
|    critic_loss     | 0.0134   |
|    ent_coef        | 0.002    |
|    ent_coef_loss   | 1.4      |
|    learning_rate   | 0.0003   |
|    n_updates       | 423599   |
---------------------------------
---------------------------------
| rollout/           |          |
|    ep_len_mean     | 200      |
|    ep_rew_mean     | 157      |
|    success_rate    | 0        |
| time/              |          |
|    episodes        | 2172     |
|    fps             | 120      |
|    time_elapsed    | 3608     |
|    total_timesteps | 434400   |
| train/             |          |
|    actor_loss      | -80.1    |
|    critic_loss     | 0.0177   |
|    ent_coef        | 0.00189  |
|    ent_coef_loss   | 0.29     |
|    learning_rate   | 0.0003   |
|    n_updates       | 424399   |
---------------------------------
---------------------------------
| rollout/           |          |
|    ep_len_mean     | 200      |
|    ep_rew_mean     | 157      |
|    success_rate    | 0        |
| time/              |          |
|    episodes        | 2176     |
|    fps             | 120      |
|    time_elapsed    | 3616     |
|    total_timesteps | 435200   |
| train/             |          |
|    actor_loss      | -80.4    |
|    critic_loss     | 0.0116   |
|    ent_coef        | 0.00194  |
|    ent_coef_loss   | 2.79     |
|    learning_rate   | 0.0003   |
|    n_updates       | 425199   |
---------------------------------
---------------------------------
| rollout/           |          |
|    ep_len_mean     | 200      |
|    ep_rew_mean     | 157      |
|    success_rate    | 0        |
| time/              |          |
|    episodes        | 2180     |
|    fps             | 120      |
|    time_elapsed    | 3623     |
|    total_timesteps | 436000   |
| train/             |          |
|    actor_loss      | -80.4    |
|    critic_loss     | 0.0163   |
|    ent_coef        | 0.00189  |
|    ent_coef_loss   | -1.85    |
|    learning_rate   | 0.0003   |
|    n_updates       | 425999   |
---------------------------------
---------------------------------
| rollout/           |          |
|    ep_len_mean     | 200      |
|    ep_rew_mean     | 157      |
|    success_rate    | 0        |
| time/              |          |
|    episodes        | 2184     |
|    fps             | 120      |
|    time_elapsed    | 3631     |
|    total_timesteps | 436800   |
| train/             |          |
|    actor_loss      | -80.4    |
|    critic_loss     | 0.0219   |
|    ent_coef        | 0.00187  |
|    ent_coef_loss   | -3.79    |
|    learning_rate   | 0.0003   |
|    n_updates       | 426799   |
---------------------------------
---------------------------------
| rollout/           |          |
|    ep_len_mean     | 200      |
|    ep_rew_mean     | 157      |
|    success_rate    | 0        |
| time/              |          |
|    episodes        | 2188     |
|    fps             | 120      |
|    time_elapsed    | 3638     |
|    total_timesteps | 437600   |
| train/             |          |
|    actor_loss      | -80      |
|    critic_loss     | 0.0189   |
|    ent_coef        | 0.00187  |
|    ent_coef_loss   | 4.31     |
|    learning_rate   | 0.0003   |
|    n_updates       | 427599   |
---------------------------------
---------------------------------
| rollout/           |          |
|    ep_len_mean     | 200      |
|    ep_rew_mean     | 157      |
|    success_rate    | 0        |
| time/              |          |
|    episodes        | 2192     |
|    fps             | 120      |
|    time_elapsed    | 3645     |
|    total_timesteps | 438400   |
| train/             |          |
|    actor_loss      | -80.4    |
|    critic_loss     | 0.0178   |
|    ent_coef        | 0.00192  |
|    ent_coef_loss   | -2.9     |
|    learning_rate   | 0.0003   |
|    n_updates       | 428399   |
---------------------------------
---------------------------------
| rollout/           |          |
|    ep_len_mean     | 200      |
|    ep_rew_mean     | 157      |
|    success_rate    | 0        |
| time/              |          |
|    episodes        | 2196     |
|    fps             | 120      |
|    time_elapsed    | 3653     |
|    total_timesteps | 439200   |
| train/             |          |
|    actor_loss      | -80.4    |
|    critic_loss     | 0.0141   |
|    ent_coef        | 0.00202  |
|    ent_coef_loss   | -3.68    |
|    learning_rate   | 0.0003   |
|    n_updates       | 429199   |
---------------------------------
---------------------------------
| rollout/           |          |
|    ep_len_mean     | 200      |
|    ep_rew_mean     | 156      |
|    success_rate    | 0        |
| time/              |          |
|    episodes        | 2200     |
|    fps             | 120      |
|    time_elapsed    | 3660     |
|    total_timesteps | 440000   |
| train/             |          |
|    actor_loss      | -80.3    |
|    critic_loss     | 0.0145   |
|    ent_coef        | 0.00186  |
|    ent_coef_loss   | -1.5     |
|    learning_rate   | 0.0003   |
|    n_updates       | 429999   |
---------------------------------
---------------------------------
| rollout/           |          |
|    ep_len_mean     | 200      |
|    ep_rew_mean     | 156      |
|    success_rate    | 0        |
| time/              |          |
|    episodes        | 2204     |
|    fps             | 120      |
|    time_elapsed    | 3668     |
|    total_timesteps | 440800   |
| train/             |          |
|    actor_loss      | -80.3    |
|    critic_loss     | 0.00731  |
|    ent_coef        | 0.00178  |
|    ent_coef_loss   | 3.46     |
|    learning_rate   | 0.0003   |
|    n_updates       | 430799   |
---------------------------------
---------------------------------
| rollout/           |          |
|    ep_len_mean     | 200      |
|    ep_rew_mean     | 156      |
|    success_rate    | 0        |
| time/              |          |
|    episodes        | 2208     |
|    fps             | 120      |
|    time_elapsed    | 3675     |
|    total_timesteps | 441600   |
| train/             |          |
|    actor_loss      | -80.3    |
|    critic_loss     | 0.0126   |
|    ent_coef        | 0.00175  |
|    ent_coef_loss   | 0.248    |
|    learning_rate   | 0.0003   |
|    n_updates       | 431599   |
---------------------------------
---------------------------------
| rollout/           |          |
|    ep_len_mean     | 200      |
|    ep_rew_mean     | 156      |
|    success_rate    | 0        |
| time/              |          |
|    episodes        | 2212     |
|    fps             | 120      |
|    time_elapsed    | 3682     |
|    total_timesteps | 442400   |
| train/             |          |
|    actor_loss      | -80.6    |
|    critic_loss     | 0.00584  |
|    ent_coef        | 0.00171  |
|    ent_coef_loss   | -4.97    |
|    learning_rate   | 0.0003   |
|    n_updates       | 432399   |
---------------------------------
---------------------------------
| rollout/           |          |
|    ep_len_mean     | 200      |
|    ep_rew_mean     | 156      |
|    success_rate    | 0        |
| time/              |          |
|    episodes        | 2216     |
|    fps             | 120      |
|    time_elapsed    | 3690     |
|    total_timesteps | 443200   |
| train/             |          |
|    actor_loss      | -80.4    |
|    critic_loss     | 0.0137   |
|    ent_coef        | 0.00165  |
|    ent_coef_loss   | 4.07     |
|    learning_rate   | 0.0003   |
|    n_updates       | 433199   |
---------------------------------
---------------------------------
| rollout/           |          |
|    ep_len_mean     | 200      |
|    ep_rew_mean     | 156      |
|    success_rate    | 0        |
| time/              |          |
|    episodes        | 2220     |
|    fps             | 120      |
|    time_elapsed    | 3697     |
|    total_timesteps | 444000   |
| train/             |          |
|    actor_loss      | -80.2    |
|    critic_loss     | 0.0086   |
|    ent_coef        | 0.0017   |
|    ent_coef_loss   | 1.57     |
|    learning_rate   | 0.0003   |
|    n_updates       | 433999   |
---------------------------------
---------------------------------
| rollout/           |          |
|    ep_len_mean     | 200      |
|    ep_rew_mean     | 156      |
|    success_rate    | 0        |
| time/              |          |
|    episodes        | 2224     |
|    fps             | 120      |
|    time_elapsed    | 3704     |
|    total_timesteps | 444800   |
| train/             |          |
|    actor_loss      | -80      |
|    critic_loss     | 0.0208   |
|    ent_coef        | 0.00169  |
|    ent_coef_loss   | 2        |
|    learning_rate   | 0.0003   |
|    n_updates       | 434799   |
---------------------------------
---------------------------------
| rollout/           |          |
|    ep_len_mean     | 200      |
|    ep_rew_mean     | 156      |
|    success_rate    | 0        |
| time/              |          |
|    episodes        | 2228     |
|    fps             | 120      |
|    time_elapsed    | 3712     |
|    total_timesteps | 445600   |
| train/             |          |
|    actor_loss      | -80.3    |
|    critic_loss     | 0.0158   |
|    ent_coef        | 0.0018   |
|    ent_coef_loss   | -2.45    |
|    learning_rate   | 0.0003   |
|    n_updates       | 435599   |
---------------------------------
---------------------------------
| rollout/           |          |
|    ep_len_mean     | 200      |
|    ep_rew_mean     | 156      |
|    success_rate    | 0        |
| time/              |          |
|    episodes        | 2232     |
|    fps             | 120      |
|    time_elapsed    | 3719     |
|    total_timesteps | 446400   |
| train/             |          |
|    actor_loss      | -80.4    |
|    critic_loss     | 0.0115   |
|    ent_coef        | 0.0018   |
|    ent_coef_loss   | -1.79    |
|    learning_rate   | 0.0003   |
|    n_updates       | 436399   |
---------------------------------
---------------------------------
| rollout/           |          |
|    ep_len_mean     | 200      |
|    ep_rew_mean     | 156      |
|    success_rate    | 0        |
| time/              |          |
|    episodes        | 2236     |
|    fps             | 120      |
|    time_elapsed    | 3726     |
|    total_timesteps | 447200   |
| train/             |          |
|    actor_loss      | -80.3    |
|    critic_loss     | 0.0187   |
|    ent_coef        | 0.00166  |
|    ent_coef_loss   | 1.3      |
|    learning_rate   | 0.0003   |
|    n_updates       | 437199   |
---------------------------------
---------------------------------
| rollout/           |          |
|    ep_len_mean     | 200      |
|    ep_rew_mean     | 156      |
|    success_rate    | 0        |
| time/              |          |
|    episodes        | 2240     |
|    fps             | 119      |
|    time_elapsed    | 3733     |
|    total_timesteps | 448000   |
| train/             |          |
|    actor_loss      | -80.4    |
|    critic_loss     | 0.0168   |
|    ent_coef        | 0.00165  |
|    ent_coef_loss   | -1.85    |
|    learning_rate   | 0.0003   |
|    n_updates       | 437999   |
---------------------------------
---------------------------------
| rollout/           |          |
|    ep_len_mean     | 200      |
|    ep_rew_mean     | 155      |
|    success_rate    | 0        |
| time/              |          |
|    episodes        | 2244     |
|    fps             | 119      |
|    time_elapsed    | 3741     |
|    total_timesteps | 448800   |
| train/             |          |
|    actor_loss      | -80.3    |
|    critic_loss     | 0.0151   |
|    ent_coef        | 0.00163  |
|    ent_coef_loss   | 1.58     |
|    learning_rate   | 0.0003   |
|    n_updates       | 438799   |
---------------------------------
---------------------------------
| rollout/           |          |
|    ep_len_mean     | 200      |
|    ep_rew_mean     | 155      |
|    success_rate    | 0        |
| time/              |          |
|    episodes        | 2248     |
|    fps             | 119      |
|    time_elapsed    | 3748     |
|    total_timesteps | 449600   |
| train/             |          |
|    actor_loss      | -80.4    |
|    critic_loss     | 0.0126   |
|    ent_coef        | 0.00162  |
|    ent_coef_loss   | -4.79    |
|    learning_rate   | 0.0003   |
|    n_updates       | 439599   |
---------------------------------
Eval num_timesteps=450000, episode_reward=155.18 +/- 0.00
Episode length: 200.00 +/- 0.00
Success rate: 0.00%
---------------------------------
| eval/              |          |
|    mean_ep_length  | 200      |
|    mean_reward     | 155      |
|    success_rate    | 0        |
| time/              |          |
|    total_timesteps | 450000   |
| train/             |          |
|    actor_loss      | -80.1    |
|    critic_loss     | 0.0167   |
|    ent_coef        | 0.0016   |
|    ent_coef_loss   | 2.86     |
|    learning_rate   | 0.0003   |
|    n_updates       | 439999   |
---------------------------------
---------------------------------
| rollout/           |          |
|    ep_len_mean     | 200      |
|    ep_rew_mean     | 155      |
|    success_rate    | 0        |
| time/              |          |
|    episodes        | 2252     |
|    fps             | 119      |
|    time_elapsed    | 3756     |
|    total_timesteps | 450400   |
| train/             |          |
|    actor_loss      | -80.1    |
|    critic_loss     | 0.016    |
|    ent_coef        | 0.00167  |
|    ent_coef_loss   | 1.53     |
|    learning_rate   | 0.0003   |
|    n_updates       | 440399   |
---------------------------------
---------------------------------
| rollout/           |          |
|    ep_len_mean     | 200      |
|    ep_rew_mean     | 155      |
|    success_rate    | 0        |
| time/              |          |
|    episodes        | 2256     |
|    fps             | 119      |
|    time_elapsed    | 3763     |
|    total_timesteps | 451200   |
| train/             |          |
|    actor_loss      | -80.3    |
|    critic_loss     | 0.0162   |
|    ent_coef        | 0.00154  |
|    ent_coef_loss   | 0.739    |
|    learning_rate   | 0.0003   |
|    n_updates       | 441199   |
---------------------------------
---------------------------------
| rollout/           |          |
|    ep_len_mean     | 200      |
|    ep_rew_mean     | 155      |
|    success_rate    | 0        |
| time/              |          |
|    episodes        | 2260     |
|    fps             | 119      |
|    time_elapsed    | 3771     |
|    total_timesteps | 452000   |
| train/             |          |
|    actor_loss      | -80.4    |
|    critic_loss     | 0.0154   |
|    ent_coef        | 0.00152  |
|    ent_coef_loss   | -3.03    |
|    learning_rate   | 0.0003   |
|    n_updates       | 441999   |
---------------------------------
---------------------------------
| rollout/           |          |
|    ep_len_mean     | 200      |
|    ep_rew_mean     | 155      |
|    success_rate    | 0        |
| time/              |          |
|    episodes        | 2264     |
|    fps             | 119      |
|    time_elapsed    | 3778     |
|    total_timesteps | 452800   |
| train/             |          |
|    actor_loss      | -80.1    |
|    critic_loss     | 0.022    |
|    ent_coef        | 0.00153  |
|    ent_coef_loss   | 4.22     |
|    learning_rate   | 0.0003   |
|    n_updates       | 442799   |
---------------------------------
---------------------------------
| rollout/           |          |
|    ep_len_mean     | 200      |
|    ep_rew_mean     | 155      |
|    success_rate    | 0        |
| time/              |          |
|    episodes        | 2268     |
|    fps             | 119      |
|    time_elapsed    | 3785     |
|    total_timesteps | 453600   |
| train/             |          |
|    actor_loss      | -80.2    |
|    critic_loss     | 0.0168   |
|    ent_coef        | 0.00153  |
|    ent_coef_loss   | 0.27     |
|    learning_rate   | 0.0003   |
|    n_updates       | 443599   |
---------------------------------
---------------------------------
| rollout/           |          |
|    ep_len_mean     | 200      |
|    ep_rew_mean     | 155      |
|    success_rate    | 0        |
| time/              |          |
|    episodes        | 2272     |
|    fps             | 119      |
|    time_elapsed    | 3793     |
|    total_timesteps | 454400   |
| train/             |          |
|    actor_loss      | -80.3    |
|    critic_loss     | 0.0117   |
|    ent_coef        | 0.00154  |
|    ent_coef_loss   | -4.31    |
|    learning_rate   | 0.0003   |
|    n_updates       | 444399   |
---------------------------------
---------------------------------
| rollout/           |          |
|    ep_len_mean     | 200      |
|    ep_rew_mean     | 155      |
|    success_rate    | 0        |
| time/              |          |
|    episodes        | 2276     |
|    fps             | 119      |
|    time_elapsed    | 3800     |
|    total_timesteps | 455200   |
| train/             |          |
|    actor_loss      | -80      |
|    critic_loss     | 0.0144   |
|    ent_coef        | 0.00156  |
|    ent_coef_loss   | -0.811   |
|    learning_rate   | 0.0003   |
|    n_updates       | 445199   |
---------------------------------
---------------------------------
| rollout/           |          |
|    ep_len_mean     | 200      |
|    ep_rew_mean     | 155      |
|    success_rate    | 0        |
| time/              |          |
|    episodes        | 2280     |
|    fps             | 119      |
|    time_elapsed    | 3807     |
|    total_timesteps | 456000   |
| train/             |          |
|    actor_loss      | -80.2    |
|    critic_loss     | 0.00916  |
|    ent_coef        | 0.0016   |
|    ent_coef_loss   | -2.9     |
|    learning_rate   | 0.0003   |
|    n_updates       | 445999   |
---------------------------------
---------------------------------
| rollout/           |          |
|    ep_len_mean     | 200      |
|    ep_rew_mean     | 155      |
|    success_rate    | 0        |
| time/              |          |
|    episodes        | 2284     |
|    fps             | 119      |
|    time_elapsed    | 3814     |
|    total_timesteps | 456800   |
| train/             |          |
|    actor_loss      | -80.5    |
|    critic_loss     | 0.00923  |
|    ent_coef        | 0.00163  |
|    ent_coef_loss   | -3.4     |
|    learning_rate   | 0.0003   |
|    n_updates       | 446799   |
---------------------------------
---------------------------------
| rollout/           |          |
|    ep_len_mean     | 200      |
|    ep_rew_mean     | 155      |
|    success_rate    | 0        |
| time/              |          |
|    episodes        | 2288     |
|    fps             | 119      |
|    time_elapsed    | 3822     |
|    total_timesteps | 457600   |
| train/             |          |
|    actor_loss      | -80.4    |
|    critic_loss     | 0.0132   |
|    ent_coef        | 0.00171  |
|    ent_coef_loss   | 0.607    |
|    learning_rate   | 0.0003   |
|    n_updates       | 447599   |
---------------------------------
---------------------------------
| rollout/           |          |
|    ep_len_mean     | 200      |
|    ep_rew_mean     | 155      |
|    success_rate    | 0        |
| time/              |          |
|    episodes        | 2292     |
|    fps             | 119      |
|    time_elapsed    | 3829     |
|    total_timesteps | 458400   |
| train/             |          |
|    actor_loss      | -80.5    |
|    critic_loss     | 0.0153   |
|    ent_coef        | 0.00171  |
|    ent_coef_loss   | -0.419   |
|    learning_rate   | 0.0003   |
|    n_updates       | 448399   |
---------------------------------
---------------------------------
| rollout/           |          |
|    ep_len_mean     | 200      |
|    ep_rew_mean     | 155      |
|    success_rate    | 0        |
| time/              |          |
|    episodes        | 2296     |
|    fps             | 119      |
|    time_elapsed    | 3836     |
|    total_timesteps | 459200   |
| train/             |          |
|    actor_loss      | -80.3    |
|    critic_loss     | 0.0142   |
|    ent_coef        | 0.00212  |
|    ent_coef_loss   | 0.745    |
|    learning_rate   | 0.0003   |
|    n_updates       | 449199   |
---------------------------------
---------------------------------
| rollout/           |          |
|    ep_len_mean     | 200      |
|    ep_rew_mean     | 155      |
|    success_rate    | 0        |
| time/              |          |
|    episodes        | 2300     |
|    fps             | 119      |
|    time_elapsed    | 3844     |
|    total_timesteps | 460000   |
| train/             |          |
|    actor_loss      | -80.5    |
|    critic_loss     | 0.0114   |
|    ent_coef        | 0.00171  |
|    ent_coef_loss   | -4.67    |
|    learning_rate   | 0.0003   |
|    n_updates       | 449999   |
---------------------------------
---------------------------------
| rollout/           |          |
|    ep_len_mean     | 200      |
|    ep_rew_mean     | 154      |
|    success_rate    | 0        |
| time/              |          |
|    episodes        | 2304     |
|    fps             | 119      |
|    time_elapsed    | 3851     |
|    total_timesteps | 460800   |
| train/             |          |
|    actor_loss      | -80.2    |
|    critic_loss     | 0.0139   |
|    ent_coef        | 0.00156  |
|    ent_coef_loss   | -4.08    |
|    learning_rate   | 0.0003   |
|    n_updates       | 450799   |
---------------------------------
---------------------------------
| rollout/           |          |
|    ep_len_mean     | 200      |
|    ep_rew_mean     | 154      |
|    success_rate    | 0        |
| time/              |          |
|    episodes        | 2308     |
|    fps             | 119      |
|    time_elapsed    | 3858     |
|    total_timesteps | 461600   |
| train/             |          |
|    actor_loss      | -80.3    |
|    critic_loss     | 0.0142   |
|    ent_coef        | 0.00141  |
|    ent_coef_loss   | 2.37     |
|    learning_rate   | 0.0003   |
|    n_updates       | 451599   |
---------------------------------
---------------------------------
| rollout/           |          |
|    ep_len_mean     | 200      |
|    ep_rew_mean     | 154      |
|    success_rate    | 0        |
| time/              |          |
|    episodes        | 2312     |
|    fps             | 119      |
|    time_elapsed    | 3866     |
|    total_timesteps | 462400   |
| train/             |          |
|    actor_loss      | -80.2    |
|    critic_loss     | 0.0134   |
|    ent_coef        | 0.00164  |
|    ent_coef_loss   | -1.38    |
|    learning_rate   | 0.0003   |
|    n_updates       | 452399   |
---------------------------------
---------------------------------
| rollout/           |          |
|    ep_len_mean     | 200      |
|    ep_rew_mean     | 154      |
|    success_rate    | 0        |
| time/              |          |
|    episodes        | 2316     |
|    fps             | 119      |
|    time_elapsed    | 3873     |
|    total_timesteps | 463200   |
| train/             |          |
|    actor_loss      | -80.2    |
|    critic_loss     | 0.00901  |
|    ent_coef        | 0.00149  |
|    ent_coef_loss   | 4.49     |
|    learning_rate   | 0.0003   |
|    n_updates       | 453199   |
---------------------------------
---------------------------------
| rollout/           |          |
|    ep_len_mean     | 200      |
|    ep_rew_mean     | 154      |
|    success_rate    | 0        |
| time/              |          |
|    episodes        | 2320     |
|    fps             | 119      |
|    time_elapsed    | 3880     |
|    total_timesteps | 464000   |
| train/             |          |
|    actor_loss      | -80.4    |
|    critic_loss     | 0.0187   |
|    ent_coef        | 0.00159  |
|    ent_coef_loss   | 3.75     |
|    learning_rate   | 0.0003   |
|    n_updates       | 453999   |
---------------------------------
---------------------------------
| rollout/           |          |
|    ep_len_mean     | 200      |
|    ep_rew_mean     | 154      |
|    success_rate    | 0        |
| time/              |          |
|    episodes        | 2324     |
|    fps             | 119      |
|    time_elapsed    | 3888     |
|    total_timesteps | 464800   |
| train/             |          |
|    actor_loss      | -80.3    |
|    critic_loss     | 0.0178   |
|    ent_coef        | 0.00208  |
|    ent_coef_loss   | 1.08     |
|    learning_rate   | 0.0003   |
|    n_updates       | 454799   |
---------------------------------
---------------------------------
| rollout/           |          |
|    ep_len_mean     | 200      |
|    ep_rew_mean     | 154      |
|    success_rate    | 0        |
| time/              |          |
|    episodes        | 2328     |
|    fps             | 119      |
|    time_elapsed    | 3895     |
|    total_timesteps | 465600   |
| train/             |          |
|    actor_loss      | -80.4    |
|    critic_loss     | 0.00997  |
|    ent_coef        | 0.00225  |
|    ent_coef_loss   | -5.96    |
|    learning_rate   | 0.0003   |
|    n_updates       | 455599   |
---------------------------------
---------------------------------
| rollout/           |          |
|    ep_len_mean     | 200      |
|    ep_rew_mean     | 154      |
|    success_rate    | 0        |
| time/              |          |
|    episodes        | 2332     |
|    fps             | 119      |
|    time_elapsed    | 3902     |
|    total_timesteps | 466400   |
| train/             |          |
|    actor_loss      | -80.2    |
|    critic_loss     | 0.00985  |
|    ent_coef        | 0.00181  |
|    ent_coef_loss   | -0.347   |
|    learning_rate   | 0.0003   |
|    n_updates       | 456399   |
---------------------------------
---------------------------------
| rollout/           |          |
|    ep_len_mean     | 200      |
|    ep_rew_mean     | 154      |
|    success_rate    | 0        |
| time/              |          |
|    episodes        | 2336     |
|    fps             | 119      |
|    time_elapsed    | 3910     |
|    total_timesteps | 467200   |
| train/             |          |
|    actor_loss      | -80.3    |
|    critic_loss     | 0.00857  |
|    ent_coef        | 0.00199  |
|    ent_coef_loss   | 2.29     |
|    learning_rate   | 0.0003   |
|    n_updates       | 457199   |
---------------------------------
---------------------------------
| rollout/           |          |
|    ep_len_mean     | 200      |
|    ep_rew_mean     | 154      |
|    success_rate    | 0        |
| time/              |          |
|    episodes        | 2340     |
|    fps             | 119      |
|    time_elapsed    | 3917     |
|    total_timesteps | 468000   |
| train/             |          |
|    actor_loss      | -80.4    |
|    critic_loss     | 0.0173   |
|    ent_coef        | 0.00213  |
|    ent_coef_loss   | -1.95    |
|    learning_rate   | 0.0003   |
|    n_updates       | 457999   |
---------------------------------
---------------------------------
| rollout/           |          |
|    ep_len_mean     | 200      |
|    ep_rew_mean     | 154      |
|    success_rate    | 0        |
| time/              |          |
|    episodes        | 2344     |
|    fps             | 119      |
|    time_elapsed    | 3924     |
|    total_timesteps | 468800   |
| train/             |          |
|    actor_loss      | -79.9    |
|    critic_loss     | 0.0228   |
|    ent_coef        | 0.00205  |
|    ent_coef_loss   | 8.66     |
|    learning_rate   | 0.0003   |
|    n_updates       | 458799   |
---------------------------------
---------------------------------
| rollout/           |          |
|    ep_len_mean     | 200      |
|    ep_rew_mean     | 154      |
|    success_rate    | 0        |
| time/              |          |
|    episodes        | 2348     |
|    fps             | 119      |
|    time_elapsed    | 3931     |
|    total_timesteps | 469600   |
| train/             |          |
|    actor_loss      | -80.1    |
|    critic_loss     | 0.0177   |
|    ent_coef        | 0.0021   |
|    ent_coef_loss   | -4.2     |
|    learning_rate   | 0.0003   |
|    n_updates       | 459599   |
---------------------------------
---------------------------------
| rollout/           |          |
|    ep_len_mean     | 200      |
|    ep_rew_mean     | 154      |
|    success_rate    | 0        |
| time/              |          |
|    episodes        | 2352     |
|    fps             | 119      |
|    time_elapsed    | 3939     |
|    total_timesteps | 470400   |
| train/             |          |
|    actor_loss      | -80.1    |
|    critic_loss     | 0.0134   |
|    ent_coef        | 0.00169  |
|    ent_coef_loss   | -1.55    |
|    learning_rate   | 0.0003   |
|    n_updates       | 460399   |
---------------------------------
---------------------------------
| rollout/           |          |
|    ep_len_mean     | 200      |
|    ep_rew_mean     | 155      |
|    success_rate    | 0        |
| time/              |          |
|    episodes        | 2356     |
|    fps             | 119      |
|    time_elapsed    | 3946     |
|    total_timesteps | 471200   |
| train/             |          |
|    actor_loss      | -80.2    |
|    critic_loss     | 0.0106   |
|    ent_coef        | 0.00166  |
|    ent_coef_loss   | 0.269    |
|    learning_rate   | 0.0003   |
|    n_updates       | 461199   |
---------------------------------
---------------------------------
| rollout/           |          |
|    ep_len_mean     | 200      |
|    ep_rew_mean     | 154      |
|    success_rate    | 0        |
| time/              |          |
|    episodes        | 2360     |
|    fps             | 119      |
|    time_elapsed    | 3954     |
|    total_timesteps | 472000   |
| train/             |          |
|    actor_loss      | -80.3    |
|    critic_loss     | 0.0158   |
|    ent_coef        | 0.00171  |
|    ent_coef_loss   | -2.44    |
|    learning_rate   | 0.0003   |
|    n_updates       | 461999   |
---------------------------------
---------------------------------
| rollout/           |          |
|    ep_len_mean     | 200      |
|    ep_rew_mean     | 155      |
|    success_rate    | 0        |
| time/              |          |
|    episodes        | 2364     |
|    fps             | 119      |
|    time_elapsed    | 3961     |
|    total_timesteps | 472800   |
| train/             |          |
|    actor_loss      | -80      |
|    critic_loss     | 0.0146   |
|    ent_coef        | 0.00161  |
|    ent_coef_loss   | 2.59     |
|    learning_rate   | 0.0003   |
|    n_updates       | 462799   |
---------------------------------
---------------------------------
| rollout/           |          |
|    ep_len_mean     | 200      |
|    ep_rew_mean     | 155      |
|    success_rate    | 0        |
| time/              |          |
|    episodes        | 2368     |
|    fps             | 119      |
|    time_elapsed    | 3968     |
|    total_timesteps | 473600   |
| train/             |          |
|    actor_loss      | -80.2    |
|    critic_loss     | 0.0154   |
|    ent_coef        | 0.00172  |
|    ent_coef_loss   | 3.87     |
|    learning_rate   | 0.0003   |
|    n_updates       | 463599   |
---------------------------------
---------------------------------
| rollout/           |          |
|    ep_len_mean     | 200      |
|    ep_rew_mean     | 155      |
|    success_rate    | 0        |
| time/              |          |
|    episodes        | 2372     |
|    fps             | 119      |
|    time_elapsed    | 3975     |
|    total_timesteps | 474400   |
| train/             |          |
|    actor_loss      | -80.2    |
|    critic_loss     | 0.0183   |
|    ent_coef        | 0.00179  |
|    ent_coef_loss   | 2.35     |
|    learning_rate   | 0.0003   |
|    n_updates       | 464399   |
---------------------------------
Eval num_timesteps=475000, episode_reward=156.47 +/- 0.00
Episode length: 200.00 +/- 0.00
Success rate: 0.00%
---------------------------------
| eval/              |          |
|    mean_ep_length  | 200      |
|    mean_reward     | 156      |
|    success_rate    | 0        |
| time/              |          |
|    total_timesteps | 475000   |
| train/             |          |
|    actor_loss      | -80.1    |
|    critic_loss     | 0.013    |
|    ent_coef        | 0.00195  |
|    ent_coef_loss   | -2.09    |
|    learning_rate   | 0.0003   |
|    n_updates       | 464999   |
---------------------------------
---------------------------------
| rollout/           |          |
|    ep_len_mean     | 200      |
|    ep_rew_mean     | 154      |
|    success_rate    | 0        |
| time/              |          |
|    episodes        | 2376     |
|    fps             | 119      |
|    time_elapsed    | 3985     |
|    total_timesteps | 475200   |
| train/             |          |
|    actor_loss      | -80      |
|    critic_loss     | 0.0175   |
|    ent_coef        | 0.00191  |
|    ent_coef_loss   | 2.75     |
|    learning_rate   | 0.0003   |
|    n_updates       | 465199   |
---------------------------------
---------------------------------
| rollout/           |          |
|    ep_len_mean     | 200      |
|    ep_rew_mean     | 154      |
|    success_rate    | 0        |
| time/              |          |
|    episodes        | 2380     |
|    fps             | 119      |
|    time_elapsed    | 3992     |
|    total_timesteps | 476000   |
| train/             |          |
|    actor_loss      | -80.1    |
|    critic_loss     | 0.0246   |
|    ent_coef        | 0.00182  |
|    ent_coef_loss   | 0.54     |
|    learning_rate   | 0.0003   |
|    n_updates       | 465999   |
---------------------------------
---------------------------------
| rollout/           |          |
|    ep_len_mean     | 200      |
|    ep_rew_mean     | 155      |
|    success_rate    | 0        |
| time/              |          |
|    episodes        | 2384     |
|    fps             | 119      |
|    time_elapsed    | 3999     |
|    total_timesteps | 476800   |
| train/             |          |
|    actor_loss      | -79.9    |
|    critic_loss     | 0.0187   |
|    ent_coef        | 0.00191  |
|    ent_coef_loss   | -1.4     |
|    learning_rate   | 0.0003   |
|    n_updates       | 466799   |
---------------------------------
---------------------------------
| rollout/           |          |
|    ep_len_mean     | 200      |
|    ep_rew_mean     | 155      |
|    success_rate    | 0        |
| time/              |          |
|    episodes        | 2388     |
|    fps             | 119      |
|    time_elapsed    | 4007     |
|    total_timesteps | 477600   |
| train/             |          |
|    actor_loss      | -80.4    |
|    critic_loss     | 0.00946  |
|    ent_coef        | 0.00196  |
|    ent_coef_loss   | -0.793   |
|    learning_rate   | 0.0003   |
|    n_updates       | 467599   |
---------------------------------
---------------------------------
| rollout/           |          |
|    ep_len_mean     | 200      |
|    ep_rew_mean     | 155      |
|    success_rate    | 0        |
| time/              |          |
|    episodes        | 2392     |
|    fps             | 119      |
|    time_elapsed    | 4014     |
|    total_timesteps | 478400   |
| train/             |          |
|    actor_loss      | -80.3    |
|    critic_loss     | 0.0181   |
|    ent_coef        | 0.00189  |
|    ent_coef_loss   | -0.79    |
|    learning_rate   | 0.0003   |
|    n_updates       | 468399   |
---------------------------------
---------------------------------
| rollout/           |          |
|    ep_len_mean     | 200      |
|    ep_rew_mean     | 155      |
|    success_rate    | 0        |
| time/              |          |
|    episodes        | 2396     |
|    fps             | 119      |
|    time_elapsed    | 4022     |
|    total_timesteps | 479200   |
| train/             |          |
|    actor_loss      | -80.5    |
|    critic_loss     | 0.0189   |
|    ent_coef        | 0.00169  |
|    ent_coef_loss   | -3.13    |
|    learning_rate   | 0.0003   |
|    n_updates       | 469199   |
---------------------------------
---------------------------------
| rollout/           |          |
|    ep_len_mean     | 200      |
|    ep_rew_mean     | 155      |
|    success_rate    | 0        |
| time/              |          |
|    episodes        | 2400     |
|    fps             | 119      |
|    time_elapsed    | 4029     |
|    total_timesteps | 480000   |
| train/             |          |
|    actor_loss      | -80.1    |
|    critic_loss     | 0.0129   |
|    ent_coef        | 0.00176  |
|    ent_coef_loss   | 1.11     |
|    learning_rate   | 0.0003   |
|    n_updates       | 469999   |
---------------------------------
---------------------------------
| rollout/           |          |
|    ep_len_mean     | 200      |
|    ep_rew_mean     | 155      |
|    success_rate    | 0        |
| time/              |          |
|    episodes        | 2404     |
|    fps             | 119      |
|    time_elapsed    | 4037     |
|    total_timesteps | 480800   |
| train/             |          |
|    actor_loss      | -80      |
|    critic_loss     | 0.016    |
|    ent_coef        | 0.0018   |
|    ent_coef_loss   | -1.9     |
|    learning_rate   | 0.0003   |
|    n_updates       | 470799   |
---------------------------------
---------------------------------
| rollout/           |          |
|    ep_len_mean     | 200      |
|    ep_rew_mean     | 155      |
|    success_rate    | 0        |
| time/              |          |
|    episodes        | 2408     |
|    fps             | 119      |
|    time_elapsed    | 4044     |
|    total_timesteps | 481600   |
| train/             |          |
|    actor_loss      | -80.2    |
|    critic_loss     | 0.0229   |
|    ent_coef        | 0.00181  |
|    ent_coef_loss   | 0.109    |
|    learning_rate   | 0.0003   |
|    n_updates       | 471599   |
---------------------------------
---------------------------------
| rollout/           |          |
|    ep_len_mean     | 200      |
|    ep_rew_mean     | 155      |
|    success_rate    | 0        |
| time/              |          |
|    episodes        | 2412     |
|    fps             | 119      |
|    time_elapsed    | 4052     |
|    total_timesteps | 482400   |
| train/             |          |
|    actor_loss      | -80      |
|    critic_loss     | 0.0194   |
|    ent_coef        | 0.00182  |
|    ent_coef_loss   | -1.49    |
|    learning_rate   | 0.0003   |
|    n_updates       | 472399   |
---------------------------------
---------------------------------
| rollout/           |          |
|    ep_len_mean     | 200      |
|    ep_rew_mean     | 155      |
|    success_rate    | 0        |
| time/              |          |
|    episodes        | 2416     |
|    fps             | 119      |
|    time_elapsed    | 4059     |
|    total_timesteps | 483200   |
| train/             |          |
|    actor_loss      | -80.1    |
|    critic_loss     | 0.00634  |
|    ent_coef        | 0.00175  |
|    ent_coef_loss   | -1.21    |
|    learning_rate   | 0.0003   |
|    n_updates       | 473199   |
---------------------------------
---------------------------------
| rollout/           |          |
|    ep_len_mean     | 200      |
|    ep_rew_mean     | 156      |
|    success_rate    | 0        |
| time/              |          |
|    episodes        | 2420     |
|    fps             | 119      |
|    time_elapsed    | 4066     |
|    total_timesteps | 484000   |
| train/             |          |
|    actor_loss      | -80.1    |
|    critic_loss     | 0.0296   |
|    ent_coef        | 0.00157  |
|    ent_coef_loss   | 0.563    |
|    learning_rate   | 0.0003   |
|    n_updates       | 473999   |
---------------------------------
---------------------------------
| rollout/           |          |
|    ep_len_mean     | 200      |
|    ep_rew_mean     | 156      |
|    success_rate    | 0        |
| time/              |          |
|    episodes        | 2424     |
|    fps             | 118      |
|    time_elapsed    | 4074     |
|    total_timesteps | 484800   |
| train/             |          |
|    actor_loss      | -80.3    |
|    critic_loss     | 0.0133   |
|    ent_coef        | 0.00152  |
|    ent_coef_loss   | 1.64     |
|    learning_rate   | 0.0003   |
|    n_updates       | 474799   |
---------------------------------
---------------------------------
| rollout/           |          |
|    ep_len_mean     | 200      |
|    ep_rew_mean     | 156      |
|    success_rate    | 0        |
| time/              |          |
|    episodes        | 2428     |
|    fps             | 118      |
|    time_elapsed    | 4082     |
|    total_timesteps | 485600   |
| train/             |          |
|    actor_loss      | -80.3    |
|    critic_loss     | 0.0126   |
|    ent_coef        | 0.00164  |
|    ent_coef_loss   | -5.5     |
|    learning_rate   | 0.0003   |
|    n_updates       | 475599   |
---------------------------------
---------------------------------
| rollout/           |          |
|    ep_len_mean     | 200      |
|    ep_rew_mean     | 156      |
|    success_rate    | 0        |
| time/              |          |
|    episodes        | 2432     |
|    fps             | 118      |
|    time_elapsed    | 4089     |
|    total_timesteps | 486400   |
| train/             |          |
|    actor_loss      | -80.2    |
|    critic_loss     | 0.0246   |
|    ent_coef        | 0.00155  |
|    ent_coef_loss   | -1.51    |
|    learning_rate   | 0.0003   |
|    n_updates       | 476399   |
---------------------------------
---------------------------------
| rollout/           |          |
|    ep_len_mean     | 200      |
|    ep_rew_mean     | 156      |
|    success_rate    | 0        |
| time/              |          |
|    episodes        | 2436     |
|    fps             | 118      |
|    time_elapsed    | 4096     |
|    total_timesteps | 487200   |
| train/             |          |
|    actor_loss      | -80.1    |
|    critic_loss     | 0.0115   |
|    ent_coef        | 0.00155  |
|    ent_coef_loss   | 2.51     |
|    learning_rate   | 0.0003   |
|    n_updates       | 477199   |
---------------------------------
---------------------------------
| rollout/           |          |
|    ep_len_mean     | 200      |
|    ep_rew_mean     | 156      |
|    success_rate    | 0        |
| time/              |          |
|    episodes        | 2440     |
|    fps             | 118      |
|    time_elapsed    | 4104     |
|    total_timesteps | 488000   |
| train/             |          |
|    actor_loss      | -80.2    |
|    critic_loss     | 0.0145   |
|    ent_coef        | 0.00157  |
|    ent_coef_loss   | -0.695   |
|    learning_rate   | 0.0003   |
|    n_updates       | 477999   |
---------------------------------
---------------------------------
| rollout/           |          |
|    ep_len_mean     | 200      |
|    ep_rew_mean     | 156      |
|    success_rate    | 0        |
| time/              |          |
|    episodes        | 2444     |
|    fps             | 118      |
|    time_elapsed    | 4111     |
|    total_timesteps | 488800   |
| train/             |          |
|    actor_loss      | -80.2    |
|    critic_loss     | 0.0274   |
|    ent_coef        | 0.00153  |
|    ent_coef_loss   | -4.63    |
|    learning_rate   | 0.0003   |
|    n_updates       | 478799   |
---------------------------------
---------------------------------
| rollout/           |          |
|    ep_len_mean     | 200      |
|    ep_rew_mean     | 156      |
|    success_rate    | 0        |
| time/              |          |
|    episodes        | 2448     |
|    fps             | 118      |
|    time_elapsed    | 4119     |
|    total_timesteps | 489600   |
| train/             |          |
|    actor_loss      | -80.2    |
|    critic_loss     | 0.0197   |
|    ent_coef        | 0.00145  |
|    ent_coef_loss   | 0.422    |
|    learning_rate   | 0.0003   |
|    n_updates       | 479599   |
---------------------------------
---------------------------------
| rollout/           |          |
|    ep_len_mean     | 200      |
|    ep_rew_mean     | 157      |
|    success_rate    | 0        |
| time/              |          |
|    episodes        | 2452     |
|    fps             | 118      |
|    time_elapsed    | 4126     |
|    total_timesteps | 490400   |
| train/             |          |
|    actor_loss      | -80.1    |
|    critic_loss     | 0.0155   |
|    ent_coef        | 0.00147  |
|    ent_coef_loss   | -4.3     |
|    learning_rate   | 0.0003   |
|    n_updates       | 480399   |
---------------------------------
---------------------------------
| rollout/           |          |
|    ep_len_mean     | 200      |
|    ep_rew_mean     | 156      |
|    success_rate    | 0        |
| time/              |          |
|    episodes        | 2456     |
|    fps             | 118      |
|    time_elapsed    | 4134     |
|    total_timesteps | 491200   |
| train/             |          |
|    actor_loss      | -80.1    |
|    critic_loss     | 0.0128   |
|    ent_coef        | 0.00147  |
|    ent_coef_loss   | -0.992   |
|    learning_rate   | 0.0003   |
|    n_updates       | 481199   |
---------------------------------
---------------------------------
| rollout/           |          |
|    ep_len_mean     | 200      |
|    ep_rew_mean     | 157      |
|    success_rate    | 0        |
| time/              |          |
|    episodes        | 2460     |
|    fps             | 118      |
|    time_elapsed    | 4141     |
|    total_timesteps | 492000   |
| train/             |          |
|    actor_loss      | -80.2    |
|    critic_loss     | 0.0181   |
|    ent_coef        | 0.00145  |
|    ent_coef_loss   | -1.14    |
|    learning_rate   | 0.0003   |
|    n_updates       | 481999   |
---------------------------------
---------------------------------
| rollout/           |          |
|    ep_len_mean     | 200      |
|    ep_rew_mean     | 157      |
|    success_rate    | 0        |
| time/              |          |
|    episodes        | 2464     |
|    fps             | 118      |
|    time_elapsed    | 4149     |
|    total_timesteps | 492800   |
| train/             |          |
|    actor_loss      | -80.4    |
|    critic_loss     | 0.00967  |
|    ent_coef        | 0.0014   |
|    ent_coef_loss   | -6.12    |
|    learning_rate   | 0.0003   |
|    n_updates       | 482799   |
---------------------------------
---------------------------------
| rollout/           |          |
|    ep_len_mean     | 200      |
|    ep_rew_mean     | 157      |
|    success_rate    | 0        |
| time/              |          |
|    episodes        | 2468     |
|    fps             | 118      |
|    time_elapsed    | 4156     |
|    total_timesteps | 493600   |
| train/             |          |
|    actor_loss      | -80.3    |
|    critic_loss     | 0.00944  |
|    ent_coef        | 0.00138  |
|    ent_coef_loss   | -4.35    |
|    learning_rate   | 0.0003   |
|    n_updates       | 483599   |
---------------------------------
---------------------------------
| rollout/           |          |
|    ep_len_mean     | 200      |
|    ep_rew_mean     | 157      |
|    success_rate    | 0        |
| time/              |          |
|    episodes        | 2472     |
|    fps             | 118      |
|    time_elapsed    | 4163     |
|    total_timesteps | 494400   |
| train/             |          |
|    actor_loss      | -80.2    |
|    critic_loss     | 0.00747  |
|    ent_coef        | 0.00144  |
|    ent_coef_loss   | -4.46    |
|    learning_rate   | 0.0003   |
|    n_updates       | 484399   |
---------------------------------
---------------------------------
| rollout/           |          |
|    ep_len_mean     | 200      |
|    ep_rew_mean     | 157      |
|    success_rate    | 0        |
| time/              |          |
|    episodes        | 2476     |
|    fps             | 118      |
|    time_elapsed    | 4171     |
|    total_timesteps | 495200   |
| train/             |          |
|    actor_loss      | -80.2    |
|    critic_loss     | 0.0143   |
|    ent_coef        | 0.00137  |
|    ent_coef_loss   | -3.85    |
|    learning_rate   | 0.0003   |
|    n_updates       | 485199   |
---------------------------------
---------------------------------
| rollout/           |          |
|    ep_len_mean     | 200      |
|    ep_rew_mean     | 157      |
|    success_rate    | 0        |
| time/              |          |
|    episodes        | 2480     |
|    fps             | 118      |
|    time_elapsed    | 4178     |
|    total_timesteps | 496000   |
| train/             |          |
|    actor_loss      | -80.3    |
|    critic_loss     | 0.0083   |
|    ent_coef        | 0.00137  |
|    ent_coef_loss   | 0.709    |
|    learning_rate   | 0.0003   |
|    n_updates       | 485999   |
---------------------------------
---------------------------------
| rollout/           |          |
|    ep_len_mean     | 200      |
|    ep_rew_mean     | 157      |
|    success_rate    | 0        |
| time/              |          |
|    episodes        | 2484     |
|    fps             | 118      |
|    time_elapsed    | 4185     |
|    total_timesteps | 496800   |
| train/             |          |
|    actor_loss      | -80.2    |
|    critic_loss     | 0.0111   |
|    ent_coef        | 0.00131  |
|    ent_coef_loss   | -3.12    |
|    learning_rate   | 0.0003   |
|    n_updates       | 486799   |
---------------------------------
---------------------------------
| rollout/           |          |
|    ep_len_mean     | 200      |
|    ep_rew_mean     | 157      |
|    success_rate    | 0        |
| time/              |          |
|    episodes        | 2488     |
|    fps             | 118      |
|    time_elapsed    | 4193     |
|    total_timesteps | 497600   |
| train/             |          |
|    actor_loss      | -80      |
|    critic_loss     | 0.0138   |
|    ent_coef        | 0.00134  |
|    ent_coef_loss   | 3.76     |
|    learning_rate   | 0.0003   |
|    n_updates       | 487599   |
---------------------------------
---------------------------------
| rollout/           |          |
|    ep_len_mean     | 200      |
|    ep_rew_mean     | 157      |
|    success_rate    | 0        |
| time/              |          |
|    episodes        | 2492     |
|    fps             | 118      |
|    time_elapsed    | 4200     |
|    total_timesteps | 498400   |
| train/             |          |
|    actor_loss      | -80.2    |
|    critic_loss     | 0.00755  |
|    ent_coef        | 0.0013   |
|    ent_coef_loss   | -1.62    |
|    learning_rate   | 0.0003   |
|    n_updates       | 488399   |
---------------------------------
---------------------------------
| rollout/           |          |
|    ep_len_mean     | 200      |
|    ep_rew_mean     | 157      |
|    success_rate    | 0        |
| time/              |          |
|    episodes        | 2496     |
|    fps             | 118      |
|    time_elapsed    | 4207     |
|    total_timesteps | 499200   |
| train/             |          |
|    actor_loss      | -80.2    |
|    critic_loss     | 0.0174   |
|    ent_coef        | 0.00131  |
|    ent_coef_loss   | -3.85    |
|    learning_rate   | 0.0003   |
|    n_updates       | 489199   |
---------------------------------
Eval num_timesteps=500000, episode_reward=159.39 +/- 0.00
Episode length: 200.00 +/- 0.00
Success rate: 0.00%
---------------------------------
| eval/              |          |
|    mean_ep_length  | 200      |
|    mean_reward     | 159      |
|    success_rate    | 0        |
| time/              |          |
|    total_timesteps | 500000   |
| train/             |          |
|    actor_loss      | -80.1    |
|    critic_loss     | 0.0118   |
|    ent_coef        | 0.00132  |
|    ent_coef_loss   | 5.36     |
|    learning_rate   | 0.0003   |
|    n_updates       | 489999   |
---------------------------------
---------------------------------
| rollout/           |          |
|    ep_len_mean     | 200      |
|    ep_rew_mean     | 157      |
|    success_rate    | 0        |
| time/              |          |
|    episodes        | 2500     |
|    fps             | 118      |
|    time_elapsed    | 4216     |
|    total_timesteps | 500000   |
---------------------------------
 100% ----------------------- 500,000/500,000  [ 1:10:16 < 0:00:00 , 103 it/s ]
Saved final model to C:\Users\Haikal\Desktop\Tech Learning\so101-rl-poc\runs\sac_cart_v1\final.zip
