episode,step,action_0,action_1,action_2,action_3,reward_reach,reward_grasp,reward_lift,reward_transport,bonus_first_lift,bonus_first_target,bonus_place,penalty_drop,penalty_push,penalty_off_table,penalty_jerk,reward_success,total
0,0,0.4024454951286316,0.9125120043754578,0.4882521331310272,-0.08308234810829163,0.19986007328778754,0.0,0.0,0.0,0.0,0.0,0.0,0.0,0.0,0.0,-0.012399333715438844,0.0,0.1874607395723487
0,1,0.2955075204372406,0.6899677515029907,0.8329125642776489,0.9587692022323608,0.2048945093910045,0.0,0.0,0.0,0.0,0.0,0.0,0.0,0.0,0.0,-0.01265207052230835,0.0,0.19224243886869616
0,2,0.793251097202301,-0.48308634757995605,-0.3338218927383423,0.06443463265895844,0.20634690459315397,0.0,0.0,0.0,0.0,0.0,0.0,0.0,0.0,0.0,-0.03784908056259156,0.0,0.1684978240305624
0,3,-0.6303256750106812,0.6163219213485718,-0.12967412173748016,0.7563887238502502,0.21190959228926654,0.0,0.0,0.0,0.0,0.0,0.0,0.0,0.0,0.0,-0.03755746364593506,0.0,0.17435212864333147
0,4,-0.027194390073418617,-0.9503268003463745,0.34667301177978516,0.7420412302017212,0.21502516097933677,0.0,0.0,0.0,0.0,0.0,0.0,0.0,0.0,0.0,-0.030452678203582766,0.0,0.184572482775754
0,5,-0.12089420855045319,-0.8336489200592041,0.6647232174873352,-0.8273745775222778,0.20643915103748822,0.0,0.0,0.0,0.0,0.0,0.0,0.0,0.0,0.0,-0.025866150856018066,0.0,0.18057300018147016
0,6,0.3545364737510681,0.37949326634407043,-0.5051417350769043,-0.0696052759885788,0.2016867394985027,0.0,0.0,0.0,0.0,0.0,0.0,0.0,0.0,0.0,-0.03640546321868897,0.0,0.1652812762798137
0,7,0.1333709955215454,-0.6016493439674377,0.6385149955749512,0.18651644885540009,0.20005279434572454,0.0,0.0,0.0,0.0,0.0,0.0,0.0,0.0,0.0,-0.023851039409637453,0.0,0.17620175493608708
0,8,-0.47730162739753723,-0.8153095841407776,0.7815427780151367,0.15924778580665588,0.1875076556463231,0.0,0.0,0.0,0.0,0.0,0.0,0.0,0.0,0.0,-0.004397722184658051,0.0,0.18310993346166504
0,9,-0.34321004152297974,0.0340709462761879,0.6351513862609863,-0.26608970761299133,0.17344399831117696,0.0,0.0,0.0,0.0,0.0,0.0,0.0,0.0,0.0,-0.00941770315170288,0.0,0.1640262951594741
0,10,0.10860400646924973,-0.9289371371269226,-0.48481452465057373,-0.4015246331691742,0.16469194968937928,0.0,0.0,0.0,0.0,0.0,0.0,0.0,0.0,0.0,-0.024041869640350343,0.0,0.14065008004902893
0,11,-0.8770360350608826,0.8434422612190247,-0.7213950753211975,-0.06488016247749329,0.16338141180559662,0.0,0.0,0.0,0.0,0.0,0.0,0.0,0.0,0.0,-0.04282114505767822,0.0,0.1205602667479184
0,12,-0.5008229613304138,-0.8749921321868896,-0.7947387099266052,-0.9250397682189941,0.16667582167333395,0.0,0.0,0.0,0.0,0.0,0.0,0.0,0.0,0.0,-0.0383980655670166,0.0,0.12827775610631734
0,13,0.8515654802322388,-0.2553711533546448,0.2575623393058777,0.6739838719367981,0.16795031369602886,0.0,0.0,0.0,0.0,0.0,0.0,0.0,0.0,0.0,-0.05877098083496094,0.0,0.10917933286106793
0,14,0.6413227915763855,-0.31288692355155945,0.36311498284339905,-0.16473473608493805,0.1670904761212667,0.0,0.0,0.0,0.0,0.0,0.0,0.0,0.0,0.0,-0.007621002793312073,0.0,0.15946947332795464
0,15,0.3703959286212921,-0.3521297574043274,0.2819834053516388,-0.7534642815589905,0.16498931440857723,0.0,0.0,0.0,0.0,0.0,0.0,0.0,0.0,0.0,-0.00428126186132431,0.0,0.16070805254725293
0,16,-0.8579559922218323,-0.4644661247730255,0.9134491086006165,0.27395832538604736,0.15747270647284695,0.0,0.0,0.0,0.0,0.0,0.0,0.0,0.0,0.0,-0.029758143424987792,0.0,0.12771456304785916
0,17,0.06843918561935425,-0.8991477489471436,-0.13524307310581207,0.4148503839969635,0.14686836092549538,0.0,0.0,0.0,0.0,0.0,0.0,0.0,0.0,0.0,-0.02166762113571167,0.0,0.12520073978978372
0,18,0.27430304884910583,0.5394836664199829,-0.8863499760627747,0.1665271520614624,0.14544353543790278,0.0,0.0,0.0,0.0,0.0,0.0,0.0,0.0,0.0,-0.027378661632537844,0.0,0.11806487380536494
0,19,-0.7277899980545044,0.007363469339907169,-0.39963653683662415,-0.9459036588668823,0.15110992962025505,0.0,0.0,0.0,0.0,0.0,0.0,0.0,0.0,0.0,-0.027617347240448,0.0,0.12349258237980705
0,20,-0.9462909698486328,-0.2169983834028244,-0.8389091491699219,-0.12714338302612305,0.15499348198883622,0.0,0.0,0.0,0.0,0.0,0.0,0.0,0.0,0.0,-0.009614096879959106,0.0,0.14537938510887713
0,21,-0.5279247760772705,0.2973220944404602,0.43957945704460144,-0.10366465896368027,0.15713436073862364,0.0,0.0,0.0,0.0,0.0,0.0,0.0,0.0,0.0,-0.020746402740478516,0.0,0.13638795799814513
0,22,0.7759488224983215,0.7956873774528503,-0.6750381588935852,0.5503244996070862,0.16441999712221578,0.0,0.0,0.0,0.0,0.0,0.0,0.0,0.0,0.0,-0.03618528127670288,0.0,0.12823471584551288
0,23,-0.15983858704566956,0.7250151634216309,0.6581273078918457,0.1538374423980713,0.17585189803422607,0.0,0.0,0.0,0.0,0.0,0.0,0.0,0.0,0.0,-0.028152248859405517,0.0,0.14769964917482056
0,24,0.8577760457992554,-0.49658113718032837,-0.7541623115539551,-0.0019314528908580542,0.18611168957216495,0.0,0.0,0.0,0.0,0.0,0.0,0.0,0.0,0.0,-0.045466628074646,0.0,0.14064506149751896
0,25,0.07193318754434586,-0.3984869122505188,0.41240811347961426,0.17633867263793945,0.19264057868701534,0.0,0.0,0.0,0.0,0.0,0.0,0.0,0.0,0.0,-0.02019838094711304,0.0,0.1724421977399023
0,26,0.2733454704284668,-0.9161405563354492,-0.8244205713272095,-0.7180172801017761,0.1939743435811948,0.0,0.0,0.0,0.0,0.0,0.0,0.0,0.0,0.0,-0.026381499767303467,0.0,0.16759284381389133
0,27,0.12781301140785217,-0.5132243633270264,0.6149250864982605,-0.7270238995552063,0.1930863169042184,0.0,0.0,0.0,0.0,0.0,0.0,0.0,0.0,0.0,-0.022553181648254397,0.0,0.170533135255964
0,28,0.13776333630084991,0.007674435619264841,0.9447444081306458,-0.37423792481422424,0.18873406628153921,0.0,0.0,0.0,0.0,0.0,0.0,0.0,0.0,0.0,-0.005046733021736145,0.0,0.18368733325980308
0,29,-0.27308425307273865,0.48902636766433716,0.9848511219024658,-0.5077186226844788,0.183596495382503,0.0,0.0,0.0,0.0,0.0,0.0,0.0,0.0,0.0,-0.00419921100139618,0.0,0.17939728438110683
0,30,0.6693992018699646,0.6052749752998352,0.2913862466812134,0.35120993852615356,0.1830327286845116,0.0,0.0,0.0,0.0,0.0,0.0,0.0,0.0,0.0,-0.021204404830932617,0.0,0.16182832385357898
0,31,-0.5981899499893188,-0.9214540719985962,0.3949801027774811,-0.1658974289894104,0.18229684451877892,0.0,0.0,0.0,0.0,0.0,0.0,0.0,0.0,0.0,-0.04215815544128418,0.0,0.14013868907749474
0,32,-0.1992783546447754,-0.5916526317596436,-0.34644052386283875,-0.029067950323224068,0.17722491030674725,0.0,0.0,0.0,0.0,0.0,0.0,0.0,0.0,0.0,-0.008363263010978698,0.0,0.16886164729576855
0,33,0.8629059791564941,-0.06103109195828438,0.9482793211936951,-0.48256173729896545,0.17320823924149187,0.0,0.0,0.0,0.0,0.0,0.0,0.0,0.0,0.0,-0.032917509078979494,0.0,0.14029073016251237
0,34,-0.47396543622016907,0.43751025199890137,-0.6116709113121033,0.567805826663971,0.17353265190380884,0.0,0.0,0.0,0.0,0.0,0.0,0.0,0.0,0.0,-0.05572485446929932,0.0,0.11780779743450953
0,35,-0.18586081266403198,-0.9906542301177979,-0.2921626567840576,-0.7855821847915649,0.17564001834082332,0.0,0.0,0.0,0.0,0.0,0.0,0.0,0.0,0.0,-0.04056403160095215,0.0,0.13507598673987117
0,36,0.34526708722114563,-0.7587625980377197,-0.28598326444625854,0.6122766733169556,0.1738760160079671,0.0,0.0,0.0,0.0,0.0,0.0,0.0,0.0,0.0,-0.022899181842803956,0.0,0.15097683416516314
0,37,-0.21307359635829926,0.12345392256975174,0.07883753627538681,-0.29512131214141846,0.17238021791672553,0.0,0.0,0.0,0.0,0.0,0.0,0.0,0.0,0.0,-0.02046515464782715,0.0,0.1519150632688984
0,38,0.6977777481079102,0.8618673086166382,0.9636302590370178,-0.029273804277181625,0.17432195186047117,0.0,0.0,0.0,0.0,0.0,0.0,0.0,0.0,0.0,-0.022284376621246337,0.0,0.15203757523922484
0,39,0.47391581535339355,-0.15188467502593994,0.8873519897460938,-0.9717155694961548,0.17433087125311542,0.0,0.0,0.0,0.0,0.0,0.0,0.0,0.0,0.0,-0.019718220233917238,0.0,0.1546126510191982
0,40,-0.6389309167861938,-0.030963681638240814,-0.03449283540248871,0.10712464153766632,0.1716012312670342,0.0,0.0,0.0,0.0,0.0,0.0,0.0,0.0,0.0,-0.03266743898391724,0.0,0.13893379228311695
0,41,-0.8761661052703857,0.7299987077713013,-0.3413231670856476,-0.282693475484848,0.17444778953390183,0.0,0.0,0.0,0.0,0.0,0.0,0.0,0.0,0.0,-0.008814473152160645,0.0,0.1656333163817412
0,42,0.08925420045852661,0.9065374732017517,-0.39889585971832275,-0.6922219395637512,0.18611250802449053,0.0,0.0,0.0,0.0,0.0,0.0,0.0,0.0,0.0,-0.011342304944992066,0.0,0.17477020307949848
0,43,0.21415433287620544,0.34128302335739136,-0.1882198452949524,-0.35524964332580566,0.19990588116519148,0.0,0.0,0.0,0.0,0.0,0.0,0.0,0.0,0.0,-0.004930473864078522,0.0,0.19497540730111296
0,44,-0.5040310025215149,0.1055702492594719,-0.05460561439394951,-0.5963575839996338,0.20744580037028726,0.0,0.0,0.0,0.0,0.0,0.0,0.0,0.0,0.0,-0.00647336483001709,0.0,0.20097243554027017
0,45,0.8566033840179443,0.2826276421546936,-0.7975620031356812,-0.46480223536491394,0.21658437262716346,0.0,0.0,0.0,0.0,0.0,0.0,0.0,0.0,0.0,-0.024519660472869874,0.0,0.19206471215429358
0,46,0.5030791163444519,0.958794891834259,0.6713817119598389,0.4313890039920807,0.23475739956250186,0.0,0.0,0.0,0.0,0.0,0.0,0.0,0.0,0.0,-0.03543136119842529,0.0,0.19932603836407656
0,47,-0.7383456230163574,0.3179546296596527,0.711464524269104,0.6494084000587463,0.24888160896853273,0.0,0.0,0.0,0.0,0.0,0.0,0.0,0.0,0.0,-0.020009508132934572,0.0,0.22887210083559817
0,48,0.2978832423686981,0.43278810381889343,-0.8528783321380615,-0.4917474687099457,0.2599585746540233,0.0,0.0,0.0,0.0,0.0,0.0,0.0,0.0,0.0,-0.04836362361907959,0.0,0.2115949510349437
0,49,-0.8397170305252075,0.8235989212989807,0.2253914475440979,-0.352688193321228,0.2752153831493067,0.0,0.0,0.0,0.0,0.0,0.0,0.0,0.0,0.0,-0.02628870725631714,0.0,0.24892667589298959
0,50,0.7787696123123169,-0.14095832407474518,0.5158039331436157,0.8791580200195312,0.28228576822180274,0.0,0.0,0.0,0.0,0.0,0.0,0.0,0.0,0.0,-0.051516542434692385,0.0,0.23076922578711034
0,51,-0.36758407950401306,-0.8999385237693787,0.9369918704032898,-0.5568562746047974,0.27428066302628684,0.0,0.0,0.0,0.0,0.0,0.0,0.0,0.0,0.0,-0.04129714012145996,0.0,0.23298352290482688
0,52,0.004227811470627785,-0.26196059584617615,-0.1098891943693161,-0.12510910630226135,0.2625675532007534,0.0,0.0,0.0,0.0,0.0,0.0,0.0,0.0,0.0,-0.01827625632286072,0.0,0.2442912968778927
0,53,-0.739568293094635,0.9726890921592712,-0.2687912583351135,-0.3235127329826355,0.2629788212967349,0.0,0.0,0.0,0.0,0.0,0.0,0.0,0.0,0.0,-0.02142206430435181,0.0,0.24155675699238308
0,54,-0.8955980539321899,0.0515928789973259,0.7912248969078064,0.417530357837677,0.26115541225264427,0.0,0.0,0.0,0.0,0.0,0.0,0.0,0.0,0.0,-0.025455427169799805,0.0,0.23569998508284445
0,55,0.5113086104393005,-0.9433521032333374,0.7945440411567688,-0.4879019260406494,0.2466744052715525,0.0,0.0,0.0,0.0,0.0,0.0,0.0,0.0,0.0,-0.037891201972961426,0.0,0.20878320329859107
0,56,-0.36253851652145386,0.757472813129425,0.05782812833786011,0.7637279629707336,0.2357609643215729,0.0,0.0,0.0,0.0,0.0,0.0,0.0,0.0,0.0,-0.05765742301940918,0.0,0.17810354130216371
0,57,0.23180299997329712,-0.05770474672317505,0.4417973458766937,-0.12389840185642242,0.2330737662957839,0.0,0.0,0.0,0.0,0.0,0.0,0.0,0.0,0.0,-0.019530692100524903,0.0,0.213543074195259
0,58,0.8364232182502747,-0.2897944152355194,0.1291726529598236,0.9921985864639282,0.2319283518300168,0.0,0.0,0.0,0.0,0.0,0.0,0.0,0.0,0.0,-0.017628378868103027,0.0,0.21429997296191378
0,59,0.4978378415107727,-0.12687164545059204,-0.3146889805793762,-0.8261644244194031,0.23535005721675428,0.0,0.0,0.0,0.0,0.0,0.0,0.0,0.0,0.0,-0.03644640922546387,0.0,0.1989036479912904
0,60,0.9902065396308899,-0.7957126498222351,-0.5221680402755737,0.1998750865459442,0.24262259059690194,0.0,0.0,0.0,0.0,0.0,0.0,0.0,0.0,0.0,-0.01785579800605774,0.0,0.2247667925908442
0,61,-0.8540663123130798,-0.913247287273407,-0.1758718490600586,-0.00945383869111538,0.24506064158405905,0.0,0.0,0.0,0.0,0.0,0.0,0.0,0.0,0.0,-0.03578896522521973,0.0,0.2092716763588393
0,62,-0.09967440366744995,0.04575595259666443,-0.3384385108947754,-0.5962967276573181,0.24312610075675345,0.0,0.0,0.0,0.0,0.0,0.0,0.0,0.0,0.0,-0.018596067428588867,0.0,0.22453003332816457
0,63,0.7365752458572388,0.6742042303085327,0.17654694616794586,-0.31566122174263,0.24796349606256562,0.0,0.0,0.0,0.0,0.0,0.0,0.0,0.0,0.0,-0.014382270574569702,0.0,0.23358122548799592
0,64,-0.4878775477409363,0.43846139311790466,0.21077609062194824,0.3231034278869629,0.2567003279518576,0.0,0.0,0.0,0.0,0.0,0.0,0.0,0.0,0.0,-0.019640510082244874,0.0,0.23705981786961272
0,65,0.6873988509178162,0.6176292896270752,0.3951549530029297,-0.620006799697876,0.26504296172560216,0.0,0.0,0.0,0.0,0.0,0.0,0.0,0.0,0.0,-0.023368282318115236,0.0,0.2416746794074869
0,66,0.5117145776748657,0.2720036208629608,0.06176341325044632,0.005129734519869089,0.2751172008735667,0.0,0.0,0.0,0.0,0.0,0.0,0.0,0.0,0.0,-0.006522676944732666,0.0,0.26859452392883404
0,67,0.278561532497406,0.7642837762832642,-0.8772714138031006,-0.674087643623352,0.29248111146907985,0.0,0.0,0.0,0.0,0.0,0.0,0.0,0.0,0.0,-0.01639822721481323,0.0,0.27608288425426664
0,68,0.0979514867067337,0.6053740382194519,0.6873535513877869,0.4910484552383423,0.3146656017387933,0.0,0.0,0.0,0.0,0.0,0.0,0.0,0.0,0.0,-0.038634657859802246,0.0,0.2760309438789911
0,69,0.07531023770570755,0.08762069046497345,-0.1116345003247261,0.9834011793136597,0.3265944783034592,0.0,0.0,0.0,0.0,0.0,0.0,0.0,0.0,0.0,-0.011493743658065795,0.0,0.31510073464539345
0,70,-0.772957444190979,0.5312590003013611,0.26276353001594543,-0.9753590226173401,0.33153840059951223,0.0,0.0,0.0,0.0,0.0,0.0,0.0,0.0,0.0,-0.048932886123657225,0.0,0.282605514475855
0,71,0.551077127456665,-0.24681195616722107,0.9786257147789001,0.6690123677253723,0.3272025109949336,0.0,0.0,0.0,0.0,0.0,0.0,0.0,0.0,0.0,-0.05574877738952637,0.0,0.2714537336054072
0,72,-0.04959425330162048,-0.6594511866569519,0.3659968674182892,-0.8972892761230469,0.31455758360341435,0.0,0.0,0.0,0.0,0.0,0.0,0.0,0.0,0.0,-0.033596920967102054,0.0,0.2809606626363123
0,73,0.0725708156824112,0.5039206147193909,0.8081809878349304,-0.23919622600078583,0.30409103137862514,0.0,0.0,0.0,0.0,0.0,0.0,0.0,0.0,0.0,-0.01996971607208252,0.0,0.2841213153065426
0,74,0.262733519077301,-0.13493013381958008,-0.8924468755722046,-0.935473620891571,0.3006564863948842,0.0,0.0,0.0,0.0,0.0,0.0,0.0,0.0,0.0,-0.038212292194366455,0.0,0.26244419420051773
0,75,-0.04662497714161873,0.8580698370933533,0.24471236765384674,-0.4843747913837433,0.3053083638806976,0.0,0.0,0.0,0.0,0.0,0.0,0.0,0.0,0.0,-0.025783729553222657,0.0,0.27952463432747493
0,76,0.5953514575958252,0.06132003664970398,0.9039793014526367,0.21156045794487,0.3082962414231093,0.0,0.0,0.0,0.0,0.0,0.0,0.0,0.0,0.0,-0.019659028053283692,0.0,0.2886372133698256
0,77,0.31319987773895264,-0.28011244535446167,-0.215135857462883,0.4077931344509125,0.3064942411989695,0.0,0.0,0.0,0.0,0.0,0.0,0.0,0.0,0.0,-0.014871115684509278,0.0,0.29162312551446024
0,78,0.6067171096801758,0.15044711530208588,0.8638859391212463,0.16725201904773712,0.30257017235163,0.0,0.0,0.0,0.0,0.0,0.0,0.0,0.0,0.0,-0.014936820268630982,0.0,0.287633352082999
0,79,0.13160504400730133,0.06073499098420143,-0.019807029515504837,-0.49176448583602905,0.2976290954047931,0.0,0.0,0.0,0.0,0.0,0.0,0.0,0.0,0.0,-0.0144899582862854,0.0,0.2831391371185077
0,80,0.33974456787109375,0.5793120861053467,0.4066105782985687,0.27128496766090393,0.2976230700594181,0.0,0.0,0.0,0.0,0.0,0.0,0.0,0.0,0.0,-0.01076320767402649,0.0,0.28685986238539163
0,81,0.22234484553337097,-0.4757572114467621,0.07825910300016403,0.8236936926841736,0.29631723272960797,0.0,0.0,0.0,0.0,0.0,0.0,0.0,0.0,0.0,-0.01539924144744873,0.0,0.2809179912821592
0,82,0.462829053401947,0.17188747227191925,-0.420110285282135,0.8508301377296448,0.2993585565238086,0.0,0.0,0.0,0.0,0.0,0.0,0.0,0.0,0.0,-0.007263848185539246,0.0,0.29209470833826934
0,83,0.6115776896476746,0.8856988549232483,0.40901511907577515,0.5607726573944092,0.3102677207030341,0.0,0.0,0.0,0.0,0.0,0.0,0.0,0.0,0.0,-0.01303235173225403,0.0,0.29723536897078007
0,84,0.40548819303512573,0.413341760635376,-0.28444400429725647,-0.8680466413497925,0.3234966919411638,0.0,0.0,0.0,0.0,0.0,0.0,0.0,0.0,0.0,-0.027880043983459474,0.0,0.29561664795770437
0,85,0.16044951975345612,-0.5283657908439636,0.6447723507881165,0.0937943235039711,0.32799487271116745,0.0,0.0,0.0,0.0,0.0,0.0,0.0,0.0,0.0,-0.027354381084442138,0.0,0.3006404916267253
0,86,0.26457029581069946,-0.03562525659799576,0.5407254099845886,0.4162960946559906,0.32074400919885226,0.0,0.0,0.0,0.0,0.0,0.0,0.0,0.0,0.0,-0.003684675395488739,0.0,0.31705933380336354
0,87,0.38498231768608093,0.6668705344200134,0.3654375970363617,-0.2614997923374176,0.3152489961167634,0.0,0.0,0.0,0.0,0.0,0.0,0.0,0.0,0.0,-0.009981325268745423,0.0,0.305267670848018
0,88,0.804118812084198,-0.11487628519535065,0.42211413383483887,-0.24459165334701538,0.31016889028771377,0.0,0.0,0.0,0.0,0.0,0.0,0.0,0.0,0.0,-0.007903015613555909,0.0,0.3022658746741579
0,89,0.5691747665405273,0.1665506213903427,-0.22091716527938843,-0.9274275898933411,0.3080952421909916,0.0,0.0,0.0,0.0,0.0,0.0,0.0,0.0,0.0,-0.010141539573669435,0.0,0.2979537026173222
0,90,-0.7252487540245056,0.4744020104408264,-0.6870038509368896,-0.378831148147583,0.31999414117685676,0.0,0.0,0.0,0.0,0.0,0.0,0.0,0.0,0.0,-0.022884998321533203,0.0,0.2971091428553236
0,91,-0.78104567527771,0.8521766066551208,0.5447915196418762,-0.5445261001586914,0.3409902377408284,0.0,0.0,0.0,0.0,0.0,0.0,0.0,0.0,0.0,-0.016906014680862426,0.0,0.3240842230599659
0,92,-0.8504423499107361,-0.7293637990951538,0.25999394059181213,0.4648381769657135,0.35251035119256013,0.0,0.0,0.0,0.0,0.0,0.0,0.0,0.0,0.0,-0.03606011629104614,0.0,0.31645023490151397
0,93,0.3798065185546875,-0.7365400195121765,-0.12318108975887299,-0.5933314561843872,0.3535035785026368,0.0,0.0,0.0,0.0,0.0,0.0,0.0,0.0,0.0,-0.027801098823547366,0.0,0.32570247967908944
0,94,0.36628758907318115,-0.7884178757667542,0.19136151671409607,-0.7151587009429932,0.34713646649992547,0.0,0.0,0.0,0.0,0.0,0.0,0.0,0.0,0.0,-0.0011665299534797668,0.0,0.3459699365464457
0,95,0.337723046541214,0.9385365843772888,-0.2724149823188782,0.4125250577926636,0.3457471455728024,0.0,0.0,0.0,0.0,0.0,0.0,0.0,0.0,0.0,-0.0446994686126709,0.0,0.3010476769601315
0,96,0.24230627715587616,0.051522742956876755,-0.5670490860939026,0.4307529032230377,0.3585590701867324,0.0,0.0,0.0,0.0,0.0,0.0,0.0,0.0,0.0,-0.008830394744873047,0.0,0.3497286754418593
0,97,-0.7906640768051147,0.4300335645675659,-0.33477455377578735,0.7521972060203552,0.37683291744505976,0.0,0.0,0.0,0.0,0.0,0.0,0.0,0.0,0.0,-0.013675761222839356,0.0,0.3631571562222204
0,98,0.8781856298446655,0.34885796904563904,-0.3988514840602875,-0.8139190077781677,0.3961588169388076,0.0,0.0,0.0,0.0,0.0,0.0,0.0,0.0,0.0,-0.052484745979309085,0.0,0.34367407095949853
0,99,-0.1490708738565445,-0.1420869082212448,-0.42497700452804565,-0.9768690466880798,0.4125966005476649,0.0,0.0,0.0,0.0,0.0,0.0,0.0,0.0,0.0,-0.013235180377960206,0.0,0.39936142016970466
0,100,0.6266017556190491,0.3499956429004669,0.6141532063484192,-0.9616987109184265,0.42054587691529843,0.0,0.0,0.0,0.0,0.0,0.0,0.0,0.0,0.0,-0.019238349199295044,0.0,0.40130752771600336
0,101,0.9531319737434387,0.5539161562919617,0.8559010028839111,-0.3000780940055847,0.41598836740239664,0.0,0.0,0.0,0.0,0.0,0.0,0.0,0.0,0.0,-0.006443893909454346,0.0,0.4095444734929423
0,102,0.04330086708068848,0.19037753343582153,0.6048860549926758,-0.8672055602073669,0.4034215460148911,0.0,0.0,0.0,0.0,0.0,0.0,0.0,0.0,0.0,-0.013445950746536255,0.0,0.38997559526835485
0,103,0.2305375635623932,-0.3647836148738861,-0.7669798731803894,0.19405728578567505,0.3969370633244166,0.0,0.0,0.0,0.0,0.0,0.0,0.0,0.0,0.0,-0.033515565395355225,0.0,0.36342149792906137
0,104,0.9386256337165833,-0.16189275681972504,0.4658835828304291,-0.9346418380737305,0.39115103140461527,0.0,0.0,0.0,0.0,0.0,0.0,0.0,0.0,0.0,-0.03336467027664185,0.0,0.3577863611279734
0,105,-0.45046699047088623,0.6821028590202332,0.005753085482865572,-0.6143877506256104,0.3857224020005089,0.0,0.0,0.0,0.0,0.0,0.0,0.0,0.0,0.0,-0.029561898708343505,0.0,0.35616050329216536
0,106,0.4589841663837433,-0.7649167776107788,0.4104797840118408,0.04967048391699791,0.38266498456077125,0.0,0.0,0.0,0.0,0.0,0.0,0.0,0.0,0.0,-0.03525743961334229,0.0,0.347407544947429
0,107,-0.13925841450691223,0.9370256066322327,0.18475224077701569,0.8608044385910034,0.37649155179749016,0.0,0.0,0.0,0.0,0.0,0.0,0.0,0.0,0.0,-0.03963393688201904,0.0,0.3368576149154711
0,108,-0.14157971739768982,0.0915665403008461,0.07219088077545166,0.017863644286990166,0.37699747913558856,0.0,0.0,0.0,0.0,0.0,0.0,0.0,0.0,0.0,-0.014380255937576294,0.0,0.36261722319801226
0,109,-0.5798203945159912,0.9103341102600098,-0.5785703063011169,0.5884386897087097,0.38997432616181693,0.0,0.0,0.0,0.0,0.0,0.0,0.0,0.0,0.0,-0.016114813089370728,0.0,0.3738595130724462
0,110,-0.39596855640411377,0.14641764760017395,0.0451524592936039,0.8252630233764648,0.40840518975076057,0.0,0.0,0.0,0.0,0.0,0.0,0.0,0.0,0.0,-0.010624856948852538,0.0,0.39778033280190805
0,111,-0.4269776940345764,0.1798359900712967,-0.1930343508720398,0.23073957860469818,0.4193471082457598,0.0,0.0,0.0,0.0,0.0,0.0,0.0,0.0,0.0,-0.004122694134712219,0.0,0.4152244141110476
0,112,0.9781243205070496,0.5386825799942017,0.526772677898407,-0.06775186210870743,0.4209374999590272,0.0,0.0,0.0,0.0,0.0,0.0,0.0,0.0,0.0,-0.027103018760681153,0.0,0.393834481198346
0,113,0.38519299030303955,-0.8115135431289673,-0.8423525094985962,0.9107581377029419,0.41745917218486117,0.0,0.0,0.0,0.0,0.0,0.0,0.0,0.0,0.0,-0.050065827369689946,0.0,0.3673933448151712
0,114,-0.9726951718330383,0.8795769214630127,0.8045279383659363,0.7936738133430481,0.42056066247851875,0.0,0.0,0.0,0.0,0.0,0.0,0.0,0.0,0.0,-0.07429571151733398,0.0,0.34626495096118476
0,115,0.9393172860145569,0.10323328524827957,0.1092197373509407,0.11906451731920242,0.42206256053519686,0.0,0.0,0.0,0.0,0.0,0.0,0.0,0.0,0.0,-0.05197052478790283,0.0,0.37009203574729405
0,116,0.4135116934776306,0.573952853679657,0.9177344441413879,0.35803285241127014,0.41618193737699727,0.0,0.0,0.0,0.0,0.0,0.0,0.0,0.0,0.0,-0.01208850383758545,0.0,0.4040934335394118
0,117,0.21574242413043976,-0.2876570224761963,0.5876474976539612,0.5028566122055054,0.4025672833646118,0.0,0.0,0.0,0.0,0.0,0.0,0.0,0.0,0.0,-0.009114155769348145,0.0,0.39345312759526363
0,118,-0.03505344316363335,0.767002284526825,-0.372114896774292,-0.039358656853437424,0.39834198169865975,0.0,0.0,0.0,0.0,0.0,0.0,0.0,0.0,0.0,-0.023903460502624513,0.0,0.37443852119603527
0,119,0.9828246831893921,0.39539316296577454,-0.42037081718444824,0.6140896081924438,0.40835216842803734,0.0,0.0,0.0,0.0,0.0,0.0,0.0,0.0,0.0,-0.016034926176071166,0.0,0.3923172422519662
0,120,-0.5178399085998535,-0.8694226145744324,0.1515710949897766,-0.09194264560937881,0.4122923019377557,0.0,0.0,0.0,0.0,0.0,0.0,0.0,0.0,0.0,-0.046773524284362794,0.0,0.3655187776533929
0,121,0.24195966124534607,0.15145576000213623,-0.055253446102142334,-0.6001967787742615,0.41133763686245917,0.0,0.0,0.0,0.0,0.0,0.0,0.0,0.0,0.0,-0.019205865859985353,0.0,0.3921317710024738
0,122,0.2004327028989792,0.278288871049881,-0.6660107970237732,-0.3706427216529846,0.42013577341695685,0.0,0.0,0.0,0.0,0.0,0.0,0.0,0.0,0.0,-0.0044353073835372925,0.0,0.41570046603341954
0,123,0.10113770514726639,0.06500186771154404,-0.7435625195503235,0.23590704798698425,0.43991910416894864,0.0,0.0,0.0,0.0,0.0,0.0,0.0,0.0,0.0,-0.004292676746845246,0.0,0.4356264274221034
0,124,-0.9447653889656067,-0.8973119258880615,-0.576486349105835,-0.8304204344749451,0.4616030286977858,0.0,0.0,0.0,0.0,0.0,0.0,0.0,0.0,0.0,-0.031849298477172855,0.0,0.4297537302206129
0,125,-0.9029805660247803,-0.9376910924911499,0.09407306462526321,0.08480837941169739,0.47401019755179774,0.0,0.0,0.0,0.0,0.0,0.0,0.0,0.0,0.0,-0.012906702756881714,0.0,0.461103494794916
0,126,-0.6339616775512695,0.14671353995800018,0.6339053511619568,-0.5762962102890015,0.4748509191289728,0.0,0.0,0.0,0.0,0.0,0.0,0.0,0.0,0.0,-0.019767826795578005,0.0,0.45508309233339483
0,127,-0.12328680604696274,0.6318017244338989,0.4804767668247223,0.15519854426383972,0.4715723839040603,0.0,0.0,0.0,0.0,0.0,0.0,0.0,0.0,0.0,-0.010547243356704712,0.0,0.4610251405473556
0,128,-0.16637572646141052,-0.26154136657714844,0.06070408970117569,-0.6766723990440369,0.46857341714046286,0.0,0.0,0.0,0.0,0.0,0.0,0.0,0.0,0.0,-0.016681368350982665,0.0,0.4518920487894802
0,129,-0.7985348105430603,0.12989957630634308,-0.06470412760972977,0.6951434016227722,0.4720251526303242,0.0,0.0,0.0,0.0,0.0,0.0,0.0,0.0,0.0,-0.024504570960998534,0.0,0.4475205816693256
0,130,-0.7609848380088806,-0.29662755131721497,0.17554491758346558,0.07639240473508835,0.475017075530499,0.0,0.0,0.0,0.0,0.0,0.0,0.0,0.0,0.0,-0.0062390780448913575,0.0,0.4687779974856076
0,131,0.9859486818313599,-0.8687552213668823,0.1714770346879959,-0.6533376574516296,0.4695022538355955,0.0,0.0,0.0,0.0,0.0,0.0,0.0,0.0,0.0,-0.03911628961563111,0.0,0.4303859642199644
0,132,-0.9737779498100281,0.61735600233078,-0.16203270852565765,0.3723316788673401,0.46616777789291963,0.0,0.0,0.0,0.0,0.0,0.0,0.0,0.0,0.0,-0.07212281227111816,0.0,0.39404496562180147
0,133,0.6531339883804321,0.6977569460868835,-0.3102688789367676,0.8031728267669678,0.47710419723110975,0.0,0.0,0.0,0.0,0.0,0.0,0.0,0.0,0.0,-0.028609044551849365,0.0,0.4484951526792604
0,134,-0.28233131766319275,-0.2084212452173233,0.4192935526371002,0.9075599312782288,0.4830626100306308,0.0,0.0,0.0,0.0,0.0,0.0,0.0,0.0,0.0,-0.022394123077392577,0.0,0.4606684869532382
0,135,-0.2030980885028839,0.27651670575141907,0.14714397490024567,0.7657979726791382,0.482194037555139,0.0,0.0,0.0,0.0,0.0,0.0,0.0,0.0,0.0,-0.0033560457825660707,0.0,0.4788379917725729
0,136,0.7173218131065369,-0.6366767287254333,-0.4113118052482605,-0.47916918992996216,0.4856694185417153,0.0,0.0,0.0,0.0,0.0,0.0,0.0,0.0,0.0,-0.035429112911224366,0.0,0.45024030563049094
0,137,0.7302460670471191,0.09572883695363998,-0.635871171951294,-0.08816853165626526,0.4993779301796839,0.0,0.0,0.0,0.0,0.0,0.0,0.0,0.0,0.0,-0.007398933172225952,0.0,0.49197899700745795
0,138,0.23646613955497742,0.399696946144104,0.5558096170425415,-0.9322864413261414,0.513863774425007,0.0,0.0,0.0,0.0,0.0,0.0,0.0,0.0,0.0,-0.0246885347366333,0.0,0.4891752396883737
0,139,-0.7481386065483093,-0.8648808002471924,-0.008783003315329552,0.2535076141357422,0.5154993073071705,0.0,0.0,0.0,0.0,0.0,0.0,0.0,0.0,0.0,-0.04293476104736328,0.0,0.47256454625980726
0,140,-0.41653141379356384,-0.4526829421520233,-0.06453654170036316,0.6092418432235718,0.5113128060724441,0.0,0.0,0.0,0.0,0.0,0.0,0.0,0.0,0.0,-0.004095256924629211,0.0,0.5072175491478149
0,141,0.1467689573764801,-0.008095527067780495,-0.13161088526248932,-0.971701443195343,0.5097475902684535,0.0,0.0,0.0,0.0,0.0,0.0,0.0,0.0,0.0,-0.03018846035003662,0.0,0.47955912991841687
0,142,0.4328036308288574,-0.3363227844238281,0.8558347225189209,0.608102023601532,0.5001509791122853,0.0,0.0,0.0,0.0,0.0,0.0,0.0,0.0,0.0,-0.03660376787185669,0.0,0.46354721124042864
0,143,-0.7593108415603638,-0.10196778178215027,-0.38220149278640747,0.014960219152271748,0.4915390635372364,0.0,0.0,0.0,0.0,0.0,0.0,0.0,0.0,0.0,-0.03360609769821167,0.0,0.45793296583902476
0,144,0.06323765963315964,0.3414979875087738,-0.3867201805114746,-0.08001986891031265,0.4997956215287862,0.0,0.0,0.0,0.0,0.0,0.0,0.0,0.0,0.0,-0.008822895884513855,0.0,0.49097272564427236
0,145,-0.5822944641113281,-0.010821023024618626,-0.25091663002967834,-0.5828786492347717,0.5123421585420607,0.0,0.0,0.0,0.0,0.0,0.0,0.0,0.0,0.0,-0.008121499419212341,0.0,0.5042206591228483
0,146,0.8974714279174805,0.12672631442546844,0.9071918725967407,-0.005322938784956932,0.5143631209857995,0.0,0.0,0.0,0.0,0.0,0.0,0.0,0.0,0.0,-0.038834118843078615,0.0,0.47552900214272087
0,147,0.5374801158905029,0.16983269155025482,0.6381523013114929,0.6832609176635742,0.5019693171148021,0.0,0.0,0.0,0.0,0.0,0.0,0.0,0.0,0.0,-0.006779819130897522,0.0,0.49518949798390455
0,148,0.007897038012742996,-0.09436248242855072,-0.23260463774204254,-0.9578539729118347,0.4941414375320713,0.0,0.0,0.0,0.0,0.0,0.0,0.0,0.0,0.0,-0.038017332553863525,0.0,0.45612410497820777
0,149,-0.8441592454910278,0.029375098645687103,0.37292322516441345,-0.1009596660733223,0.49061019982441023,0.0,0.0,0.0,0.0,0.0,0.0,0.0,0.0,0.0,-0.018422427177429198,0.0,0.47218777264698103
0,150,-0.5059370994567871,0.12655951082706451,0.6627696752548218,-0.5053175687789917,0.4800300523779848,0.0,0.0,0.0,0.0,0.0,0.0,0.0,0.0,0.0,-0.0037135529518127442,0.0,0.47631649942617205
0,151,-0.5596402287483215,-0.39739295840263367,0.11079052090644836,-0.9891144037246704,0.4676907293850395,0.0,0.0,0.0,0.0,0.0,0.0,0.0,0.0,0.0,-0.008161506652832032,0.0,0.4595292227322075
0,152,0.3183858096599579,-0.5425136685371399,-0.914760947227478,0.6293567419052124,0.46453264501997515,0.0,0.0,0.0,0.0,0.0,0.0,0.0,0.0,0.0,-0.044631943702697754,0.0,0.4199007013172774
0,153,-0.19668175280094147,0.15517881512641907,0.7058382034301758,0.38695138692855835,0.4647215806677335,0.0,0.0,0.0,0.0,0.0,0.0,0.0,0.0,0.0,-0.034371714591979984,0.0,0.43034986607575354
0,154,0.49643468856811523,0.5881423354148865,-0.9467127919197083,-0.03197936341166496,0.4729119891712361,0.0,0.0,0.0,0.0,0.0,0.0,0.0,0.0,0.0,-0.035742952823638915,0.0,0.4371690363475972
0,155,-0.6066058874130249,0.2516227960586548,-0.44966980814933777,0.9673401117324829,0.49762185204923626,0.0,0.0,0.0,0.0,0.0,0.0,0.0,0.0,0.0,-0.025756349563598634,0.0,0.47186550248563763
0,156,-0.8734497427940369,-0.16275331377983093,0.2706223428249359,-0.535595178604126,0.5107227230402704,0.0,0.0,0.0,0.0,0.0,0.0,0.0,0.0,0.0,-0.030205485820770265,0.0,0.4805172372195002
0,157,0.8762680292129517,-0.5196434259414673,0.7713770270347595,0.4828975200653076,0.5015580958753663,0.0,0.0,0.0,0.0,0.0,0.0,0.0,0.0,0.0,-0.04476965427398682,0.0,0.45678844160137944
0,158,0.9388121962547302,0.29144713282585144,-0.6627921462059021,0.7158570289611816,0.4944109090992155,0.0,0.0,0.0,0.0,0.0,0.0,0.0,0.0,0.0,-0.0277289080619812,0.0,0.4666820010372343
0,159,-0.5298416614532471,0.9675983190536499,0.2387963831424713,0.8824004530906677,0.5024705053513249,0.0,0.0,0.0,0.0,0.0,0.0,0.0,0.0,0.0,-0.03454723358154297,0.0,0.4679232717697819
0,160,-0.24583767354488373,0.2907332181930542,-0.9425328373908997,-0.44311657547950745,0.5189837961975328,0.0,0.0,0.0,0.0,0.0,0.0,0.0,0.0,0.0,-0.036913390159606936,0.0,0.48207040603792584
0,161,0.7611822485923767,0.7814649343490601,0.586872935295105,0.6323156952857971,0.535600840572539,0.0,0.0,0.0,0.0,0.0,0.0,0.0,0.0,0.0,-0.04750543594360351,0.0,0.48809540462893547
0,162,0.42123281955718994,0.5589900016784668,-0.9255557060241699,-0.3790164887905121,0.5559104032554003,0.0,0.0,0.0,0.0,0.0,0.0,0.0,0.0,0.0,-0.034752936363220216,0.0,0.5211574668921801
0,163,-0.005413815379142761,-0.6795360445976257,-0.07184357941150665,0.16812855005264282,0.5768770376601534,0.0,0.0,0.0,0.0,0.0,0.0,0.0,0.0,0.0,-0.02744166374206543,0.0,0.5494353739180879
0,164,0.3711627125740051,-0.8638197183609009,0.5473693013191223,0.585541307926178,0.5726512678555215,0.0,0.0,0.0,0.0,0.0,0.0,0.0,0.0,0.0,-0.0073342835903167725,0.0,0.5653169842652047
0,165,0.7076157331466675,-0.615357518196106,0.6299158334732056,-0.8231979012489319,0.5477703953765727,0.0,0.0,0.0,0.0,0.0,0.0,0.0,0.0,0.0,-0.021662940979003908,0.0,0.5261074543975688
0,166,0.6626867055892944,-0.7032482028007507,0.7980421781539917,-0.7891890406608582,0.5115402840582581,0.0,0.0,0.0,0.0,0.0,0.0,0.0,0.0,0.0,-0.00039166461676359176,0.0,0.5111486194414946
0,167,-0.735870361328125,0.7137688398361206,-0.8702411651611328,-0.49736812710762024,0.48684466304620455,0.0,0.0,0.0,0.0,0.0,0.0,0.0,0.0,0.0,-0.0683222770690918,0.0,0.4185223859771128
0,168,0.6055347919464111,-0.37177690863609314,0.9935727119445801,0.7517639994621277,0.4712495196227774,0.0,0.0,0.0,0.0,0.0,0.0,0.0,0.0,0.0,-0.08011910438537598,0.0,0.39113041523740144
0,169,0.2986927330493927,0.3040663003921509,-0.6050278544425964,0.3486233353614807,0.45972395002046307,0.0,0.0,0.0,0.0,0.0,0.0,0.0,0.0,0.0,-0.03268962383270264,0.0,0.42703432618776044
0,170,-0.09198002517223358,-0.6504278779029846,-0.5255245566368103,0.4219346344470978,0.4645032935381097,0.0,0.0,0.0,0.0,0.0,0.0,0.0,0.0,0.0,-0.01075379729270935,0.0,0.45374949624540034
0,171,-0.9279062151908875,0.37980374693870544,-0.2299763709306717,0.9694938659667969,0.47512610485567164,0.0,0.0,0.0,0.0,0.0,0.0,0.0,0.0,0.0,-0.021473195552825928,0.0,0.4536529093028457
0,172,-0.6556072235107422,-0.8894427418708801,-0.994210422039032,0.0779556855559349,0.48923540658166775,0.0,0.0,0.0,0.0,0.0,0.0,0.0,0.0,0.0,-0.03064027309417725,0.0,0.4585951334874905
0,173,0.8452650308609009,-0.5499808192253113,0.13586550951004028,0.33881205320358276,0.48921605785924893,0.0,0.0,0.0,0.0,0.0,0.0,0.0,0.0,0.0,-0.037129697799682615,0.0,0.4520863600595663
0,174,-0.5237851142883301,-0.6517806649208069,-0.6305460929870605,-0.5775878429412842,0.48032121338091116,0.0,0.0,0.0,0.0,0.0,0.0,0.0,0.0,0.0,-0.033118371963500974,0.0,0.4472028414174102
0,175,0.142992302775383,0.9449478983879089,0.5429500937461853,-0.2738422751426697,0.4810887085906562,0.0,0.0,0.0,0.0,0.0,0.0,0.0,0.0,0.0,-0.04463489055633545,0.0,0.43645381803432076
0,176,0.5877896547317505,0.8762719035148621,-0.9021584987640381,-0.09082379192113876,0.5049958697395585,0.0,0.0,0.0,0.0,0.0,0.0,0.0,0.0,0.0,-0.023243958950042724,0.0,0.48175191078951574
0,177,0.38373875617980957,0.17024658620357513,0.3139391541481018,-0.5758917331695557,0.5358801938075353,0.0,0.0,0.0,0.0,0.0,0.0,0.0,0.0,0.0,-0.02254292964935303,0.0,0.5133372641581823
0,178,-0.35050299763679504,0.7775418162345886,0.41527485847473145,-0.13733747601509094,0.5577539753258356,0.0,0.0,0.0,0.0,0.0,0.0,0.0,0.0,0.0,-0.011105171442031861,0.0,0.5466488038838038
0,179,-0.9886756539344788,-0.0031938001047819853,-0.6971732378005981,-0.5300099849700928,0.5802867824600813,0.0,0.0,0.0,0.0,0.0,0.0,0.0,0.0,0.0,-0.024085447788238526,0.0,0.5562013346718427
0,180,0.7142266631126404,0.19566375017166138,0.22379006445407867,0.1287420392036438,0.5938629350717679,0.0,0.0,0.0,0.0,0.0,0.0,0.0,0.0,0.0,-0.04221548080444336,0.0,0.5516474542673245
0,181,-0.3108169734477997,-0.6741840839385986,-0.7990031242370605,-0.7635244727134705,0.5966874419556608,0.0,0.0,0.0,0.0,0.0,0.0,0.0,0.0,0.0,-0.036495950222015384,0.0,0.5601914917336455
0,182,0.7029850482940674,0.23288877308368683,-0.6244695782661438,-0.5102440118789673,0.6043355206469485,0.0,0.0,0.0,0.0,0.0,0.0,0.0,0.0,0.0,-0.01945188522338867,0.0,0.5848836354235598
0,183,-0.12284460663795471,0.0006819664849899709,-0.4115757346153259,0.9393743276596069,0.6175916590744791,0.0,0.0,0.0,0.0,0.0,0.0,0.0,0.0,0.0,-0.02882631540298462,0.0,0.5887653436714945
0,184,0.7357493042945862,0.3088146448135376,0.9101374745368958,-0.5601541996002197,0.6269934354905418,0.0,0.0,0.0,0.0,0.0,0.0,0.0,0.0,0.0,-0.04827640533447266,0.0,0.5787170301560691
0,185,0.3180076777935028,0.9673360586166382,0.02793518640100956,-0.889451801776886,0.6493911160424836,0.0,0.0,0.0,0.0,0.0,0.0,0.0,0.0,0.0,-0.014948762655258178,0.0,0.6344423533872254
0,186,0.030540766194462776,-0.8136027455329895,-0.8437776565551758,-0.7887499928474426,0.674864249852681,0.0,0.0,0.0,0.0,0.0,0.0,0.0,0.0,0.0,-0.04024404525756836,0.0,0.6346202045951126
0,187,0.983551025390625,-0.2482982873916626,-0.834148108959198,-0.06358608603477478,0.6857600776504555,0.0,0.0,0.0,0.0,0.0,0.0,0.0,0.0,0.0,-0.01753753185272217,0.0,0.6682225457977333
0,188,-0.15868604183197021,-0.23269736766815186,0.6812765598297119,0.9879783987998962,0.6883415115745983,0.0,0.0,0.0,0.0,0.0,0.0,0.0,0.0,0.0,-0.04707248687744141,0.0,0.641269024697157
0,189,0.4691462218761444,0.30810412764549255,0.7624684572219849,-0.13676615059375763,0.6910982993741432,0.0,0.0,0.0,0.0,0.0,0.0,0.0,0.0,0.0,-0.01958281993865967,0.0,0.6715154794354836
0,190,0.15708868205547333,0.2953324019908905,-0.01866946369409561,-0.35298460721969604,0.6978219562164412,0.0,0.0,0.0,0.0,0.0,0.0,0.0,0.0,0.0,-0.007544699907302856,0.0,0.6902772563091383
0,191,-0.0034106674138456583,-0.4245436489582062,0.21613365411758423,0.4549097716808319,0.6978596026106056,0.0,0.0,0.0,0.0,0.0,0.0,0.0,0.0,0.0,-0.01251807451248169,0.0,0.685341528098124
0,192,-0.34383946657180786,0.29668551683425903,0.8701197504997253,0.785211443901062,0.6926035565817831,0.0,0.0,0.0,0.0,0.0,0.0,0.0,0.0,0.0,-0.011728602647781373,0.0,0.6808749539340017
0,193,0.9827306270599365,-0.5073463320732117,-0.9378330707550049,0.19631628692150116,0.6841847652389865,0.0,0.0,0.0,0.0,0.0,0.0,0.0,0.0,0.0,-0.060217461585998534,0.0,0.623967303652988
0,194,0.7355858683586121,-0.44848039746284485,0.1449771225452423,-0.859626293182373,0.6676085853544904,0.0,0.0,0.0,0.0,0.0,0.0,0.0,0.0,0.0,-0.023520383834838867,0.0,0.6440882015196515
0,195,-0.2837136685848236,0.9999516606330872,0.7193628549575806,-0.396680623292923,0.6548056175797594,0.0,0.0,0.0,0.0,0.0,0.0,0.0,0.0,0.0,-0.036811649799346924,0.0,0.6179939677804125
0,196,0.28862205147743225,-0.35702264308929443,0.5990279912948608,-0.6027407050132751,0.6442912464797863,0.0,0.0,0.0,0.0,0.0,0.0,0.0,0.0,0.0,-0.02225888967514038,0.0,0.622032356804646
0,197,0.5117659568786621,0.002428964013233781,0.5352850556373596,0.003015669295564294,0.6252348238707662,0.0,0.0,0.0,0.0,0.0,0.0,0.0,0.0,0.0,-0.005500026345252991,0.0,0.6197347975255132
0,198,-0.4028405547142029,0.5341930389404297,-0.8948820233345032,0.7849770784378052,0.6229070520748146,0.0,0.0,0.0,0.0,0.0,0.0,0.0,0.0,0.0,-0.037761197090148926,0.0,0.5851458549846656
0,199,-0.33879345655441284,-0.2752589285373688,0.33821773529052734,0.4296382665634155,0.6305254512462822,0.0,0.0,0.0,0.0,0.0,0.0,0.0,0.0,0.0,-0.0230611515045166,0.0,0.6074642997417656
1,0,0.5106676816940308,-0.21240779757499695,0.030663326382637024,-0.9211239218711853,0.19633950415388612,0.0,0.0,0.0,0.0,0.0,0.0,0.0,0.0,0.0,-0.011553080081939697,0.0,0.18478642407194643
1,1,-0.8118187189102173,-0.7415516972541809,-0.28069743514060974,0.2679043710231781,0.19546548232457628,0.0,0.0,0.0,0.0,0.0,0.0,0.0,0.0,0.0,-0.035396971702575684,0.0,0.1600685106220006
1,2,-0.32509779930114746,-0.9424251914024353,0.6453597545623779,0.43026217818260193,0.18570779727885978,0.0,0.0,0.0,0.0,0.0,0.0,0.0,0.0,0.0,-0.011611894369125367,0.0,0.17409590290973442
1,3,-0.04435272142291069,0.4286229908466339,0.2666800618171692,-0.6114354729652405,0.1758074078092009,0.0,0.0,0.0,0.0,0.0,0.0,0.0,0.0,0.0,-0.0318712329864502,0.0,0.1439361748227507
1,4,-0.31264469027519226,-0.7274222373962402,-0.8337700963020325,0.8681240081787109,0.17136773804383854,0.0,0.0,0.0,0.0,0.0,0.0,0.0,0.0,0.0,-0.048085074424743655,0.0,0.12328266361909487
1,5,0.6028227210044861,-0.7500271797180176,-0.25671160221099854,-0.5332764983177185,0.16784807104093902,0.0,0.0,0.0,0.0,0.0,0.0,0.0,0.0,0.0,-0.03135511636734009,0.0,0.13649295467359893
1,6,0.2268938273191452,-0.9451438784599304,-0.598185658454895,-0.8783091306686401,0.1650553239638496,0.0,0.0,0.0,0.0,0.0,0.0,0.0,0.0,0.0,-0.004150451123714447,0.0,0.16090487284013513
1,7,-0.8585209250450134,-0.2086530178785324,-0.05841064453125,-0.879896342754364,0.16164054293200558,0.0,0.0,0.0,0.0,0.0,0.0,0.0,0.0,0.0,-0.020119037628173828,0.0,0.14152150530383176
1,8,-0.6738541722297668,0.9361284375190735,0.7635464072227478,0.6925279498100281,0.15766529958169073,0.0,0.0,0.0,0.0,0.0,0.0,0.0,0.0,0.0,-0.04492757797241211,0.0,0.11273772160927861
1,9,-0.13880924880504608,-0.5062300562858582,0.854087769985199,-0.9039661884307861,0.1509827739311469,0.0,0.0,0.0,0.0,0.0,0.0,0.0,0.0,0.0,-0.049236626625061036,0.0,0.10174614730608586
1,10,-0.1119704321026802,-0.8851076364517212,-0.2934774160385132,0.5827537178993225,0.14224683514635328,0.0,0.0,0.0,0.0,0.0,0.0,0.0,0.0,0.0,-0.03671510219573975,0.0,0.10553173295061352
1,11,0.876805305480957,-0.7375184893608093,0.25785982608795166,-0.7666919231414795,0.13436206417461416,0.0,0.0,0.0,0.0,0.0,0.0,0.0,0.0,0.0,-0.03124436140060425,0.0,0.10311770277400992
1,12,-0.4609552323818207,0.401706725358963,-0.4285464584827423,-0.7181803584098816,0.1308331304778919,0.0,0.0,0.0,0.0,0.0,0.0,0.0,0.0,0.0,-0.03560944557189941,0.0,0.0952236849059925
1,13,0.7714570164680481,0.3015872538089752,-0.1255568265914917,0.6460158824920654,0.13383407329651453,0.0,0.0,0.0,0.0,0.0,0.0,0.0,0.0,0.0,-0.03481698036193848,0.0,0.09901709293457606
1,14,0.6682786345481873,-0.15719187259674072,-0.20408304035663605,-0.7674258351325989,0.1391773206367639,0.0,0.0,0.0,0.0,0.0,0.0,0.0,0.0,0.0,-0.022251076698303222,0.0,0.11692624393846068
1,15,-0.4861208498477936,0.45675092935562134,-0.8700666427612305,0.2168245166540146,0.14735128985851897,0.0,0.0,0.0,0.0,0.0,0.0,0.0,0.0,0.0,-0.03121846914291382,0.0,0.11613282071560516
1,16,-0.11634624749422073,0.47310224175453186,0.5649067163467407,-0.5704050660133362,0.15666946181802432,0.0,0.0,0.0,0.0,0.0,0.0,0.0,0.0,0.0,-0.028158795833587647,0.0,0.12851066598443667
1,17,0.9000821113586426,-0.5822072625160217,-0.7005639672279358,-0.7045440673828125,0.16453558786282274,0.0,0.0,0.0,0.0,0.0,0.0,0.0,0.0,0.0,-0.0376621413230896,0.0,0.12687344653973315
1,18,0.26250237226486206,0.9207639098167419,0.49388062953948975,0.30237406492233276,0.17599136103721025,0.0,0.0,0.0,0.0,0.0,0.0,0.0,0.0,0.0,-0.051060123443603514,0.0,0.12493123759360673
1,19,0.4796467423439026,0.1233731061220169,0.9284390807151794,0.256966233253479,0.18579870509218777,0.0,0.0,0.0,0.0,0.0,0.0,0.0,0.0,0.0,-0.008738867044448853,0.0,0.17705983804773892
1,20,0.299552321434021,0.33715224266052246,-0.3522855043411255,0.1986960470676422,0.19245518951565987,0.0,0.0,0.0,0.0,0.0,0.0,0.0,0.0,0.0,-0.017217862606048583,0.0,0.1752373269096113
1,21,0.5656304359436035,0.8185427188873291,-0.9656712412834167,0.23103952407836914,0.20844809815812937,0.0,0.0,0.0,0.0,0.0,0.0,0.0,0.0,0.0,-0.006798225045204163,0.0,0.2016498731129252
1,22,0.619002103805542,0.4783945083618164,0.9476678967475891,-0.11738023161888123,0.2303164921947488,0.0,0.0,0.0,0.0,0.0,0.0,0.0,0.0,0.0,-0.039008123874664305,0.0,0.19130836832008452
1,23,0.7806273698806763,-0.49353471398353577,0.8175658583641052,0.7560281157493591,0.24013299520353049,0.0,0.0,0.0,0.0,0.0,0.0,0.0,0.0,0.0,-0.017505377531051636,0.0,0.22262761767247885
1,24,-0.43991169333457947,0.8479675054550171,-0.38271504640579224,0.32932546734809875,0.24650914653024358,0.0,0.0,0.0,0.0,0.0,0.0,0.0,0.0,0.0,-0.04912093162536621,0.0,0.19738821490487737
1,25,-0.35371431708335876,0.09026491641998291,0.297955185174942,-0.27836349606513977,0.2551598422378434,0.0,0.0,0.0,0.0,0.0,0.0,0.0,0.0,0.0,-0.014141411781311036,0.0,0.24101843045653235
1,26,-0.32886311411857605,0.9820285439491272,0.9265064001083374,0.6727198362350464,0.2602063311666951,0.0,0.0,0.0,0.0,0.0,0.0,0.0,0.0,0.0,-0.020954959392547608,0.0,0.23925137177414751
1,27,-0.7501239776611328,0.6385926604270935,0.6298426389694214,-0.19271418452262878,0.2627135358495676,0.0,0.0,0.0,0.0,0.0,0.0,0.0,0.0,0.0,-0.011323944330215455,0.0,0.25138959151935214
1,28,0.3108029067516327,-0.40048980712890625,-0.09827682375907898,-0.5838261842727661,0.2617742480938714,0.0,0.0,0.0,0.0,0.0,0.0,0.0,0.0,0.0,-0.02888385057449341,0.0,0.23289039751937798
1,29,0.5517562627792358,0.8170741200447083,0.42510902881622314,0.6515282988548279,0.266758791678831,0.0,0.0,0.0,0.0,0.0,0.0,0.0,0.0,0.0,-0.03340553760528565,0.0,0.23335325407354535
1,30,0.14413441717624664,0.8126518130302429,-0.4244104027748108,0.27762699127197266,0.2810538761257333,0.0,0.0,0.0,0.0,0.0,0.0,0.0,0.0,0.0,-0.01027660608291626,0.0,0.27077727004281704
1,31,-0.4477701485157013,-0.5345281958580017,-0.7825755476951599,-0.8884445428848267,0.296050395532803,0.0,0.0,0.0,0.0,0.0,0.0,0.0,0.0,0.0,-0.036532502174377444,0.0,0.25951789335842557
1,32,0.3207843601703644,-0.5214974284172058,0.13252685964107513,-0.36395320296287537,0.3017254377934494,0.0,0.0,0.0,0.0,0.0,0.0,0.0,0.0,0.0,-0.017033493518829348,0.0,0.2846919442746201
1,33,0.2848789393901825,0.5623824000358582,0.17639635503292084,0.4453485310077667,0.3057661399307662,0.0,0.0,0.0,0.0,0.0,0.0,0.0,0.0,0.0,-0.018329784870147706,0.0,0.2874363550606185
1,34,-0.6995903253555298,-0.027129460126161575,0.3390708863735199,-0.5201604962348938,0.30778440147526465,0.0,0.0,0.0,0.0,0.0,0.0,0.0,0.0,0.0,-0.022753748893737793,0.0,0.2850306525815269
1,35,0.6801261305809021,0.7844893336296082,-0.67975914478302,0.8292492032051086,0.31546580986400163,0.0,0.0,0.0,0.0,0.0,0.0,0.0,0.0,0.0,-0.054212636947631836,0.0,0.2612531729163698
1,36,-0.048527345061302185,0.22722922265529633,-0.15545788407325745,0.4375957250595093,0.3313824643935087,0.0,0.0,0.0,0.0,0.0,0.0,0.0,0.0,0.0,-0.012697590589523315,0.0,0.3186848738039854
1,37,-0.9361007213592529,-0.18668340146541595,0.29242122173309326,0.16927839815616608,0.3335803616961762,0.0,0.0,0.0,0.0,0.0,0.0,0.0,0.0,0.0,-0.0123170006275177,0.0,0.3212633610686585
1,38,-0.7123218178749084,0.46966347098350525,-0.7596549391746521,-0.22551314532756805,0.3336684510862419,0.0,0.0,0.0,0.0,0.0,0.0,0.0,0.0,0.0,-0.017435927391052247,0.0,0.3162325236951896
1,39,0.45429229736328125,0.7424759268760681,-0.11585510522127151,-0.20693033933639526,0.3445102868716392,0.0,0.0,0.0,0.0,0.0,0.0,0.0,0.0,0.0,-0.018502386808395384,0.0,0.3260079000632438
1,40,0.4000181257724762,0.6544150710105896,0.36692434549331665,0.7226620316505432,0.35895351337428627,0.0,0.0,0.0,0.0,0.0,0.0,0.0,0.0,0.0,-0.011079183816909791,0.0,0.34787432955737646
1,41,-0.6408583521842957,0.6924901008605957,0.32270264625549316,-0.8362337350845337,0.3686530012864043,0.0,0.0,0.0,0.0,0.0,0.0,0.0,0.0,0.0,-0.035169854164123535,0.0,0.3334831471222808
1,42,-0.6425117254257202,0.29988986253738403,-0.25810506939888,0.5380418300628662,0.3713789234804591,0.0,0.0,0.0,0.0,0.0,0.0,0.0,0.0,0.0,-0.023801085948944093,0.0,0.347577837531515
1,43,0.8208937048912048,-0.1752808541059494,0.31334254145622253,0.506536066532135,0.37003199372168916,0.0,0.0,0.0,0.0,0.0,0.0,0.0,0.0,0.0,-0.02694887399673462,0.0,0.34308311972495453
1,44,-0.6121100783348083,0.2816551625728607,-0.9813326597213745,-0.8418858051300049,0.37056356933675705,0.0,0.0,0.0,0.0,0.0,0.0,0.0,0.0,0.0,-0.05756715774536133,0.0,0.31299641159139574
1,45,0.4216943383216858,-0.6432519555091858,-0.6481224894523621,-0.4533904790878296,0.37593494572691877,0.0,0.0,0.0,0.0,0.0,0.0,0.0,0.0,0.0,-0.021861624717712403,0.0,0.35407332100920635
1,46,-0.3407033085823059,0.17031769454479218,0.9941130876541138,-0.21215565502643585,0.3764919006516705,0.0,0.0,0.0,0.0,0.0,0.0,0.0,0.0,0.0,-0.03998277425765991,0.0,0.3365091263940106
1,47,-0.7829025387763977,-0.045550838112831116,0.29094740748405457,-0.9753881096839905,0.36569282361883493,0.0,0.0,0.0,0.0,0.0,0.0,0.0,0.0,0.0,-0.013191051483154297,0.0,0.3525017721356806
1,48,0.879263162612915,0.5900525450706482,0.26326054334640503,-0.20451536774635315,0.3573560866751281,0.0,0.0,0.0,0.0,0.0,0.0,0.0,0.0,0.0,-0.03761797666549683,0.0,0.31973811000963126
1,49,0.4064355790615082,-0.46640515327453613,-0.5938898921012878,0.46362054347991943,0.3610533819053876,0.0,0.0,0.0,0.0,0.0,0.0,0.0,0.0,0.0,-0.025207815170288087,0.0,0.3358455667350995
1,50,-0.1711750626564026,-0.6485602259635925,0.1977187693119049,0.7337477207183838,0.3620611597569533,0.0,0.0,0.0,0.0,0.0,0.0,0.0,0.0,0.0,-0.0106642746925354,0.0,0.3513968850644179
1,51,-0.4944778084754944,-0.16730745136737823,-0.6476417183876038,-0.2547965347766876,0.35728980229641427,0.0,0.0,0.0,0.0,0.0,0.0,0.0,0.0,0.0,-0.020279831886291504,0.0,0.33700997041012276
1,52,-0.3122882544994354,-0.9666270613670349,-0.6324417591094971,0.5118443369865417,0.3512906111237407,0.0,0.0,0.0,0.0,0.0,0.0,0.0,0.0,0.0,-0.012600741386413575,0.0,0.3386898697373271
1,53,-0.39881184697151184,0.6894265413284302,-0.3786936104297638,-0.6851732134819031,0.3455842882994271,0.0,0.0,0.0,0.0,0.0,0.0,0.0,0.0,0.0,-0.04247238636016846,0.0,0.30311190193925863
1,54,0.34023240208625793,-0.16119858622550964,-0.8325842022895813,-0.6214311718940735,0.34955114017809197,0.0,0.0,0.0,0.0,0.0,0.0,0.0,0.0,0.0,-0.014798291921615601,0.0,0.3347528482564764
1,55,0.24784928560256958,0.5251845717430115,0.29911959171295166,0.37666887044906616,0.3605753625904067,0.0,0.0,0.0,0.0,0.0,0.0,0.0,0.0,0.0,-0.027566137313842776,0.0,0.3330092252765639
1,56,0.8936757445335388,0.12197854369878769,0.7165083885192871,-0.6785062551498413,0.3742945060913909,0.0,0.0,0.0,0.0,0.0,0.0,0.0,0.0,0.0,-0.018672747611999514,0.0,0.3556217584793914
1,57,-0.4545316994190216,-0.5662761330604553,0.26900383830070496,0.1742648333311081,0.38055745367678884,0.0,0.0,0.0,0.0,0.0,0.0,0.0,0.0,0.0,-0.03218837022781372,0.0,0.3483690834489751
1,58,0.9092601537704468,-0.5567335486412048,0.2806462049484253,0.08656568080186844,0.3778921698919606,0.0,0.0,0.0,0.0,0.0,0.0,0.0,0.0,0.0,-0.01867845892906189,0.0,0.3592137109628987
1,59,-0.5555936694145203,0.817414402961731,-0.3175930678844452,-0.16504009068012238,0.3837981100431297,0.0,0.0,0.0,0.0,0.0,0.0,0.0,0.0,0.0,-0.0445527458190918,0.0,0.3392453642240379
1,60,-0.27880868315696716,0.004351109266281128,0.6765816807746887,-0.6469400525093079,0.38825711840989496,0.0,0.0,0.0,0.0,0.0,0.0,0.0,0.0,0.0,-0.019582927227020264,0.0,0.3686741911828747
1,61,-0.9219955801963806,-0.32615357637405396,0.011877725832164288,0.8333960771560669,0.3785945155371593,0.0,0.0,0.0,0.0,0.0,0.0,0.0,0.0,0.0,-0.03156149387359619,0.0,0.3470330216635631
1,62,-0.00733754551038146,0.004313915967941284,0.791405200958252,-0.5609462857246399,0.3651284709159035,0.0,0.0,0.0,0.0,0.0,0.0,0.0,0.0,0.0,-0.03497661828994751,0.0,0.330151852625956
1,63,0.4391753077507019,0.7111750841140747,-0.2134377360343933,-0.7487149238586426,0.3667124926710834,0.0,0.0,0.0,0.0,0.0,0.0,0.0,0.0,0.0,-0.01743993043899536,0.0,0.349272562232088
1,64,-0.015281766653060913,-0.9668252468109131,0.5307486057281494,-0.4713292121887207,0.37003145751256894,0.0,0.0,0.0,0.0,0.0,0.0,0.0,0.0,0.0,-0.0365297269821167,0.0,0.33350173053045223
1,65,0.5823221802711487,0.4309403598308563,-0.30307313799858093,0.7325304746627808,0.3745300715826737,0.0,0.0,0.0,0.0,0.0,0.0,0.0,0.0,0.0,-0.044554157257080076,0.0,0.32997591432559364
1,66,0.20454685389995575,-0.41774776577949524,0.7663835287094116,-0.568793773651123,0.3820813727892406,0.0,0.0,0.0,0.0,0.0,0.0,0.0,0.0,0.0,-0.03700168132781983,0.0,0.34507969146142076
1,67,-0.8015846014022827,-0.3625273108482361,0.8471432328224182,-0.8569775819778442,0.3709857095136515,0.0,0.0,0.0,0.0,0.0,0.0,0.0,0.0,0.0,-0.011049216985702515,0.0,0.359936492527949
1,68,-0.63322913646698,0.7448186874389648,0.8119568228721619,-0.7199278473854065,0.35131179374376287,0.0,0.0,0.0,0.0,0.0,0.0,0.0,0.0,0.0,-0.012745795249938964,0.0,0.3385659984938239
1,69,0.6561597585678101,0.8299162983894348,-0.7605488896369934,-0.04752284660935402,0.343271581011276,0.0,0.0,0.0,0.0,0.0,0.0,0.0,0.0,0.0,-0.04594667911529541,0.0,0.29732490189598054
1,70,-0.5843673944473267,0.767274796962738,0.31155073642730713,0.8987234830856323,0.3453413749655564,0.0,0.0,0.0,0.0,0.0,0.0,0.0,0.0,0.0,-0.035876114368438725,0.0,0.30946526059711765
1,71,-0.1513204425573349,0.06744079291820526,-0.17901495099067688,0.6879163384437561,0.34562958456288917,0.0,0.0,0.0,0.0,0.0,0.0,0.0,0.0,0.0,-0.009623916149139404,0.0,0.3360056684137498
1,72,0.16574260592460632,0.23267114162445068,0.6043448448181152,0.3860663175582886,0.3460225756161224,0.0,0.0,0.0,0.0,0.0,0.0,0.0,0.0,0.0,-0.008325960040092468,0.0,0.3376966155760299
1,73,0.6036958694458008,-0.5119125843048096,0.2714694142341614,0.39028337597846985,0.3458815336593666,0.0,0.0,0.0,0.0,0.0,0.0,0.0,0.0,0.0,-0.008570317625999451,0.0,0.3373112160333671
1,74,-0.5934061408042908,-0.5492615103721619,-0.7169294357299805,0.2953035831451416,0.3449600508043992,0.0,0.0,0.0,0.0,0.0,0.0,0.0,0.0,0.0,-0.024204018115997317,0.0,0.32075603268840186
1,75,-0.939958393573761,0.9757348299026489,-0.6305733919143677,0.6218248605728149,0.3475911938847053,0.0,0.0,0.0,0.0,0.0,0.0,0.0,0.0,0.0,-0.025597856044769288,0.0,0.321993337839936
1,76,-0.9773595929145813,0.06455756723880768,0.7328500747680664,-0.3068332076072693,0.3450678378705324,0.0,0.0,0.0,0.0,0.0,0.0,0.0,0.0,0.0,-0.03552972316741943,0.0,0.309538114703113
1,77,0.5354672074317932,0.5808547139167786,-0.41652801632881165,0.5261626839637756,0.3403564231443341,0.0,0.0,0.0,0.0,0.0,0.0,0.0,0.0,0.0,-0.04570159912109375,0.0,0.2946548240232404
1,78,-0.25215280055999756,-0.15685835480690002,-0.16059044003486633,0.0827358067035675,0.34264063687777846,0.0,0.0,0.0,0.0,0.0,0.0,0.0,0.0,0.0,-0.014266973733901978,0.0,0.3283736631438765
1,79,0.5664588212966919,0.05540008842945099,0.597474992275238,0.7471206188201904,0.34454556722019325,0.0,0.0,0.0,0.0,0.0,0.0,0.0,0.0,0.0,-0.017312490940093996,0.0,0.32723307628009923
1,80,-0.9571356773376465,-0.0011801618384197354,0.8555320501327515,-0.8634288907051086,0.3397051104655888,0.0,0.0,0.0,0.0,0.0,0.0,0.0,0.0,0.0,-0.04985004425048828,0.0,0.28985506621510054
1,81,-0.163856640458107,0.7278110384941101,-0.8227338790893555,0.3913623094558716,0.3310914849562735,0.0,0.0,0.0,0.0,0.0,0.0,0.0,0.0,0.0,-0.05551797389984131,0.0,0.2755735110564322
1,82,0.04452519863843918,0.2187037467956543,0.8349493145942688,0.43869346380233765,0.3288590300906993,0.0,0.0,0.0,0.0,0.0,0.0,0.0,0.0,0.0,-0.03052766799926758,0.0,0.2983313620914317
1,83,-0.9375579953193665,0.7461273670196533,-0.9888054728507996,-0.32789716124534607,0.3269007539445452,0.0,0.0,0.0,0.0,0.0,0.0,0.0,0.0,0.0,-0.05156405925750732,0.0,0.27533669468703786
1,84,0.5048299431800842,-0.34297510981559753,0.7068274021148682,-0.6035474538803101,0.3251940869235532,0.0,0.0,0.0,0.0,0.0,0.0,0.0,0.0,0.0,-0.062177810668945316,0.0,0.2630162762546079
1,85,0.4128975570201874,-0.5866492986679077,0.19526781141757965,0.3666037917137146,0.32341342107867854,0.0,0.0,0.0,0.0,0.0,0.0,0.0,0.0,0.0,-0.01270715355873108,0.0,0.31070626751994745
1,86,-0.04565999284386635,-0.2005433291196823,0.32408422231674194,-0.8840754628181458,0.3213951542635419,0.0,0.0,0.0,0.0,0.0,0.0,0.0,0.0,0.0,-0.019401451349258424,0.0,0.3019937029142835
1,87,-0.9275044202804565,-0.9176031947135925,0.6461358666419983,0.373968243598938,0.30900754771641636,0.0,0.0,0.0,0.0,0.0,0.0,0.0,0.0,0.0,-0.029782156944274902,0.0,0.2792253907721415
1,88,-0.6361377835273743,0.9297564029693604,0.16877317428588867,0.04026969522237778,0.2888223947490761,0.0,0.0,0.0,0.0,0.0,0.0,0.0,0.0,0.0,-0.03836862087249756,0.0,0.2504537738765786
1,89,-0.28108325600624084,-0.47148099541664124,0.552107572555542,0.3940701186656952,0.27250272739343195,0.0,0.0,0.0,0.0,0.0,0.0,0.0,0.0,0.0,-0.02361649990081787,0.0,0.24888622749261408
1,90,0.6368958950042725,-0.2683282792568207,-0.007117880042642355,0.8612545132637024,0.26339624685405116,0.0,0.0,0.0,0.0,0.0,0.0,0.0,0.0,0.0,-0.01414950966835022,0.0,0.24924673718570095
1,91,0.27387821674346924,0.3519075810909271,-0.9735909104347229,-0.3808448016643524,0.2670793748127379,0.0,0.0,0.0,0.0,0.0,0.0,0.0,0.0,0.0,-0.029933552742004394,0.0,0.2371458220707335
1,92,0.8538753986358643,0.9503966569900513,0.8584327697753906,-0.4107755720615387,0.2836656224507771,0.0,0.0,0.0,0.0,0.0,0.0,0.0,0.0,0.0,-0.04051792621612549,0.0,0.2431476962346516
1,93,-0.5234447121620178,-0.41248729825019836,0.8430994749069214,-0.8898131847381592,0.2966614929462098,0.0,0.0,0.0,0.0,0.0,0.0,0.0,0.0,0.0,-0.03984175205230713,0.0,0.2568197408939027
1,94,-0.25428780913352966,-0.1557951420545578,-0.07089192420244217,0.8517946600914001,0.2973034979726036,0.0,0.0,0.0,0.0,0.0,0.0,0.0,0.0,0.0,-0.040069146156311033,0.0,0.25723435181629256
1,95,0.3832879066467285,-0.09147536009550095,-0.7270383238792419,-0.7328668236732483,0.30284222649082515,0.0,0.0,0.0,0.0,0.0,0.0,0.0,0.0,0.0,-0.033523199558258054,0.0,0.2693190269325671
1,96,0.4578244090080261,-0.38959449529647827,0.557545006275177,-0.8376950621604919,0.3113412613208256,0.0,0.0,0.0,0.0,0.0,0.0,0.0,0.0,0.0,-0.017555739879608154,0.0,0.29378552144121745
1,97,0.797815203666687,-0.22643107175827026,-0.5515815019607544,0.022580359131097794,0.32260183609903137,0.0,0.0,0.0,0.0,0.0,0.0,0.0,0.0,0.0,-0.02112451791763306,0.0,0.30147731818139833
1,98,-0.6832867860794067,0.1151561364531517,0.4317474365234375,0.9944332242012024,0.33462644420393983,0.0,0.0,0.0,0.0,0.0,0.0,0.0,0.0,0.0,-0.04221778869628906,0.0,0.29240865550765077
1,99,-0.10006500780582428,0.6253840923309326,-0.8227441310882568,0.7734818458557129,0.34377706571423505,0.0,0.0,0.0,0.0,0.0,0.0,0.0,0.0,0.0,-0.022230489253997805,0.0,0.32154657646023727
1,100,0.056288816034793854,-0.6631646156311035,0.8361147046089172,0.9507823586463928,0.35256910627832483,0.0,0.0,0.0,0.0,0.0,0.0,0.0,0.0,0.0,-0.04468052387237549,0.0,0.30788858240594935
1,101,0.8740562796592712,0.02362700365483761,-0.6797101497650146,-0.006813127547502518,0.36204409139696114,0.0,0.0,0.0,0.0,0.0,0.0,0.0,0.0,0.0,-0.0435513973236084,0.0,0.31849269407335273
1,102,0.5088494420051575,0.4515266418457031,-0.6218619346618652,0.13360032439231873,0.3850587895195259,0.0,0.0,0.0,0.0,0.0,0.0,0.0,0.0,0.0,-0.003395364880561829,0.0,0.3816634246389641
1,103,0.19520963728427887,-0.03296846151351929,0.3310016393661499,-0.6516337990760803,0.40451234455436746,0.0,0.0,0.0,0.0,0.0,0.0,0.0,0.0,0.0,-0.01857646942138672,0.0,0.3859358751329807
1,104,0.49341899156570435,0.5722476243972778,0.7345626950263977,-0.8430896401405334,0.41928687488507954,0.0,0.0,0.0,0.0,0.0,0.0,0.0,0.0,0.0,-0.006547322273254394,0.0,0.41273955261182516
1,105,-0.9193933010101318,-0.8613691926002502,-0.7556970119476318,0.015543073415756226,0.4301174356173191,0.0,0.0,0.0,0.0,0.0,0.0,0.0,0.0,0.0,-0.07009419441223144,0.0,0.36002324120508766
1,106,-0.5616101622581482,0.694233775138855,0.6794701814651489,0.5436865091323853,0.4318172254615573,0.0,0.0,0.0,0.0,0.0,0.0,0.0,0.0,0.0,-0.04886549949645996,0.0,0.38295172596509736
1,107,-0.09414985030889511,-0.6254802346229553,0.17292559146881104,0.3802861273288727,0.4267966675190231,0.0,0.0,0.0,0.0,0.0,0.0,0.0,0.0,0.0,-0.022434515953063967,0.0,0.40436215156595917
1,108,-0.38269534707069397,-0.8886211514472961,0.38089197874069214,0.1751491278409958,0.4120452632789575,0.0,0.0,0.0,0.0,0.0,0.0,0.0,0.0,0.0,-0.002378328591585159,0.0,0.40966693468737236
1,109,-0.7577509880065918,0.7288944125175476,0.940278947353363,-0.23693543672561646,0.3898792318418216,0.0,0.0,0.0,0.0,0.0,0.0,0.0,0.0,0.0,-0.03239750862121582,0.0,0.3574817232206058
1,110,-0.07931864261627197,-0.4294734597206116,-0.9352192878723145,-0.07236407697200775,0.3728395884377984,0.0,0.0,0.0,0.0,0.0,0.0,0.0,0.0,0.0,-0.05346664428710938,0.0,0.319372944150689
1,111,-0.8671934008598328,0.7528296709060669,0.37857338786125183,-0.9102782011032104,0.36150499740131314,0.0,0.0,0.0,0.0,0.0,0.0,0.0,0.0,0.0,-0.04446739196777344,0.0,0.3170376054335397
1,112,0.8788686394691467,0.4058924615383148,-0.3946332335472107,0.7885069251060486,0.35591911085757433,0.0,0.0,0.0,0.0,0.0,0.0,0.0,0.0,0.0,-0.06652817249298096,0.0,0.2893909383645934
1,113,-0.9166660308837891,-0.1399463713169098,0.6687800884246826,0.529463529586792,0.34945862876332456,0.0,0.0,0.0,0.0,0.0,0.0,0.0,0.0,0.0,-0.04719835758209229,0.0,0.3022602711812323
1,114,-0.5829871296882629,0.7542102932929993,-0.307817280292511,-0.23967698216438293,0.3370351578260202,0.0,0.0,0.0,0.0,0.0,0.0,0.0,0.0,0.0,-0.024561772346496584,0.0,0.31247338547952364
1,115,-0.11473154276609421,-0.03866890072822571,-0.9371085166931152,-0.6871762871742249,0.33509317118363147,0.0,0.0,0.0,0.0,0.0,0.0,0.0,0.0,0.0,-0.014441838264465332,0.0,0.32065133291916614
1,116,0.9624426364898682,0.8180168867111206,0.26434141397476196,-0.6663733124732971,0.34338122747140165,0.0,0.0,0.0,0.0,0.0,0.0,0.0,0.0,0.0,-0.03338129281997681,0.0,0.30999993465142484
1,117,0.2518474757671356,0.261449933052063,0.8544764518737793,-0.2958967089653015,0.3546443002097184,0.0,0.0,0.0,0.0,0.0,0.0,0.0,0.0,0.0,-0.01300224542617798,0.0,0.34164205478354037
1,118,-0.5336936712265015,0.5348788499832153,-0.0831448957324028,0.6877758502960205,0.36036975155440165,0.0,0.0,0.0,0.0,0.0,0.0,0.0,0.0,0.0,-0.025385839939117433,0.0,0.33498391161528424
1,119,-0.8690246343612671,-0.5926909446716309,0.5075480937957764,0.18390615284442902,0.3529776122268333,0.0,0.0,0.0,0.0,0.0,0.0,0.0,0.0,0.0,-0.019866634607315064,0.0,0.33311097761951824
1,120,0.9013557434082031,0.3690700829029083,0.579068124294281,-0.7435640692710876,0.3410050171559891,0.0,0.0,0.0,0.0,0.0,0.0,0.0,0.0,0.0,-0.04924546718597412,0.0,0.29175954997001496
1,121,0.672603189945221,-0.5990878939628601,-0.4351148307323456,-0.9295559525489807,0.3392141329756123,0.0,0.0,0.0,0.0,0.0,0.0,0.0,0.0,0.0,-0.020528175830841065,0.0,0.31868595714477127
1,122,-0.20991168916225433,0.9136237502098083,-0.11437609791755676,0.3272447884082794,0.34379596478943364,0.0,0.0,0.0,0.0,0.0,0.0,0.0,0.0,0.0,-0.04749550819396973,0.0,0.2963004565954639
1,123,0.38449281454086304,0.8608928322792053,-0.5962346196174622,0.7908053398132324,0.35527747811557053,0.0,0.0,0.0,0.0,0.0,0.0,0.0,0.0,0.0,-0.00803173303604126,0.0,0.34724574507952927
1,124,-0.4268035888671875,0.6784572601318359,-0.03340774402022362,-0.9639602303504944,0.3658371552334664,0.0,0.0,0.0,0.0,0.0,0.0,0.0,0.0,0.0,-0.040874605178833005,0.0,0.32496255005463337
1,125,-0.12184686958789825,-0.6814842224121094,-0.457724004983902,0.9804525971412659,0.3684375141584513,0.0,0.0,0.0,0.0,0.0,0.0,0.0,0.0,0.0,-0.059032249450683597,0.0,0.3094052647077677
1,126,-0.48163944482803345,0.7794450521469116,-0.5921214818954468,-0.7981874942779541,0.3693968914064273,0.0,0.0,0.0,0.0,0.0,0.0,0.0,0.0,0.0,-0.05445387840270996,0.0,0.3149430130037173
1,127,-0.7493069767951965,-0.5075187683105469,-0.6553982496261597,0.9487093091011047,0.36291233929250877,0.0,0.0,0.0,0.0,0.0,0.0,0.0,0.0,0.0,-0.047835741043090824,0.0,0.3150765982494179
1,128,0.45515936613082886,-0.14004100859165192,-0.2401643693447113,0.6104077100753784,0.35538234393966606,0.0,0.0,0.0,0.0,0.0,0.0,0.0,0.0,0.0,-0.0187264621257782,0.0,0.33665588181388784
1,129,0.5420169234275818,0.429170697927475,0.9295019507408142,-0.469102144241333,0.35573513719558336,0.0,0.0,0.0,0.0,0.0,0.0,0.0,0.0,0.0,-0.028650069236755372,0.0,0.32708506795882797
1,130,-0.6522197723388672,-0.9585956335067749,0.7985363602638245,0.3519211411476135,0.35406006904665754,0.0,0.0,0.0,0.0,0.0,0.0,0.0,0.0,0.0,-0.040433282852172854,0.0,0.3136267861944847
1,131,-0.794204592704773,-0.025022657588124275,-0.6488717198371887,0.14651106297969818,0.34241873428709346,0.0,0.0,0.0,0.0,0.0,0.0,0.0,0.0,0.0,-0.03028901815414429,0.0,0.31212971613294915
1,132,-0.7230989933013916,0.4651045501232147,-0.37962374091148376,0.2198326140642166,0.3261309096702951,0.0,0.0,0.0,0.0,0.0,0.0,0.0,0.0,0.0,-0.0032315120100975037,0.0,0.3228993976601976
1,133,0.8388540744781494,0.9581307768821716,0.27330490946769714,-0.07462839037179947,0.31453100438864035,0.0,0.0,0.0,0.0,0.0,0.0,0.0,0.0,0.0,-0.0319579553604126,0.0,0.2825730490282278
1,134,-0.6647025942802429,0.14999978244304657,0.7082955837249756,0.9720339179039001,0.30438825349029464,0.0,0.0,0.0,0.0,0.0,0.0,0.0,0.0,0.0,-0.04198477268218994,0.0,0.2624034808081047
1,135,0.8695894479751587,-0.010110580362379551,-0.7240545749664307,-0.2146822214126587,0.2946521886624618,0.0,0.0,0.0,0.0,0.0,0.0,0.0,0.0,0.0,-0.05839609146118164,0.0,0.23625609720128016
1,136,0.7928846478462219,0.17517012357711792,-0.5655682682991028,-0.45616787672042847,0.2949988687888877,0.0,0.0,0.0,0.0,0.0,0.0,0.0,0.0,0.0,-0.0012364579737186433,0.0,0.2937624108151691
1,137,-0.3806465268135071,-0.06877733021974564,-0.999325692653656,-0.3648485243320465,0.2961960769835389,0.0,0.0,0.0,0.0,0.0,0.0,0.0,0.0,0.0,-0.01633170485496521,0.0,0.2798643721285737
1,138,-0.07388715445995331,-0.17875267565250397,-0.4914088249206543,0.09916625916957855,0.29467398164557623,0.0,0.0,0.0,0.0,0.0,0.0,0.0,0.0,0.0,-0.005794851779937744,0.0,0.28887912986563846
1,139,-0.27360251545906067,-0.6780663728713989,-0.37116408348083496,0.20058214664459229,0.294375692638266,0.0,0.0,0.0,0.0,0.0,0.0,0.0,0.0,0.0,-0.0031394439935684207,0.0,0.2912362486446976
1,140,0.4134896695613861,-0.2980717420578003,0.32788002490997314,-0.11873455345630646,0.29653532860940657,0.0,0.0,0.0,0.0,0.0,0.0,0.0,0.0,0.0,-0.012071174383163453,0.0,0.2844641542262431
1,141,0.7853211164474487,-0.1587684005498886,0.8428428769111633,-0.7105430364608765,0.3043091145448742,0.0,0.0,0.0,0.0,0.0,0.0,0.0,0.0,0.0,-0.007730880975723267,0.0,0.2965782335691509
1,142,-0.31352365016937256,-0.20898368954658508,0.841297447681427,0.23205819725990295,0.3108431690958001,0.0,0.0,0.0,0.0,0.0,0.0,0.0,0.0,0.0,-0.020984809398651123,0.0,0.289858359697149
1,143,0.004797201603651047,0.5298189520835876,0.8421359062194824,-0.9687170386314392,0.3086296088256194,0.0,0.0,0.0,0.0,0.0,0.0,0.0,0.0,0.0,-0.02089019536972046,0.0,0.28773941345589893
1,144,-0.5831984281539917,-0.42732205986976624,-0.2538195252418518,0.08451009541749954,0.30118691901363215,0.0,0.0,0.0,0.0,0.0,0.0,0.0,0.0,0.0,-0.03572263479232788,0.0,0.26546428422130425
1,145,-0.46919652819633484,0.29423707723617554,0.11633603274822235,0.4431782364845276,0.29161492226859964,0.0,0.0,0.0,0.0,0.0,0.0,0.0,0.0,0.0,-0.00799302101135254,0.0,0.2836219012572471
1,146,0.12086120247840881,-0.5365395545959473,0.06717322766780853,0.2445853352546692,0.2849806229229671,0.0,0.0,0.0,0.0,0.0,0.0,0.0,0.0,0.0,-0.010802140235900879,0.0,0.27417848268706624
1,147,-0.7788820862770081,0.4515655040740967,-0.4865835905075073,0.632293701171875,0.28076878519796555,0.0,0.0,0.0,0.0,0.0,0.0,0.0,0.0,0.0,-0.02242853879928589,0.0,0.25834024639867964
1,148,-0.20270198583602905,0.3308742940425873,-0.19456025958061218,0.0354151725769043,0.2762507227242562,0.0,0.0,0.0,0.0,0.0,0.0,0.0,0.0,0.0,-0.007880914211273193,0.0,0.26836980851298303
1,149,0.3304882347583771,-0.7008271217346191,-0.46085894107818604,0.2199374884366989,0.27578042606723063,0.0,0.0,0.0,0.0,0.0,0.0,0.0,0.0,0.0,-0.014536631107330323,0.0,0.2612437949599003
1,150,0.22398647665977478,-0.14105342328548431,0.18777772784233093,-0.6190846562385559,0.2782502172624064,0.0,0.0,0.0,0.0,0.0,0.0,0.0,0.0,0.0,-0.014493770599365234,0.0,0.26375644666304116
1,151,0.41816312074661255,0.039273764938116074,-0.6639443039894104,-0.4862576425075531,0.2844313860326625,0.0,0.0,0.0,0.0,0.0,0.0,0.0,0.0,0.0,-0.008132959008216858,0.0,0.2762984270244456
1,152,0.8565756678581238,-0.0011511404300108552,-0.556020200252533,0.9997670650482178,0.2979228184141398,0.0,0.0,0.0,0.0,0.0,0.0,0.0,0.0,0.0,-0.02413756847381592,0.0,0.2737852499403239
1,153,0.8407487869262695,0.10991930216550827,0.3724706470966339,0.4306495785713196,0.31843377742639545,0.0,0.0,0.0,0.0,0.0,0.0,0.0,0.0,0.0,-0.011985771656036377,0.0,0.3064480057703591
1,154,0.7143641114234924,-0.08700466901063919,0.763592541217804,-0.16179032623767853,0.3402094072046655,0.0,0.0,0.0,0.0,0.0,0.0,0.0,0.0,0.0,-0.005587134957313538,0.0,0.33462227224735197
1,155,-0.6088680028915405,0.8049820065498352,0.22956271469593048,-0.21023701131343842,0.35806320520681134,0.0,0.0,0.0,0.0,0.0,0.0,0.0,0.0,0.0,-0.028341186046600342,0.0,0.329722019160211
1,156,-0.09504514932632446,0.33798667788505554,-0.3844023048877716,-0.19131700694561005,0.36736786191525483,0.0,0.0,0.0,0.0,0.0,0.0,0.0,0.0,0.0,-0.008594095706939697,0.0,0.35877376620831514
1,157,0.8658557534217834,-0.05718529224395752,0.31317514181137085,-0.16008658707141876,0.37480344012589506,0.0,0.0,0.0,0.0,0.0,0.0,0.0,0.0,0.0,-0.01567081093788147,0.0,0.3591326291880136
1,158,0.3228834271430969,-0.9550607204437256,0.060564957559108734,-0.42441147565841675,0.3863133320255179,0.0,0.0,0.0,0.0,0.0,0.0,0.0,0.0,0.0,-0.012346787452697754,0.0,0.37396654457282014
1,159,-0.15804101526737213,0.2965707778930664,-0.3971502184867859,-0.22891946136951447,0.39418360208875514,0.0,0.0,0.0,0.0,0.0,0.0,0.0,0.0,0.0,-0.020455899238586425,0.0,0.3737277028501687
1,160,0.5207852721214294,-0.34047138690948486,0.6765837669372559,0.6564052700996399,0.4005356342450186,0.0,0.0,0.0,0.0,0.0,0.0,0.0,0.0,0.0,-0.02803332567214966,0.0,0.3725023085728689
1,161,-0.9606130719184875,0.8489575982093811,0.4420328140258789,-0.5220306515693665,0.4050537933770001,0.0,0.0,0.0,0.0,0.0,0.0,0.0,0.0,0.0,-0.05053008079528809,0.0,0.354523712581712
1,162,-0.8893352746963501,-0.27498310804367065,0.7268475890159607,0.09032187610864639,0.3982863419653754,0.0,0.0,0.0,0.0,0.0,0.0,0.0,0.0,0.0,-0.017244184017181398,0.0,0.38104215794819396
1,163,0.3002064526081085,0.4302447736263275,-0.41736292839050293,0.3544028699398041,0.3918602378517647,0.0,0.0,0.0,0.0,0.0,0.0,0.0,0.0,0.0,-0.03291312456130981,0.0,0.3589471132904549
1,164,-0.11277861893177032,-0.984544575214386,0.4234232008457184,0.44054070115089417,0.39189803941620105,0.0,0.0,0.0,0.0,0.0,0.0,0.0,0.0,0.0,-0.028865268230438234,0.0,0.3630327711857628
1,165,0.5319956541061401,-0.3919740915298462,0.598560094833374,-0.3405524492263794,0.39385938022657285,0.0,0.0,0.0,0.0,0.0,0.0,0.0,0.0,0.0,-0.014076529741287232,0.0,0.3797828504852856
1,166,0.6925433278083801,-0.15311971306800842,0.33486208319664,-0.5352530479431152,0.4031276658034083,0.0,0.0,0.0,0.0,0.0,0.0,0.0,0.0,0.0,-0.0019027194380760192,0.0,0.4012249463653323
1,167,0.47446683049201965,0.2276536375284195,-0.7904247641563416,0.3737667500972748,0.4185194367517123,0.0,0.0,0.0,0.0,0.0,0.0,0.0,0.0,0.0,-0.022851331233978273,0.0,0.39566810551773407
1,168,0.7573907971382141,-0.24796727299690247,0.6290881633758545,-0.774792492389679,0.4377369298374627,0.0,0.0,0.0,0.0,0.0,0.0,0.0,0.0,0.0,-0.03640466690063476,0.0,0.40133226293682794
1,169,-0.38442471623420715,-0.07629132270812988,0.04189056158065796,-0.03921416774392128,0.45314225083951554,0.0,0.0,0.0,0.0,0.0,0.0,0.0,0.0,0.0,-0.022190918922424318,0.0,0.43095133191709123
1,170,-0.622604250907898,-0.8064059615135193,0.45432010293006897,0.3381398320198059,0.4578327810662296,0.0,0.0,0.0,0.0,0.0,0.0,0.0,0.0,0.0,-0.009022910594940186,0.0,0.4488098704712894
1,171,0.4162808656692505,0.7388579845428467,-0.6348509788513184,-0.7012320756912231,0.4626792395742807,0.0,0.0,0.0,0.0,0.0,0.0,0.0,0.0,0.0,-0.05733710765838623,0.0,0.40534213191589447
1,172,0.061100784689188004,0.7129263281822205,-0.9214698076248169,-0.13308505713939667,0.47588783146334335,0.0,0.0,0.0,0.0,0.0,0.0,0.0,0.0,0.0,-0.005317667126655579,0.0,0.47057016433668775
1,173,-0.80743807554245,0.9237566590309143,0.8706063628196716,-0.930449366569519,0.48020647964519425,0.0,0.0,0.0,0.0,0.0,0.0,0.0,0.0,0.0,-0.046461358070373535,0.0,0.4337451215748207
1,174,0.7234392166137695,-0.6580215692520142,0.7552242875099182,0.2641100585460663,0.4767887795684419,0.0,0.0,0.0,0.0,0.0,0.0,0.0,0.0,0.0,-0.06285892963409424,0.0,0.41392984993434767
1,175,-0.2942204177379608,-0.6730937361717224,-0.043232716619968414,-0.43283843994140625,0.47660808681469535,0.0,0.0,0.0,0.0,0.0,0.0,0.0,0.0,0.0,-0.021591293811798095,0.0,0.45501679300289727
1,176,0.2036905586719513,0.42809563875198364,0.7509084343910217,-0.6658432483673096,0.4764631818779961,0.0,0.0,0.0,0.0,0.0,0.0,0.0,0.0,0.0,-0.021454849243164063,0.0,0.45500833263483204
1,177,-0.15270745754241943,-0.3179565668106079,-0.9803298711776733,-0.34547531604766846,0.47649220310445506,0.0,0.0,0.0,0.0,0.0,0.0,0.0,0.0,0.0,-0.037834351062774656,0.0,0.4386578520416804
1,178,0.7649994492530823,0.653052031993866,-0.3158177435398102,0.8787669539451599,0.482337767604334,0.0,0.0,0.0,0.0,0.0,0.0,0.0,0.0,0.0,-0.03725389242172241,0.0,0.4450838751826116
1,179,0.7694554924964905,0.7987924814224243,-0.21221475303173065,0.021627580747008324,0.49559006278885953,0.0,0.0,0.0,0.0,0.0,0.0,0.0,0.0,0.0,-0.007666815519332886,0.0,0.4879232472695266
1,180,0.277104914188385,0.3594663441181183,-0.9166262149810791,0.4762803614139557,0.508614159478818,0.0,0.0,0.0,0.0,0.0,0.0,0.0,0.0,0.0,-0.011383211612701416,0.0,0.49723094786611666
1,181,0.4781688153743744,0.3116070330142975,-0.4950515925884247,-0.9221525192260742,0.5197974613807035,0.0,0.0,0.0,0.0,0.0,0.0,0.0,0.0,0.0,-0.021760568618774415,0.0,0.4980368927619291
1,182,0.1277792900800705,-0.2901676595211029,0.3136579394340515,0.03133855387568474,0.5276283527894841,0.0,0.0,0.0,0.0,0.0,0.0,0.0,0.0,0.0,-0.020480618476867676,0.0,0.5071477343126164
1,183,0.5956034064292908,0.5423253774642944,-0.5175173878669739,-0.6847864985466003,0.5345703692507926,0.0,0.0,0.0,0.0,0.0,0.0,0.0,0.0,0.0,-0.02115591526031494,0.0,0.5134144539904777
1,184,-0.23680932819843292,-0.5322192311286926,0.3563202917575836,0.18955616652965546,0.5422643163768823,0.0,0.0,0.0,0.0,0.0,0.0,0.0,0.0,0.0,-0.03375624656677246,0.0,0.5085080698101099
1,185,-0.9823271632194519,0.559984564781189,-0.4071402847766876,-0.4549277424812317,0.5423361308443513,0.0,0.0,0.0,0.0,0.0,0.0,0.0,0.0,0.0,-0.027469377517700195,0.0,0.5148667533266511
1,186,0.9614906311035156,0.920291543006897,-0.38532060384750366,-0.05592497065663338,0.5416578819801171,0.0,0.0,0.0,0.0,0.0,0.0,0.0,0.0,0.0,-0.040679283142089843,0.0,0.5009785988380273
1,187,-0.6537635326385498,0.45244476199150085,0.681610107421875,0.24990272521972656,0.5328695235499845,0.0,0.0,0.0,0.0,0.0,0.0,0.0,0.0,0.0,-0.0405979871749878,0.0,0.4922715363749967
1,188,0.47821083664894104,0.7553345561027527,0.5994254946708679,0.5791656374931335,0.5132055945105529,0.0,0.0,0.0,0.0,0.0,0.0,0.0,0.0,0.0,-0.01488276481628418,0.0,0.4983228296942687
1,189,0.5321952104568481,0.33444803953170776,-0.9657936096191406,-0.8757035732269287,0.5003457691573179,0.0,0.0,0.0,0.0,0.0,0.0,0.0,0.0,0.0,-0.047466154098510745,0.0,0.45287961505880714
1,190,-0.4345577657222748,-0.24827967584133148,-0.8972073793411255,0.07876655459403992,0.49856698621327955,0.0,0.0,0.0,0.0,0.0,0.0,0.0,0.0,0.0,-0.021899003982543946,0.0,0.4766679822307356
1,191,-0.7416344881057739,-0.9852175712585449,0.9939077496528625,0.31776854395866394,0.4999205457986171,0.0,0.0,0.0,0.0,0.0,0.0,0.0,0.0,0.0,-0.042708120346069335,0.0,0.45721242545254775
1,192,0.03019270859658718,0.7798256278038025,0.7043031454086304,-0.03515637293457985,0.495653409702966,0.0,0.0,0.0,0.0,0.0,0.0,0.0,0.0,0.0,-0.03919521808624268,0.0,0.45645819161672335
1,193,-0.8683431148529053,-0.9980241060256958,-0.6905332803726196,0.32934847474098206,0.49051283290299696,0.0,0.0,0.0,0.0,0.0,0.0,0.0,0.0,0.0,-0.060465488433837894,0.0,0.43004734446915904
1,194,-0.9808022379875183,-0.01956186816096306,-0.8032770752906799,-0.9506646990776062,0.4869322754658908,0.0,0.0,0.0,0.0,0.0,0.0,0.0,0.0,0.0,-0.02621180295944214,0.0,0.46072047250644865
1,195,0.1649748682975769,-0.1688825935125351,0.808010995388031,0.5582607984542847,0.4806189858650356,0.0,0.0,0.0,0.0,0.0,0.0,0.0,0.0,0.0,-0.06208207130432129,0.0,0.4185369145607143
1,196,0.23229512572288513,0.6125183701515198,-0.8483396172523499,-0.018199196085333824,0.47641587404661945,0.0,0.0,0.0,0.0,0.0,0.0,0.0,0.0,0.0,-0.03690922975540161,0.0,0.43950664429121783
1,197,-0.5375189781188965,0.2791196405887604,0.6735396981239319,0.033661238849163055,0.4667070317817108,0.0,0.0,0.0,0.0,0.0,0.0,0.0,0.0,0.0,-0.030225746631622315,0.0,0.4364812851500885
1,198,-0.09882955998182297,-0.17347310483455658,-0.16925111413002014,0.22120071947574615,0.4570121278861572,0.0,0.0,0.0,0.0,0.0,0.0,0.0,0.0,0.0,-0.011427559852600098,0.0,0.4455845680335571
1,199,0.4071403741836548,0.7421234846115112,-0.8687745332717896,-0.42073243856430054,0.4521970075601883,0.0,0.0,0.0,0.0,0.0,0.0,0.0,0.0,0.0,-0.019957338571548463,0.0,0.43223966898863986
2,0,0.5280472636222839,-0.5847097635269165,0.7928783297538757,-0.06253659725189209,0.19139983578054076,0.0,0.0,0.0,0.0,0.0,0.0,0.0,0.0,0.0,-0.012532862424850464,0.0,0.1788669733556903
2,1,0.18802860379219055,0.21083533763885498,0.6829075217247009,0.5680418014526367,0.18392414144121583,0.0,0.0,0.0,0.0,0.0,0.0,0.0,0.0,0.0,-0.011582274436950684,0.0,0.17234186700426515
2,2,-0.5935826301574707,0.36608344316482544,-0.490396648645401,0.8574472665786743,0.18220426221252028,0.0,0.0,0.0,0.0,0.0,0.0,0.0,0.0,0.0,-0.02095416307449341,0.0,0.16125009913802688
2,3,0.6673921346664429,0.34836578369140625,-0.6069296598434448,-0.40157753229141235,0.18976945945655843,0.0,0.0,0.0,0.0,0.0,0.0,0.0,0.0,0.0,-0.03189094781875611,0.0,0.1578785116378023
2,4,-0.44443485140800476,0.07516252994537354,0.6083155870437622,-0.30780404806137085,0.1959893924053595,0.0,0.0,0.0,0.0,0.0,0.0,0.0,0.0,0.0,-0.027964138984680177,0.0,0.16802525342067934
2,5,0.7218643426895142,-0.07627879828214645,0.9493550658226013,-0.7770822048187256,0.1921617387985557,0.0,0.0,0.0,0.0,0.0,0.0,0.0,0.0,0.0,-0.01719718337059021,0.0,0.1749645554279655
2,6,-0.8239898085594177,-0.2720857262611389,-0.1571582555770874,0.0635269433259964,0.1867765159816649,0.0,0.0,0.0,0.0,0.0,0.0,0.0,0.0,0.0,-0.043590002059936524,0.0,0.14318651392172838
2,7,-0.28009191155433655,-0.5400391817092896,-0.08665578812360764,-0.9913411140441895,0.18239599596139489,0.0,0.0,0.0,0.0,0.0,0.0,0.0,0.0,0.0,-0.014853413105010987,0.0,0.1675425828563839
2,8,0.5685051083564758,-0.5066094994544983,0.6579784750938416,-0.6291111707687378,0.1756123274924264,0.0,0.0,0.0,0.0,0.0,0.0,0.0,0.0,0.0,-0.014069252014160157,0.0,0.16154307547826624
2,9,0.2889530658721924,-0.7616346478462219,0.18502019345760345,0.7490105628967285,0.16733349758970828,0.0,0.0,0.0,0.0,0.0,0.0,0.0,0.0,0.0,-0.02266096115112305,0.0,0.14467253643858524
2,10,-0.7974264621734619,0.8037227988243103,0.052061595022678375,0.9939632415771484,0.16180932149577054,0.0,0.0,0.0,0.0,0.0,0.0,0.0,0.0,0.0,-0.037082440853118896,0.0,0.12472688064265164
2,11,-0.5847955942153931,-0.3603209853172302,-0.3205423951148987,-0.7129607200622559,0.15937525252984286,0.0,0.0,0.0,0.0,0.0,0.0,0.0,0.0,0.0,-0.04452632904052734,0.0,0.11484892348931552
2,12,-0.37877732515335083,-0.9557182192802429,0.06952162086963654,-0.19842851161956787,0.1538144179731813,0.0,0.0,0.0,0.0,0.0,0.0,0.0,0.0,0.0,-0.008138347268104553,0.0,0.14567607070507674
2,13,-0.9964062571525574,0.17720778286457062,-0.6092690825462341,-0.05979945510625839,0.14924723652115235,0.0,0.0,0.0,0.0,0.0,0.0,0.0,0.0,0.0,-0.021449615955352785,0.0,0.12779762056579957
2,14,-0.5087130665779114,0.5847974419593811,0.09155885875225067,-0.2413894236087799,0.14935480425349235,0.0,0.0,0.0,0.0,0.0,0.0,0.0,0.0,0.0,-0.009281087517738342,0.0,0.140073716735754
2,15,-0.8061529397964478,0.8548528552055359,-0.20880915224552155,-0.6093361973762512,0.15218794691414128,0.0,0.0,0.0,0.0,0.0,0.0,0.0,0.0,0.0,-0.003870061933994293,0.0,0.14831788498014697
2,16,0.8839330077171326,0.32423245906829834,0.775505006313324,0.6597183346748352,0.15377045535978873,0.0,0.0,0.0,0.0,0.0,0.0,0.0,0.0,0.0,-0.05717321872711182,0.0,0.09659723663267691
2,17,0.9938077926635742,0.9865188598632812,-0.619653046131134,0.6404485106468201,0.1593302452113733,0.0,0.0,0.0,0.0,0.0,0.0,0.0,0.0,0.0,-0.02397532939910889,0.0,0.1353549158122644
2,18,0.4355131983757019,0.41822707653045654,-0.8441168665885925,-0.21130502223968506,0.17525680626083318,0.0,0.0,0.0,0.0,0.0,0.0,0.0,0.0,0.0,-0.014105165004730224,0.0,0.16115164125610296
2,19,0.8553670048713684,0.5519142746925354,-0.07277312129735947,0.813165545463562,0.19354854928149234,0.0,0.0,0.0,0.0,0.0,0.0,0.0,0.0,0.0,-0.018386605978012085,0.0,0.17516194330348026
2,20,0.1910802125930786,-0.5031059980392456,-0.4894396960735321,-0.7194624543190002,0.20838358137729374,0.0,0.0,0.0,0.0,0.0,0.0,0.0,0.0,0.0,-0.04076904296875,0.0,0.16761453840854373
2,21,-0.25221678614616394,-0.47996774315834045,0.1277654469013214,-0.7420976161956787,0.2136340684177216,0.0,0.0,0.0,0.0,0.0,0.0,0.0,0.0,0.0,-0.005785021781921387,0.0,0.2078490466358002
2,22,-0.3113194406032562,0.49421411752700806,-0.26742276549339294,0.8772534132003784,0.21626944467307574,0.0,0.0,0.0,0.0,0.0,0.0,0.0,0.0,0.0,-0.03730994939804077,0.0,0.17895949527503496
2,23,-0.5130857229232788,-0.4255877733230591,0.723061740398407,-0.20680353045463562,0.21414545539084195,0.0,0.0,0.0,0.0,0.0,0.0,0.0,0.0,0.0,-0.030429840087890625,0.0,0.18371561530295133
2,24,-0.2960445284843445,0.7168112397193909,0.19224193692207336,0.4240005314350128,0.20855021903857784,0.0,0.0,0.0,0.0,0.0,0.0,0.0,0.0,0.0,-0.020318658351898194,0.0,0.18823156068667965
2,25,-0.09649628400802612,0.5104821920394897,-0.9476610422134399,-0.940703809261322,0.21247732329066482,0.0,0.0,0.0,0.0,0.0,0.0,0.0,0.0,0.0,-0.03244187831878662,0.0,0.1800354449718782
2,26,0.534157931804657,-0.1892586350440979,0.8857152462005615,0.2811821401119232,0.21910365834022472,0.0,0.0,0.0,0.0,0.0,0.0,0.0,0.0,0.0,-0.05741635799407959,0.0,0.16168730034614512
2,27,0.5821998715400696,0.42172786593437195,0.5655821561813354,-0.5639482736587524,0.22266738184904278,0.0,0.0,0.0,0.0,0.0,0.0,0.0,0.0,0.0,-0.011923431158065797,0.0,0.21074395069097698
2,28,0.6210204362869263,-0.4109787940979004,-0.6245748996734619,-0.013028218410909176,0.2281766375446781,0.0,0.0,0.0,0.0,0.0,0.0,0.0,0.0,0.0,-0.024148941040039062,0.0,0.20402769650463903
2,29,-0.939655601978302,-0.764573335647583,-0.1495160460472107,0.7528165578842163,0.23124542955789318,0.0,0.0,0.0,0.0,0.0,0.0,0.0,0.0,0.0,-0.0337293815612793,0.0,0.19751604799661387
2,30,0.5049960613250732,0.14387032389640808,0.5402716994285583,0.982779860496521,0.23026435983411564,0.0,0.0,0.0,0.0,0.0,0.0,0.0,0.0,0.0,-0.03440978527069092,0.0,0.19585457456342473
2,31,-0.9470416307449341,0.6992955803871155,-0.42375344038009644,-0.7509746551513672,0.23525341137814404,0.0,0.0,0.0,0.0,0.0,0.0,0.0,0.0,0.0,-0.0635215950012207,0.0,0.17173181637692334
2,32,-0.44854456186294556,0.7337989211082458,0.44582074880599976,-0.11306530982255936,0.2424860823729581,0.0,0.0,0.0,0.0,0.0,0.0,0.0,0.0,0.0,-0.014127774238586426,0.0,0.22835830813437166
2,33,0.1594087779521942,-0.7938441038131714,-0.8290683627128601,-0.6467030644416809,0.2462813606535058,0.0,0.0,0.0,0.0,0.0,0.0,0.0,0.0,0.0,-0.046134114265441895,0.0,0.20014724638806392
2,34,0.22121179103851318,-0.9533785581588745,0.061965636909008026,0.6540776491165161,0.2472428548656771,0.0,0.0,0.0,0.0,0.0,0.0,0.0,0.0,0.0,-0.025152430534362794,0.0,0.22209042433131432
2,35,0.31440457701683044,-0.8124072551727295,0.11259744316339493,0.8348674178123474,0.2418549774686286,0.0,0.0,0.0,0.0,0.0,0.0,0.0,0.0,0.0,-0.0006380632519721986,0.0,0.24121691421665642
2,36,0.3328995406627655,0.8074079751968384,-0.5061766505241394,0.7293161749839783,0.24280055087831243,0.0,0.0,0.0,0.0,0.0,0.0,0.0,0.0,0.0,-0.030181660652160644,0.0,0.21261889022615177
2,37,-0.8666290044784546,-0.8580610156059265,-0.46200594305992126,-0.142349511384964,0.24794230157672237,0.0,0.0,0.0,0.0,0.0,0.0,0.0,0.0,0.0,-0.04974408149719239,0.0,0.19819822007952997
2,38,-0.19663573801517487,-0.7413480877876282,-0.38220545649528503,-0.6641458868980408,0.24496712862098458,0.0,0.0,0.0,0.0,0.0,0.0,0.0,0.0,0.0,-0.007411524057388306,0.0,0.23755560456359626
2,39,0.035604722797870636,0.3283180296421051,-0.17308619618415833,-0.06845785677433014,0.24285066958534363,0.0,0.0,0.0,0.0,0.0,0.0,0.0,0.0,0.0,-0.015966963768005372,0.0,0.22688370581733824
2,40,0.6758124828338623,0.3191387951374054,-0.32407671213150024,-0.9646854996681213,0.24975460938205107,0.0,0.0,0.0,0.0,0.0,0.0,0.0,0.0,0.0,-0.012359724044799805,0.0,0.23739488533725128
2,41,0.6997343897819519,0.7625260353088379,0.7270323634147644,0.5071700811386108,0.2645797137525062,0.0,0.0,0.0,0.0,0.0,0.0,0.0,0.0,0.0,-0.034683537483215336,0.0,0.22989617626929088
2,42,0.5150811672210693,0.5976153016090393,0.7496222853660583,-0.3183070123195648,0.27880750957638667,0.0,0.0,0.0,0.0,0.0,0.0,0.0,0.0,0.0,-0.007432151436805725,0.0,0.27137535813958097
2,43,-0.9468458890914917,-0.15303727984428406,-0.7584633827209473,-0.7212250828742981,0.28905123673058797,0.0,0.0,0.0,0.0,0.0,0.0,0.0,0.0,0.0,-0.05137375354766846,0.0,0.2376774831829195
2,44,0.6889886260032654,0.5623694658279419,-0.9818924069404602,-0.9361777305603027,0.30756910898844936,0.0,0.0,0.0,0.0,0.0,0.0,0.0,0.0,0.0,-0.03283886432647705,0.0,0.2747302446619723
2,45,0.2664310336112976,0.5183953046798706,-0.6985411047935486,-0.3849705755710602,0.33793686849756865,0.0,0.0,0.0,0.0,0.0,0.0,0.0,0.0,0.0,-0.005646059513092041,0.0,0.3322908089844766
2,46,-0.08368734270334244,0.5751547813415527,-0.6395589113235474,-0.6114166378974915,0.367689995770076,0.0,0.0,0.0,0.0,0.0,0.0,0.0,0.0,0.0,-0.0018056122958660125,0.0,0.36588438347421
2,47,-0.6228824853897095,0.6169873476028442,-0.6580455899238586,-0.3685828149318695,0.39494538080398245,0.0,0.0,0.0,0.0,0.0,0.0,0.0,0.0,0.0,-0.003517913520336151,0.0,0.3914274672836463
2,48,0.21929432451725006,-0.6166291236877441,-0.9584459066390991,-0.10280957072973251,0.420216691515667,0.0,0.0,0.0,0.0,0.0,0.0,0.0,0.0,0.0,-0.02391947031021118,0.0,0.3962972212054558
2,49,-0.01839093677699566,0.8385926485061646,-0.48969849944114685,0.8123508095741272,0.4476164128175617,0.0,0.0,0.0,0.0,0.0,0.0,0.0,0.0,0.0,-0.03231407165527344,0.0,0.41530234116228826
2,50,-0.33197498321533203,0.027666892856359482,-0.5953183770179749,0.3165329694747925,0.47011227180195925,0.0,0.0,0.0,0.0,0.0,0.0,0.0,0.0,0.0,-0.01012926459312439,0.0,0.45998300720883484
2,51,-0.1054479330778122,0.33846142888069153,0.7079552412033081,0.1399383395910263,0.48104235194334444,0.0,0.0,0.0,0.0,0.0,0.0,0.0,0.0,0.0,-0.018776156902313233,0.0,0.4622661950410312
2,52,-0.5022993087768555,-0.42383575439453125,-0.3344927132129669,0.4033728837966919,0.4809184463806343,0.0,0.0,0.0,0.0,0.0,0.0,0.0,0.0,0.0,-0.018946833610534668,0.0,0.4619716127700996
2,53,-0.8478025197982788,0.8710961937904358,0.7882140874862671,0.8639117479324341,0.4724085668183905,0.0,0.0,0.0,0.0,0.0,0.0,0.0,0.0,0.0,-0.032687876224517826,0.0,0.43972069059387264
2,54,-0.5152713656425476,0.10164709389209747,-0.9531970024108887,-0.5814733505249023,0.4633702792651889,0.0,0.0,0.0,0.0,0.0,0.0,0.0,0.0,0.0,-0.0582427978515625,0.0,0.4051274814136264
2,55,0.6698864102363586,0.5090197920799255,-0.13825777173042297,-0.7778138518333435,0.46309979051237704,0.0,0.0,0.0,0.0,0.0,0.0,0.0,0.0,0.0,-0.022732272148132324,0.0,0.4403675183642447
2,56,-0.9698328375816345,-0.8656742572784424,0.5045130848884583,0.28292760252952576,0.45566938491311937,0.0,0.0,0.0,0.0,0.0,0.0,0.0,0.0,0.0,-0.06116789817810059,0.0,0.3945014867350188
2,57,-0.1952856332063675,-0.08545525372028351,-0.7945521473884583,0.36404845118522644,0.44086636904633136,0.0,0.0,0.0,0.0,0.0,0.0,0.0,0.0,0.0,-0.029028160572052004,0.0,0.4118382084742794
2,58,0.9895370602607727,-0.01820220611989498,0.3923574984073639,0.7642799615859985,0.43698216471581763,0.0,0.0,0.0,0.0,0.0,0.0,0.0,0.0,0.0,-0.029772677421569825,0.0,0.40720948729424783
2,59,0.776931881904602,0.18409353494644165,-0.605304479598999,0.8094854354858398,0.4464380122628836,0.0,0.0,0.0,0.0,0.0,0.0,0.0,0.0,0.0,-0.010834974050521851,0.0,0.43560303821236174
2,60,-0.11754442751407623,0.8095419406890869,0.7326498627662659,0.8915607333183289,0.46313364312324656,0.0,0.0,0.0,0.0,0.0,0.0,0.0,0.0,0.0,-0.029881315231323244,0.0,0.4332523278919233
2,61,0.5916504263877869,0.34097230434417725,0.4937000870704651,-0.9511668682098389,0.47677511891085045,0.0,0.0,0.0,0.0,0.0,0.0,0.0,0.0,0.0,-0.04175257205963135,0.0,0.4350225468512191
2,62,0.7691649198532104,0.21280348300933838,0.2434249222278595,0.716259241104126,0.4971077722004916,0.0,0.0,0.0,0.0,0.0,0.0,0.0,0.0,0.0,-0.028908863067626953,0.0,0.46819890913286466
2,63,0.29769062995910645,0.3307417631149292,0.21982139348983765,-0.7190581560134888,0.5164877889176502,0.0,0.0,0.0,0.0,0.0,0.0,0.0,0.0,0.0,-0.022968907356262207,0.0,0.493518881561388
2,64,0.5642820596694946,-0.8367661833763123,0.749089777469635,0.5450595617294312,0.5260670074476872,0.0,0.0,0.0,0.0,0.0,0.0,0.0,0.0,0.0,-0.03312264442443848,0.0,0.49294436302324873
2,65,0.7429984211921692,-0.9020805954933167,0.18370380997657776,-0.1639494001865387,0.528576367078976,0.0,0.0,0.0,0.0,0.0,0.0,0.0,0.0,0.0,-0.008585604429244996,0.0,0.5199907626497311
2,66,0.8985947370529175,0.5576561689376831,-0.9783225059509277,0.4537348747253418,0.54368594506022,0.0,0.0,0.0,0.0,0.0,0.0,0.0,0.0,0.0,-0.0388688063621521,0.0,0.504817138698068
2,67,-0.45186322927474976,0.3651590943336487,-0.2841074466705322,0.34103789925575256,0.5747798112585729,0.0,0.0,0.0,0.0,0.0,0.0,0.0,0.0,0.0,-0.023554267883300783,0.0,0.5512255433752722
2,68,0.9381375908851624,-0.18745854496955872,0.03622966259717941,0.8344317078590393,0.6017050640223931,0.0,0.0,0.0,0.0,0.0,0.0,0.0,0.0,0.0,-0.025835418701171876,0.0,0.5758696453212212
2,69,0.7290210127830505,-0.321239173412323,-0.8472836017608643,-0.299254834651947,0.6283093237406345,0.0,0.0,0.0,0.0,0.0,0.0,0.0,0.0,0.0,-0.021274678707122803,0.0,0.6070346450335117
2,70,0.3447750508785248,0.8734442591667175,0.028302902355790138,-0.05834658443927765,0.6580352355430397,0.0,0.0,0.0,0.0,0.0,0.0,0.0,0.0,0.0,-0.02399601936340332,0.0,0.6340392161796363
2,71,0.33018407225608826,0.4949361979961395,-0.5139949917793274,-0.8200653791427612,0.69405292729195,0.0,0.0,0.0,0.0,0.0,0.0,0.0,0.0,0.0,-0.010177838802337648,0.0,0.6838750884896123
2,72,0.0899219810962677,0.4253162443637848,0.4109714925289154,-0.8440700769424438,0.7239328399381886,0.0,0.0,0.0,0.0,0.0,0.0,0.0,0.0,0.0,-0.009187119603157044,0.0,0.7147457203350316
2,73,0.3705672025680542,-0.7041457295417786,0.9963589310646057,-0.3814324736595154,0.7332808834949278,0.0,0.0,0.0,0.0,0.0,0.0,0.0,0.0,0.0,-0.01911158323287964,0.0,0.7141693002620482
2,74,-0.7185652256011963,-0.5958744883537292,-0.020879026502370834,0.2638165354728699,0.7236876331530977,0.0,0.0,0.0,0.0,0.0,0.0,0.0,0.0,0.0,-0.026490514278411866,0.0,0.6971971188746858
2,75,0.5609135031700134,0.20877474546432495,0.16623809933662415,-0.060013093054294586,0.7173155097845001,0.0,0.0,0.0,0.0,0.0,0.0,0.0,0.0,0.0,-0.024244046211242678,0.0,0.6930714635732574
2,76,-0.5263335704803467,-0.8152629137039185,0.9450424909591675,0.39499107003211975,0.7044230998516944,0.0,0.0,0.0,0.0,0.0,0.0,0.0,0.0,0.0,-0.030443246364593505,0.0,0.6739798534871009
2,77,0.7157896757125854,-0.8946661353111267,0.8500210046768188,0.08707276731729507,0.6669870421426548,0.0,0.0,0.0,0.0,0.0,0.0,0.0,0.0,0.0,-0.0165301775932312,0.0,0.6504568645494236
2,78,0.04182799533009529,-0.3252675235271454,-0.2694711983203888,0.4557912051677704,0.6373039879769957,0.0,0.0,0.0,0.0,0.0,0.0,0.0,0.0,0.0,-0.021676552295684815,0.0,0.615627435681311
2,79,0.7865331172943115,0.4126463830471039,0.6656587719917297,0.6779544949531555,0.6253572673164353,0.0,0.0,0.0,0.0,0.0,0.0,0.0,0.0,0.0,-0.020229272842407227,0.0,0.605127994474028
2,80,-0.15204818546772003,-0.6554575562477112,0.2675429582595825,-0.0009726064163260162,0.6126606238257223,0.0,0.0,0.0,0.0,0.0,0.0,0.0,0.0,0.0,-0.026412191390991213,0.0,0.586248432434731
2,81,-0.5467414855957031,0.8411372900009155,-0.17913129925727844,0.6538914442062378,0.6088462808132298,0.0,0.0,0.0,0.0,0.0,0.0,0.0,0.0,0.0,-0.0302394437789917,0.0,0.5786068370342381
2,82,0.19057881832122803,-0.4632614850997925,-0.4440505802631378,-0.9253252148628235,0.6192378278474139,0.0,0.0,0.0,0.0,0.0,0.0,0.0,0.0,0.0,-0.04809205055236816,0.0,0.5711457772950457
2,83,-0.9988596439361572,-0.5755575299263,-0.9792079329490662,-0.4339786767959595,0.6245962630956192,0.0,0.0,0.0,0.0,0.0,0.0,0.0,0.0,0.0,-0.019551891088485717,0.0,0.6050443720071335
2,84,0.0722886472940445,0.6248781085014343,0.3701964318752289,-0.9435628056526184,0.6317435077997059,0.0,0.0,0.0,0.0,0.0,0.0,0.0,0.0,0.0,-0.046689724922180174,0.0,0.5850537828775257
2,85,-0.5911741852760315,0.794011116027832,0.23361974954605103,0.3811025619506836,0.6467530397663953,0.0,0.0,0.0,0.0,0.0,0.0,0.0,0.0,0.0,-0.02242180347442627,0.0,0.6243312362919691
2,86,-0.41502684354782104,0.7987099885940552,0.5519083738327026,0.3671554625034332,0.6604370130889133,0.0,0.0,0.0,0.0,0.0,0.0,0.0,0.0,0.0,-0.001325521320104599,0.0,0.6591114917688088
2,87,0.8530929684638977,-0.30623719096183777,-0.05971863493323326,0.7943589091300964,0.6690920395245548,0.0,0.0,0.0,0.0,0.0,0.0,0.0,0.0,0.0,-0.03385626554489136,0.0,0.6352357739796634
2,88,-0.20687271654605865,-0.16959117352962494,-0.2201310396194458,-0.013951105996966362,0.6731423945707691,0.0,0.0,0.0,0.0,0.0,0.0,0.0,0.0,0.0,-0.01821296811103821,0.0,0.6549294264597308
2,89,0.7933337092399597,-0.618666410446167,0.6812766194343567,-0.9303067922592163,0.6688115290203649,0.0,0.0,0.0,0.0,0.0,0.0,0.0,0.0,0.0,-0.028543248176574706,0.0,0.6402682808437902
2,90,-0.1237531304359436,0.34823086857795715,0.324937105178833,0.4396507143974304,0.6621702907122438,0.0,0.0,0.0,0.0,0.0,0.0,0.0,0.0,0.0,-0.03779699802398682,0.0,0.6243732926882569
2,91,0.12781473994255066,-0.3261892795562744,0.9697146415710449,-0.3801567852497101,0.6502869483985387,0.0,0.0,0.0,0.0,0.0,0.0,0.0,0.0,0.0,-0.016059513092041015,0.0,0.6342274353064977
2,92,0.6261966824531555,-0.297992467880249,-0.5665270090103149,0.09454616904258728,0.6382227061627144,0.0,0.0,0.0,0.0,0.0,0.0,0.0,0.0,0.0,-0.028345611095428467,0.0,0.6098770950672859
2,93,-0.9109486937522888,0.9093577265739441,-0.10493064671754837,0.5711329579353333,0.6469520405818681,0.0,0.0,0.0,0.0,0.0,0.0,0.0,0.0,0.0,-0.042607169151306155,0.0,0.6043448714305619
2,94,-0.8055874705314636,-0.6970674395561218,0.30252933502197266,-0.39470767974853516,0.6482138699062211,0.0,0.0,0.0,0.0,0.0,0.0,0.0,0.0,0.0,-0.03690574884414673,0.0,0.6113081210620743
2,95,0.9291703104972839,0.14700748026371002,0.09903354197740555,-0.09007962048053741,0.6367183551833671,0.0,0.0,0.0,0.0,0.0,0.0,0.0,0.0,0.0,-0.03856055736541748,0.0,0.5981577978179495
2,96,-0.24743689596652985,-0.1982315331697464,0.10021914541721344,-0.31725215911865234,0.6325663196675924,0.0,0.0,0.0,0.0,0.0,0.0,0.0,0.0,0.0,-0.015552034378051758,0.0,0.6170142852895406
2,97,0.3305421769618988,0.9395635724067688,-0.7717112302780151,-0.5214393734931946,0.6481417092587813,0.0,0.0,0.0,0.0,0.0,0.0,0.0,0.0,0.0,-0.024305925369262696,0.0,0.6238357838895187
2,98,0.2946000397205353,0.44096946716308594,0.8712204694747925,-0.5907695293426514,0.678244342986112,0.0,0.0,0.0,0.0,0.0,0.0,0.0,0.0,0.0,-0.029539191722869874,0.0,0.6487051512632421
2,99,0.04283459112048149,-0.7830898761749268,-0.10604593902826309,-0.20406746864318848,0.687644775206131,0.0,0.0,0.0,0.0,0.0,0.0,0.0,0.0,0.0,-0.02666295289993286,0.0,0.6609818223061982
2,100,-0.455746591091156,-0.7395608425140381,0.9926744103431702,-0.9422042965888977,0.670691660667754,0.0,0.0,0.0,0.0,0.0,0.0,0.0,0.0,0.0,-0.020025103092193602,0.0,0.6506665575755604
2,101,-0.7870423793792725,-0.27198028564453125,-0.3753286600112915,-0.701063871383667,0.6452309429276559,0.0,0.0,0.0,0.0,0.0,0.0,0.0,0.0,0.0,-0.02257969617843628,0.0,0.6226512467492197
2,102,-0.6789442896842957,-0.6608133316040039,0.5066834688186646,-0.9404961466789246,0.617253761077333,0.0,0.0,0.0,0.0,0.0,0.0,0.0,0.0,0.0,-0.009981495141983033,0.0,0.60727226593535
2,103,0.7680585384368896,-0.10006845742464066,0.4299708306789398,0.06470535695552826,0.5858768132633476,0.0,0.0,0.0,0.0,0.0,0.0,0.0,0.0,0.0,-0.03424567222595215,0.0,0.5516311410373955
2,104,-0.8340393900871277,0.18346725404262543,0.5167164206504822,0.7411697506904602,0.5613255922125255,0.0,0.0,0.0,0.0,0.0,0.0,0.0,0.0,0.0,-0.03112239360809326,0.0,0.5302031986044323
2,105,0.682080090045929,0.3200643062591553,0.7267926335334778,-0.02786020003259182,0.5394239156220474,0.0,0.0,0.0,0.0,0.0,0.0,0.0,0.0,0.0,-0.029528160095214844,0.0,0.5098957555268325
2,106,-0.9485876560211182,-0.7359697222709656,0.6795923113822937,-0.5696513652801514,0.5100170985944298,0.0,0.0,0.0,0.0,0.0,0.0,0.0,0.0,0.0,-0.04070050716400147,0.0,0.4693165914304283
2,107,-0.35304808616638184,-0.757521390914917,-0.024007225409150124,0.08662479370832443,0.47553899036677605,0.0,0.0,0.0,0.0,0.0,0.0,0.0,0.0,0.0,-0.01280882477760315,0.0,0.4627301655891729
2,108,0.872377336025238,-0.7895896434783936,0.2229936271905899,-0.4963357746601105,0.44792912255922357,0.0,0.0,0.0,0.0,0.0,0.0,0.0,0.0,0.0,-0.019035484790802002,0.0,0.42889363776842154
2,109,-0.4673146605491638,-0.7389211058616638,-0.4278416335582733,0.9580774903297424,0.4241149614042813,0.0,0.0,0.0,0.0,0.0,0.0,0.0,0.0,0.0,-0.04336246490478516,0.0,0.3807524964994961
2,110,0.5587281584739685,0.9489700794219971,-0.6299811005592346,-0.8591811060905457,0.418910586084313,0.0,0.0,0.0,0.0,0.0,0.0,0.0,0.0,0.0,-0.0724502944946289,0.0,0.34646029158968406
2,111,-0.6923298835754395,0.2638389468193054,-0.337287038564682,0.8388590216636658,0.4306588341319654,0.0,0.0,0.0,0.0,0.0,0.0,0.0,0.0,0.0,-0.05003561019897461,0.0,0.38062322393299075
2,112,-0.0010451663983985782,-0.10542233288288116,-0.28629547357559204,-0.48021963238716125,0.43728968112024147,0.0,0.0,0.0,0.0,0.0,0.0,0.0,0.0,0.0,-0.02356797218322754,0.0,0.41372170893701393
2,113,-0.04681309312582016,-0.3419361412525177,-0.9484865069389343,-0.2523730397224426,0.443127925609086,0.0,0.0,0.0,0.0,0.0,0.0,0.0,0.0,0.0,-0.005484445691108703,0.0,0.43764347991797725
2,114,-0.23512980341911316,-0.6718398928642273,-0.07527174800634384,-0.3678537905216217,0.4412972684791344,0.0,0.0,0.0,0.0,0.0,0.0,0.0,0.0,0.0,-0.009201395511627198,0.0,0.43209587296750723
2,115,0.06186506152153015,-0.2600196897983551,-0.20698943734169006,0.840063214302063,0.4349745715838844,0.0,0.0,0.0,0.0,0.0,0.0,0.0,0.0,0.0,-0.01734214782714844,0.0,0.417632423756736
2,116,0.6688400506973267,0.802490234375,-0.28151917457580566,0.7590186595916748,0.44637265298845963,0.0,0.0,0.0,0.0,0.0,0.0,0.0,0.0,0.0,-0.01509468674659729,0.0,0.4312779662418623
2,117,-0.03902159258723259,0.586851954460144,0.5315023064613342,-0.04287659376859665,0.46949159757973247,0.0,0.0,0.0,0.0,0.0,0.0,0.0,0.0,0.0,-0.01851607918739319,0.0,0.4509755183923393
2,118,0.0923256203532219,0.48944467306137085,0.32059845328330994,0.1184195950627327,0.4871424952637239,0.0,0.0,0.0,0.0,0.0,0.0,0.0,0.0,0.0,-0.0009723716229200364,0.0,0.48617012364080386
2,119,0.25889214873313904,0.8149593472480774,-0.24566449224948883,-0.4349171221256256,0.5095535046673858,0.0,0.0,0.0,0.0,0.0,0.0,0.0,0.0,0.0,-0.007605395317077637,0.0,0.5019481093503082
2,120,0.7891418933868408,-0.8564497232437134,0.08935165405273438,-0.7855323553085327,0.5323105697803161,0.0,0.0,0.0,0.0,0.0,0.0,0.0,0.0,0.0,-0.03309940099716187,0.0,0.49921116878315425
2,121,0.2519020140171051,0.023867174983024597,0.7047458291053772,-0.35973072052001953,0.5423476401682162,0.0,0.0,0.0,0.0,0.0,0.0,0.0,0.0,0.0,-0.016236016750335695,0.0,0.5261116234178805
2,122,-0.8599076271057129,-0.7901692390441895,0.13918240368366241,0.3481358289718628,0.5357582778754884,0.0,0.0,0.0,0.0,0.0,0.0,0.0,0.0,0.0,-0.027197129726409912,0.0,0.5085611481490785
2,123,-0.5727902054786682,0.2348124384880066,0.3410164713859558,0.32369527220726013,0.520696151080623,0.0,0.0,0.0,0.0,0.0,0.0,0.0,0.0,0.0,-0.01174358367919922,0.0,0.5089525674014237
2,124,-0.4310702681541443,0.3735317289829254,-0.46563705801963806,0.42886507511138916,0.5162043464733586,0.0,0.0,0.0,0.0,0.0,0.0,0.0,0.0,0.0,-0.007010781168937683,0.0,0.5091935653044208
2,125,0.8866488933563232,-0.851254940032959,0.8427219390869141,-0.7415247559547424,0.5129367869186848,0.0,0.0,0.0,0.0,0.0,0.0,0.0,0.0,0.0,-0.06318101882934571,0.0,0.44975576808933915
2,126,0.37047523260116577,0.6717203259468079,-0.9233868718147278,-0.5285745859146118,0.5189745435004252,0.0,0.0,0.0,0.0,0.0,0.0,0.0,0.0,0.0,-0.057503762245178225,0.0,0.46147078125524693
2,127,0.6893324255943298,-0.09703043848276138,-0.8502388000488281,-0.4530840516090393,0.5447330857415168,0.0,0.0,0.0,0.0,0.0,0.0,0.0,0.0,0.0,-0.00703697144985199,0.0,0.5376961142916649
2,128,0.7768581509590149,0.6312168836593628,0.7952080368995667,-0.3288860321044922,0.5755364428737386,0.0,0.0,0.0,0.0,0.0,0.0,0.0,0.0,0.0,-0.0326092529296875,0.0,0.5429271899440511
2,129,-0.5239008069038391,0.41250303387641907,-0.2318936586380005,-0.6726445555686951,0.609110658599761,0.0,0.0,0.0,0.0,0.0,0.0,0.0,0.0,0.0,-0.029129176139831542,0.0,0.5799814824599294
2,130,0.44107478857040405,-0.8657160401344299,0.5994701981544495,0.9947006702423096,0.6245818796553781,0.0,0.0,0.0,0.0,0.0,0.0,0.0,0.0,0.0,-0.06036228179931641,0.0,0.5642195978560618
2,131,-0.35120177268981934,-0.8988655805587769,-0.784051775932312,0.9712710380554199,0.6143973093224517,0.0,0.0,0.0,0.0,0.0,0.0,0.0,0.0,0.0,-0.02543483018875122,0.0,0.5889624791337005
2,132,-0.9215556979179382,-0.3298596441745758,-0.548768937587738,-0.02485942654311657,0.5963546286372472,0.0,0.0,0.0,0.0,0.0,0.0,0.0,0.0,0.0,-0.016967053413391112,0.0,0.5793875752238561
2,133,-0.07237619161605835,-0.9826004505157471,-0.2270275354385376,-0.6911249756813049,0.572654343566249,0.0,0.0,0.0,0.0,0.0,0.0,0.0,0.0,0.0,-0.01694603681564331,0.0,0.5557083067506057
2,134,-0.9884704947471619,-0.7494350075721741,0.7961061000823975,-0.48525577783584595,0.5595191794801114,0.0,0.0,0.0,0.0,0.0,0.0,0.0,0.0,0.0,-0.019827793836593628,0.0,0.5396913856435178
2,135,-0.8396369218826294,0.37064269185066223,0.31689363718032837,0.04568107798695564,0.5415952282410655,0.0,0.0,0.0,0.0,0.0,0.0,0.0,0.0,0.0,-0.017882640361785888,0.0,0.5237125878792797
2,136,0.1600276380777359,-0.22588162124156952,-0.4526801109313965,-0.77610182762146,0.5333232776825315,0.0,0.0,0.0,0.0,0.0,0.0,0.0,0.0,0.0,-0.02622741222381592,0.0,0.5070958654587155
2,137,-0.6986888647079468,-0.847282350063324,0.07484293729066849,0.8738596439361572,0.5160172878211124,0.0,0.0,0.0,0.0,0.0,0.0,0.0,0.0,0.0,-0.04124186515808106,0.0,0.4747754226630314
2,138,0.4867632985115051,-0.5859646201133728,-0.37850695848464966,-0.5090269446372986,0.49048490147306345,0.0,0.0,0.0,0.0,0.0,0.0,0.0,0.0,0.0,-0.035914855003356935,0.0,0.4545700464697065
2,139,-0.45148229598999023,0.2788306772708893,0.2837012708187103,-0.5877249240875244,0.4744179950375589,0.0,0.0,0.0,0.0,0.0,0.0,0.0,0.0,0.0,-0.020728888511657714,0.0,0.45368910652590116
2,140,-0.13368317484855652,0.1860758513212204,-0.4936079680919647,0.8236556649208069,0.4695759690039012,0.0,0.0,0.0,0.0,0.0,0.0,0.0,0.0,0.0,-0.027058043479919434,0.0,0.4425179255239818
2,141,-0.315277099609375,-0.1728624701499939,0.8128915429115295,0.2517571449279785,0.4640150241234603,0.0,0.0,0.0,0.0,0.0,0.0,0.0,0.0,0.0,-0.02195821762084961,0.0,0.4420568065026107
2,142,0.12911640107631683,-0.3065168559551239,-0.4973545968532562,0.5772929191589355,0.45644188065241287,0.0,0.0,0.0,0.0,0.0,0.0,0.0,0.0,0.0,-0.020380675792694092,0.0,0.4360612048597188
2,143,-0.5780949592590332,-0.9570749402046204,0.4248412251472473,-0.40603625774383545,0.4382671305648024,0.0,0.0,0.0,0.0,0.0,0.0,0.0,0.0,0.0,-0.02740755319595337,0.0,0.410859577368849
2,144,0.1419897973537445,-0.10125688463449478,0.8909013271331787,0.5440634489059448,0.4152503109951261,0.0,0.0,0.0,0.0,0.0,0.0,0.0,0.0,0.0,-0.023708479404449465,0.0,0.3915418315906766
2,145,0.7076691389083862,0.905358612537384,0.8475430607795715,-0.02954905480146408,0.41060250691328903,0.0,0.0,0.0,0.0,0.0,0.0,0.0,0.0,0.0,-0.016641792058944702,0.0,0.3939607148543443
2,146,-0.9239606261253357,-0.12380100041627884,0.8590818643569946,0.2647683024406433,0.40964239267232017,0.0,0.0,0.0,0.0,0.0,0.0,0.0,0.0,0.0,-0.03808140754699707,0.0,0.3715609851253231
2,147,0.6539274454116821,-0.6144765019416809,0.865250825881958,-0.26253384351730347,0.39521434070821415,0.0,0.0,0.0,0.0,0.0,0.0,0.0,0.0,0.0,-0.030085787773132325,0.0,0.36512855293508184
2,148,0.09907146543264389,0.6941385865211487,0.5757902264595032,0.334282249212265,0.3871177836062968,0.0,0.0,0.0,0.0,0.0,0.0,0.0,0.0,0.0,-0.02460315465927124,0.0,0.3625146289470255
2,149,-0.12853460013866425,-0.03885146230459213,-0.7530806064605713,-0.8689778447151184,0.3897940309466488,0.0,0.0,0.0,0.0,0.0,0.0,0.0,0.0,0.0,-0.038028111457824705,0.0,0.3517659194888241
2,150,0.5604644417762756,0.4510146677494049,0.13371366262435913,0.4295025169849396,0.3991531048038427,0.0,0.0,0.0,0.0,0.0,0.0,0.0,0.0,0.0,-0.031871440410614016,0.0,0.3672816643932287
2,151,-0.6323643922805786,0.4643324911594391,-0.3421896994113922,0.4926512837409973,0.4164701027870842,0.0,0.0,0.0,0.0,0.0,0.0,0.0,0.0,0.0,-0.01653489947319031,0.0,0.39993520331389387
2,152,0.8845945596694946,0.9806542992591858,-0.9596230387687683,-0.5222421884536743,0.44561402861179567,0.0,0.0,0.0,0.0,0.0,0.0,0.0,0.0,0.0,-0.0397898530960083,0.0,0.40582417551578737
2,153,-0.23942847549915314,-0.7320102453231812,0.17883166670799255,0.37033939361572266,0.47131682163968525,0.0,0.0,0.0,0.0,0.0,0.0,0.0,0.0,0.0,-0.06289429187774659,0.0,0.40842252976193866
2,154,0.8794601559638977,-0.6081957221031189,-0.42615145444869995,0.48940175771713257,0.4752855580903399,0.0,0.0,0.0,0.0,0.0,0.0,0.0,0.0,0.0,-0.016474223136901854,0.0,0.45881133495343807
2,155,-0.14946849644184113,-0.6874390244483948,-0.597815215587616,0.7926021814346313,0.4698761459446553,0.0,0.0,0.0,0.0,0.0,0.0,0.0,0.0,0.0,-0.011863725185394287,0.0,0.458012420759261
2,156,0.37316691875457764,-0.34782886505126953,-0.8937160968780518,-0.21340076625347137,0.4626085224347417,0.0,0.0,0.0,0.0,0.0,0.0,0.0,0.0,0.0,-0.014880819320678711,0.0,0.447727703114063
2,157,0.8219005465507507,0.9570791721343994,0.5628895163536072,-0.8086308240890503,0.47062636011250014,0.0,0.0,0.0,0.0,0.0,0.0,0.0,0.0,0.0,-0.0438014554977417,0.0,0.4268249046147584
2,158,0.7837883234024048,0.18910229206085205,0.7866912484169006,0.21209430694580078,0.48937169224858745,0.0,0.0,0.0,0.0,0.0,0.0,0.0,0.0,0.0,-0.016832079887390137,0.0,0.4725396123611973
2,159,0.6343132853507996,-0.512093186378479,0.982415497303009,-0.9605696797370911,0.49307192389831367,0.0,0.0,0.0,0.0,0.0,0.0,0.0,0.0,0.0,-0.019274665117263796,0.0,0.4737972587810499
2,160,0.6565125584602356,0.354601114988327,-0.5298298001289368,-0.3929942548274994,0.4928306150616193,0.0,0.0,0.0,0.0,0.0,0.0,0.0,0.0,0.0,-0.03360679388046265,0.0,0.4592238211811566
2,161,-0.9239457249641418,-0.7802806496620178,0.11380608379840851,-0.32231229543685913,0.49219417994932624,0.0,0.0,0.0,0.0,0.0,0.0,0.0,0.0,0.0,-0.0420506763458252,0.0,0.450143503603501
2,162,0.10987424105405807,0.3881012201309204,0.8014124631881714,-0.7526833415031433,0.4855049072967176,0.0,0.0,0.0,0.0,0.0,0.0,0.0,0.0,0.0,-0.030919218063354494,0.0,0.45458568923336307
2,163,0.3531987965106964,0.022369449958205223,-0.1329663097858429,0.6871845722198486,0.4861146012305799,0.0,0.0,0.0,0.0,0.0,0.0,0.0,0.0,0.0,-0.03139250040054321,0.0,0.4547221008300367
2,164,0.691522479057312,-0.5805752277374268,0.43294206261634827,-0.3076314628124237,0.4790394026839936,0.0,0.0,0.0,0.0,0.0,0.0,0.0,0.0,0.0,-0.01787916421890259,0.0,0.461160238465091
2,165,0.535759687423706,0.9540261030197144,0.33811190724372864,-0.6807227730751038,0.4770815700658163,0.0,0.0,0.0,0.0,0.0,0.0,0.0,0.0,0.0,-0.025274529457092285,0.0,0.451807040608724
2,166,0.28978997468948364,0.475059449672699,-0.24051536619663239,0.3259161710739136,0.4929705181461529,0.0,0.0,0.0,0.0,0.0,0.0,0.0,0.0,0.0,-0.016380417346954345,0.0,0.47659010079919856
2,167,0.5407751798629761,0.8712884187698364,-0.30439260601997375,0.5351988077163696,0.5199845194041115,0.0,0.0,0.0,0.0,0.0,0.0,0.0,0.0,0.0,-0.002678704857826233,0.0,0.5173058145462852
2,168,-0.8587048053741455,-0.04223942384123802,-0.1364445835351944,-0.5139440894126892,0.5483518532216233,0.0,0.0,0.0,0.0,0.0,0.0,0.0,0.0,0.0,-0.039219846725463865,0.0,0.5091320064961594
2,169,0.42353254556655884,-0.7462953925132751,-0.13492636382579803,-0.6517440676689148,0.5556814594114714,0.0,0.0,0.0,0.0,0.0,0.0,0.0,0.0,0.0,-0.021588184833526612,0.0,0.5340932745779448
2,170,-0.40906238555908203,0.7597925066947937,0.23655390739440918,0.36512112617492676,0.5573898150273109,0.0,0.0,0.0,0.0,0.0,0.0,0.0,0.0,0.0,-0.04133527755737305,0.0,0.5160545374699378
2,171,0.7644479274749756,-0.21026049554347992,-0.16089774668216705,0.10381398350000381,0.5631813270667352,0.0,0.0,0.0,0.0,0.0,0.0,0.0,0.0,0.0,-0.025443785190582276,0.0,0.5377375418761529
2,172,-0.3280769884586334,0.8376455307006836,0.954100489616394,0.6485345363616943,0.5685596935218654,0.0,0.0,0.0,0.0,0.0,0.0,0.0,0.0,0.0,-0.038316593170166016,0.0,0.5302431003516994
2,173,-0.09956501424312592,0.9537013173103333,0.6816737651824951,0.49652859568595886,0.586982546597981,0.0,0.0,0.0,0.0,0.0,0.0,0.0,0.0,0.0,-0.0016300877928733825,0.0,0.5853524588051076
2,174,0.4427393674850464,-0.944438099861145,0.13361622393131256,0.9516159892082214,0.6017103625716087,0.0,0.0,0.0,0.0,0.0,0.0,0.0,0.0,0.0,-0.044044990539550785,0.0,0.5576653720320579
2,175,0.6505703926086426,-0.8632864952087402,0.018793657422065735,0.5998787879943848,0.5921981288264112,0.0,0.0,0.0,0.0,0.0,0.0,0.0,0.0,0.0,-0.001866825968027115,0.0,0.5903313028583841
2,176,-0.509006917476654,-0.7847495079040527,-0.7358545064926147,-0.4416401982307434,0.5708697664866154,0.0,0.0,0.0,0.0,0.0,0.0,0.0,0.0,0.0,-0.030050430297851562,0.0,0.5408193361887638
2,177,0.21096186339855194,0.6999568939208984,-0.9898900389671326,-0.9201626181602478,0.5680357071301082,0.0,0.0,0.0,0.0,0.0,0.0,0.0,0.0,0.0,-0.03016225814819336,0.0,0.5378734489819148
2,178,0.10207751393318176,-0.10250939428806305,0.6534359455108643,0.4363625943660736,0.5782408629421902,0.0,0.0,0.0,0.0,0.0,0.0,0.0,0.0,0.0,-0.05196489334106445,0.0,0.5262759696011258
2,179,-0.2440595030784607,0.578630805015564,0.8938161134719849,-0.22114498913288116,0.5877107038432885,0.0,0.0,0.0,0.0,0.0,0.0,0.0,0.0,0.0,-0.01073861598968506,0.0,0.5769720878536034
2,180,-0.6981281042098999,0.4480561912059784,0.5329620242118835,0.5328791737556458,0.6066049697781823,0.0,0.0,0.0,0.0,0.0,0.0,0.0,0.0,0.0,-0.009219961166381836,0.0,0.5973850086118005
2,181,-0.686430811882019,-0.623294472694397,-0.4325031638145447,-0.9043471217155457,0.6195137583706107,0.0,0.0,0.0,0.0,0.0,0.0,0.0,0.0,0.0,-0.04145671844482422,0.0,0.5780570399257865
2,182,0.9447886943817139,-0.405290424823761,-0.4723448157310486,-0.5240515470504761,0.6199028453245881,0.0,0.0,0.0,0.0,0.0,0.0,0.0,0.0,0.0,-0.028546147346496582,0.0,0.5913566979780914
2,183,0.3866916298866272,-0.5379270315170288,0.34008535742759705,0.19350779056549072,0.6087557100958181,0.0,0.0,0.0,0.0,0.0,0.0,0.0,0.0,0.0,-0.015039989948272705,0.0,0.5937157201475454
2,184,-0.08935775607824326,0.7955238819122314,-0.4943810999393463,-0.7038552761077881,0.6100573521687546,0.0,0.0,0.0,0.0,0.0,0.0,0.0,0.0,0.0,-0.035063087940216064,0.0,0.5749942642285385
2,185,0.15233805775642395,0.32321903109550476,0.0604272298514843,0.8260432481765747,0.6273926270856374,0.0,0.0,0.0,0.0,0.0,0.0,0.0,0.0,0.0,-0.029298906326293946,0.0,0.5980937207593434
2,186,0.27365267276763916,-0.6065237522125244,0.42875221371650696,0.6195299625396729,0.6291437123165036,0.0,0.0,0.0,0.0,0.0,0.0,0.0,0.0,0.0,-0.010574499368667603,0.0,0.618569212947836
2,187,0.5710951089859009,0.3895958364009857,-0.21557575464248657,-0.6772980690002441,0.6292300414864005,0.0,0.0,0.0,0.0,0.0,0.0,0.0,0.0,0.0,-0.03177647829055786,0.0,0.5974535631958426
2,188,-0.7256748676300049,0.667900025844574,0.5350098609924316,0.9148330092430115,0.645650317257678,0.0,0.0,0.0,0.0,0.0,0.0,0.0,0.0,0.0,-0.048573260307312016,0.0,0.597077056950366
2,189,-0.47165825963020325,0.5220952033996582,-0.9659627079963684,-0.5372424125671387,0.6730765848093958,0.0,0.0,0.0,0.0,0.0,0.0,0.0,0.0,0.0,-0.04447225093841553,0.0,0.6286043338709802
2,190,-0.7831311821937561,-0.036395344883203506,-0.9175117611885071,0.24715973436832428,0.6806345991005405,0.0,0.0,0.0,0.0,0.0,0.0,0.0,0.0,0.0,-0.010265612602233886,0.0,0.6703689864983066
2,191,-0.24016344547271729,-0.24475215375423431,0.5847949981689453,0.906226396560669,0.6752484117171019,0.0,0.0,0.0,0.0,0.0,0.0,0.0,0.0,0.0,-0.030295207500457763,0.0,0.6449532042166441
2,192,-0.8429296016693115,0.81345534324646,0.3459561765193939,0.9581687450408936,0.6789761710710666,0.0,0.0,0.0,0.0,0.0,0.0,0.0,0.0,0.0,-0.015428723096847535,0.0,0.663547447974219
2,193,-0.2911207377910614,0.8207462430000305,0.36174988746643066,0.790361762046814,0.706206023211535,0.0,0.0,0.0,0.0,0.0,0.0,0.0,0.0,0.0,-0.003329547643661499,0.0,0.7028764755678736
2,194,-0.03323931246995926,0.6029159426689148,0.2818443775177002,0.24296575784683228,0.7352251744317786,0.0,0.0,0.0,0.0,0.0,0.0,0.0,0.0,0.0,-0.004199801683425903,0.0,0.7310253727483527
2,195,0.6967751383781433,-0.8853473663330078,-0.8369319438934326,0.4541558623313904,0.7511015293197294,0.0,0.0,0.0,0.0,0.0,0.0,0.0,0.0,0.0,-0.04044110774993897,0.0,0.7106604215697905
2,196,-0.8884831070899963,0.8340291976928711,0.6453495621681213,-0.8273988366127014,0.7516967746458931,0.0,0.0,0.0,0.0,0.0,0.0,0.0,0.0,0.0,-0.09308839797973632,0.0,0.6586083766661568
2,197,0.04145184904336929,0.45972099900245667,-0.4542236924171448,0.858971893787384,0.7522687969313103,0.0,0.0,0.0,0.0,0.0,0.0,0.0,0.0,0.0,-0.05057793617248535,0.0,0.701690860758825
2,198,0.616312563419342,-0.8305444121360779,-0.765625,-0.2504139542579651,0.7526427047248192,0.0,0.0,0.0,0.0,0.0,0.0,0.0,0.0,0.0,-0.03322957515716553,0.0,0.7194131295676537
2,199,-0.02184661291539669,0.672680675983429,-0.4638603925704956,-0.5084788203239441,0.7525615847210115,0.0,0.0,0.0,0.0,0.0,0.0,0.0,0.0,0.0,-0.02824592113494873,0.0,0.7243156635860628
3,0,-0.6017792224884033,-0.7377275228500366,-0.5900455713272095,0.8587987422943115,0.1942235741779138,0.0,0.0,0.0,0.0,0.0,0.0,0.0,0.0,0.0,-0.019920692443847657,0.0,0.17430288173406616
3,1,-0.4729408323764801,-0.38906288146972656,0.4565916955471039,0.7103602290153503,0.189105740911087,0.0,0.0,0.0,0.0,0.0,0.0,0.0,0.0,0.0,-0.012556501626968385,0.0,0.17654923928411861
3,2,-0.4774017333984375,0.41194939613342285,-0.7113611102104187,0.09134314209222794,0.1874048165291503,0.0,0.0,0.0,0.0,0.0,0.0,0.0,0.0,0.0,-0.023889362812042236,0.0,0.16351545371710807
3,3,0.523661732673645,0.9968520998954773,-0.39663684368133545,0.6178944110870361,0.19768034737083706,0.0,0.0,0.0,0.0,0.0,0.0,0.0,0.0,0.0,-0.01720546841621399,0.0,0.18047487895462308
3,4,0.18821345269680023,0.6403508186340332,0.21027864515781403,-0.9469069242477417,0.21207917737310633,0.0,0.0,0.0,0.0,0.0,0.0,0.0,0.0,0.0,-0.030565681457519533,0.0,0.1815134959155868
3,5,0.9554945230484009,0.6199265122413635,-0.4791107177734375,-0.9988000988960266,0.2286460050073552,0.0,0.0,0.0,0.0,0.0,0.0,0.0,0.0,0.0,-0.01067088007926941,0.0,0.2179751249280858
3,6,0.5924032926559448,0.7727882862091064,-0.7941082119941711,0.34185248613357544,0.2558654748667528,0.0,0.0,0.0,0.0,0.0,0.0,0.0,0.0,0.0,-0.02051774740219116,0.0,0.23534772746456165
3,7,-0.0897052064538002,-0.9642310738563538,0.01229841448366642,0.6164021492004395,0.2794524395516229,0.0,0.0,0.0,0.0,0.0,0.0,0.0,0.0,0.0,-0.04208177089691162,0.0,0.2373706686547113
3,8,-0.6874245405197144,-0.49807581305503845,0.8733589053153992,-0.6987859606742859,0.2831381032334559,0.0,0.0,0.0,0.0,0.0,0.0,0.0,0.0,0.0,-0.030457141399383547,0.0,0.25268096183407235
3,9,-0.08784731477499008,0.9312951564788818,0.6559375524520874,0.8458356261253357,0.2800352807162896,0.0,0.0,0.0,0.0,0.0,0.0,0.0,0.0,0.0,-0.04835721969604492,0.0,0.23167806102024466
3,10,-0.1380224972963333,0.46149909496307373,-0.8554964661598206,0.3883572518825531,0.28576197193707253,0.0,0.0,0.0,0.0,0.0,0.0,0.0,0.0,0.0,-0.027169451713562012,0.0,0.25859252022351054
3,11,-0.35599687695503235,-0.5718329548835754,0.6772093772888184,0.4747510254383087,0.2882579554154019,0.0,0.0,0.0,0.0,0.0,0.0,0.0,0.0,0.0,-0.03471939086914062,0.0,0.2535385645462613
3,12,0.15756796300411224,0.3462192118167877,-0.5073848366737366,0.9975973963737488,0.28974291302885913,0.0,0.0,0.0,0.0,0.0,0.0,0.0,0.0,0.0,-0.02783200263977051,0.0,0.26191091038908865
3,13,-0.5908899307250977,-0.18932422995567322,0.8329473733901978,0.528006911277771,0.28965480625451834,0.0,0.0,0.0,0.0,0.0,0.0,0.0,0.0,0.0,-0.02864001750946045,0.0,0.2610147887450579
3,14,0.18233731389045715,0.6866289973258972,0.9487032294273376,-0.7469217777252197,0.28364189474878865,0.0,0.0,0.0,0.0,0.0,0.0,0.0,0.0,0.0,-0.030040168762207033,0.0,0.2536017259865816
3,15,-0.20791880786418915,-0.2053142935037613,-0.3024602234363556,0.6771635413169861,0.28126443797205425,0.0,0.0,0.0,0.0,0.0,0.0,0.0,0.0,0.0,-0.04541292190551758,0.0,0.23585151606653668
3,16,-0.17159587144851685,0.7152301669120789,-0.3863336443901062,-0.47535812854766846,0.28594959027258404,0.0,0.0,0.0,0.0,0.0,0.0,0.0,0.0,0.0,-0.021840622425079347,0.0,0.2641089678475047
3,17,-0.10118678957223892,-0.3015914261341095,0.43399450182914734,0.962982177734375,0.28992285188968125,0.0,0.0,0.0,0.0,0.0,0.0,0.0,0.0,0.0,-0.0378064489364624,0.0,0.25211640295321885
3,18,0.7342547178268433,-0.17646627128124237,0.9947981834411621,-0.5675083994865417,0.285698333011161,0.0,0.0,0.0,0.0,0.0,0.0,0.0,0.0,0.0,-0.03370521068572998,0.0,0.25199312232543103
3,19,0.6072237491607666,-0.6143214702606201,0.9823455214500427,-0.9175781607627869,0.27464653579751575,0.0,0.0,0.0,0.0,0.0,0.0,0.0,0.0,0.0,-0.003305579423904419,0.0,0.27134095637361133
3,20,-0.5694142580032349,-0.7975893616676331,0.7315472960472107,-0.9179434776306152,0.256929294244419,0.0,0.0,0.0,0.0,0.0,0.0,0.0,0.0,0.0,-0.01480963945388794,0.0,0.24211965479053107
3,21,0.24337910115718842,-0.36319050192832947,-0.4238424301147461,0.4375007748603821,0.24381019598069187,0.0,0.0,0.0,0.0,0.0,0.0,0.0,0.0,0.0,-0.04021490097045898,0.0,0.20359529501023288
3,22,-0.8390718698501587,0.931054413318634,-0.16187165677547455,0.018975749611854553,0.24206864956916818,0.0,0.0,0.0,0.0,0.0,0.0,0.0,0.0,0.0,-0.03090561866760254,0.0,0.21116303090156563
3,23,0.3643548786640167,0.42927077412605286,0.8842066526412964,0.6756491661071777,0.24312584685610783,0.0,0.0,0.0,0.0,0.0,0.0,0.0,0.0,0.0,-0.03225522518157959,0.0,0.21087062167452825
3,24,0.02805042825639248,0.024759499356150627,0.16212347149848938,-0.24751555919647217,0.24322501273466002,0.0,0.0,0.0,0.0,0.0,0.0,0.0,0.0,0.0,-0.01650367259979248,0.0,0.22672134013486753
3,25,-0.15321004390716553,0.548887312412262,0.13584676384925842,-0.38335511088371277,0.24500400949518975,0.0,0.0,0.0,0.0,0.0,0.0,0.0,0.0,0.0,-0.0032670819759368897,0.0,0.24173692751925285
3,26,0.28639304637908936,0.8165178298950195,0.14140430092811584,0.5201261639595032,0.25156194220141503,0.0,0.0,0.0,0.0,0.0,0.0,0.0,0.0,0.0,-0.010811861753463745,0.0,0.2407500804479513
3,27,0.6937973499298096,-0.325187623500824,0.12305358797311783,-0.2616789638996124,0.2605064295965137,0.0,0.0,0.0,0.0,0.0,0.0,0.0,0.0,0.0,-0.020810258388519288,0.0,0.2396961712079944
3,28,0.6653382778167725,-0.36930349469184875,-0.42629820108413696,0.22654907405376434,0.2690351658566541,0.0,0.0,0.0,0.0,0.0,0.0,0.0,0.0,0.0,-0.00542910099029541,0.0,0.2636060648663587
3,29,-0.10825909674167633,-0.14548015594482422,-0.3242107331752777,-0.7221305966377258,0.27756986416475415,0.0,0.0,0.0,0.0,0.0,0.0,0.0,0.0,0.0,-0.01558964729309082,0.0,0.26198021687166334
3,30,0.1510809361934662,0.6088539361953735,-0.41128721833229065,-0.52797532081604,0.2884701717345318,0.0,0.0,0.0,0.0,0.0,0.0,0.0,0.0,0.0,-0.0068155574798583985,0.0,0.2816546142546734
3,31,-0.34985941648483276,0.11709050089120865,0.883919894695282,0.8566043972969055,0.2946733761551479,0.0,0.0,0.0,0.0,0.0,0.0,0.0,0.0,0.0,-0.04087394714355469,0.0,0.2537994290115932
3,32,-0.1077282503247261,-0.9417716264724731,0.7137963771820068,-0.8466541767120361,0.28470217492164185,0.0,0.0,0.0,0.0,0.0,0.0,0.0,0.0,0.0,-0.04109848022460937,0.0,0.24360369469703247
3,33,-0.7184976935386658,-0.9145587086677551,0.8714535236358643,-0.5623254776000977,0.2615831084538889,0.0,0.0,0.0,0.0,0.0,0.0,0.0,0.0,0.0,-0.004794784188270569,0.0,0.2567883242656183
3,34,-0.8868101239204407,0.4609132707118988,0.44333726167678833,-0.6130402684211731,0.23644499719990963,0.0,0.0,0.0,0.0,0.0,0.0,0.0,0.0,0.0,-0.02106107711791992,0.0,0.2153839200819897
3,35,0.4055303633213043,0.27363044023513794,-0.34893184900283813,-0.528003454208374,0.22388456777823507,0.0,0.0,0.0,0.0,0.0,0.0,0.0,0.0,0.0,-0.023401403427124025,0.0,0.20048316435111105
3,36,0.172426238656044,0.05959516391158104,-0.20976176857948303,0.5679314136505127,0.22271118072626794,0.0,0.0,0.0,0.0,0.0,0.0,0.0,0.0,0.0,-0.013205902576446533,0.0,0.20950527814982142
3,37,0.45337414741516113,0.45516353845596313,-0.31623953580856323,0.3302643895149231,0.22877820160276974,0.0,0.0,0.0,0.0,0.0,0.0,0.0,0.0,0.0,-0.003032292127609253,0.0,0.2257459094751605
3,38,-0.5953449606895447,0.6600913405418396,-0.43875667452812195,-0.14301420748233795,0.24072182060444958,0.0,0.0,0.0,0.0,0.0,0.0,0.0,0.0,0.0,-0.013808103799819947,0.0,0.22691371680462963
3,39,-0.2799278795719147,0.9962558746337891,0.25771641731262207,0.9262598752975464,0.2523928955733392,0.0,0.0,0.0,0.0,0.0,0.0,0.0,0.0,0.0,-0.01840916395187378,0.0,0.23398373162146544
3,40,0.25579914450645447,0.8343670964241028,-0.10165971517562866,-0.2344895750284195,0.2653193177207954,0.0,0.0,0.0,0.0,0.0,0.0,0.0,0.0,0.0,-0.017897019386291506,0.0,0.2474222983345039
3,41,0.8243972659111023,-0.9031251072883606,-0.08808435499668121,0.8265109062194824,0.2820425915198367,0.0,0.0,0.0,0.0,0.0,0.0,0.0,0.0,0.0,-0.0446808910369873,0.0,0.23736170048284938
3,42,-0.46374332904815674,0.05621444433927536,0.6926425695419312,-0.5477468967437744,0.2907434725697776,0.0,0.0,0.0,0.0,0.0,0.0,0.0,0.0,0.0,-0.05077757358551026,0.0,0.23996589898426735
3,43,0.10324548184871674,0.8962959051132202,0.3351765275001526,0.5959947109222412,0.29175129519228993,0.0,0.0,0.0,0.0,0.0,0.0,0.0,0.0,0.0,-0.024631400108337403,0.0,0.2671198950839525
3,44,-0.4041043519973755,-0.3802424967288971,-0.002894919365644455,0.5104212760925293,0.29203492936946795,0.0,0.0,0.0,0.0,0.0,0.0,0.0,0.0,0.0,-0.020085692405700684,0.0,0.27194923696376727
3,45,0.6656391024589539,0.6487535238265991,-0.9851614236831665,0.8662632703781128,0.29890111099150496,0.0,0.0,0.0,0.0,0.0,0.0,0.0,0.0,0.0,-0.03294654846191406,0.0,0.2659545625295909
3,46,0.12676742672920227,0.974992573261261,0.5039336085319519,0.6537410616874695,0.3174989493881005,0.0,0.0,0.0,0.0,0.0,0.0,0.0,0.0,0.0,-0.026593842506408692,0.0,0.29090510688169186
3,47,-0.45366546511650085,0.4871290624141693,0.9960979223251343,0.18680250644683838,0.3252327495206345,0.0,0.0,0.0,0.0,0.0,0.0,0.0,0.0,0.0,-0.010351704359054565,0.0,0.31488104516157994
3,48,-0.7999039888381958,-0.1117677167057991,-0.922572135925293,0.17715317010879517,0.3222101576395866,0.0,0.0,0.0,0.0,0.0,0.0,0.0,0.0,0.0,-0.041599459648132324,0.0,0.28061069799145427
3,49,0.6160189509391785,0.21341508626937866,0.1100442111492157,-0.5995380282402039,0.3202245330101251,0.0,0.0,0.0,0.0,0.0,0.0,0.0,0.0,0.0,-0.037801270484924314,0.0,0.2824232625252008
3,50,-0.5396400690078735,-0.6236094832420349,-0.05941262096166611,-0.24720416963100433,0.3159840199015118,0.0,0.0,0.0,0.0,0.0,0.0,0.0,0.0,0.0,-0.021890125274658202,0.0,0.2940938946268536
3,51,-0.9406373500823975,0.9109938740730286,0.051859498023986816,-0.2841205894947052,0.30791845210578817,0.0,0.0,0.0,0.0,0.0,0.0,0.0,0.0,0.0,-0.025295505523681643,0.0,0.2826229465821065
3,52,0.5772694945335388,-0.6431818604469299,0.8226956725120544,-0.22318600118160248,0.29754133660202187,0.0,0.0,0.0,0.0,0.0,0.0,0.0,0.0,0.0,-0.05317404747009277,0.0,0.2443672891319291
3,53,-0.5831441879272461,0.6380608677864075,0.1721125990152359,0.7967793345451355,0.2862366025659743,0.0,0.0,0.0,0.0,0.0,0.0,0.0,0.0,0.0,-0.04451730728149414,0.0,0.24171929528448013
3,54,-0.7430956363677979,0.49506163597106934,0.7041258811950684,-0.4243141710758209,0.27020464032349,0.0,0.0,0.0,0.0,0.0,0.0,0.0,0.0,0.0,-0.01820140838623047,0.0,0.25200323193725954
3,55,-0.24607127904891968,-0.5191173553466797,-0.4134490191936493,-0.03573867306113243,0.2534206499891254,0.0,0.0,0.0,0.0,0.0,0.0,0.0,0.0,0.0,-0.026755568981170656,0.0,0.22666508100795474
3,56,0.9616508483886719,-0.6244091391563416,-0.818708598613739,0.21336810290813446,0.2463164256460053,0.0,0.0,0.0,0.0,0.0,0.0,0.0,0.0,0.0,-0.016959687471389772,0.0,0.22935673817461555
3,57,0.9630839228630066,-0.007696370128542185,0.2698957622051239,-0.26951003074645996,0.24547377692942407,0.0,0.0,0.0,0.0,0.0,0.0,0.0,0.0,0.0,-0.017985674142837523,0.0,0.22748810278658654
3,58,-0.24233224987983704,-0.4864368736743927,0.7109761238098145,0.6128910183906555,0.24041327066462703,0.0,0.0,0.0,0.0,0.0,0.0,0.0,0.0,0.0,-0.026554043292999267,0.0,0.21385922737162777
3,59,0.2990868389606476,-0.7517310976982117,0.5177592635154724,-0.050064828246831894,0.2304187524903717,0.0,0.0,0.0,0.0,0.0,0.0,0.0,0.0,0.0,-0.00840358853340149,0.0,0.2220151639569702
3,60,-0.6943727135658264,-0.5863204002380371,-0.1468631625175476,-0.2737683951854706,0.2210835556373727,0.0,0.0,0.0,0.0,0.0,0.0,0.0,0.0,0.0,-0.015060889720916749,0.0,0.20602266591645596
3,61,-0.07781180739402771,-0.22829729318618774,-0.823591947555542,0.5107376575469971,0.21706575538311668,0.0,0.0,0.0,0.0,0.0,0.0,0.0,0.0,0.0,-0.015817396640777588,0.0,0.2012483587423391
3,62,0.33652743697166443,0.16927704215049744,-0.20557552576065063,0.08909936994314194,0.22070638843695345,0.0,0.0,0.0,0.0,0.0,0.0,0.0,0.0,0.0,-0.008894655108451844,0.0,0.21181173332850162
3,63,0.7440289258956909,0.43011730909347534,-0.44334784150123596,-0.5428484678268433,0.23194409122291149,0.0,0.0,0.0,0.0,0.0,0.0,0.0,0.0,0.0,-0.006899888515472412,0.0,0.22504420270743908
3,64,0.36357396841049194,-0.7228904366493225,0.5359406471252441,0.9904356002807617,0.24268172452100578,0.0,0.0,0.0,0.0,0.0,0.0,0.0,0.0,0.0,-0.04784138679504395,0.0,0.19484033772596182
3,65,-0.725227415561676,0.8697428703308105,-0.6033987402915955,0.27556750178337097,0.25088177625420394,0.0,0.0,0.0,0.0,0.0,0.0,0.0,0.0,0.0,-0.055310997962951663,0.0,0.19557077829125227
3,66,-0.37814149260520935,-0.9636375308036804,0.3056258261203766,0.5558236837387085,0.25605124835518167,0.0,0.0,0.0,0.0,0.0,0.0,0.0,0.0,0.0,-0.04386621952056885,0.0,0.21218502883461282
3,67,-0.042680058628320694,-0.8553468585014343,0.49410444498062134,0.7842808365821838,0.24905925203200519,0.0,0.0,0.0,0.0,0.0,0.0,0.0,0.0,0.0,-0.0021197810769081117,0.0,0.24693947095509708
3,68,0.7969843745231628,0.009547260589897633,-0.402643084526062,-0.11456265300512314,0.2470118063879414,0.0,0.0,0.0,0.0,0.0,0.0,0.0,0.0,0.0,-0.030651538372039797,0.0,0.2163602680159016
3,69,-0.174399733543396,0.10786782950162888,-0.4138941764831543,-0.31155523657798767,0.25330369525709573,0.0,0.0,0.0,0.0,0.0,0.0,0.0,0.0,0.0,-0.009921866655349732,0.0,0.243381828601746
3,70,0.227646142244339,-0.4198453426361084,-0.577000617980957,0.489871084690094,0.2598580027060631,0.0,0.0,0.0,0.0,0.0,0.0,0.0,0.0,0.0,-0.01109009861946106,0.0,0.24876790408660202
3,71,-0.06472659856081009,0.23485897481441498,-0.7401916980743408,-0.8090017437934875,0.2694975930741428,0.0,0.0,0.0,0.0,0.0,0.0,0.0,0.0,0.0,-0.022278215885162354,0.0,0.24721937718898043
3,72,0.6519070863723755,-0.37514084577560425,-0.24793589115142822,-0.5356765389442444,0.2802173456597228,0.0,0.0,0.0,0.0,0.0,0.0,0.0,0.0,0.0,-0.01202686071395874,0.0,0.26819048494576403
3,73,-0.7950823903083801,-0.5493590831756592,-0.5606505274772644,0.5350391268730164,0.2858719802999291,0.0,0.0,0.0,0.0,0.0,0.0,0.0,0.0,0.0,-0.03368352890014648,0.0,0.25218845139978263
3,74,0.08295711874961853,-0.6958763003349304,-0.06774752587080002,-0.9687684178352356,0.283113760037931,0.0,0.0,0.0,0.0,0.0,0.0,0.0,0.0,0.0,-0.03296811103820801,0.0,0.25014564899972297
3,75,0.06223778799176216,-0.06649449467658997,0.01145066600292921,0.9108908772468567,0.28015354367968803,0.0,0.0,0.0,0.0,0.0,0.0,0.0,0.0,0.0,-0.03935941934585571,0.0,0.24079412433383232
3,76,0.031183861196041107,-0.4035078287124634,0.43220874667167664,0.5811832547187805,0.27718880963226733,0.0,0.0,0.0,0.0,0.0,0.0,0.0,0.0,0.0,-0.0040028679370880125,0.0,0.2731859416951793
3,77,-0.6662984490394592,0.5702224969863892,0.9676487445831299,-0.21041342616081238,0.2690729568516058,0.0,0.0,0.0,0.0,0.0,0.0,0.0,0.0,0.0,-0.023479535579681396,0.0,0.2455934212719244
3,78,0.17243900895118713,-0.4046890139579773,0.9216744303703308,-0.46836477518081665,0.2557739714103948,0.0,0.0,0.0,0.0,0.0,0.0,0.0,0.0,0.0,-0.017225855588912965,0.0,0.23854811582148186
3,79,0.6697733998298645,-0.14821144938468933,-0.5823119282722473,-0.9222325086593628,0.24929390026549358,0.0,0.0,0.0,0.0,0.0,0.0,0.0,0.0,0.0,-0.02781093120574951,0.0,0.22148296905974407
3,80,0.3959277272224426,-0.4532010853290558,-0.2849426567554474,0.19896270334720612,0.2516402762598694,0.0,0.0,0.0,0.0,0.0,0.0,0.0,0.0,0.0,-0.015135172605514526,0.0,0.23650510365435487
3,81,0.09384070336818695,0.6558287143707275,0.956026017665863,-0.201980859041214,0.2530793251545298,0.0,0.0,0.0,0.0,0.0,0.0,0.0,0.0,0.0,-0.030219626426696778,0.0,0.222859698727833
3,82,0.8876439332962036,0.5125728249549866,0.8290175199508667,-0.8613474369049072,0.2554193974795621,0.0,0.0,0.0,0.0,0.0,0.0,0.0,0.0,0.0,-0.011015412807464599,0.0,0.2444039846720975
3,83,-0.8715271949768066,0.5663542747497559,0.958880603313446,-0.09566866606473923,0.25628818691269195,0.0,0.0,0.0,0.0,0.0,0.0,0.0,0.0,0.0,-0.03700704097747803,0.0,0.21928114593521392
3,84,0.20557428896427155,0.6685302257537842,-0.9131856560707092,0.9275240302085876,0.25797178915316377,0.0,0.0,0.0,0.0,0.0,0.0,0.0,0.0,0.0,-0.05722142696380615,0.0,0.2007503621893576
3,85,-0.5325737595558167,-0.7925864458084106,-0.34276220202445984,0.12929204106330872,0.26100419021584,0.0,0.0,0.0,0.0,0.0,0.0,0.0,0.0,0.0,-0.03642281532287598,0.0,0.224581374892964
3,86,0.03477318584918976,0.16376204788684845,-0.8912964463233948,0.8106487989425659,0.2650738645759486,0.0,0.0,0.0,0.0,0.0,0.0,0.0,0.0,0.0,-0.02001621961593628,0.0,0.24505764496001234
3,87,-0.3413098454475403,0.29850080609321594,0.5551198720932007,-0.8358442187309265,0.27160655897302866,0.0,0.0,0.0,0.0,0.0,0.0,0.0,0.0,0.0,-0.049626522064208985,0.0,0.22198003690881968
3,88,0.6622334718704224,0.717639148235321,0.4601444900035858,0.6272287368774414,0.2772706414347538,0.0,0.0,0.0,0.0,0.0,0.0,0.0,0.0,0.0,-0.033323791027069095,0.0,0.24394685040768468
3,89,-0.7872828245162964,-0.37580880522727966,0.5204866528511047,-0.7598787546157837,0.27716769850203904,0.0,0.0,0.0,0.0,0.0,0.0,0.0,0.0,0.0,-0.052244343757629395,0.0,0.22492335474440964
3,90,0.6281333565711975,0.9796808958053589,0.11044290661811829,-0.039202503859996796,0.27700054432300936,0.0,0.0,0.0,0.0,0.0,0.0,0.0,0.0,0.0,-0.04528265476226807,0.0,0.2317178895607413
3,91,-0.29484522342681885,-0.7184197902679443,-0.9817408919334412,-0.9229558110237122,0.28381204508406144,0.0,0.0,0.0,0.0,0.0,0.0,0.0,0.0,0.0,-0.057093205451965334,0.0,0.2267188396320961
3,92,0.6773350238800049,0.2827794849872589,-0.4426438808441162,0.949070394039154,0.29320558933648344,0.0,0.0,0.0,0.0,0.0,0.0,0.0,0.0,0.0,-0.05742641925811768,0.0,0.23577917007836577
3,93,0.2965022325515747,0.18532578647136688,0.1270563304424286,-0.9724164605140686,0.3053769357992442,0.0,0.0,0.0,0.0,0.0,0.0,0.0,0.0,0.0,-0.04171200752258301,0.0,0.26366492827666116
3,94,0.9495055079460144,0.8398508429527283,0.2569582760334015,0.7559934258460999,0.31897066355984804,0.0,0.0,0.0,0.0,0.0,0.0,0.0,0.0,0.0,-0.03859091520309448,0.0,0.28037974835675356
3,95,0.9631017446517944,-0.7814111113548279,-0.09744980931282043,0.02698182873427868,0.3375928690197516,0.0,0.0,0.0,0.0,0.0,0.0,0.0,0.0,0.0,-0.03285737991333008,0.0,0.3047354891064215
3,96,-0.7141948938369751,-0.03812069073319435,0.7329427599906921,0.06755641847848892,0.3464195995861943,0.0,0.0,0.0,0.0,0.0,0.0,0.0,0.0,0.0,-0.040570030212402346,0.0,0.30584956937379193
3,97,-0.6059951782226562,0.4905829131603241,0.9538084864616394,0.5234512090682983,0.34265263807923363,0.0,0.0,0.0,0.0,0.0,0.0,0.0,0.0,0.0,-0.005478564500808716,0.0,0.33717407357842494
3,98,-0.9307824373245239,-0.010573053732514381,0.353584885597229,-0.7801824808120728,0.3311477270963473,0.0,0.0,0.0,0.0,0.0,0.0,0.0,0.0,0.0,-0.024163732528686525,0.0,0.3069839945676608
3,99,-0.35493203997612,0.8209002614021301,0.26916348934173584,0.04396670311689377,0.3204776999899239,0.0,0.0,0.0,0.0,0.0,0.0,0.0,0.0,0.0,-0.017093002796173096,0.0,0.30338469719375083
3,100,-0.46298566460609436,-0.31362494826316833,-0.9728108644485474,0.14576753973960876,0.3153175598750574,0.0,0.0,0.0,0.0,0.0,0.0,0.0,0.0,0.0,-0.02851686716079712,0.0,0.2868006927142603
3,101,0.10388468950986862,-0.8200080990791321,-0.2663613557815552,0.00260157510638237,0.3130192016648776,0.0,0.0,0.0,0.0,0.0,0.0,0.0,0.0,0.0,-0.01097333312034607,0.0,0.3020458685445315
3,102,-0.915702760219574,0.04006744921207428,0.41871702671051025,0.18397992849349976,0.30599431401621946,0.0,0.0,0.0,0.0,0.0,0.0,0.0,0.0,0.0,-0.022815189361572265,0.0,0.2831791246546472
3,103,-0.3782307505607605,-0.3009699881076813,0.7884420156478882,0.4606201648712158,0.2898445532222811,0.0,0.0,0.0,0.0,0.0,0.0,0.0,0.0,0.0,-0.006184090971946716,0.0,0.28366046225033437
3,104,-0.12368887662887573,0.18821826577186584,0.3039282560348511,0.048848941922187805,0.27727142318060105,0.0,0.0,0.0,0.0,0.0,0.0,0.0,0.0,0.0,-0.0070840585231781005,0.0,0.27018736465742293
3,105,0.9783934354782104,0.04457534849643707,-0.8246726989746094,0.06976764649152756,0.27788894865216573,0.0,0.0,0.0,0.0,0.0,0.0,0.0,0.0,0.0,-0.02509396314620972,0.0,0.252794985505956
3,106,0.02316698059439659,-0.1281302124261856,-0.16485661268234253,-0.3025842308998108,0.28427407964454576,0.0,0.0,0.0,0.0,0.0,0.0,0.0,0.0,0.0,-0.015162880420684815,0.0,0.26911119922386095
3,107,-0.2400258481502533,-0.034975193440914154,-0.18392819166183472,0.664889395236969,0.28719986582044477,0.0,0.0,0.0,0.0,0.0,0.0,0.0,0.0,0.0,-0.01014317274093628,0.0,0.2770566930795085
3,108,0.5177822113037109,0.8002376556396484,0.3976077735424042,-0.5222213268280029,0.29389230458388804,0.0,0.0,0.0,0.0,0.0,0.0,0.0,0.0,0.0,-0.030192694664001464,0.0,0.26369960991988656
3,109,-0.010707151144742966,0.31618812680244446,-0.6966383457183838,0.5224207639694214,0.3053440451289422,0.0,0.0,0.0,0.0,0.0,0.0,0.0,0.0,0.0,-0.028022565841674806,0.0,0.2773214792872674
3,110,-0.6055503487586975,0.8164678812026978,0.2512766718864441,-0.10365836322307587,0.3145292303706613,0.0,0.0,0.0,0.0,0.0,0.0,0.0,0.0,0.0,-0.018946363925933837,0.0,0.2955828664447274
3,111,0.5135195851325989,-0.939480185508728,-0.14991776645183563,0.677367627620697,0.31973230643491324,0.0,0.0,0.0,0.0,0.0,0.0,0.0,0.0,0.0,-0.051066293716430664,0.0,0.26866601271848256
3,112,-0.8486725687980652,-0.06375992298126221,-0.8217262625694275,0.020962612703442574,0.32618450429887647,0.0,0.0,0.0,0.0,0.0,0.0,0.0,0.0,0.0,-0.03504647731781006,0.0,0.2911380269810664
3,113,-0.13579250872135162,0.6427862048149109,-0.4688006639480591,-0.47107234597206116,0.3347255949488035,0.0,0.0,0.0,0.0,0.0,0.0,0.0,0.0,0.0,-0.013740605115890503,0.0,0.320984989832913
3,114,-0.2595703899860382,-0.11838186532258987,0.372404009103775,-0.6101385951042175,0.3400623097450606,0.0,0.0,0.0,0.0,0.0,0.0,0.0,0.0,0.0,-0.013216625452041626,0.0,0.32684568429301897
3,115,0.852762758731842,-0.63301682472229,0.751203179359436,0.71724534034729,0.33725291467890606,0.0,0.0,0.0,0.0,0.0,0.0,0.0,0.0,0.0,-0.03407571315765381,0.0,0.30317720152125227
3,116,0.6043512225151062,-0.4455854892730713,0.12464335560798645,-0.08857051283121109,0.33528953810191375,0.0,0.0,0.0,0.0,0.0,0.0,0.0,0.0,0.0,-0.011387553215026856,0.0,0.3239019848868869
3,117,0.7145247459411621,-0.6884072422981262,0.4128510653972626,-0.3151017725467682,0.33514652062560224,0.0,0.0,0.0,0.0,0.0,0.0,0.0,0.0,0.0,-0.00205480694770813,0.0,0.3330917136778941
3,118,0.1674058884382248,0.9255048632621765,-0.13939160108566284,0.7205615639686584,0.33792046907219175,0.0,0.0,0.0,0.0,0.0,0.0,0.0,0.0,0.0,-0.04281621932983398,0.0,0.29510424974235777
3,119,-0.7028325200080872,-0.8835315704345703,0.8047870397567749,-0.8024423718452454,0.3353761818152635,0.0,0.0,0.0,0.0,0.0,0.0,0.0,0.0,0.0,-0.07240942478179932,0.0,0.26296675703346417
3,120,0.4633862376213074,-0.6733692288398743,-0.9607950448989868,-0.4244520664215088,0.32714641598513705,0.0,0.0,0.0,0.0,0.0,0.0,0.0,0.0,0.0,-0.04664391040802002,0.0,0.28050250557711703
3,121,-0.4368768036365509,-0.31666404008865356,-0.8543288111686707,0.1596585363149643,0.32843382285226297,0.0,0.0,0.0,0.0,0.0,0.0,0.0,0.0,0.0,-0.012902324199676515,0.0,0.31553149865258645
3,122,0.5961207747459412,0.5824291706085205,-0.3861774206161499,-0.40125319361686707,0.33815903889165677,0.0,0.0,0.0,0.0,0.0,0.0,0.0,0.0,0.0,-0.024092404842376708,0.0,0.31406663404928004
3,123,-0.8213767409324646,-0.9999323487281799,0.8534226417541504,-0.19203640520572662,0.344435570304388,0.0,0.0,0.0,0.0,0.0,0.0,0.0,0.0,0.0,-0.060935473442077635,0.0,0.28350009686231037
3,124,-0.5207736492156982,0.7119011282920837,0.7620347142219543,-0.45175638794898987,0.33468561141902287,0.0,0.0,0.0,0.0,0.0,0.0,0.0,0.0,0.0,-0.030965425968170167,0.0,0.3037201854508527
3,125,-0.2092556655406952,-0.4714539647102356,0.7432829141616821,0.6799987554550171,0.3197500929612641,0.0,0.0,0.0,0.0,0.0,0.0,0.0,0.0,0.0,-0.027785940170288088,0.0,0.29196415279097604
3,126,0.7624006867408752,-0.3155713677406311,-0.9569700956344604,-0.5447034239768982,0.3102194715009957,0.0,0.0,0.0,0.0,0.0,0.0,0.0,0.0,0.0,-0.053591709136962894,0.0,0.25662776236403284
3,127,0.15497273206710815,0.7039752006530762,0.0008886727737262845,0.7842881083488464,0.31376798939098904,0.0,0.0,0.0,0.0,0.0,0.0,0.0,0.0,0.0,-0.04092155933380127,0.0,0.2728464300571878
3,128,0.8596522212028503,-0.14094872772693634,0.9946869015693665,0.11030809581279755,0.31994402072231964,0.0,0.0,0.0,0.0,0.0,0.0,0.0,0.0,0.0,-0.026523537635803222,0.0,0.2934204830865164
3,129,-0.5078157186508179,0.8988589644432068,-0.6840970516204834,0.262858510017395,0.3278129053078961,0.0,0.0,0.0,0.0,0.0,0.0,0.0,0.0,0.0,-0.05792755126953125,0.0,0.26988535403836483
3,130,0.22917887568473816,0.7945654392242432,-0.2852264940738678,-0.044131968170404434,0.34571947897545463,0.0,0.0,0.0,0.0,0.0,0.0,0.0,0.0,0.0,-0.00807379126548767,0.0,0.33764568770996695
3,131,-0.5249501466751099,-0.8281583786010742,0.8890780210494995,-4.922008884022944e-05,0.35347931640756103,0.0,0.0,0.0,0.0,0.0,0.0,0.0,0.0,0.0,-0.04582877159118653,0.0,0.3076505448163745
3,132,-0.535854697227478,-0.07951751351356506,-0.6298985481262207,0.34317612648010254,0.3475989719698953,0.0,0.0,0.0,0.0,0.0,0.0,0.0,0.0,0.0,-0.02985675573348999,0.0,0.3177422162364053
3,133,-0.07141854614019394,0.6959964036941528,-0.27217957377433777,0.7921767234802246,0.3507534029076579,0.0,0.0,0.0,0.0,0.0,0.0,0.0,0.0,0.0,-0.011466870307922363,0.0,0.3392865325997355
3,134,0.2587994635105133,-0.1469702571630478,-0.6668773889541626,0.41201916337013245,0.3630164747354936,0.0,0.0,0.0,0.0,0.0,0.0,0.0,0.0,0.0,-0.011199429035186767,0.0,0.3518170457003068
3,135,-0.15506279468536377,0.44754067063331604,-0.5174489617347717,-0.36270660161972046,0.3774493542095392,0.0,0.0,0.0,0.0,0.0,0.0,0.0,0.0,0.0,-0.011472541093826295,0.0,0.3659768131157129
3,136,0.939188539981842,0.6717847585678101,-0.5662453174591064,-0.7815812230110168,0.3991239671509669,0.0,0.0,0.0,0.0,0.0,0.0,0.0,0.0,0.0,-0.014255086183547974,0.0,0.3848688809674189
3,137,0.19690710306167603,-0.39455801248550415,0.261569619178772,0.5060391426086426,0.4194887223967728,0.0,0.0,0.0,0.0,0.0,0.0,0.0,0.0,0.0,-0.040313124656677246,0.0,0.37917559774009557
3,138,0.013289058580994606,0.856320321559906,0.603879451751709,-0.1250872015953064,0.4290048023186348,0.0,0.0,0.0,0.0,0.0,0.0,0.0,0.0,0.0,-0.021139087677001952,0.0,0.40786571464163285
3,139,0.732738733291626,0.5837903618812561,-0.6042477488517761,0.12409485876560211,0.4457667453383106,0.0,0.0,0.0,0.0,0.0,0.0,0.0,0.0,0.0,-0.021135435104370118,0.0,0.4246313102339405
3,140,-0.2553527057170868,-0.12256381660699844,-0.9450189471244812,-0.9919028282165527,0.46869513821799536,0.0,0.0,0.0,0.0,0.0,0.0,0.0,0.0,0.0,-0.02836836814880371,0.0,0.44032677006919163
3,141,0.8245255947113037,-0.24701489508152008,0.7706269025802612,-0.8830087184906006,0.48543618944397016,0.0,0.0,0.0,0.0,0.0,0.0,0.0,0.0,0.0,-0.041369237899780274,0.0,0.4440669515441899
3,142,0.27847012877464294,-0.8016722798347473,0.30793625116348267,-0.22392457723617554,0.49360673685745615,0.0,0.0,0.0,0.0,0.0,0.0,0.0,0.0,0.0,-0.012542959451675415,0.0,0.4810637774057807
3,143,0.4675044119358063,0.05383829399943352,-0.631841242313385,0.04848368838429451,0.5030442323458162,0.0,0.0,0.0,0.0,0.0,0.0,0.0,0.0,0.0,-0.017250202894210816,0.0,0.4857940294516054
3,144,-0.18571032583713531,0.9517831802368164,-0.2031615972518921,-0.5663155317306519,0.5215680661783397,0.0,0.0,0.0,0.0,0.0,0.0,0.0,0.0,0.0,-0.017947388887405397,0.0,0.5036206772909343
3,145,0.2667657434940338,0.45655688643455505,-0.8322882056236267,-0.597760021686554,0.5447895535960277,0.0,0.0,0.0,0.0,0.0,0.0,0.0,0.0,0.0,-0.008467727303504945,0.0,0.5363218262925227
3,146,0.1903899610042572,-0.9079959392547607,0.32387441396713257,-0.13700319826602936,0.5628565621635959,0.0,0.0,0.0,0.0,0.0,0.0,0.0,0.0,0.0,-0.03416846752166748,0.0,0.5286880946419285
3,147,0.01817268133163452,0.6349740028381348,0.9070409536361694,-0.9703422784805298,0.5697245235328003,0.0,0.0,0.0,0.0,0.0,0.0,0.0,0.0,0.0,-0.03444952011108399,0.0,0.5352750034217164
3,148,-0.30963703989982605,0.27625104784965515,-0.817446231842041,-0.578429639339447,0.5733151549433325,0.0,0.0,0.0,0.0,0.0,0.0,0.0,0.0,0.0,-0.03363592863082886,0.0,0.5396792263125036
3,149,-0.9449254274368286,-0.8275880217552185,0.795972466468811,0.13782353699207306,0.5641765444346953,0.0,0.0,0.0,0.0,0.0,0.0,0.0,0.0,0.0,-0.04738190650939941,0.0,0.5167946379252959
3,150,-0.8345445990562439,-0.9671640992164612,0.20158497989177704,-0.15819090604782104,0.5327927532859362,0.0,0.0,0.0,0.0,0.0,0.0,0.0,0.0,0.0,-0.004725864231586456,0.0,0.5280668890543497
3,151,-0.375747948884964,0.1825394630432129,-0.013972483575344086,-0.6095654368400574,0.5058254117695391,0.0,0.0,0.0,0.0,0.0,0.0,0.0,0.0,0.0,-0.017825164794921876,0.0,0.48800024697461725
3,152,0.6379644870758057,-0.49637001752853394,-0.8403612971305847,0.7192672491073608,0.49665226377741734,0.0,0.0,0.0,0.0,0.0,0.0,0.0,0.0,0.0,-0.03937245607376099,0.0,0.45727980770365634
3,153,-0.31500038504600525,0.13782872259616852,-0.8804290294647217,-0.45299553871154785,0.494318915993597,0.0,0.0,0.0,0.0,0.0,0.0,0.0,0.0,0.0,-0.026861555576324463,0.0,0.46745736041727254
3,154,0.9551240801811218,0.23182113468647003,0.7843435406684875,-0.37739238142967224,0.49598455400312147,0.0,0.0,0.0,0.0,0.0,0.0,0.0,0.0,0.0,-0.04399233818054199,0.0,0.4519922158225795
3,155,-0.33800655603408813,0.29153868556022644,-0.5796849727630615,-0.2915217876434326,0.5006556524303527,0.0,0.0,0.0,0.0,0.0,0.0,0.0,0.0,0.0,-0.03543700456619263,0.0,0.46521864786416006
3,156,-0.872762143611908,-0.7511491179466248,-0.18854598701000214,0.7847146391868591,0.5003904234002144,0.0,0.0,0.0,0.0,0.0,0.0,0.0,0.0,0.0,-0.02684436082839966,0.0,0.4735460625718148
3,157,-0.16800999641418457,-0.5005308389663696,0.9276744723320007,-0.19333520531654358,0.49366815177601053,0.0,0.0,0.0,0.0,0.0,0.0,0.0,0.0,0.0,-0.027620148658752442,0.0,0.4660480031172581
3,158,-0.2480410486459732,0.7192727327346802,0.5977277159690857,-0.970643937587738,0.483478126786552,0.0,0.0,0.0,0.0,0.0,0.0,0.0,0.0,0.0,-0.02207399368286133,0.0,0.46140413310369066
3,159,-0.09839246422052383,0.5267238616943359,0.3513866364955902,-0.38938379287719727,0.4805115467330221,0.0,0.0,0.0,0.0,0.0,0.0,0.0,0.0,0.0,-0.0045801705121994015,0.0,0.4759313762208227
3,160,-0.03488510474562645,0.12837396562099457,-0.6129909753799438,0.34308165311813354,0.48268933527150804,0.0,0.0,0.0,0.0,0.0,0.0,0.0,0.0,0.0,-0.016292457580566407,0.0,0.4663968776909416
3,161,-0.2766551077365875,-0.21669979393482208,0.4094419777393341,-0.8090711236000061,0.4812959460787878,0.0,0.0,0.0,0.0,0.0,0.0,0.0,0.0,0.0,-0.02550353527069092,0.0,0.45579241080809685
3,162,-0.39392149448394775,0.8143620491027832,-0.4340614974498749,0.07835538685321808,0.4763811042884315,0.0,0.0,0.0,0.0,0.0,0.0,0.0,0.0,0.0,-0.025758638381958007,0.0,0.4506224659064735
3,163,0.8147435784339905,0.43637946248054504,0.9369105696678162,-0.7997238636016846,0.47583738195570213,0.0,0.0,0.0,0.0,0.0,0.0,0.0,0.0,0.0,-0.04254329681396484,0.0,0.4332940851417373
3,164,0.3404289782047272,-0.870900571346283,-0.5837246179580688,-0.7515870928764343,0.4822207824746094,0.0,0.0,0.0,0.0,0.0,0.0,0.0,0.0,0.0,-0.04248603343963623,0.0,0.43973474903497317
3,165,0.11304725706577301,0.36211904883384705,-0.7119976282119751,0.8881584405899048,0.49264887044909667,0.0,0.0,0.0,0.0,0.0,0.0,0.0,0.0,0.0,-0.042772588729858396,0.0,0.44987628171923827
3,166,-0.8152143955230713,0.6305114030838013,0.4878872036933899,0.35870763659477234,0.49686292264629417,0.0,0.0,0.0,0.0,0.0,0.0,0.0,0.0,0.0,-0.026537458896636962,0.0,0.4703254637496572
3,167,-0.46388182044029236,-0.41169846057891846,-0.6227312088012695,-0.959872841835022,0.48910246760850284,0.0,0.0,0.0,0.0,0.0,0.0,0.0,0.0,0.0,-0.041817636489868165,0.0,0.4472848311186347
3,168,-0.25749075412750244,0.8862049579620361,-0.40722259879112244,0.3199155330657959,0.48160853038212215,0.0,0.0,0.0,0.0,0.0,0.0,0.0,0.0,0.0,-0.034114527702331546,0.0,0.4474940026797906
3,169,-0.43033888936042786,-0.13424400985240936,-0.7145353555679321,-0.2424251288175583,0.4774661546998684,0.0,0.0,0.0,0.0,0.0,0.0,0.0,0.0,0.0,-0.014818607568740845,0.0,0.46264754713112755
3,170,-0.17494811117649078,-0.18780472874641418,0.19603948295116425,0.6212056279182434,0.47677825321877076,0.0,0.0,0.0,0.0,0.0,0.0,0.0,0.0,0.0,-0.016430978775024415,0.0,0.46034727444374635
3,171,0.05551708862185478,-0.7602388858795166,-0.8970021605491638,-0.3781413733959198,0.47649533827301294,0.0,0.0,0.0,0.0,0.0,0.0,0.0,0.0,0.0,-0.025742294788360598,0.0,0.45075304348465234
3,172,0.5925769209861755,-0.8311900496482849,0.6412460207939148,-0.7276843786239624,0.47924856332684385,0.0,0.0,0.0,0.0,0.0,0.0,0.0,0.0,0.0,-0.027818548679351806,0.0,0.45143001464749205
3,173,0.8915639519691467,-0.9137345552444458,-0.6509692072868347,-0.6992735862731934,0.49194500439087985,0.0,0.0,0.0,0.0,0.0,0.0,0.0,0.0,0.0,-0.017668341398239137,0.0,0.4742766629926407
3,174,-0.8389700055122375,-0.11564281582832336,0.3498983085155487,0.6407161355018616,0.5057165057335966,0.0,0.0,0.0,0.0,0.0,0.0,0.0,0.0,0.0,-0.06429006576538086,0.0,0.44142643996821573
3,175,-0.8176523447036743,0.7765346765518188,-0.2599363923072815,-0.21859169006347656,0.5103238299130612,0.0,0.0,0.0,0.0,0.0,0.0,0.0,0.0,0.0,-0.01906743288040161,0.0,0.4912563970326596
3,176,-0.6202958226203918,0.8657134771347046,-0.7506229877471924,0.9927350282669067,0.5094056159323765,0.0,0.0,0.0,0.0,0.0,0.0,0.0,0.0,0.0,-0.01754988193511963,0.0,0.4918557339972569
3,177,-0.8981618881225586,-0.8060683608055115,0.9509803652763367,0.3215864300727844,0.5014663038184057,0.0,0.0,0.0,0.0,0.0,0.0,0.0,0.0,0.0,-0.06217958450317383,0.0,0.4392867193152319
3,178,0.02052013948559761,0.0019048055401071906,-0.9988429546356201,-0.6335935592651367,0.4916734336380175,0.0,0.0,0.0,0.0,0.0,0.0,0.0,0.0,0.0,-0.06210977554321289,0.0,0.4295636580948046
3,179,-0.49327370524406433,0.9087188839912415,-0.2583458125591278,-0.9464308619499207,0.4858528320702006,0.0,0.0,0.0,0.0,0.0,0.0,0.0,0.0,0.0,-0.017324990034103396,0.0,0.4685278420360972
3,180,-0.3225807547569275,0.7733026742935181,-0.04516478255391121,-0.42132189869880676,0.47851613011250027,0.0,0.0,0.0,0.0,0.0,0.0,0.0,0.0,0.0,-0.0036865919828414917,0.0,0.4748295381296588
3,181,-0.8436927795410156,0.8325661420822144,0.6318161487579346,0.6040295362472534,0.46609518289255747,0.0,0.0,0.0,0.0,0.0,0.0,0.0,0.0,0.0,-0.017847185134887696,0.0,0.44824799775766977
3,182,0.13277441263198853,0.33801624178886414,-0.616729199886322,-0.809716522693634,0.4528469882536976,0.0,0.0,0.0,0.0,0.0,0.0,0.0,0.0,0.0,-0.04755611419677735,0.0,0.40529087405692027
3,183,0.5762885808944702,-0.9951238632202148,0.9444952011108398,0.8273754119873047,0.451164550743673,0.0,0.0,0.0,0.0,0.0,0.0,0.0,0.0,0.0,-0.07091459274291992,0.0,0.3802499580007531
3,184,-0.4202100932598114,0.7765464782714844,0.9088347554206848,0.137061208486557,0.44810956655644907,0.0,0.0,0.0,0.0,0.0,0.0,0.0,0.0,0.0,-0.04609630584716797,0.0,0.4020132607092811
3,185,-0.14607489109039307,-0.9047809839248657,0.6124560236930847,-0.7131721377372742,0.43961112917600276,0.0,0.0,0.0,0.0,0.0,0.0,0.0,0.0,0.0,-0.03712749004364014,0.0,0.4024836391323626
3,186,-0.5375348925590515,-0.8357173204421997,0.6112358570098877,0.862181544303894,0.42905899708681294,0.0,0.0,0.0,0.0,0.0,0.0,0.0,0.0,0.0,-0.02639751195907593,0.0,0.40266148512773703
3,187,-0.46004602313041687,0.07428379356861115,0.488019734621048,0.6239761710166931,0.4124162256056111,0.0,0.0,0.0,0.0,0.0,0.0,0.0,0.0,0.0,-0.009060304760932923,0.0,0.40335592084467814
3,188,-0.7505661249160767,0.4953766465187073,-0.9381301999092102,-0.937140703201294,0.3938559609702591,0.0,0.0,0.0,0.0,0.0,0.0,0.0,0.0,0.0,-0.04732710838317871,0.0,0.3465288525870804
3,189,0.2669459581375122,0.020462429150938988,-0.0675579085946083,0.9587219953536987,0.37872010350023144,0.0,0.0,0.0,0.0,0.0,0.0,0.0,0.0,0.0,-0.056130657196044924,0.0,0.3225894463041865
3,190,-0.42861703038215637,0.33935290575027466,0.7264458537101746,-0.5048984885215759,0.3650030177851935,0.0,0.0,0.0,0.0,0.0,0.0,0.0,0.0,0.0,-0.03358125686645508,0.0,0.33142176091873843
3,191,0.32409751415252686,-0.3679461181163788,-0.8131160140037537,-0.7216563820838928,0.3537449145777517,0.0,0.0,0.0,0.0,0.0,0.0,0.0,0.0,0.0,-0.0348408579826355,0.0,0.3189040565951162
3,192,0.879196047782898,0.3555663824081421,0.3290086090564728,0.37200483679771423,0.3532189371233475,0.0,0.0,0.0,0.0,0.0,0.0,0.0,0.0,0.0,-0.03332148313522339,0.0,0.31989745398812414
3,193,-0.19428886473178864,0.18221093714237213,-0.029821012169122696,-0.77181077003479,0.3552737529045933,0.0,0.0,0.0,0.0,0.0,0.0,0.0,0.0,0.0,-0.02619494915008545,0.0,0.3290788037545078
3,194,0.6674681901931763,-0.20503996312618256,-0.7714759111404419,-0.23080970346927643,0.36144535384434207,0.0,0.0,0.0,0.0,0.0,0.0,0.0,0.0,0.0,-0.017353224754333495,0.0,0.3440921290900086
3,195,0.15773746371269226,-0.3609052896499634,0.9978843331336975,0.9059327840805054,0.3713967766883933,0.0,0.0,0.0,0.0,0.0,0.0,0.0,0.0,0.0,-0.04706938743591309,0.0,0.3243273892524802
3,196,-0.7188081741333008,-0.7169181704521179,-0.5263625979423523,-0.014162018895149231,0.37444670627374654,0.0,0.0,0.0,0.0,0.0,0.0,0.0,0.0,0.0,-0.04064980506896973,0.0,0.3337969012047768
3,197,-0.7871622443199158,-0.08275070786476135,-0.95406174659729,0.94478440284729,0.3699138850240222,0.0,0.0,0.0,0.0,0.0,0.0,0.0,0.0,0.0,-0.015093454122543336,0.0,0.3548204309014789
3,198,0.6447127461433411,-0.7358437180519104,0.7722479701042175,0.23828266561031342,0.3628146023798885,0.0,0.0,0.0,0.0,0.0,0.0,0.0,0.0,0.0,-0.05956086158752442,0.0,0.30325374079236406
3,199,-0.2829137444496155,-0.7576802968978882,-0.6102728843688965,0.7877870202064514,0.35765862494920686,0.0,0.0,0.0,0.0,0.0,0.0,0.0,0.0,0.0,-0.03074286699295044,0.0,0.32691575795625644
4,0,0.05052110180258751,-0.28955113887786865,0.010885912925004959,0.6250645518302917,0.19555251679580177,0.0,0.0,0.0,0.0,0.0,0.0,0.0,0.0,0.0,-0.004772164523601532,0.0,0.19078035227220025
4,1,-0.15566831827163696,-0.13444103300571442,0.7470178008079529,-0.8426214456558228,0.19185625318497768,0.0,0.0,0.0,0.0,0.0,0.0,0.0,0.0,0.0,-0.02762565612792969,0.0,0.16423059705704798
4,2,0.8383714556694031,-0.8991158604621887,0.06624364852905273,0.5970607995986938,0.18567508088812557,0.0,0.0,0.0,0.0,0.0,0.0,0.0,0.0,0.0,-0.04108981132507324,0.0,0.14458526956305232
4,3,-0.669264554977417,-0.26004642248153687,0.31356146931648254,-0.23400357365608215,0.1797894969590953,0.0,0.0,0.0,0.0,0.0,0.0,0.0,0.0,0.0,-0.03433210372924805,0.0,0.14545739322984724
4,4,-0.37424060702323914,-0.19338580965995789,-0.2538873553276062,-0.9705742001533508,0.17557458233392742,0.0,0.0,0.0,0.0,0.0,0.0,0.0,0.0,0.0,-0.009560172557830812,0.0,0.1660144097760966
4,5,0.8198996186256409,0.3263343572616577,0.7224999070167542,0.3992840051651001,0.17404722223076652,0.0,0.0,0.0,0.0,0.0,0.0,0.0,0.0,0.0,-0.04525923728942871,0.0,0.1287879849413378
4,6,-0.9986751675605774,0.990325391292572,0.7301570177078247,-0.8439430594444275,0.1739108750303171,0.0,0.0,0.0,0.0,0.0,0.0,0.0,0.0,0.0,-0.052937703132629396,0.0,0.1209731718976877
4,7,-0.2147626131772995,-0.22074739634990692,-0.8431975841522217,0.14590317010879517,0.17425845996617584,0.0,0.0,0.0,0.0,0.0,0.0,0.0,0.0,0.0,-0.0553645658493042,0.0,0.11889389411687164
4,8,-0.7109067440032959,-0.1881580352783203,-0.3831380009651184,-0.004261715803295374,0.17475545506358015,0.0,0.0,0.0,0.0,0.0,0.0,0.0,0.0,0.0,-0.004814253747463227,0.0,0.16994120131611692
4,9,0.659208357334137,0.6419577598571777,-0.05279023200273514,0.13775241374969482,0.17752725298407857,0.0,0.0,0.0,0.0,0.0,0.0,0.0,0.0,0.0,-0.02695605278015137,0.0,0.1505712002039272
4,10,0.7346696853637695,0.8693521618843079,0.5229650735855103,-0.349958211183548,0.18530836879391221,0.0,0.0,0.0,0.0,0.0,0.0,0.0,0.0,0.0,-0.006267583966255188,0.0,0.17904078482765703
4,11,0.5920762419700623,0.26395362615585327,-0.6844417452812195,0.21620629727840424,0.19645123112453733,0.0,0.0,0.0,0.0,0.0,0.0,0.0,0.0,0.0,-0.021652135848999023,0.0,0.1747990952755383
4,12,-0.6162095069885254,0.23792356252670288,0.7781664729118347,-0.9158048629760742,0.2043771176846746,0.0,0.0,0.0,0.0,0.0,0.0,0.0,0.0,0.0,-0.04881304264068603,0.0,0.15556407504398856
4,13,-0.29190537333488464,0.962004542350769,-0.5575340986251831,-0.4133615791797638,0.21011685738855834,0.0,0.0,0.0,0.0,0.0,0.0,0.0,0.0,0.0,-0.026660115718841554,0.0,0.1834567416697168
4,14,0.547702968120575,-0.8926305770874023,0.15170033276081085,0.7436740398406982,0.21943809386138347,0.0,0.0,0.0,0.0,0.0,0.0,0.0,0.0,0.0,-0.059863586425781254,0.0,0.1595745074356022
4,15,0.5791476964950562,-0.8315279483795166,-0.9753396511077881,0.3510549068450928,0.2274105353621263,0.0,0.0,0.0,0.0,0.0,0.0,0.0,0.0,0.0,-0.014290913343429565,0.0,0.21311962201869672
4,16,-0.0754750594496727,0.9265841841697693,-0.4565662443637848,0.8873395919799805,0.23991865444116545,0.0,0.0,0.0,0.0,0.0,0.0,0.0,0.0,0.0,-0.040762166976928714,0.0,0.19915648746423673
4,17,-0.09733816981315613,-0.9803698658943176,-0.5342727303504944,-0.623094916343689,0.2526765383291121,0.0,0.0,0.0,0.0,0.0,0.0,0.0,0.0,0.0,-0.059244022369384766,0.0,0.19343251595972732
4,18,-0.1599503457546234,-0.26528239250183105,0.8294884562492371,-0.012840060517191887,0.2555160089137892,0.0,0.0,0.0,0.0,0.0,0.0,0.0,0.0,0.0,-0.02747525930404663,0.0,0.2280407496097426
4,19,-0.011328128166496754,-0.732974648475647,0.366282194852829,-0.8202740550041199,0.24925692965201396,0.0,0.0,0.0,0.0,0.0,0.0,0.0,0.0,0.0,-0.011073343753814698,0.0,0.23818358589819927
4,20,-0.3925047218799591,-0.7505547404289246,0.8642318248748779,0.6522090435028076,0.23342240412711746,0.0,0.0,0.0,0.0,0.0,0.0,0.0,0.0,0.0,-0.02561765193939209,0.0,0.20780475218772537
4,21,-0.8413369655609131,-0.4871317148208618,-0.5138425827026367,-0.3768533766269684,0.21621165279846322,0.0,0.0,0.0,0.0,0.0,0.0,0.0,0.0,0.0,-0.0322890043258667,0.0,0.1839226484725965
4,22,0.34544873237609863,0.15144982933998108,0.3115474283695221,-0.041567958891391754,0.20684474043460188,0.0,0.0,0.0,0.0,0.0,0.0,0.0,0.0,0.0,-0.026099314689636232,0.0,0.18074542574496566
4,23,-0.33153048157691956,-0.6303485631942749,-0.4538644850254059,-0.4823629558086395,0.20208635972077826,0.0,0.0,0.0,0.0,0.0,0.0,0.0,0.0,0.0,-0.018496651649475098,0.0,0.18358970807130318
4,24,0.4710453450679779,-0.3837711811065674,-0.2650752365589142,0.8663128018379211,0.19996802897333,0.0,0.0,0.0,0.0,0.0,0.0,0.0,0.0,0.0,-0.025594959259033205,0.0,0.17437306971429678
4,25,-0.5009704828262329,0.18680433928966522,0.6496091485023499,-0.17785289883613586,0.19811190008733304,0.0,0.0,0.0,0.0,0.0,0.0,0.0,0.0,0.0,-0.03197300910949707,0.0,0.16613889097783596
4,26,0.4978901445865631,-0.345805287361145,0.03915202245116234,-0.1092599555850029,0.19514237712915083,0.0,0.0,0.0,0.0,0.0,0.0,0.0,0.0,0.0,-0.016587584018707274,0.0,0.17855479311044356
4,27,0.8608391880989075,-0.6163461804389954,-0.5253981351852417,0.23516550660133362,0.19607435042391763,0.0,0.0,0.0,0.0,0.0,0.0,0.0,0.0,0.0,-0.006422701478004456,0.0,0.1896516489459132
4,28,0.5486301779747009,-0.16885927319526672,-0.2365497350692749,0.8427016139030457,0.20048584627905708,0.0,0.0,0.0,0.0,0.0,0.0,0.0,0.0,0.0,-0.007502524852752685,0.0,0.1929833214263044
4,29,-0.7034403085708618,-0.7194915413856506,0.2743009924888611,0.17656046152114868,0.1991944496451138,0.0,0.0,0.0,0.0,0.0,0.0,0.0,0.0,0.0,-0.025755887031555177,0.0,0.1734385626135586
4,30,-0.892747163772583,0.05503220483660698,-0.16644415259361267,-0.1290559470653534,0.1940037733006572,0.0,0.0,0.0,0.0,0.0,0.0,0.0,0.0,0.0,-0.009233817458152771,0.0,0.18476995584250444
4,31,0.2650006413459778,0.9741400480270386,0.08798953890800476,0.6964411735534668,0.19618227620474848,0.0,0.0,0.0,0.0,0.0,0.0,0.0,0.0,0.0,-0.02931321382522583,0.0,0.16686906237952265
4,32,-0.3975222706794739,-0.720147430896759,0.03602474555373192,0.9284689426422119,0.19934587469572007,0.0,0.0,0.0,0.0,0.0,0.0,0.0,0.0,0.0,-0.033660840988159184,0.0,0.16568503370756088
4,33,0.4224487841129303,-0.66767817735672,0.6297503709793091,0.3047345280647278,0.19276389401795457,0.0,0.0,0.0,0.0,0.0,0.0,0.0,0.0,0.0,-0.014166603088378906,0.0,0.17859729092957566
4,34,0.3337167203426361,-0.469326376914978,-0.4427248537540436,-0.7084060311317444,0.187024016571245,0.0,0.0,0.0,0.0,0.0,0.0,0.0,0.0,0.0,-0.022238736152648927,0.0,0.16478528041859608
4,35,0.9369305372238159,0.2521609663963318,0.36865660548210144,-0.5000470876693726,0.187819138690557,0.0,0.0,0.0,0.0,0.0,0.0,0.0,0.0,0.0,-0.01586164116859436,0.0,0.17195749752196263
4,36,0.9614747166633606,-0.7389955520629883,0.4654283821582794,-0.9096774458885193,0.18730918204489666,0.0,0.0,0.0,0.0,0.0,0.0,0.0,0.0,0.0,-0.011601555347442628,0.0,0.17570762669745404
4,37,-0.7945511341094971,-0.8879307508468628,-0.14704978466033936,-0.399005264043808,0.18056785215785687,0.0,0.0,0.0,0.0,0.0,0.0,0.0,0.0,0.0,-0.03741723775863647,0.0,0.1431506143992204
4,38,0.6234292984008789,-0.3541603684425354,-0.33770278096199036,0.44805172085762024,0.17614263331156788,0.0,0.0,0.0,0.0,0.0,0.0,0.0,0.0,0.0,-0.03049433469772339,0.0,0.14564829861384448
4,39,-0.1328253448009491,0.8556807637214661,0.3943963646888733,0.47491714358329773,0.17741867394229027,0.0,0.0,0.0,0.0,0.0,0.0,0.0,0.0,0.0,-0.025723276138305665,0.0,0.1516953978039846
4,40,0.596695601940155,0.3867262601852417,-0.43254151940345764,0.9346123933792114,0.1845606946975651,0.0,0.0,0.0,0.0,0.0,0.0,0.0,0.0,0.0,-0.016472650766372682,0.0,0.1680880439311924
4,41,0.9234040975570679,0.9612247943878174,-0.5959222912788391,0.22780930995941162,0.20245920478090684,0.0,0.0,0.0,0.0,0.0,0.0,0.0,0.0,0.0,-0.00963050901889801,0.0,0.19282869576200884
4,42,-0.9100102782249451,0.4893547594547272,-0.19467215240001678,0.8800637722015381,0.22568022629081752,0.0,0.0,0.0,0.0,0.0,0.0,0.0,0.0,0.0,-0.04170506954193115,0.0,0.18397515674888637
4,43,0.02104528620839119,-0.7157331109046936,0.28892186284065247,-0.6872997879981995,0.2371958794172626,0.0,0.0,0.0,0.0,0.0,0.0,0.0,0.0,0.0,-0.050095930099487304,0.0,0.1870999493177753
4,44,-0.11658874899148941,-0.003960473462939262,-0.6268580555915833,-0.6470103859901428,0.2412983955365542,0.0,0.0,0.0,0.0,0.0,0.0,0.0,0.0,0.0,-0.013658396005630494,0.0,0.2276399995309237
4,45,0.2979564964771271,0.7807815670967102,-0.5059843063354492,-0.17897942662239075,0.2548517996935772,0.0,0.0,0.0,0.0,0.0,0.0,0.0,0.0,0.0,-0.010213313102722167,0.0,0.24463848659085502
4,46,0.9196409583091736,-0.7976483702659607,-0.8467755913734436,-0.8548609018325806,0.2730403552454036,0.0,0.0,0.0,0.0,0.0,0.0,0.0,0.0,0.0,-0.03450886964797974,0.0,0.23853148559742388
4,47,-0.9353082180023193,-0.7945942282676697,-0.9511582255363464,0.1527838259935379,0.28503778391579526,0.0,0.0,0.0,0.0,0.0,0.0,0.0,0.0,0.0,-0.04467089653015137,0.0,0.24036688738564388
4,48,-0.1929372102022171,-0.6967534422874451,0.04680044949054718,-0.863013744354248,0.2871356726307124,0.0,0.0,0.0,0.0,0.0,0.0,0.0,0.0,0.0,-0.025884537696838378,0.0,0.261251134933874
4,49,0.05933458358049393,0.5464811325073242,0.7615699172019958,0.38132062554359436,0.28978760600355713,0.0,0.0,0.0,0.0,0.0,0.0,0.0,0.0,0.0,-0.03668536901473999,0.0,0.2531022369888171
4,50,0.7467499375343323,-0.5958965420722961,0.9790177345275879,0.4842519760131836,0.2897400403408412,0.0,0.0,0.0,0.0,0.0,0.0,0.0,0.0,0.0,-0.01835444927215576,0.0,0.2713855910686855
4,51,0.2969861626625061,0.13608253002166748,0.4742763340473175,0.17661920189857483,0.28440949595767395,0.0,0.0,0.0,0.0,0.0,0.0,0.0,0.0,0.0,-0.010874825716018678,0.0,0.2735346702416553
4,52,0.6812830567359924,0.43308910727500916,-0.9843150973320007,-0.34577688574790955,0.28924729472208455,0.0,0.0,0.0,0.0,0.0,0.0,0.0,0.0,0.0,-0.02636283874511719,0.0,0.26288445597696736
4,53,0.7013881206512451,-0.92637699842453,-0.9268074035644531,0.38506877422332764,0.296950717682391,0.0,0.0,0.0,0.0,0.0,0.0,0.0,0.0,0.0,-0.023859946727752684,0.0,0.2730907709546383
4,54,0.47444796562194824,-0.8979281187057495,-0.6922106742858887,0.35429930686950684,0.29273949567649504,0.0,0.0,0.0,0.0,0.0,0.0,0.0,0.0,0.0,-0.001082935556769371,0.0,0.2916565601197257
4,55,0.328158438205719,-0.3764963150024414,0.102012999355793,0.6620006561279297,0.28490790544321665,0.0,0.0,0.0,0.0,0.0,0.0,0.0,0.0,0.0,-0.010187630653381349,0.0,0.2747202747898353
4,56,0.47424042224884033,0.40969863533973694,-0.40164893865585327,0.9938011765480042,0.2871514054745774,0.0,0.0,0.0,0.0,0.0,0.0,0.0,0.0,0.0,-0.010032093524932862,0.0,0.27711931194964456
4,57,0.1739543378353119,-0.2648068964481354,-0.33295392990112305,0.051507800817489624,0.2927565015942003,0.0,0.0,0.0,0.0,0.0,0.0,0.0,0.0,0.0,-0.0143776535987854,0.0,0.2783788479954149
4,58,0.24360132217407227,-0.4110240340232849,0.900574803352356,0.2530660331249237,0.2910092782277932,0.0,0.0,0.0,0.0,0.0,0.0,0.0,0.0,0.0,-0.015884488821029663,0.0,0.27512478940676355
4,59,-0.520514190196991,0.4050569534301758,-0.06826253235340118,-0.3042783737182617,0.291344673069159,0.0,0.0,0.0,0.0,0.0,0.0,0.0,0.0,0.0,-0.024991393089294434,0.0,0.2663532799798646
4,60,-0.11975977569818497,0.07785456627607346,0.2608284652233124,-0.4431225061416626,0.2962317344947829,0.0,0.0,0.0,0.0,0.0,0.0,0.0,0.0,0.0,-0.003952440917491913,0.0,0.292279293577291
4,61,-0.0962338075041771,0.44470635056495667,-0.9722946882247925,-0.9231969714164734,0.30530362862609095,0.0,0.0,0.0,0.0,0.0,0.0,0.0,0.0,0.0,-0.018861980438232423,0.0,0.28644164818785856
4,62,0.11803653836250305,0.2603299617767334,0.7678385376930237,0.3702954947948456,0.319002580727786,0.0,0.0,0.0,0.0,0.0,0.0,0.0,0.0,0.0,-0.04781092643737793,0.0,0.27119165429040804
4,63,0.16733016073703766,-0.3500150740146637,0.40005695819854736,-0.12440209835767746,0.32455263492104014,0.0,0.0,0.0,0.0,0.0,0.0,0.0,0.0,0.0,-0.007549399137496949,0.0,0.31700323578354317
4,64,0.3411996066570282,0.7723764777183533,-0.9990066289901733,0.12313306331634521,0.33466612620092406,0.0,0.0,0.0,0.0,0.0,0.0,0.0,0.0,0.0,-0.033086459636688235,0.0,0.30157966656423585
4,65,0.5120147466659546,-0.32955172657966614,-0.7615140676498413,0.026612259447574615,0.3487622349382583,0.0,0.0,0.0,0.0,0.0,0.0,0.0,0.0,0.0,-0.013091425895690918,0.0,0.3356708090425674
4,66,0.6404508352279663,-0.23889091610908508,-0.29251545667648315,0.7728376984596252,0.3512461167724983,0.0,0.0,0.0,0.0,0.0,0.0,0.0,0.0,0.0,-0.008015273213386536,0.0,0.34323084355911176
4,67,-0.3835389018058777,-0.13763684034347534,-0.9547863602638245,-0.16932375729084015,0.3509309991416486,0.0,0.0,0.0,0.0,0.0,0.0,0.0,0.0,0.0,-0.023850781917572023,0.0,0.3270802172240766
4,68,0.7483496069908142,-0.27823585271835327,0.7897059917449951,0.38224706053733826,0.3455002684185695,0.0,0.0,0.0,0.0,0.0,0.0,0.0,0.0,0.0,-0.04648423194885254,0.0,0.299016036469717
4,69,0.516093909740448,0.48947539925575256,0.8810045123100281,-0.6753525137901306,0.34011243830783033,0.0,0.0,0.0,0.0,0.0,0.0,0.0,0.0,0.0,-0.017701754570007326,0.0,0.322410683737823
4,70,0.9054077863693237,-0.16877521574497223,-0.805985689163208,0.3895449638366699,0.33786899050869346,0.0,0.0,0.0,0.0,0.0,0.0,0.0,0.0,0.0,-0.045648021697998045,0.0,0.2922209688106954
4,71,-0.5227871537208557,0.06318892538547516,0.8449357151985168,0.490492582321167,0.33582157899682685,0.0,0.0,0.0,0.0,0.0,0.0,0.0,0.0,0.0,-0.048292803764343264,0.0,0.2875287752324836
4,72,0.5050742626190186,0.19398626685142517,-0.6095992922782898,0.8043285608291626,0.3367790706437074,0.0,0.0,0.0,0.0,0.0,0.0,0.0,0.0,0.0,-0.032877721786499024,0.0,0.3039013488572084
4,73,0.2791513204574585,-0.7430910468101501,0.4969520568847656,0.4027315378189087,0.33026850059541957,0.0,0.0,0.0,0.0,0.0,0.0,0.0,0.0,0.0,-0.023148913383483887,0.0,0.30711958721193566
4,74,-0.19287313520908356,-0.28207889199256897,-0.13142217695713043,0.3127393424510956,0.3202196566748098,0.0,0.0,0.0,0.0,0.0,0.0,0.0,0.0,0.0,-0.008382920026779175,0.0,0.31183673664803063
4,75,0.18067890405654907,0.16163930296897888,-0.7928236126899719,0.5795542597770691,0.3205856029373053,0.0,0.0,0.0,0.0,0.0,0.0,0.0,0.0,0.0,-0.008450689911842347,0.0,0.312134913025463
4,76,0.0405358225107193,0.11945469677448273,-0.20599427819252014,0.7100740075111389,0.32552801179153223,0.0,0.0,0.0,0.0,0.0,0.0,0.0,0.0,0.0,-0.00382823646068573,0.0,0.3216997753308465
4,77,0.11282672733068466,0.33438676595687866,0.4170432388782501,0.23732933402061462,0.33071257464925197,0.0,0.0,0.0,0.0,0.0,0.0,0.0,0.0,0.0,-0.006630850434303284,0.0,0.3240817242149487
4,78,0.4675486981868744,-0.42506763339042664,-0.28970110416412354,0.7693750262260437,0.33215812404298306,0.0,0.0,0.0,0.0,0.0,0.0,0.0,0.0,0.0,-0.01485158920288086,0.0,0.3173065348401022
4,79,0.653960108757019,-0.49849334359169006,-0.3589036464691162,0.708170473575592,0.3237795832302647,0.0,0.0,0.0,0.0,0.0,0.0,0.0,0.0,0.0,-0.00048675537109375003,0.0,0.3232928278591709
4,80,0.20641972124576569,0.9824830889701843,0.5149705410003662,0.02211236208677292,0.3197760303206152,0.0,0.0,0.0,0.0,0.0,0.0,0.0,0.0,0.0,-0.03627915382385254,0.0,0.28349687649676264
4,81,-0.9157553911209106,0.149944007396698,0.1137760654091835,-0.05177563428878784,0.32873557763879346,0.0,0.0,0.0,0.0,0.0,0.0,0.0,0.0,0.0,-0.021188149452209475,0.0,0.307547428186584
4,82,0.1967744678258896,-0.4790835380554199,-0.9278183579444885,-0.4426012337207794,0.3353863203949309,0.0,0.0,0.0,0.0,0.0,0.0,0.0,0.0,0.0,-0.028710618019104003,0.0,0.30667570237582686
4,83,-0.551685094833374,-0.4672018587589264,-0.3070191442966461,0.5541112422943115,0.3348118867552218,0.0,0.0,0.0,0.0,0.0,0.0,0.0,0.0,0.0,-0.019391603469848633,0.0,0.31542028328537314
4,84,-0.25748929381370544,0.8420377969741821,-0.34631845355033875,0.42504024505615234,0.3349233016903449,0.0,0.0,0.0,0.0,0.0,0.0,0.0,0.0,0.0,-0.018188633918762208,0.0,0.3167346677715827
4,85,0.6449885368347168,0.3122504651546478,-0.07082302123308182,-0.053470462560653687,0.33535685960256256,0.0,0.0,0.0,0.0,0.0,0.0,0.0,0.0,0.0,-0.014000110626220703,0.0,0.32135674897634187
4,86,-0.1290235072374344,-0.21999463438987732,-0.7406193017959595,0.04004218801856041,0.3359655157772249,0.0,0.0,0.0,0.0,0.0,0.0,0.0,0.0,0.0,-0.01339751124382019,0.0,0.3225680045334047
4,87,-0.5799207091331482,0.5271060466766357,-0.9596129059791565,0.9866657257080078,0.33648533831731975,0.0,0.0,0.0,0.0,0.0,0.0,0.0,0.0,0.0,-0.01705522060394287,0.0,0.31943011771337687
4,88,0.6226457357406616,0.47788476943969727,0.8785703778266907,0.6618354916572571,0.3414905822429658,0.0,0.0,0.0,0.0,0.0,0.0,0.0,0.0,0.0,-0.0493302059173584,0.0,0.29216037632560743
4,89,0.530388355255127,0.9264806509017944,0.4084613025188446,-0.46190977096557617,0.35077581715982176,0.0,0.0,0.0,0.0,0.0,0.0,0.0,0.0,0.0,-0.016935555934906005,0.0,0.3338402612249157
4,90,0.49780264496803284,0.5057462453842163,-0.29985013604164124,0.9611534476280212,0.3631629677709405,0.0,0.0,0.0,0.0,0.0,0.0,0.0,0.0,0.0,-0.027048933506011962,0.0,0.33611403426492853
4,91,-0.13922236859798431,0.4221530556678772,0.320073664188385,-0.834661602973938,0.3751509514889134,0.0,0.0,0.0,0.0,0.0,0.0,0.0,0.0,0.0,-0.04022045612335205,0.0,0.33493049536556135
4,92,0.6800066232681274,0.9860251545906067,-0.9885594248771667,0.5880185961723328,0.39095674694651805,0.0,0.0,0.0,0.0,0.0,0.0,0.0,0.0,0.0,-0.047256269454956056,0.0,0.343700477491562
4,93,-0.7661503553390503,0.7397100925445557,0.6103205680847168,0.7516897916793823,0.41532014169685194,0.0,0.0,0.0,0.0,0.0,0.0,0.0,0.0,0.0,-0.047352471351623536,0.0,0.3679676703452284
4,94,0.5157772302627563,-0.4118899405002594,-0.583131730556488,0.4027674198150635,0.42897668619469465,0.0,0.0,0.0,0.0,0.0,0.0,0.0,0.0,0.0,-0.04515596389770508,0.0,0.38382072229698955
4,95,-0.7523199915885925,0.2619062662124634,0.532784640789032,0.8496526479721069,0.43561245927626435,0.0,0.0,0.0,0.0,0.0,0.0,0.0,0.0,0.0,-0.03507047176361084,0.0,0.4005419875126535
4,96,-0.08254164457321167,-0.8876262307167053,-0.3950786292552948,0.9198354482650757,0.4436907137279551,0.0,0.0,0.0,0.0,0.0,0.0,0.0,0.0,0.0,-0.026358840465545656,0.0,0.41733187326240945
4,97,0.005878271535038948,-0.051479872316122055,-0.6022515296936035,-0.8786541819572449,0.4466025377760816,0.0,0.0,0.0,0.0,0.0,0.0,0.0,0.0,0.0,-0.0398444414138794,0.0,0.4067580963622022
4,98,0.2739448845386505,-0.5573524832725525,0.7711150050163269,-0.21957795321941376,0.4454045092281189,0.0,0.0,0.0,0.0,0.0,0.0,0.0,0.0,0.0,-0.026482841968536376,0.0,0.4189216672595825
4,99,0.6436709761619568,-0.08085925132036209,0.6278014183044434,0.1397847831249237,0.43217510113166047,0.0,0.0,0.0,0.0,0.0,0.0,0.0,0.0,0.0,-0.005134235620498658,0.0,0.4270408655111618
4,100,0.667497992515564,-0.5107632875442505,-0.09604914486408234,0.8717427849769592,0.41295613615352156,0.0,0.0,0.0,0.0,0.0,0.0,0.0,0.0,0.0,-0.01245107412338257,0.0,0.40050506203013897
4,101,-0.1463036686182022,0.6981304287910461,0.5624436140060425,0.03198545426130295,0.4008484479050366,0.0,0.0,0.0,0.0,0.0,0.0,0.0,0.0,0.0,-0.032625024318695066,0.0,0.3682234235863415
4,102,-0.6093743443489075,0.002596959937363863,-0.3261694014072418,0.09505873173475266,0.40533874162936157,0.0,0.0,0.0,0.0,0.0,0.0,0.0,0.0,0.0,-0.014918124675750733,0.0,0.39042061695361086
4,103,-0.8482806086540222,0.5675821304321289,0.7880918383598328,-0.22321483492851257,0.4227476224036766,0.0,0.0,0.0,0.0,0.0,0.0,0.0,0.0,0.0,-0.01719160795211792,0.0,0.40555601445155864
4,104,0.9954999685287476,-0.8914267420768738,-0.4949572682380676,0.9008206129074097,0.43768115759682036,0.0,0.0,0.0,0.0,0.0,0.0,0.0,0.0,0.0,-0.08437904357910156,0.0,0.3533021140177188
4,105,-0.3145939111709595,0.4785614311695099,0.2503731846809387,0.5808795094490051,0.44886379741822247,0.0,0.0,0.0,0.0,0.0,0.0,0.0,0.0,0.0,-0.0425109338760376,0.0,0.40635286354218486
4,106,0.9696751832962036,0.15313144028186798,-0.5956487059593201,0.9884169697761536,0.45991494753691975,0.0,0.0,0.0,0.0,0.0,0.0,0.0,0.0,0.0,-0.02637091398239136,0.0,0.4335440335545284
4,107,-0.01078325230628252,0.29212716221809387,0.6559815406799316,-0.26453304290771484,0.4663740715698791,0.0,0.0,0.0,0.0,0.0,0.0,0.0,0.0,0.0,-0.041170806884765626,0.0,0.4252032646851135
4,108,0.694306492805481,0.5357061624526978,0.6767518520355225,0.4366415739059448,0.47062223683645976,0.0,0.0,0.0,0.0,0.0,0.0,0.0,0.0,0.0,-0.010485595464706421,0.0,0.46013664137175336
4,109,0.924112856388092,0.786529541015625,-0.19259923696517944,-0.7211560606956482,0.46810959462361645,0.0,0.0,0.0,0.0,0.0,0.0,0.0,0.0,0.0,-0.022119898796081543,0.0,0.4459896958275349
4,110,-0.09146598726511002,-0.833781361579895,0.48558464646339417,-0.9368495941162109,0.45467400058870744,0.0,0.0,0.0,0.0,0.0,0.0,0.0,0.0,0.0,-0.041632647514343264,0.0,0.4130413530743642
4,111,-0.51667720079422,0.3404081463813782,-0.5570068359375,0.9796034693717957,0.44984206974026153,0.0,0.0,0.0,0.0,0.0,0.0,0.0,0.0,0.0,-0.0631931495666504,0.0,0.38664892017361113
4,112,0.009227825328707695,-0.08769562840461731,-0.9327112436294556,0.6489100456237793,0.45892602590327614,0.0,0.0,0.0,0.0,0.0,0.0,0.0,0.0,0.0,-0.007103608250617981,0.0,0.4518224176526582
4,113,0.5857381224632263,0.6270755529403687,0.029389914125204086,-0.20706525444984436,0.4625191076261861,0.0,0.0,0.0,0.0,0.0,0.0,0.0,0.0,0.0,-0.025015943050384522,0.0,0.4375031645758016
4,114,-0.3418065905570984,0.5596231818199158,0.9328842163085938,0.47623440623283386,0.46634594296220777,0.0,0.0,0.0,0.0,0.0,0.0,0.0,0.0,0.0,-0.02148089408874512,0.0,0.4448650488734627
4,115,0.12005334347486496,-0.8194237351417542,-0.1268380731344223,0.5874586701393127,0.46980441856686095,0.0,0.0,0.0,0.0,0.0,0.0,0.0,0.0,0.0,-0.0325046706199646,0.0,0.43729974794689636
4,116,-0.6392449140548706,0.6263108253479004,0.9521521329879761,-0.8894823789596558,0.47628472976968494,0.0,0.0,0.0,0.0,0.0,0.0,0.0,0.0,0.0,-0.06012256622314453,0.0,0.4161621635465404
4,117,0.436735063791275,0.9039249420166016,-0.4994387626647949,0.17085638642311096,0.49327352624255194,0.0,0.0,0.0,0.0,0.0,0.0,0.0,0.0,0.0,-0.044662370681762695,0.0,0.44861115556078923
4,118,-0.5453347563743591,-0.29631125926971436,0.5139642953872681,-0.6101624369621277,0.5066746191583675,0.0,0.0,0.0,0.0,0.0,0.0,0.0,0.0,0.0,-0.04042004585266113,0.0,0.4662545733057064
4,119,0.23550915718078613,0.04835384711623192,-0.322218120098114,-0.9583066701889038,0.5128532844680214,0.0,0.0,0.0,0.0,0.0,0.0,0.0,0.0,0.0,-0.015489165782928468,0.0,0.4973641186850929
4,120,-0.17480424046516418,0.4566071331501007,0.15466567873954773,-0.594738245010376,0.5217953147985017,0.0,0.0,0.0,0.0,0.0,0.0,0.0,0.0,0.0,-0.0069462800025939945,0.0,0.5148490347959077
4,121,-0.7862239480018616,-0.5730081796646118,-0.12892979383468628,0.643313467502594,0.5329910998127879,0.0,0.0,0.0,0.0,0.0,0.0,0.0,0.0,0.0,-0.03047140121459961,0.0,0.5025196985981883
4,122,-0.14152896404266357,0.6667428016662598,0.23875603079795837,0.6775558590888977,0.5477338798561129,0.0,0.0,0.0,0.0,0.0,0.0,0.0,0.0,0.0,-0.02088979721069336,0.0,0.5268440826454195
4,123,-0.776477038860321,-0.5730083584785461,-0.6983104944229126,0.09116880595684052,0.5660667883258637,0.0,0.0,0.0,0.0,0.0,0.0,0.0,0.0,0.0,-0.031620850563049314,0.0,0.5344459377628143
4,124,-0.8954654335975647,0.9566617608070374,-0.48655804991722107,-0.5524212718009949,0.5817007065536565,0.0,0.0,0.0,0.0,0.0,0.0,0.0,0.0,0.0,-0.02813096284866333,0.0,0.5535697437049931
4,125,0.925377368927002,0.5382589101791382,-0.7551906108856201,-0.5319092273712158,0.5826776433784582,0.0,0.0,0.0,0.0,0.0,0.0,0.0,0.0,0.0,-0.03563113451004028,0.0,0.5470465088684179
4,126,-0.7183650732040405,0.6778007745742798,0.03924526274204254,0.08089178055524826,0.590822879660487,0.0,0.0,0.0,0.0,0.0,0.0,0.0,0.0,0.0,-0.03728014469146729,0.0,0.5535427349690196
4,127,0.7458181381225586,0.582579493522644,0.2764046788215637,-0.5417907238006592,0.6065264092895828,0.0,0.0,0.0,0.0,0.0,0.0,0.0,0.0,0.0,-0.025968775749206544,0.0,0.5805576335403763
4,128,-0.06198244169354439,-0.5594334006309509,-0.6700734496116638,-0.4319390654563904,0.6105822802232856,0.0,0.0,0.0,0.0,0.0,0.0,0.0,0.0,0.0,-0.02864623308181763,0.0,0.5819360471414681
4,129,-0.011334648355841637,-0.5576336979866028,-0.12029971182346344,-0.18304435908794403,0.610665857308972,0.0,0.0,0.0,0.0,0.0,0.0,0.0,0.0,0.0,-0.003667681813240051,0.0,0.606998175495732
4,130,0.9188381433486938,0.6724904775619507,-0.46147051453590393,0.8571640849113464,0.6103215049924698,0.0,0.0,0.0,0.0,0.0,0.0,0.0,0.0,0.0,-0.03576858282089233,0.0,0.5745529221715775
4,131,0.5252050757408142,0.9906465411186218,0.009796367958188057,0.08335736393928528,0.6120973053020773,0.0,0.0,0.0,0.0,0.0,0.0,0.0,0.0,0.0,-0.010770395994186402,0.0,0.6013269093078909
4,132,-0.5556962490081787,0.3634321987628937,-0.23125293850898743,-0.07982757687568665,0.6219229043693918,0.0,0.0,0.0,0.0,0.0,0.0,0.0,0.0,0.0,-0.016464797258377076,0.0,0.6054581071110147
4,133,0.37111014127731323,-0.09632153064012527,-0.07160606980323792,-0.8863576650619507,0.6216566111557208,0.0,0.0,0.0,0.0,0.0,0.0,0.0,0.0,0.0,-0.01746321439743042,0.0,0.6041933967582904
4,134,0.28181830048561096,0.022453319281339645,0.48166078329086304,0.6767027378082275,0.6158136554537946,0.0,0.0,0.0,0.0,0.0,0.0,0.0,0.0,0.0,-0.02771342754364014,0.0,0.5881002279101545
4,135,-0.10119758546352386,0.18285930156707764,0.8383970856666565,-0.275522917509079,0.6091924624070648,0.0,0.0,0.0,0.0,0.0,0.0,0.0,0.0,0.0,-0.012064257860183716,0.0,0.5971282045468811
4,136,0.0832519456744194,-0.8627767562866211,0.32420414686203003,-0.8801689743995667,0.5982534006714906,0.0,0.0,0.0,0.0,0.0,0.0,0.0,0.0,0.0,-0.01757367730140686,0.0,0.5806797233700837
4,137,0.14524875581264496,-0.9371477365493774,-0.34660232067108154,0.2705157697200775,0.5813408082875224,0.0,0.0,0.0,0.0,0.0,0.0,0.0,0.0,0.0,-0.017834312915802,0.0,0.5635064953717205
4,138,0.43459582328796387,-0.9453948736190796,-0.027966924011707306,0.7799475789070129,0.5552936253944466,0.0,0.0,0.0,0.0,0.0,0.0,0.0,0.0,0.0,-0.004448390603065491,0.0,0.5508452347913811
4,139,-0.7520976066589355,0.2184312641620636,0.27239659428596497,0.7812599539756775,0.5354934324125333,0.0,0.0,0.0,0.0,0.0,0.0,0.0,0.0,0.0,-0.02852952480316162,0.0,0.5069639076093717
4,140,0.8096654415130615,0.23204343020915985,-0.4236289858818054,0.04118743911385536,0.5318123957858112,0.0,0.0,0.0,0.0,0.0,0.0,0.0,0.0,0.0,-0.03471448183059692,0.0,0.49709791395521424
4,141,0.42927342653274536,-0.9159638285636902,-0.022659476846456528,-0.29081401228904724,0.5152902232633192,0.0,0.0,0.0,0.0,0.0,0.0,0.0,0.0,0.0,-0.017336202859878542,0.0,0.49795402040344067
4,142,-0.8629615306854248,0.8185582756996155,0.9221519827842712,0.7851486802101135,0.5000745879956955,0.0,0.0,0.0,0.0,0.0,0.0,0.0,0.0,0.0,-0.0672880220413208,0.0,0.4327865659543747
4,143,0.8395258784294128,-0.05315004661679268,0.25899702310562134,0.6798540353775024,0.4922334163774552,0.0,0.0,0.0,0.0,0.0,0.0,0.0,0.0,0.0,-0.04109200477600098,0.0,0.4511414116014542
4,144,0.9345589280128479,0.07045312225818634,0.15884101390838623,0.8909672498703003,0.47500673772025426,0.0,0.0,0.0,0.0,0.0,0.0,0.0,0.0,0.0,-0.0007890903949737549,0.0,0.4742176473252805
4,145,-0.9163305759429932,-0.11824106425046921,0.9880335330963135,-0.4549068510532379,0.4616187112262031,0.0,0.0,0.0,0.0,0.0,0.0,0.0,0.0,0.0,-0.05960334300994873,0.0,0.4020153682162544
4,146,0.9131104946136475,-0.8660163283348083,0.9415571689605713,-0.48329341411590576,0.44027320906728107,0.0,0.0,0.0,0.0,0.0,0.0,0.0,0.0,0.0,-0.03908988475799561,0.0,0.40118332430928544
4,147,-0.8189443349838257,0.606307327747345,0.6764507293701172,-0.8212502598762512,0.4166120820664565,0.0,0.0,0.0,0.0,0.0,0.0,0.0,0.0,0.0,-0.0535224723815918,0.0,0.3630896096848647
4,148,-0.8544164299964905,0.7141246199607849,-0.06060118228197098,0.4257582128047943,0.42701738240546583,0.0,0.0,0.0,0.0,0.0,0.0,0.0,0.0,0.0,-0.0211115837097168,0.0,0.40590579869574905
4,149,0.3613226115703583,-0.6268108487129211,0.7618749737739563,-0.49465206265449524,0.43931289538331564,0.0,0.0,0.0,0.0,0.0,0.0,0.0,0.0,0.0,-0.04799751281738281,0.0,0.39131538256593285
4,150,-0.6279072165489197,-0.7505913972854614,-0.5526942610740662,0.5013933181762695,0.43531413734868707,0.0,0.0,0.0,0.0,0.0,0.0,0.0,0.0,0.0,-0.03714096069335938,0.0,0.3981731766553277
4,151,-0.19135242700576782,-0.5133328437805176,-0.9802119731903076,-0.9382941722869873,0.4337632888219153,0.0,0.0,0.0,0.0,0.0,0.0,0.0,0.0,0.0,-0.025023431777954103,0.0,0.4087398570439612
4,152,0.6850451231002808,0.2117186337709427,0.12284994125366211,-0.8447679877281189,0.43304261307944547,0.0,0.0,0.0,0.0,0.0,0.0,0.0,0.0,0.0,-0.025192649364471437,0.0,0.40784996371497406
4,153,0.6875627040863037,0.6263347268104553,0.5558916330337524,-0.5164088606834412,0.4318781561392342,0.0,0.0,0.0,0.0,0.0,0.0,0.0,0.0,0.0,-0.004672576487064361,0.0,0.4272055796521698
4,154,-0.4072009325027466,-0.09907881170511246,-0.42241886258125305,0.8847002387046814,0.43543479839782195,0.0,0.0,0.0,0.0,0.0,0.0,0.0,0.0,0.0,-0.04644930362701416,0.0,0.3889854947708078
4,155,-0.11861366033554077,-0.4460350275039673,-0.4775429666042328,-0.18659132719039917,0.44042756240745384,0.0,0.0,0.0,0.0,0.0,0.0,0.0,0.0,0.0,-0.013543654680252076,0.0,0.42688390772720175
4,156,-0.4796038568019867,0.9302135109901428,0.8824430704116821,-0.03555787727236748,0.4507002148034218,0.0,0.0,0.0,0.0,0.0,0.0,0.0,0.0,0.0,-0.03896747350692749,0.0,0.41173274129649434
4,157,-0.011468607001006603,-0.7551851868629456,0.8182529807090759,0.16001752018928528,0.4559996972533167,0.0,0.0,0.0,0.0,0.0,0.0,0.0,0.0,0.0,-0.031020894050598144,0.0,0.4249788032027185
4,158,-0.1575690060853958,-0.9279419779777527,0.7470766305923462,0.7221972942352295,0.43740028307594403,0.0,0.0,0.0,0.0,0.0,0.0,0.0,0.0,0.0,-0.003723024129867554,0.0,0.43367725894607645
4,159,0.009799799881875515,0.34785744547843933,0.6740166544914246,-0.5114762187004089,0.4189378383482236,0.0,0.0,0.0,0.0,0.0,0.0,0.0,0.0,0.0,-0.03182964563369751,0.0,0.3871081927145261
4,160,-0.8173984885215759,0.15024803578853607,0.8164806962013245,-0.6719523072242737,0.41454378417233906,0.0,0.0,0.0,0.0,0.0,0.0,0.0,0.0,0.0,-0.0076935505867004395,0.0,0.4068502335856386
4,161,-0.0862516462802887,-0.9513766169548035,0.7374719977378845,0.9163265824317932,0.40620286571137676,0.0,0.0,0.0,0.0,0.0,0.0,0.0,0.0,0.0,-0.042770247459411624,0.0,0.36343261825196516
4,162,-0.1625627875328064,-0.029016239568591118,0.4252150058746338,0.015308331698179245,0.39275473661627514,0.0,0.0,0.0,0.0,0.0,0.0,0.0,0.0,0.0,-0.017659103870391848,0.0,0.3750956327458833
4,163,-0.24092997610569,0.44385266304016113,0.9334417581558228,-0.9345018863677979,0.3878022827545473,0.0,0.0,0.0,0.0,0.0,0.0,0.0,0.0,0.0,-0.01390180230140686,0.0,0.37390048045314045
4,164,0.8669427633285522,0.21777601540088654,0.8026627898216248,0.3850114047527313,0.3783457150045395,0.0,0.0,0.0,0.0,0.0,0.0,0.0,0.0,0.0,-0.030367112159729006,0.0,0.3479786028448105
4,165,-0.6904378533363342,-0.5898780822753906,0.20630304515361786,-0.7430508732795715,0.36469464974053933,0.0,0.0,0.0,0.0,0.0,0.0,0.0,0.0,0.0,-0.047059092521667484,0.0,0.3176355572188718
4,166,-0.09319071471691132,-0.3518691062927246,-0.3135070204734802,0.9808365702629089,0.35754002165248344,0.0,0.0,0.0,0.0,0.0,0.0,0.0,0.0,0.0,-0.036553428173065186,0.0,0.32098659347941827
4,167,-0.6941381096839905,-0.8313226699829102,-0.645875871181488,0.7058436870574951,0.35486655968499414,0.0,0.0,0.0,0.0,0.0,0.0,0.0,0.0,0.0,-0.0077710354328155515,0.0,0.3470955242521786
4,168,-0.924301028251648,-0.960236132144928,0.8982531428337097,-0.7239275574684143,0.3461236107153516,0.0,0.0,0.0,0.0,0.0,0.0,0.0,0.0,0.0,-0.044981737136840824,0.0,0.30114187357851074
4,169,0.9729176163673401,-0.4899664521217346,-0.5404390096664429,0.7298716902732849,0.3311279512544111,0.0,0.0,0.0,0.0,0.0,0.0,0.0,0.0,0.0,-0.08003959655761719,0.0,0.2510883546967939
4,170,0.9788315892219543,-0.9325447678565979,-0.3518297076225281,-0.4010857045650482,0.3110843807225627,0.0,0.0,0.0,0.0,0.0,0.0,0.0,0.0,0.0,-0.015105485916137695,0.0,0.29597889480642503
4,171,-0.5709226727485657,-0.081025131046772,0.13792002201080322,0.47470274567604065,0.29312563433952576,0.0,0.0,0.0,0.0,0.0,0.0,0.0,0.0,0.0,-0.04133684158325195,0.0,0.2517887927562738
4,172,0.8040818572044373,0.3151892125606537,-0.5546947717666626,0.03380819037556648,0.2891381885571497,0.0,0.0,0.0,0.0,0.0,0.0,0.0,0.0,0.0,-0.02721726655960083,0.0,0.26192092199754885
4,173,-0.7381300330162048,-0.61920166015625,0.8856663703918457,-0.43013453483581543,0.28732299924963867,0.0,0.0,0.0,0.0,0.0,0.0,0.0,0.0,0.0,-0.0554138708114624,0.0,0.23190912843817627
4,174,0.8204317688941956,0.212590754032135,-0.8649271130561829,0.7845476269721985,0.28490137177562214,0.0,0.0,0.0,0.0,0.0,0.0,0.0,0.0,0.0,-0.07661023139953614,0.0,0.20829114037608598
4,175,-0.07935908436775208,-0.515324592590332,0.3826253116130829,-0.43621236085891724,0.2840603257282944,0.0,0.0,0.0,0.0,0.0,0.0,0.0,0.0,0.0,-0.04386126518249512,0.0,0.24019906054579931
4,176,-0.4524196982383728,0.6352612972259521,0.898027241230011,0.9638394713401794,0.28518545873050405,0.0,0.0,0.0,0.0,0.0,0.0,0.0,0.0,0.0,-0.03688806533813477,0.0,0.24829739339236928
4,177,0.10085705667734146,0.1151626780629158,0.5937411785125732,-0.31217440962791443,0.2886154631558515,0.0,0.0,0.0,0.0,0.0,0.0,0.0,0.0,0.0,-0.0229741907119751,0.0,0.2656412724438764
4,178,-0.5451135635375977,0.4944976568222046,0.5886513590812683,0.942214846611023,0.29313344008464737,0.0,0.0,0.0,0.0,0.0,0.0,0.0,0.0,0.0,-0.021346914768218993,0.0,0.2717865253164284
4,179,-0.8891099691390991,0.4460996091365814,-0.07683739811182022,-0.7270426154136658,0.3062460198592699,0.0,0.0,0.0,0.0,0.0,0.0,0.0,0.0,0.0,-0.03349971532821655,0.0,0.27274630453105336
4,180,0.3263716399669647,-0.42951342463493347,0.757628321647644,-0.44573915004730225,0.3125444062272962,0.0,0.0,0.0,0.0,0.0,0.0,0.0,0.0,0.0,-0.030195584297180177,0.0,0.282348821930116
4,181,0.37373682856559753,0.8958076238632202,0.45137375593185425,0.4688400626182556,0.31496400565086147,0.0,0.0,0.0,0.0,0.0,0.0,0.0,0.0,0.0,-0.026889662742614746,0.0,0.28807434290824674
4,182,0.848676323890686,-0.24425269663333893,-0.9914759397506714,0.5699074864387512,0.3219136799191157,0.0,0.0,0.0,0.0,0.0,0.0,0.0,0.0,0.0,-0.03617334604263306,0.0,0.2857403338764826
4,183,0.5317736268043518,-0.2733965218067169,0.7115238904953003,-0.5413414239883423,0.31818997730760057,0.0,0.0,0.0,0.0,0.0,0.0,0.0,0.0,0.0,-0.04236359596252442,0.0,0.27582638134507614
4,184,0.027555733919143677,-0.8302018642425537,0.6682220697402954,-0.9963707327842712,0.30210127945645004,0.0,0.0,0.0,0.0,0.0,0.0,0.0,0.0,0.0,-0.007731945514678955,0.0,0.2943693339417711
4,185,0.3862399458885193,-0.19211265444755554,-0.7444584369659424,0.05143530294299126,0.2867448194693214,0.0,0.0,0.0,0.0,0.0,0.0,0.0,0.0,0.0,-0.0362937593460083,0.0,0.2504510601233131
4,186,-0.018236417323350906,0.3806910514831543,0.35304030776023865,0.3904811441898346,0.28156796127450057,0.0,0.0,0.0,0.0,0.0,0.0,0.0,0.0,0.0,-0.018111608028411864,0.0,0.2634563532460887
4,187,-0.6021583676338196,0.6795417070388794,0.3209187686443329,0.47246167063713074,0.2859620357334539,0.0,0.0,0.0,0.0,0.0,0.0,0.0,0.0,0.0,-0.0043802917003631595,0.0,0.2815817440330908
4,188,0.32803186774253845,-0.45468997955322266,-0.8660234212875366,0.24114574491977692,0.2920767057073258,0.0,0.0,0.0,0.0,0.0,0.0,0.0,0.0,0.0,-0.03614074230194092,0.0,0.2559359634053849
4,189,0.5447624921798706,0.2978607714176178,-0.29937660694122314,0.9658528566360474,0.29679872324205914,0.0,0.0,0.0,0.0,0.0,0.0,0.0,0.0,0.0,-0.014595937728881837,0.0,0.2822027855131773
4,190,0.9212647080421448,0.16905878484249115,-0.5651330947875977,0.9140748977661133,0.3025135777974325,0.0,0.0,0.0,0.0,0.0,0.0,0.0,0.0,0.0,-0.0023165133595466616,0.0,0.30019706443788585
4,191,-0.3369898796081543,0.5012024641036987,-0.5361297130584717,-0.21299311518669128,0.31408364587141835,0.0,0.0,0.0,0.0,0.0,0.0,0.0,0.0,0.0,-0.029646472930908205,0.0,0.28443717294051013
4,192,-0.22598549723625183,-0.5746747255325317,0.917965292930603,-0.396732360124588,0.3228477293814709,0.0,0.0,0.0,0.0,0.0,0.0,0.0,0.0,0.0,-0.03317986011505127,0.0,0.28966786926641963
4,193,0.6137715578079224,-0.7037913799285889,0.9740777611732483,-0.11622332036495209,0.3097919363846796,0.0,0.0,0.0,0.0,0.0,0.0,0.0,0.0,0.0,-0.008036970496177673,0.0,0.3017549658885019
4,194,0.2197033166885376,0.710760772228241,0.8405475616455078,-0.5884183049201965,0.2939759725833223,0.0,0.0,0.0,0.0,0.0,0.0,0.0,0.0,0.0,-0.023970463275909425,0.0,0.2700055093074129
4,195,0.541547954082489,0.2674803137779236,-0.4617164134979248,0.056660447269678116,0.28832641709480644,0.0,0.0,0.0,0.0,0.0,0.0,0.0,0.0,0.0,-0.02412099599838257,0.0,0.26420542109642386
4,196,0.25464317202568054,-0.2628367841243744,0.6335155367851257,0.49244311451911926,0.2827620048056739,0.0,0.0,0.0,0.0,0.0,0.0,0.0,0.0,0.0,-0.01752990245819092,0.0,0.265232102347483
4,197,0.0566384494304657,0.7652605772018433,0.6431829929351807,0.0002568306226748973,0.2785198592194158,0.0,0.0,0.0,0.0,0.0,0.0,0.0,0.0,0.0,-0.013385308980941773,0.0,0.26513455023847404
4,198,-0.8882055878639221,-0.023067614063620567,-0.15673241019248962,0.3461228013038635,0.28308804551223077,0.0,0.0,0.0,0.0,0.0,0.0,0.0,0.0,0.0,-0.02273679256439209,0.0,0.2603512529478387
4,199,-0.1873093843460083,0.055333737283945084,-0.8435330986976624,-0.21200229227542877,0.2932879845604264,0.0,0.0,0.0,0.0,0.0,0.0,0.0,0.0,0.0,-0.012806010246276856,0.0,0.2804819743141495
